group,rollout,t,K,side,move,is_last
baseline[good=above],baseline/0,0,1,good,,True
baseline[good=below],baseline/0,0,1,bad,,True
baseline[good=above],baseline/1,0,2,bad,toward_bad,False
baseline[good=above],baseline/1,1,2,bad,,True
baseline[good=below],baseline/1,0,2,good,toward_good,False
baseline[good=below],baseline/1,1,2,good,,True
baseline[good=above],baseline/4,0,19,bad,toward_bad,False
baseline[good=above],baseline/4,1,19,bad,toward_good,False
baseline[good=above],baseline/4,2,19,bad,toward_good,False
baseline[good=above],baseline/4,3,19,bad,toward_good,False
baseline[good=above],baseline/4,4,19,bad,toward_good,False
baseline[good=above],baseline/4,5,19,bad,toward_bad,False
baseline[good=above],baseline/4,6,19,bad,toward_bad,False
baseline[good=above],baseline/4,7,19,bad,toward_good,False
baseline[good=above],baseline/4,8,19,bad,toward_good,False
baseline[good=above],baseline/4,9,19,bad,toward_bad,False
baseline[good=above],baseline/4,10,19,bad,toward_bad,False
baseline[good=above],baseline/4,11,19,bad,toward_good,False
baseline[good=above],baseline/4,12,19,bad,toward_good,False
baseline[good=above],baseline/4,13,19,bad,toward_bad,False
baseline[good=above],baseline/4,14,19,bad,toward_good,False
baseline[good=above],baseline/4,15,19,bad,toward_good,False
baseline[good=above],baseline/4,16,19,bad,toward_good,False
baseline[good=above],baseline/4,17,19,bad,toward_bad,False
baseline[good=above],baseline/4,18,19,bad,,True
baseline[good=below],baseline/4,0,19,good,toward_good,False
baseline[good=below],baseline/4,1,19,good,toward_bad,False
baseline[good=below],baseline/4,2,19,good,toward_bad,False
baseline[good=below],baseline/4,3,19,good,toward_bad,False
baseline[good=below],baseline/4,4,19,good,toward_bad,False
baseline[good=below],baseline/4,5,19,good,toward_good,False
baseline[good=below],baseline/4,6,19,good,toward_good,False
baseline[good=below],baseline/4,7,19,good,toward_bad,False
baseline[good=below],baseline/4,8,19,good,toward_bad,False
baseline[good=below],baseline/4,9,19,good,toward_good,False
baseline[good=below],baseline/4,10,19,good,toward_good,False
baseline[good=below],baseline/4,11,19,good,toward_bad,False
baseline[good=below],baseline/4,12,19,good,toward_bad,False
baseline[good=below],baseline/4,13,19,good,toward_good,False
baseline[good=below],baseline/4,14,19,good,toward_bad,False
baseline[good=below],baseline/4,15,19,good,toward_bad,False
baseline[good=below],baseline/4,16,19,good,toward_bad,False
baseline[good=below],baseline/4,17,19,good,toward_good,False
baseline[good=below],baseline/4,18,19,good,,True
baseline[good=above],baseline/5,0,32,bad,toward_bad,False
baseline[good=above],baseline/5,1,32,bad,toward_good,False
baseline[good=above],baseline/5,2,32,bad,toward_bad,False
baseline[good=above],baseline/5,3,32,bad,toward_bad,False
baseline[good=above],baseline/5,4,32,bad,toward_good,False
baseline[good=above],baseline/5,5,32,bad,toward_bad,False
baseline[good=above],baseline/5,6,32,bad,toward_good,False
baseline[good=above],baseline/5,7,32,bad,toward_good,False
baseline[good=above],baseline/5,8,32,bad,toward_bad,False
baseline[good=above],baseline/5,9,32,bad,toward_good,False
baseline[good=above],baseline/5,10,32,bad,toward_good,False
baseline[good=above],baseline/5,11,32,bad,toward_bad,False
baseline[good=above],baseline/5,12,32,bad,toward_bad,False
baseline[good=above],baseline/5,13,32,bad,toward_bad,False
baseline[good=above],baseline/5,14,32,bad,toward_bad,False
baseline[good=above],baseline/5,15,32,bad,toward_bad,False
baseline[good=above],baseline/5,16,32,bad,toward_bad,False
baseline[good=above],baseline/5,17,32,bad,toward_good,False
baseline[good=above],baseline/5,18,32,bad,toward_bad,False
baseline[good=above],baseline/5,19,32,bad,toward_good,False
baseline[good=above],baseline/5,20,32,bad,toward_bad,False
baseline[good=above],baseline/5,21,32,bad,toward_bad,False
baseline[good=above],baseline/5,22,32,bad,toward_bad,False
baseline[good=above],baseline/5,23,32,bad,toward_bad,False
baseline[good=above],baseline/5,24,32,bad,toward_good,False
baseline[good=above],baseline/5,25,32,bad,toward_bad,False
baseline[good=above],baseline/5,26,32,bad,toward_good,False
baseline[good=above],baseline/5,27,32,bad,toward_bad,False
baseline[good=above],baseline/5,28,32,bad,toward_good,False
baseline[good=above],baseline/5,29,32,bad,toward_bad,False
baseline[good=above],baseline/5,30,32,bad,toward_good,False
baseline[good=above],baseline/5,31,32,bad,,True
baseline[good=below],baseline/5,0,32,good,toward_good,False
baseline[good=below],baseline/5,1,32,good,toward_bad,False
baseline[good=below],baseline/5,2,32,good,toward_good,False
baseline[good=below],baseline/5,3,32,good,toward_good,False
baseline[good=below],baseline/5,4,32,good,toward_bad,False
baseline[good=below],baseline/5,5,32,good,toward_good,False
baseline[good=below],baseline/5,6,32,good,toward_bad,False
baseline[good=below],baseline/5,7,32,good,toward_bad,False
baseline[good=below],baseline/5,8,32,good,toward_good,False
baseline[good=below],baseline/5,9,32,good,toward_bad,False
baseline[good=below],baseline/5,10,32,good,toward_bad,False
baseline[good=below],baseline/5,11,32,good,toward_good,False
baseline[good=below],baseline/5,12,32,good,toward_good,False
baseline[good=below],baseline/5,13,32,good,toward_good,False
baseline[good=below],baseline/5,14,32,good,toward_good,False
baseline[good=below],baseline/5,15,32,good,toward_good,False
baseline[good=below],baseline/5,16,32,good,toward_good,False
baseline[good=below],baseline/5,17,32,good,toward_bad,False
baseline[good=below],baseline/5,18,32,good,toward_good,False
baseline[good=below],baseline/5,19,32,good,toward_bad,False
baseline[good=below],baseline/5,20,32,good,toward_good,False
baseline[good=below],baseline/5,21,32,good,toward_good,False
baseline[good=below],baseline/5,22,32,good,toward_good,False
baseline[good=below],baseline/5,23,32,good,toward_good,False
baseline[good=below],baseline/5,24,32,good,toward_bad,False
baseline[good=below],baseline/5,25,32,good,toward_good,False
baseline[good=below],baseline/5,26,32,good,toward_bad,False
baseline[good=below],baseline/5,27,32,good,toward_good,False
baseline[good=below],baseline/5,28,32,good,toward_bad,False
baseline[good=below],baseline/5,29,32,good,toward_good,False
baseline[good=below],baseline/5,30,32,good,toward_bad,False
baseline[good=below],baseline/5,31,32,good,,True
baseline[good=above],baseline/7,0,29,bad,toward_good,False
baseline[good=above],baseline/7,1,29,bad,toward_bad,False
baseline[good=above],baseline/7,2,29,bad,toward_bad,False
baseline[good=above],baseline/7,3,29,bad,toward_good,False
baseline[good=above],baseline/7,4,29,bad,toward_good,False
baseline[good=above],baseline/7,5,29,bad,toward_bad,False
baseline[good=above],baseline/7,6,29,bad,toward_bad,False
baseline[good=above],baseline/7,7,29,bad,toward_good,False
baseline[good=above],baseline/7,8,29,bad,toward_bad,False
baseline[good=above],baseline/7,9,29,bad,toward_good,False
baseline[good=above],baseline/7,10,29,bad,toward_good,False
baseline[good=above],baseline/7,11,29,bad,toward_bad,False
baseline[good=above],baseline/7,12,29,bad,toward_bad,False
baseline[good=above],baseline/7,13,29,bad,toward_good,False
baseline[good=above],baseline/7,14,29,bad,toward_good,False
baseline[good=above],baseline/7,15,29,bad,toward_bad,False
baseline[good=above],baseline/7,16,29,bad,toward_good,False
baseline[good=above],baseline/7,17,29,bad,toward_bad,False
baseline[good=above],baseline/7,18,29,bad,toward_good,False
baseline[good=above],baseline/7,19,29,bad,toward_good,False
baseline[good=above],baseline/7,20,29,bad,same,False
baseline[good=above],baseline/7,21,29,bad,toward_good,False
baseline[good=above],baseline/7,22,29,bad,toward_bad,False
baseline[good=above],baseline/7,23,29,bad,toward_bad,False
baseline[good=above],baseline/7,24,29,bad,toward_bad,False
baseline[good=above],baseline/7,25,29,bad,toward_good,False
baseline[good=above],baseline/7,26,29,bad,toward_bad,False
baseline[good=above],baseline/7,27,29,bad,toward_good,False
baseline[good=above],baseline/7,28,29,bad,,True
baseline[good=below],baseline/7,0,29,good,toward_bad,False
baseline[good=below],baseline/7,1,29,good,toward_good,False
baseline[good=below],baseline/7,2,29,good,toward_good,False
baseline[good=below],baseline/7,3,29,good,toward_bad,False
baseline[good=below],baseline/7,4,29,good,toward_bad,False
baseline[good=below],baseline/7,5,29,good,toward_good,False
baseline[good=below],baseline/7,6,29,good,toward_good,False
baseline[good=below],baseline/7,7,29,good,toward_bad,False
baseline[good=below],baseline/7,8,29,good,toward_good,False
baseline[good=below],baseline/7,9,29,good,toward_bad,False
baseline[good=below],baseline/7,10,29,good,toward_bad,False
baseline[good=below],baseline/7,11,29,good,toward_good,False
baseline[good=below],baseline/7,12,29,good,toward_good,False
baseline[good=below],baseline/7,13,29,good,toward_bad,False
baseline[good=below],baseline/7,14,29,good,toward_bad,False
baseline[good=below],baseline/7,15,29,good,toward_good,False
baseline[good=below],baseline/7,16,29,good,toward_bad,False
baseline[good=below],baseline/7,17,29,good,toward_good,False
baseline[good=below],baseline/7,18,29,good,toward_bad,False
baseline[good=below],baseline/7,19,29,good,toward_bad,False
baseline[good=below],baseline/7,20,29,good,same,False
baseline[good=below],baseline/7,21,29,good,toward_bad,False
baseline[good=below],baseline/7,22,29,good,toward_good,False
baseline[good=below],baseline/7,23,29,good,toward_good,False
baseline[good=below],baseline/7,24,29,good,toward_good,False
baseline[good=below],baseline/7,25,29,good,toward_bad,False
baseline[good=below],baseline/7,26,29,good,toward_good,False
baseline[good=below],baseline/7,27,29,good,toward_bad,False
baseline[good=below],baseline/7,28,29,good,,True
baseline[good=above],baseline/8,0,3,bad,toward_good,False
baseline[good=above],baseline/8,1,3,bad,toward_bad,False
baseline[good=above],baseline/8,2,3,bad,,True
baseline[good=below],baseline/8,0,3,good,toward_bad,False
baseline[good=below],baseline/8,1,3,good,toward_good,False
baseline[good=below],baseline/8,2,3,good,,True
baseline[good=above],baseline/9,0,1,good,,True
baseline[good=below],baseline/9,0,1,bad,,True
baseline[good=above],baseline/10,0,1,bad,,True
baseline[good=below],baseline/10,0,1,good,,True
baseline[good=above],baseline/11,0,10,bad,toward_good,False
baseline[good=above],baseline/11,1,10,bad,toward_good,False
baseline[good=above],baseline/11,2,10,bad,toward_bad,False
baseline[good=above],baseline/11,3,10,bad,toward_bad,False
baseline[good=above],baseline/11,4,10,bad,toward_good,False
baseline[good=above],baseline/11,5,10,bad,toward_good,False
baseline[good=above],baseline/11,6,10,bad,toward_bad,False
baseline[good=above],baseline/11,7,10,bad,toward_bad,False
baseline[good=above],baseline/11,8,10,bad,toward_good,False
baseline[good=above],baseline/11,9,10,bad,,True
baseline[good=below],baseline/11,0,10,good,toward_bad,False
baseline[good=below],baseline/11,1,10,good,toward_bad,False
baseline[good=below],baseline/11,2,10,good,toward_good,False
baseline[good=below],baseline/11,3,10,good,toward_good,False
baseline[good=below],baseline/11,4,10,good,toward_bad,False
baseline[good=below],baseline/11,5,10,good,toward_bad,False
baseline[good=below],baseline/11,6,10,good,toward_good,False
baseline[good=below],baseline/11,7,10,good,toward_good,False
baseline[good=below],baseline/11,8,10,good,toward_bad,False
baseline[good=below],baseline/11,9,10,good,,True
baseline[good=above],baseline/12,0,18,good,toward_good,False
baseline[good=above],baseline/12,1,18,good,toward_bad,False
baseline[good=above],baseline/12,2,18,good,toward_bad,False
baseline[good=above],baseline/12,3,18,good,toward_good,False
baseline[good=above],baseline/12,4,18,good,toward_good,False
baseline[good=above],baseline/12,5,18,good,toward_good,False
baseline[good=above],baseline/12,6,18,good,toward_good,False
baseline[good=above],baseline/12,7,18,good,toward_bad,False
baseline[good=above],baseline/12,8,18,good,toward_good,False
baseline[good=above],baseline/12,9,18,good,toward_good,False
baseline[good=above],baseline/12,10,18,good,toward_good,False
baseline[good=above],baseline/12,11,18,good,toward_bad,False
baseline[good=above],baseline/12,12,18,good,toward_good,False
baseline[good=above],baseline/12,13,18,good,toward_bad,False
baseline[good=above],baseline/12,14,18,good,toward_bad,False
baseline[good=above],baseline/12,15,18,good,toward_good,False
baseline[good=above],baseline/12,16,18,good,toward_good,False
baseline[good=above],baseline/12,17,18,good,,True
baseline[good=below],baseline/12,0,18,bad,toward_bad,False
baseline[good=below],baseline/12,1,18,bad,toward_good,False
baseline[good=below],baseline/12,2,18,bad,toward_good,False
baseline[good=below],baseline/12,3,18,bad,toward_bad,False
baseline[good=below],baseline/12,4,18,bad,toward_bad,False
baseline[good=below],baseline/12,5,18,bad,toward_bad,False
baseline[good=below],baseline/12,6,18,bad,toward_bad,False
baseline[good=below],baseline/12,7,18,bad,toward_good,False
baseline[good=below],baseline/12,8,18,bad,toward_bad,False
baseline[good=below],baseline/12,9,18,bad,toward_bad,False
baseline[good=below],baseline/12,10,18,bad,toward_bad,False
baseline[good=below],baseline/12,11,18,bad,toward_good,False
baseline[good=below],baseline/12,12,18,bad,toward_bad,False
baseline[good=below],baseline/12,13,18,bad,toward_good,False
baseline[good=below],baseline/12,14,18,bad,toward_good,False
baseline[good=below],baseline/12,15,18,bad,toward_bad,False
baseline[good=below],baseline/12,16,18,bad,toward_bad,False
baseline[good=below],baseline/12,17,18,bad,,True
baseline[good=above],baseline/15,0,1,good,,True
baseline[good=below],baseline/15,0,1,bad,,True
baseline[good=above],baseline/16,0,3,bad,toward_good,False
baseline[good=above],baseline/16,1,3,bad,toward_bad,False
baseline[good=above],baseline/16,2,3,bad,,True
baseline[good=below],baseline/16,0,3,good,toward_bad,False
baseline[good=below],baseline/16,1,3,good,toward_good,False
baseline[good=below],baseline/16,2,3,good,,True
baseline[good=above],baseline/17,0,32,bad,toward_good,False
baseline[good=above],baseline/17,1,32,good,toward_bad,False
baseline[good=above],baseline/17,2,32,bad,toward_bad,False
baseline[good=above],baseline/17,3,32,bad,toward_bad,False
baseline[good=above],baseline/17,4,32,bad,toward_bad,False
baseline[good=above],baseline/17,5,32,bad,toward_bad,False
baseline[good=above],baseline/17,6,32,bad,toward_good,False
baseline[good=above],baseline/17,7,32,bad,toward_bad,False
baseline[good=above],baseline/17,8,32,bad,toward_good,False
baseline[good=above],baseline/17,9,32,bad,toward_bad,False
baseline[good=above],baseline/17,10,32,bad,toward_good,False
baseline[good=above],baseline/17,11,32,bad,toward_good,False
baseline[good=above],baseline/17,12,32,bad,toward_bad,False
baseline[good=above],baseline/17,13,32,bad,toward_good,False
baseline[good=above],baseline/17,14,32,bad,toward_good,False
baseline[good=above],baseline/17,15,32,bad,toward_bad,False
baseline[good=above],baseline/17,16,32,bad,toward_good,False
baseline[good=above],baseline/17,17,32,bad,toward_bad,False
baseline[good=above],baseline/17,18,32,bad,toward_good,False
baseline[good=above],baseline/17,19,32,bad,toward_bad,False
baseline[good=above],baseline/17,20,32,bad,toward_good,False
baseline[good=above],baseline/17,21,32,bad,toward_good,False
baseline[good=above],baseline/17,22,32,bad,toward_good,False
baseline[good=above],baseline/17,23,32,bad,toward_bad,False
baseline[good=above],baseline/17,24,32,bad,toward_good,False
baseline[good=above],baseline/17,25,32,bad,toward_bad,False
baseline[good=above],baseline/17,26,32,bad,toward_good,False
baseline[good=above],baseline/17,27,32,bad,toward_good,False
baseline[good=above],baseline/17,28,32,bad,toward_bad,False
baseline[good=above],baseline/17,29,32,bad,toward_good,False
baseline[good=above],baseline/17,30,32,bad,toward_bad,False
baseline[good=above],baseline/17,31,32,bad,,True
baseline[good=below],baseline/17,0,32,good,toward_bad,False
baseline[good=below],baseline/17,1,32,bad,toward_good,False
baseline[good=below],baseline/17,2,32,good,toward_good,False
baseline[good=below],baseline/17,3,32,good,toward_good,False
baseline[good=below],baseline/17,4,32,good,toward_good,False
baseline[good=below],baseline/17,5,32,good,toward_good,False
baseline[good=below],baseline/17,6,32,good,toward_bad,False
baseline[good=below],baseline/17,7,32,good,toward_good,False
baseline[good=below],baseline/17,8,32,good,toward_bad,False
baseline[good=below],baseline/17,9,32,good,toward_good,False
baseline[good=below],baseline/17,10,32,good,toward_bad,False
baseline[good=below],baseline/17,11,32,good,toward_bad,False
baseline[good=below],baseline/17,12,32,good,toward_good,False
baseline[good=below],baseline/17,13,32,good,toward_bad,False
baseline[good=below],baseline/17,14,32,good,toward_bad,False
baseline[good=below],baseline/17,15,32,good,toward_good,False
baseline[good=below],baseline/17,16,32,good,toward_bad,False
baseline[good=below],baseline/17,17,32,good,toward_good,False
baseline[good=below],baseline/17,18,32,good,toward_bad,False
baseline[good=below],baseline/17,19,32,good,toward_good,False
baseline[good=below],baseline/17,20,32,good,toward_bad,False
baseline[good=below],baseline/17,21,32,good,toward_bad,False
baseline[good=below],baseline/17,22,32,good,toward_bad,False
baseline[good=below],baseline/17,23,32,good,toward_good,False
baseline[good=below],baseline/17,24,32,good,toward_bad,False
baseline[good=below],baseline/17,25,32,good,toward_good,False
baseline[good=below],baseline/17,26,32,good,toward_bad,False
baseline[good=below],baseline/17,27,32,good,toward_bad,False
baseline[good=below],baseline/17,28,32,good,toward_good,False
baseline[good=below],baseline/17,29,32,good,toward_bad,False
baseline[good=below],baseline/17,30,32,good,toward_good,False
baseline[good=below],baseline/17,31,32,good,,True
baseline[good=above],baseline/20,0,10,bad,toward_bad,False
baseline[good=above],baseline/20,1,10,bad,toward_bad,False
baseline[good=above],baseline/20,2,10,bad,toward_good,False
baseline[good=above],baseline/20,3,10,bad,toward_bad,False
baseline[good=above],baseline/20,4,10,bad,toward_good,False
baseline[good=above],baseline/20,5,10,bad,toward_bad,False
baseline[good=above],baseline/20,6,10,bad,toward_good,False
baseline[good=above],baseline/20,7,10,bad,toward_good,False
baseline[good=above],baseline/20,8,10,bad,toward_good,False
baseline[good=above],baseline/20,9,10,bad,,True
baseline[good=below],baseline/20,0,10,good,toward_good,False
baseline[good=below],baseline/20,1,10,good,toward_good,False
baseline[good=below],baseline/20,2,10,good,toward_bad,False
baseline[good=below],baseline/20,3,10,good,toward_good,False
baseline[good=below],baseline/20,4,10,good,toward_bad,False
baseline[good=below],baseline/20,5,10,good,toward_good,False
baseline[good=below],baseline/20,6,10,good,toward_bad,False
baseline[good=below],baseline/20,7,10,good,toward_bad,False
baseline[good=below],baseline/20,8,10,good,toward_bad,False
baseline[good=below],baseline/20,9,10,good,,True
baseline[good=above],baseline/21,0,4,good,toward_bad,False
baseline[good=above],baseline/21,1,4,good,toward_good,False
baseline[good=above],baseline/21,2,4,good,toward_good,False
baseline[good=above],baseline/21,3,4,good,,True
baseline[good=below],baseline/21,0,4,bad,toward_good,False
baseline[good=below],baseline/21,1,4,bad,toward_bad,False
baseline[good=below],baseline/21,2,4,bad,toward_bad,False
baseline[good=below],baseline/21,3,4,bad,,True
baseline[good=above],baseline/22,0,11,good,toward_good,False
baseline[good=above],baseline/22,1,11,good,toward_bad,False
baseline[good=above],baseline/22,2,11,good,toward_bad,False
baseline[good=above],baseline/22,3,11,good,toward_bad,False
baseline[good=above],baseline/22,4,11,good,toward_good,False
baseline[good=above],baseline/22,5,11,good,toward_good,False
baseline[good=above],baseline/22,6,11,good,toward_bad,False
baseline[good=above],baseline/22,7,11,good,toward_good,False
baseline[good=above],baseline/22,8,11,good,toward_bad,False
baseline[good=above],baseline/22,9,11,good,toward_good,False
baseline[good=above],baseline/22,10,11,good,,True
baseline[good=below],baseline/22,0,11,bad,toward_bad,False
baseline[good=below],baseline/22,1,11,bad,toward_good,False
baseline[good=below],baseline/22,2,11,bad,toward_good,False
baseline[good=below],baseline/22,3,11,bad,toward_good,False
baseline[good=below],baseline/22,4,11,bad,toward_bad,False
baseline[good=below],baseline/22,5,11,bad,toward_bad,False
baseline[good=below],baseline/22,6,11,bad,toward_good,False
baseline[good=below],baseline/22,7,11,bad,toward_bad,False
baseline[good=below],baseline/22,8,11,bad,toward_good,False
baseline[good=below],baseline/22,9,11,bad,toward_bad,False
baseline[good=below],baseline/22,10,11,bad,,True
baseline[good=above],baseline/24,0,13,good,toward_good,False
baseline[good=above],baseline/24,1,13,good,toward_bad,False
baseline[good=above],baseline/24,2,13,good,toward_good,False
baseline[good=above],baseline/24,3,13,good,toward_good,False
baseline[good=above],baseline/24,4,13,good,toward_bad,False
baseline[good=above],baseline/24,5,13,good,toward_good,False
baseline[good=above],baseline/24,6,13,good,toward_good,False
baseline[good=above],baseline/24,7,13,good,toward_bad,False
baseline[good=above],baseline/24,8,13,good,toward_good,False
baseline[good=above],baseline/24,9,13,good,toward_bad,False
baseline[good=above],baseline/24,10,13,good,toward_good,False
baseline[good=above],baseline/24,11,13,good,toward_bad,False
baseline[good=above],baseline/24,12,13,good,,True
baseline[good=below],baseline/24,0,13,bad,toward_bad,False
baseline[good=below],baseline/24,1,13,bad,toward_good,False
baseline[good=below],baseline/24,2,13,bad,toward_bad,False
baseline[good=below],baseline/24,3,13,bad,toward_bad,False
baseline[good=below],baseline/24,4,13,bad,toward_good,False
baseline[good=below],baseline/24,5,13,bad,toward_bad,False
baseline[good=below],baseline/24,6,13,bad,toward_bad,False
baseline[good=below],baseline/24,7,13,bad,toward_good,False
baseline[good=below],baseline/24,8,13,bad,toward_bad,False
baseline[good=below],baseline/24,9,13,bad,toward_good,False
baseline[good=below],baseline/24,10,13,bad,toward_bad,False
baseline[good=below],baseline/24,11,13,bad,toward_good,False
baseline[good=below],baseline/24,12,13,bad,,True
baseline[good=above],baseline/25,0,21,good,toward_good,False
baseline[good=above],baseline/25,1,21,good,toward_bad,False
baseline[good=above],baseline/25,2,21,good,toward_good,False
baseline[good=above],baseline/25,3,21,good,toward_bad,False
baseline[good=above],baseline/25,4,21,bad,toward_good,False
baseline[good=above],baseline/25,5,21,bad,toward_good,False
baseline[good=above],baseline/25,6,21,bad,toward_good,False
baseline[good=above],baseline/25,7,21,good,toward_good,False
baseline[good=above],baseline/25,8,21,good,toward_bad,False
baseline[good=above],baseline/25,9,21,bad,toward_good,False
baseline[good=above],baseline/25,10,21,bad,toward_bad,False
baseline[good=above],baseline/25,11,21,bad,toward_bad,False
baseline[good=above],baseline/25,12,21,bad,toward_bad,False
baseline[good=above],baseline/25,13,21,bad,toward_good,False
baseline[good=above],baseline/25,14,21,bad,toward_bad,False
baseline[good=above],baseline/25,15,21,bad,toward_good,False
baseline[good=above],baseline/25,16,21,bad,toward_bad,False
baseline[good=above],baseline/25,17,21,bad,toward_good,False
baseline[good=above],baseline/25,18,21,bad,toward_good,False
baseline[good=above],baseline/25,19,21,bad,toward_good,False
baseline[good=above],baseline/25,20,21,bad,,True
baseline[good=below],baseline/25,0,21,bad,toward_bad,False
baseline[good=below],baseline/25,1,21,bad,toward_good,False
baseline[good=below],baseline/25,2,21,bad,toward_bad,False
baseline[good=below],baseline/25,3,21,bad,toward_good,False
baseline[good=below],baseline/25,4,21,good,toward_bad,False
baseline[good=below],baseline/25,5,21,good,toward_bad,False
baseline[good=below],baseline/25,6,21,good,toward_bad,False
baseline[good=below],baseline/25,7,21,bad,toward_bad,False
baseline[good=below],baseline/25,8,21,bad,toward_good,False
baseline[good=below],baseline/25,9,21,good,toward_bad,False
baseline[good=below],baseline/25,10,21,good,toward_good,False
baseline[good=below],baseline/25,11,21,good,toward_good,False
baseline[good=below],baseline/25,12,21,good,toward_good,False
baseline[good=below],baseline/25,13,21,good,toward_bad,False
baseline[good=below],baseline/25,14,21,good,toward_good,False
baseline[good=below],baseline/25,15,21,good,toward_bad,False
baseline[good=below],baseline/25,16,21,good,toward_good,False
baseline[good=below],baseline/25,17,21,good,toward_bad,False
baseline[good=below],baseline/25,18,21,good,toward_bad,False
baseline[good=below],baseline/25,19,21,good,toward_bad,False
baseline[good=below],baseline/25,20,21,good,,True
baseline[good=above],baseline/26,0,1,good,,True
baseline[good=below],baseline/26,0,1,bad,,True
baseline[good=above],baseline/28,0,29,bad,toward_bad,False
baseline[good=above],baseline/28,1,29,bad,toward_good,False
baseline[good=above],baseline/28,2,29,bad,toward_bad,False
baseline[good=above],baseline/28,3,29,bad,toward_good,False
baseline[good=above],baseline/28,4,29,bad,toward_good,False
baseline[good=above],baseline/28,5,29,bad,toward_bad,False
baseline[good=above],baseline/28,6,29,bad,toward_good,False
baseline[good=above],baseline/28,7,29,bad,toward_bad,False
baseline[good=above],baseline/28,8,29,bad,toward_good,False
baseline[good=above],baseline/28,9,29,bad,toward_bad,False
baseline[good=above],baseline/28,10,29,bad,toward_bad,False
baseline[good=above],baseline/28,11,29,bad,toward_good,False
baseline[good=above],baseline/28,12,29,bad,toward_bad,False
baseline[good=above],baseline/28,13,29,bad,toward_good,False
baseline[good=above],baseline/28,14,29,bad,toward_bad,False
baseline[good=above],baseline/28,15,29,bad,toward_good,False
baseline[good=above],baseline/28,16,29,bad,toward_bad,False
baseline[good=above],baseline/28,17,29,bad,toward_bad,False
baseline[good=above],baseline/28,18,29,bad,toward_good,False
baseline[good=above],baseline/28,19,29,bad,toward_good,False
baseline[good=above],baseline/28,20,29,bad,toward_bad,False
baseline[good=above],baseline/28,21,29,bad,toward_bad,False
baseline[good=above],baseline/28,22,29,bad,toward_good,False
baseline[good=above],baseline/28,23,29,bad,toward_bad,False
baseline[good=above],baseline/28,24,29,bad,toward_good,False
baseline[good=above],baseline/28,25,29,bad,toward_bad,False
baseline[good=above],baseline/28,26,29,bad,toward_good,False
baseline[good=above],baseline/28,27,29,bad,toward_bad,False
baseline[good=above],baseline/28,28,29,bad,,True
baseline[good=below],baseline/28,0,29,good,toward_good,False
baseline[good=below],baseline/28,1,29,good,toward_bad,False
baseline[good=below],baseline/28,2,29,good,toward_good,False
baseline[good=below],baseline/28,3,29,good,toward_bad,False
baseline[good=below],baseline/28,4,29,good,toward_bad,False
baseline[good=below],baseline/28,5,29,good,toward_good,False
baseline[good=below],baseline/28,6,29,good,toward_bad,False
baseline[good=below],baseline/28,7,29,good,toward_good,False
baseline[good=below],baseline/28,8,29,good,toward_bad,False
baseline[good=below],baseline/28,9,29,good,toward_good,False
baseline[good=below],baseline/28,10,29,good,toward_good,False
baseline[good=below],baseline/28,11,29,good,toward_bad,False
baseline[good=below],baseline/28,12,29,good,toward_good,False
baseline[good=below],baseline/28,13,29,good,toward_bad,False
baseline[good=below],baseline/28,14,29,good,toward_good,False
baseline[good=below],baseline/28,15,29,good,toward_bad,False
baseline[good=below],baseline/28,16,29,good,toward_good,False
baseline[good=below],baseline/28,17,29,good,toward_good,False
baseline[good=below],baseline/28,18,29,good,toward_bad,False
baseline[good=below],baseline/28,19,29,good,toward_bad,False
baseline[good=below],baseline/28,20,29,good,toward_good,False
baseline[good=below],baseline/28,21,29,good,toward_good,False
baseline[good=below],baseline/28,22,29,good,toward_bad,False
baseline[good=below],baseline/28,23,29,good,toward_good,False
baseline[good=below],baseline/28,24,29,good,toward_bad,False
baseline[good=below],baseline/28,25,29,good,toward_good,False
baseline[good=below],baseline/28,26,29,good,toward_bad,False
baseline[good=below],baseline/28,27,29,good,toward_good,False
baseline[good=below],baseline/28,28,29,good,,True
baseline[good=above],baseline/29,0,18,good,toward_bad,False
baseline[good=above],baseline/29,1,18,bad,toward_good,False
baseline[good=above],baseline/29,2,18,good,toward_bad,False
baseline[good=above],baseline/29,3,18,good,toward_good,False
baseline[good=above],baseline/29,4,18,good,toward_good,False
baseline[good=above],baseline/29,5,18,good,toward_good,False
baseline[good=above],baseline/29,6,18,good,toward_good,False
baseline[good=above],baseline/29,7,18,good,toward_bad,False
baseline[good=above],baseline/29,8,18,good,toward_good,False
baseline[good=above],baseline/29,9,18,good,toward_bad,False
baseline[good=above],baseline/29,10,18,good,toward_good,False
baseline[good=above],baseline/29,11,18,good,toward_good,False
baseline[good=above],baseline/29,12,18,good,toward_bad,False
baseline[good=above],baseline/29,13,18,good,toward_bad,False
baseline[good=above],baseline/29,14,18,good,toward_good,False
baseline[good=above],baseline/29,15,18,good,toward_bad,False
baseline[good=above],baseline/29,16,18,good,toward_bad,False
baseline[good=above],baseline/29,17,18,good,,True
baseline[good=below],baseline/29,0,18,bad,toward_good,False
baseline[good=below],baseline/29,1,18,good,toward_bad,False
baseline[good=below],baseline/29,2,18,bad,toward_good,False
baseline[good=below],baseline/29,3,18,bad,toward_bad,False
baseline[good=below],baseline/29,4,18,bad,toward_bad,False
baseline[good=below],baseline/29,5,18,bad,toward_bad,False
baseline[good=below],baseline/29,6,18,bad,toward_bad,False
baseline[good=below],baseline/29,7,18,bad,toward_good,False
baseline[good=below],baseline/29,8,18,bad,toward_bad,False
baseline[good=below],baseline/29,9,18,bad,toward_good,False
baseline[good=below],baseline/29,10,18,bad,toward_bad,False
baseline[good=below],baseline/29,11,18,bad,toward_bad,False
baseline[good=below],baseline/29,12,18,bad,toward_good,False
baseline[good=below],baseline/29,13,18,bad,toward_good,False
baseline[good=below],baseline/29,14,18,bad,toward_bad,False
baseline[good=below],baseline/29,15,18,bad,toward_good,False
baseline[good=below],baseline/29,16,18,bad,toward_good,False
baseline[good=below],baseline/29,17,18,bad,,True
baseline[good=above],baseline/30,0,17,bad,toward_good,False
baseline[good=above],baseline/30,1,17,bad,toward_bad,False
baseline[good=above],baseline/30,2,17,bad,toward_bad,False
baseline[good=above],baseline/30,3,17,bad,toward_good,False
baseline[good=above],baseline/30,4,17,bad,toward_good,False
baseline[good=above],baseline/30,5,17,good,toward_bad,False
baseline[good=above],baseline/30,6,17,good,toward_bad,False
baseline[good=above],baseline/30,7,17,bad,toward_good,False
baseline[good=above],baseline/30,8,17,bad,toward_good,False
baseline[good=above],baseline/30,9,17,bad,toward_good,False
baseline[good=above],baseline/30,10,17,bad,toward_bad,False
baseline[good=above],baseline/30,11,17,bad,toward_good,False
baseline[good=above],baseline/30,12,17,bad,toward_good,False
baseline[good=above],baseline/30,13,17,good,toward_bad,False
baseline[good=above],baseline/30,14,17,bad,toward_good,False
baseline[good=above],baseline/30,15,17,bad,toward_bad,False
baseline[good=above],baseline/30,16,17,bad,,True
baseline[good=below],baseline/30,0,17,good,toward_bad,False
baseline[good=below],baseline/30,1,17,good,toward_good,False
baseline[good=below],baseline/30,2,17,good,toward_good,False
baseline[good=below],baseline/30,3,17,good,toward_bad,False
baseline[good=below],baseline/30,4,17,good,toward_bad,False
baseline[good=below],baseline/30,5,17,bad,toward_good,False
baseline[good=below],baseline/30,6,17,bad,toward_good,False
baseline[good=below],baseline/30,7,17,good,toward_bad,False
baseline[good=below],baseline/30,8,17,good,toward_bad,False
baseline[good=below],baseline/30,9,17,good,toward_bad,False
baseline[good=below],baseline/30,10,17,good,toward_good,False
baseline[good=below],baseline/30,11,17,good,toward_bad,False
baseline[good=below],baseline/30,12,17,good,toward_bad,False
baseline[good=below],baseline/30,13,17,bad,toward_good,False
baseline[good=below],baseline/30,14,17,good,toward_bad,False
baseline[good=below],baseline/30,15,17,good,toward_good,False
baseline[good=below],baseline/30,16,17,good,,True
baseline[good=above],baseline/31,0,1,bad,,True
baseline[good=below],baseline/31,0,1,good,,True
baseline[good=above],baseline/33,0,32,bad,toward_good,False
baseline[good=above],baseline/33,1,32,bad,toward_bad,False
baseline[good=above],baseline/33,2,32,bad,toward_good,False
baseline[good=above],baseline/33,3,32,bad,toward_bad,False
baseline[good=above],baseline/33,4,32,bad,toward_good,False
baseline[good=above],baseline/33,5,32,bad,toward_good,False
baseline[good=above],baseline/33,6,32,bad,toward_bad,False
baseline[good=above],baseline/33,7,32,bad,toward_good,False
baseline[good=above],baseline/33,8,32,bad,toward_bad,False
baseline[good=above],baseline/33,9,32,bad,toward_good,False
baseline[good=above],baseline/33,10,32,bad,toward_good,False
baseline[good=above],baseline/33,11,32,bad,toward_bad,False
baseline[good=above],baseline/33,12,32,bad,toward_bad,False
baseline[good=above],baseline/33,13,32,bad,toward_bad,False
baseline[good=above],baseline/33,14,32,bad,toward_good,False
baseline[good=above],baseline/33,15,32,bad,toward_good,False
baseline[good=above],baseline/33,16,32,bad,toward_good,False
baseline[good=above],baseline/33,17,32,bad,toward_bad,False
baseline[good=above],baseline/33,18,32,bad,toward_good,False
baseline[good=above],baseline/33,19,32,bad,toward_good,False
baseline[good=above],baseline/33,20,32,bad,toward_bad,False
baseline[good=above],baseline/33,21,32,bad,toward_bad,False
baseline[good=above],baseline/33,22,32,bad,toward_bad,False
baseline[good=above],baseline/33,23,32,bad,toward_good,False
baseline[good=above],baseline/33,24,32,bad,toward_good,False
baseline[good=above],baseline/33,25,32,bad,toward_good,False
baseline[good=above],baseline/33,26,32,bad,toward_bad,False
baseline[good=above],baseline/33,27,32,bad,toward_good,False
baseline[good=above],baseline/33,28,32,bad,toward_good,False
baseline[good=above],baseline/33,29,32,bad,toward_good,False
baseline[good=above],baseline/33,30,32,bad,toward_bad,False
baseline[good=above],baseline/33,31,32,bad,,True
baseline[good=below],baseline/33,0,32,good,toward_bad,False
baseline[good=below],baseline/33,1,32,good,toward_good,False
baseline[good=below],baseline/33,2,32,good,toward_bad,False
baseline[good=below],baseline/33,3,32,good,toward_good,False
baseline[good=below],baseline/33,4,32,good,toward_bad,False
baseline[good=below],baseline/33,5,32,good,toward_bad,False
baseline[good=below],baseline/33,6,32,good,toward_good,False
baseline[good=below],baseline/33,7,32,good,toward_bad,False
baseline[good=below],baseline/33,8,32,good,toward_good,False
baseline[good=below],baseline/33,9,32,good,toward_bad,False
baseline[good=below],baseline/33,10,32,good,toward_bad,False
baseline[good=below],baseline/33,11,32,good,toward_good,False
baseline[good=below],baseline/33,12,32,good,toward_good,False
baseline[good=below],baseline/33,13,32,good,toward_good,False
baseline[good=below],baseline/33,14,32,good,toward_bad,False
baseline[good=below],baseline/33,15,32,good,toward_bad,False
baseline[good=below],baseline/33,16,32,good,toward_bad,False
baseline[good=below],baseline/33,17,32,good,toward_good,False
baseline[good=below],baseline/33,18,32,good,toward_bad,False
baseline[good=below],baseline/33,19,32,good,toward_bad,False
baseline[good=below],baseline/33,20,32,good,toward_good,False
baseline[good=below],baseline/33,21,32,good,toward_good,False
baseline[good=below],baseline/33,22,32,good,toward_good,False
baseline[good=below],baseline/33,23,32,good,toward_bad,False
baseline[good=below],baseline/33,24,32,good,toward_bad,False
baseline[good=below],baseline/33,25,32,good,toward_bad,False
baseline[good=below],baseline/33,26,32,good,toward_good,False
baseline[good=below],baseline/33,27,32,good,toward_bad,False
baseline[good=below],baseline/33,28,32,good,toward_bad,False
baseline[good=below],baseline/33,29,32,good,toward_bad,False
baseline[good=below],baseline/33,30,32,good,toward_good,False
baseline[good=below],baseline/33,31,32,good,,True
baseline[good=above],baseline/34,0,6,bad,toward_bad,False
baseline[good=above],baseline/34,1,6,bad,toward_bad,False
baseline[good=above],baseline/34,2,6,bad,toward_good,False
baseline[good=above],baseline/34,3,6,bad,toward_good,False
baseline[good=above],baseline/34,4,6,bad,toward_good,False
baseline[good=above],baseline/34,5,6,bad,,True
baseline[good=below],baseline/34,0,6,good,toward_good,False
baseline[good=below],baseline/34,1,6,good,toward_good,False
baseline[good=below],baseline/34,2,6,good,toward_bad,False
baseline[good=below],baseline/34,3,6,good,toward_bad,False
baseline[good=below],baseline/34,4,6,good,toward_bad,False
baseline[good=below],baseline/34,5,6,good,,True
baseline[good=above],baseline/36,0,9,bad,toward_bad,False
baseline[good=above],baseline/36,1,9,bad,toward_bad,False
baseline[good=above],baseline/36,2,9,bad,toward_bad,False
baseline[good=above],baseline/36,3,9,bad,toward_good,False
baseline[good=above],baseline/36,4,9,bad,toward_good,False
baseline[good=above],baseline/36,5,9,bad,toward_good,False
baseline[good=above],baseline/36,6,9,good,toward_bad,False
baseline[good=above],baseline/36,7,9,good,toward_good,False
baseline[good=above],baseline/36,8,9,good,,True
baseline[good=below],baseline/36,0,9,good,toward_good,False
baseline[good=below],baseline/36,1,9,good,toward_good,False
baseline[good=below],baseline/36,2,9,good,toward_good,False
baseline[good=below],baseline/36,3,9,good,toward_bad,False
baseline[good=below],baseline/36,4,9,good,toward_bad,False
baseline[good=below],baseline/36,5,9,good,toward_bad,False
baseline[good=below],baseline/36,6,9,bad,toward_good,False
baseline[good=below],baseline/36,7,9,bad,toward_bad,False
baseline[good=below],baseline/36,8,9,bad,,True
baseline[good=above],baseline/39,0,18,good,toward_good,False
baseline[good=above],baseline/39,1,18,good,toward_bad,False
baseline[good=above],baseline/39,2,18,good,toward_bad,False
baseline[good=above],baseline/39,3,18,good,toward_good,False
baseline[good=above],baseline/39,4,18,good,toward_bad,False
baseline[good=above],baseline/39,5,18,good,toward_good,False
baseline[good=above],baseline/39,6,18,good,toward_good,False
baseline[good=above],baseline/39,7,18,good,toward_bad,False
baseline[good=above],baseline/39,8,18,good,toward_good,False
baseline[good=above],baseline/39,9,18,good,toward_good,False
baseline[good=above],baseline/39,10,18,good,toward_bad,False
baseline[good=above],baseline/39,11,18,good,toward_good,False
baseline[good=above],baseline/39,12,18,good,toward_good,False
baseline[good=above],baseline/39,13,18,good,toward_bad,False
baseline[good=above],baseline/39,14,18,good,toward_good,False
baseline[good=above],baseline/39,15,18,good,toward_bad,False
baseline[good=above],baseline/39,16,18,good,toward_bad,False
baseline[good=above],baseline/39,17,18,good,,True
baseline[good=below],baseline/39,0,18,bad,toward_bad,False
baseline[good=below],baseline/39,1,18,bad,toward_good,False
baseline[good=below],baseline/39,2,18,bad,toward_good,False
baseline[good=below],baseline/39,3,18,bad,toward_bad,False
baseline[good=below],baseline/39,4,18,bad,toward_good,False
baseline[good=below],baseline/39,5,18,bad,toward_bad,False
baseline[good=below],baseline/39,6,18,bad,toward_bad,False
baseline[good=below],baseline/39,7,18,bad,toward_good,False
baseline[good=below],baseline/39,8,18,bad,toward_bad,False
baseline[good=below],baseline/39,9,18,bad,toward_bad,False
baseline[good=below],baseline/39,10,18,bad,toward_good,False
baseline[good=below],baseline/39,11,18,bad,toward_bad,False
baseline[good=below],baseline/39,12,18,bad,toward_bad,False
baseline[good=below],baseline/39,13,18,bad,toward_good,False
baseline[good=below],baseline/39,14,18,bad,toward_bad,False
baseline[good=below],baseline/39,15,18,bad,toward_good,False
baseline[good=below],baseline/39,16,18,bad,toward_good,False
baseline[good=below],baseline/39,17,18,bad,,True
baseline[good=above],baseline/41,0,6,bad,toward_bad,False
baseline[good=above],baseline/41,1,6,bad,toward_bad,False
baseline[good=above],baseline/41,2,6,bad,toward_bad,False
baseline[good=above],baseline/41,3,6,bad,toward_good,False
baseline[good=above],baseline/41,4,6,bad,toward_good,False
baseline[good=above],baseline/41,5,6,bad,,True
baseline[good=below],baseline/41,0,6,good,toward_good,False
baseline[good=below],baseline/41,1,6,good,toward_good,False
baseline[good=below],baseline/41,2,6,good,toward_good,False
baseline[good=below],baseline/41,3,6,good,toward_bad,False
baseline[good=below],baseline/41,4,6,good,toward_bad,False
baseline[good=below],baseline/41,5,6,good,,True
baseline[good=above],baseline/42,0,8,good,toward_good,False
baseline[good=above],baseline/42,1,8,good,toward_good,False
baseline[good=above],baseline/42,2,8,good,toward_good,False
baseline[good=above],baseline/42,3,8,good,toward_good,False
baseline[good=above],baseline/42,4,8,good,toward_good,False
baseline[good=above],baseline/42,5,8,good,toward_bad,False
baseline[good=above],baseline/42,6,8,good,toward_good,False
baseline[good=above],baseline/42,7,8,good,,True
baseline[good=below],baseline/42,0,8,bad,toward_bad,False
baseline[good=below],baseline/42,1,8,bad,toward_bad,False
baseline[good=below],baseline/42,2,8,bad,toward_bad,False
baseline[good=below],baseline/42,3,8,bad,toward_bad,False
baseline[good=below],baseline/42,4,8,bad,toward_bad,False
baseline[good=below],baseline/42,5,8,bad,toward_good,False
baseline[good=below],baseline/42,6,8,bad,toward_bad,False
baseline[good=below],baseline/42,7,8,bad,,True
baseline[good=above],baseline/43,0,26,bad,toward_bad,False
baseline[good=above],baseline/43,1,26,bad,toward_bad,False
baseline[good=above],baseline/43,2,26,bad,toward_good,False
baseline[good=above],baseline/43,3,26,bad,toward_bad,False
baseline[good=above],baseline/43,4,26,bad,toward_good,False
baseline[good=above],baseline/43,5,26,bad,toward_bad,False
baseline[good=above],baseline/43,6,26,bad,toward_bad,False
baseline[good=above],baseline/43,7,26,bad,toward_good,False
baseline[good=above],baseline/43,8,26,bad,toward_good,False
baseline[good=above],baseline/43,9,26,bad,toward_good,False
baseline[good=above],baseline/43,10,26,bad,toward_bad,False
baseline[good=above],baseline/43,11,26,bad,toward_bad,False
baseline[good=above],baseline/43,12,26,bad,toward_good,False
baseline[good=above],baseline/43,13,26,bad,toward_good,False
baseline[good=above],baseline/43,14,26,bad,toward_bad,False
baseline[good=above],baseline/43,15,26,bad,toward_good,False
baseline[good=above],baseline/43,16,26,bad,toward_bad,False
baseline[good=above],baseline/43,17,26,bad,toward_good,False
baseline[good=above],baseline/43,18,26,bad,toward_good,False
baseline[good=above],baseline/43,19,26,bad,toward_bad,False
baseline[good=above],baseline/43,20,26,bad,toward_good,False
baseline[good=above],baseline/43,21,26,bad,toward_bad,False
baseline[good=above],baseline/43,22,26,bad,toward_good,False
baseline[good=above],baseline/43,23,26,bad,toward_good,False
baseline[good=above],baseline/43,24,26,bad,toward_bad,False
baseline[good=above],baseline/43,25,26,bad,,True
baseline[good=below],baseline/43,0,26,good,toward_good,False
baseline[good=below],baseline/43,1,26,good,toward_good,False
baseline[good=below],baseline/43,2,26,good,toward_bad,False
baseline[good=below],baseline/43,3,26,good,toward_good,False
baseline[good=below],baseline/43,4,26,good,toward_bad,False
baseline[good=below],baseline/43,5,26,good,toward_good,False
baseline[good=below],baseline/43,6,26,good,toward_good,False
baseline[good=below],baseline/43,7,26,good,toward_bad,False
baseline[good=below],baseline/43,8,26,good,toward_bad,False
baseline[good=below],baseline/43,9,26,good,toward_bad,False
baseline[good=below],baseline/43,10,26,good,toward_good,False
baseline[good=below],baseline/43,11,26,good,toward_good,False
baseline[good=below],baseline/43,12,26,good,toward_bad,False
baseline[good=below],baseline/43,13,26,good,toward_bad,False
baseline[good=below],baseline/43,14,26,good,toward_good,False
baseline[good=below],baseline/43,15,26,good,toward_bad,False
baseline[good=below],baseline/43,16,26,good,toward_good,False
baseline[good=below],baseline/43,17,26,good,toward_bad,False
baseline[good=below],baseline/43,18,26,good,toward_bad,False
baseline[good=below],baseline/43,19,26,good,toward_good,False
baseline[good=below],baseline/43,20,26,good,toward_bad,False
baseline[good=below],baseline/43,21,26,good,toward_good,False
baseline[good=below],baseline/43,22,26,good,toward_bad,False
baseline[good=below],baseline/43,23,26,good,toward_bad,False
baseline[good=below],baseline/43,24,26,good,toward_good,False
baseline[good=below],baseline/43,25,26,good,,True
baseline[good=above],baseline/44,0,24,good,toward_bad,False
baseline[good=above],baseline/44,1,24,bad,toward_good,False
baseline[good=above],baseline/44,2,24,good,toward_bad,False
baseline[good=above],baseline/44,3,24,good,toward_bad,False
baseline[good=above],baseline/44,4,24,good,toward_bad,False
baseline[good=above],baseline/44,5,24,bad,toward_bad,False
baseline[good=above],baseline/44,6,24,bad,toward_good,False
baseline[good=above],baseline/44,7,24,bad,toward_good,False
baseline[good=above],baseline/44,8,24,good,toward_bad,False
baseline[good=above],baseline/44,9,24,good,toward_good,False
baseline[good=above],baseline/44,10,24,good,toward_bad,False
baseline[good=above],baseline/44,11,24,good,toward_bad,False
baseline[good=above],baseline/44,12,24,bad,toward_good,False
baseline[good=above],baseline/44,13,24,bad,toward_bad,False
baseline[good=above],baseline/44,14,24,bad,toward_good,False
baseline[good=above],baseline/44,15,24,bad,toward_bad,False
baseline[good=above],baseline/44,16,24,bad,toward_good,False
baseline[good=above],baseline/44,17,24,good,toward_bad,False
baseline[good=above],baseline/44,18,24,good,toward_good,False
baseline[good=above],baseline/44,19,24,good,toward_bad,False
baseline[good=above],baseline/44,20,24,good,toward_good,False
baseline[good=above],baseline/44,21,24,good,toward_good,False
baseline[good=above],baseline/44,22,24,good,toward_bad,False
baseline[good=above],baseline/44,23,24,good,,True
baseline[good=below],baseline/44,0,24,bad,toward_good,False
baseline[good=below],baseline/44,1,24,good,toward_bad,False
baseline[good=below],baseline/44,2,24,bad,toward_good,False
baseline[good=below],baseline/44,3,24,bad,toward_good,False
baseline[good=below],baseline/44,4,24,bad,toward_good,False
baseline[good=below],baseline/44,5,24,good,toward_good,False
baseline[good=below],baseline/44,6,24,good,toward_bad,False
baseline[good=below],baseline/44,7,24,good,toward_bad,False
baseline[good=below],baseline/44,8,24,bad,toward_good,False
baseline[good=below],baseline/44,9,24,bad,toward_bad,False
baseline[good=below],baseline/44,10,24,bad,toward_good,False
baseline[good=below],baseline/44,11,24,bad,toward_good,False
baseline[good=below],baseline/44,12,24,good,toward_bad,False
baseline[good=below],baseline/44,13,24,good,toward_good,False
baseline[good=below],baseline/44,14,24,good,toward_bad,False
baseline[good=below],baseline/44,15,24,good,toward_good,False
baseline[good=below],baseline/44,16,24,good,toward_bad,False
baseline[good=below],baseline/44,17,24,bad,toward_good,False
baseline[good=below],baseline/44,18,24,bad,toward_bad,False
baseline[good=below],baseline/44,19,24,bad,toward_good,False
baseline[good=below],baseline/44,20,24,bad,toward_bad,False
baseline[good=below],baseline/44,21,24,bad,toward_bad,False
baseline[good=below],baseline/44,22,24,bad,toward_good,False
baseline[good=below],baseline/44,23,24,bad,,True
baseline[good=above],baseline/45,0,6,bad,toward_good,False
baseline[good=above],baseline/45,1,6,bad,toward_bad,False
baseline[good=above],baseline/45,2,6,bad,toward_bad,False
baseline[good=above],baseline/45,3,6,bad,toward_good,False
baseline[good=above],baseline/45,4,6,bad,toward_good,False
baseline[good=above],baseline/45,5,6,bad,,True
baseline[good=below],baseline/45,0,6,good,toward_bad,False
baseline[good=below],baseline/45,1,6,good,toward_good,False
baseline[good=below],baseline/45,2,6,good,toward_good,False
baseline[good=below],baseline/45,3,6,good,toward_bad,False
baseline[good=below],baseline/45,4,6,good,toward_bad,False
baseline[good=below],baseline/45,5,6,good,,True
baseline[good=above],baseline/46,0,14,good,toward_bad,False
baseline[good=above],baseline/46,1,14,good,toward_good,False
baseline[good=above],baseline/46,2,14,good,toward_bad,False
baseline[good=above],baseline/46,3,14,good,toward_good,False
baseline[good=above],baseline/46,4,14,good,toward_bad,False
baseline[good=above],baseline/46,5,14,good,toward_good,False
baseline[good=above],baseline/46,6,14,good,toward_good,False
baseline[good=above],baseline/46,7,14,good,toward_bad,False
baseline[good=above],baseline/46,8,14,good,toward_bad,False
baseline[good=above],baseline/46,9,14,good,toward_bad,False
baseline[good=above],baseline/46,10,14,good,toward_bad,False
baseline[good=above],baseline/46,11,14,good,toward_good,False
baseline[good=above],baseline/46,12,14,good,toward_good,False
baseline[good=above],baseline/46,13,14,good,,True
baseline[good=below],baseline/46,0,14,bad,toward_good,False
baseline[good=below],baseline/46,1,14,bad,toward_bad,False
baseline[good=below],baseline/46,2,14,bad,toward_good,False
baseline[good=below],baseline/46,3,14,bad,toward_bad,False
baseline[good=below],baseline/46,4,14,bad,toward_good,False
baseline[good=below],baseline/46,5,14,bad,toward_bad,False
baseline[good=below],baseline/46,6,14,bad,toward_bad,False
baseline[good=below],baseline/46,7,14,bad,toward_good,False
baseline[good=below],baseline/46,8,14,bad,toward_good,False
baseline[good=below],baseline/46,9,14,bad,toward_good,False
baseline[good=below],baseline/46,10,14,bad,toward_good,False
baseline[good=below],baseline/46,11,14,bad,toward_bad,False
baseline[good=below],baseline/46,12,14,bad,toward_bad,False
baseline[good=below],baseline/46,13,14,bad,,True
baseline[good=above],baseline/47,0,7,bad,toward_good,False
baseline[good=above],baseline/47,1,7,good,toward_bad,False
baseline[good=above],baseline/47,2,7,good,toward_good,False
baseline[good=above],baseline/47,3,7,good,toward_bad,False
baseline[good=above],baseline/47,4,7,good,toward_good,False
baseline[good=above],baseline/47,5,7,good,toward_good,False
baseline[good=above],baseline/47,6,7,good,,True
baseline[good=below],baseline/47,0,7,good,toward_bad,False
baseline[good=below],baseline/47,1,7,bad,toward_good,False
baseline[good=below],baseline/47,2,7,bad,toward_bad,False
baseline[good=below],baseline/47,3,7,bad,toward_good,False
baseline[good=below],baseline/47,4,7,bad,toward_bad,False
baseline[good=below],baseline/47,5,7,bad,toward_bad,False
baseline[good=below],baseline/47,6,7,bad,,True
baseline[good=above],baseline/48,0,1,bad,,True
baseline[good=below],baseline/48,0,1,good,,True
baseline[good=above],baseline/50,0,20,bad,toward_good,False
baseline[good=above],baseline/50,1,20,bad,toward_bad,False
baseline[good=above],baseline/50,2,20,bad,toward_good,False
baseline[good=above],baseline/50,3,20,bad,toward_bad,False
baseline[good=above],baseline/50,4,20,bad,toward_bad,False
baseline[good=above],baseline/50,5,20,bad,toward_good,False
baseline[good=above],baseline/50,6,20,bad,toward_bad,False
baseline[good=above],baseline/50,7,20,bad,toward_good,False
baseline[good=above],baseline/50,8,20,bad,toward_bad,False
baseline[good=above],baseline/50,9,20,bad,toward_good,False
baseline[good=above],baseline/50,10,20,bad,toward_bad,False
baseline[good=above],baseline/50,11,20,bad,toward_bad,False
baseline[good=above],baseline/50,12,20,bad,toward_good,False
baseline[good=above],baseline/50,13,20,bad,toward_bad,False
baseline[good=above],baseline/50,14,20,bad,toward_good,False
baseline[good=above],baseline/50,15,20,bad,toward_bad,False
baseline[good=above],baseline/50,16,20,bad,toward_good,False
baseline[good=above],baseline/50,17,20,bad,toward_bad,False
baseline[good=above],baseline/50,18,20,bad,toward_good,False
baseline[good=above],baseline/50,19,20,bad,,True
baseline[good=below],baseline/50,0,20,good,toward_bad,False
baseline[good=below],baseline/50,1,20,good,toward_good,False
baseline[good=below],baseline/50,2,20,good,toward_bad,False
baseline[good=below],baseline/50,3,20,good,toward_good,False
baseline[good=below],baseline/50,4,20,good,toward_good,False
baseline[good=below],baseline/50,5,20,good,toward_bad,False
baseline[good=below],baseline/50,6,20,good,toward_good,False
baseline[good=below],baseline/50,7,20,good,toward_bad,False
baseline[good=below],baseline/50,8,20,good,toward_good,False
baseline[good=below],baseline/50,9,20,good,toward_bad,False
baseline[good=below],baseline/50,10,20,good,toward_good,False
baseline[good=below],baseline/50,11,20,good,toward_good,False
baseline[good=below],baseline/50,12,20,good,toward_bad,False
baseline[good=below],baseline/50,13,20,good,toward_good,False
baseline[good=below],baseline/50,14,20,good,toward_bad,False
baseline[good=below],baseline/50,15,20,good,toward_good,False
baseline[good=below],baseline/50,16,20,good,toward_bad,False
baseline[good=below],baseline/50,17,20,good,toward_good,False
baseline[good=below],baseline/50,18,20,good,toward_bad,False
baseline[good=below],baseline/50,19,20,good,,True
baseline[good=above],baseline/52,0,24,bad,toward_bad,False
baseline[good=above],baseline/52,1,24,bad,toward_good,False
baseline[good=above],baseline/52,2,24,bad,toward_good,False
baseline[good=above],baseline/52,3,24,bad,toward_bad,False
baseline[good=above],baseline/52,4,24,bad,toward_bad,False
baseline[good=above],baseline/52,5,24,bad,toward_good,False
baseline[good=above],baseline/52,6,24,bad,toward_good,False
baseline[good=above],baseline/52,7,24,bad,toward_good,False
baseline[good=above],baseline/52,8,24,bad,toward_good,False
baseline[good=above],baseline/52,9,24,bad,toward_bad,False
baseline[good=above],baseline/52,10,24,bad,toward_bad,False
baseline[good=above],baseline/52,11,24,bad,toward_bad,False
baseline[good=above],baseline/52,12,24,bad,toward_good,False
baseline[good=above],baseline/52,13,24,bad,toward_bad,False
baseline[good=above],baseline/52,14,24,bad,toward_bad,False
baseline[good=above],baseline/52,15,24,bad,toward_bad,False
baseline[good=above],baseline/52,16,24,bad,toward_good,False
baseline[good=above],baseline/52,17,24,bad,toward_good,False
baseline[good=above],baseline/52,18,24,bad,toward_good,False
baseline[good=above],baseline/52,19,24,bad,toward_good,False
baseline[good=above],baseline/52,20,24,bad,toward_bad,False
baseline[good=above],baseline/52,21,24,bad,toward_bad,False
baseline[good=above],baseline/52,22,24,bad,toward_bad,False
baseline[good=above],baseline/52,23,24,bad,,True
baseline[good=below],baseline/52,0,24,good,toward_good,False
baseline[good=below],baseline/52,1,24,good,toward_bad,False
baseline[good=below],baseline/52,2,24,good,toward_bad,False
baseline[good=below],baseline/52,3,24,good,toward_good,False
baseline[good=below],baseline/52,4,24,good,toward_good,False
baseline[good=below],baseline/52,5,24,good,toward_bad,False
baseline[good=below],baseline/52,6,24,good,toward_bad,False
baseline[good=below],baseline/52,7,24,good,toward_bad,False
baseline[good=below],baseline/52,8,24,good,toward_bad,False
baseline[good=below],baseline/52,9,24,good,toward_good,False
baseline[good=below],baseline/52,10,24,good,toward_good,False
baseline[good=below],baseline/52,11,24,good,toward_good,False
baseline[good=below],baseline/52,12,24,good,toward_bad,False
baseline[good=below],baseline/52,13,24,good,toward_good,False
baseline[good=below],baseline/52,14,24,good,toward_good,False
baseline[good=below],baseline/52,15,24,good,toward_good,False
baseline[good=below],baseline/52,16,24,good,toward_bad,False
baseline[good=below],baseline/52,17,24,good,toward_bad,False
baseline[good=below],baseline/52,18,24,good,toward_bad,False
baseline[good=below],baseline/52,19,24,good,toward_bad,False
baseline[good=below],baseline/52,20,24,good,toward_good,False
baseline[good=below],baseline/52,21,24,good,toward_good,False
baseline[good=below],baseline/52,22,24,good,toward_good,False
baseline[good=below],baseline/52,23,24,good,,True
baseline[good=above],baseline/54,0,29,bad,toward_good,False
baseline[good=above],baseline/54,1,29,bad,toward_bad,False
baseline[good=above],baseline/54,2,29,bad,toward_bad,False
baseline[good=above],baseline/54,3,29,bad,toward_bad,False
baseline[good=above],baseline/54,4,29,bad,toward_good,False
baseline[good=above],baseline/54,5,29,bad,toward_good,False
baseline[good=above],baseline/54,6,29,bad,toward_bad,False
baseline[good=above],baseline/54,7,29,bad,toward_bad,False
baseline[good=above],baseline/54,8,29,bad,toward_bad,False
baseline[good=above],baseline/54,9,29,bad,toward_good,False
baseline[good=above],baseline/54,10,29,bad,toward_bad,False
baseline[good=above],baseline/54,11,29,bad,toward_bad,False
baseline[good=above],baseline/54,12,29,bad,toward_good,False
baseline[good=above],baseline/54,13,29,bad,toward_good,False
baseline[good=above],baseline/54,14,29,bad,toward_bad,False
baseline[good=above],baseline/54,15,29,bad,toward_bad,False
baseline[good=above],baseline/54,16,29,bad,toward_bad,False
baseline[good=above],baseline/54,17,29,bad,toward_good,False
baseline[good=above],baseline/54,18,29,bad,toward_bad,False
baseline[good=above],baseline/54,19,29,bad,toward_good,False
baseline[good=above],baseline/54,20,29,bad,toward_bad,False
baseline[good=above],baseline/54,21,29,bad,toward_good,False
baseline[good=above],baseline/54,22,29,bad,toward_good,False
baseline[good=above],baseline/54,23,29,bad,toward_bad,False
baseline[good=above],baseline/54,24,29,bad,toward_good,False
baseline[good=above],baseline/54,25,29,bad,toward_good,False
baseline[good=above],baseline/54,26,29,bad,toward_bad,False
baseline[good=above],baseline/54,27,29,bad,toward_good,False
baseline[good=above],baseline/54,28,29,bad,,True
baseline[good=below],baseline/54,0,29,good,toward_bad,False
baseline[good=below],baseline/54,1,29,good,toward_good,False
baseline[good=below],baseline/54,2,29,good,toward_good,False
baseline[good=below],baseline/54,3,29,good,toward_good,False
baseline[good=below],baseline/54,4,29,good,toward_bad,False
baseline[good=below],baseline/54,5,29,good,toward_bad,False
baseline[good=below],baseline/54,6,29,good,toward_good,False
baseline[good=below],baseline/54,7,29,good,toward_good,False
baseline[good=below],baseline/54,8,29,good,toward_good,False
baseline[good=below],baseline/54,9,29,good,toward_bad,False
baseline[good=below],baseline/54,10,29,good,toward_good,False
baseline[good=below],baseline/54,11,29,good,toward_good,False
baseline[good=below],baseline/54,12,29,good,toward_bad,False
baseline[good=below],baseline/54,13,29,good,toward_bad,False
baseline[good=below],baseline/54,14,29,good,toward_good,False
baseline[good=below],baseline/54,15,29,good,toward_good,False
baseline[good=below],baseline/54,16,29,good,toward_good,False
baseline[good=below],baseline/54,17,29,good,toward_bad,False
baseline[good=below],baseline/54,18,29,good,toward_good,False
baseline[good=below],baseline/54,19,29,good,toward_bad,False
baseline[good=below],baseline/54,20,29,good,toward_good,False
baseline[good=below],baseline/54,21,29,good,toward_bad,False
baseline[good=below],baseline/54,22,29,good,toward_bad,False
baseline[good=below],baseline/54,23,29,good,toward_good,False
baseline[good=below],baseline/54,24,29,good,toward_bad,False
baseline[good=below],baseline/54,25,29,good,toward_bad,False
baseline[good=below],baseline/54,26,29,good,toward_good,False
baseline[good=below],baseline/54,27,29,good,toward_bad,False
baseline[good=below],baseline/54,28,29,good,,True
baseline[good=above],baseline/55,0,8,bad,toward_good,False
baseline[good=above],baseline/55,1,8,bad,toward_bad,False
baseline[good=above],baseline/55,2,8,bad,toward_good,False
baseline[good=above],baseline/55,3,8,bad,toward_good,False
baseline[good=above],baseline/55,4,8,bad,toward_bad,False
baseline[good=above],baseline/55,5,8,bad,toward_good,False
baseline[good=above],baseline/55,6,8,bad,toward_good,False
baseline[good=above],baseline/55,7,8,bad,,True
baseline[good=below],baseline/55,0,8,good,toward_bad,False
baseline[good=below],baseline/55,1,8,good,toward_good,False
baseline[good=below],baseline/55,2,8,good,toward_bad,False
baseline[good=below],baseline/55,3,8,good,toward_bad,False
baseline[good=below],baseline/55,4,8,good,toward_good,False
baseline[good=below],baseline/55,5,8,good,toward_bad,False
baseline[good=below],baseline/55,6,8,good,toward_bad,False
baseline[good=below],baseline/55,7,8,good,,True
baseline[good=above],baseline/56,0,10,good,toward_good,False
baseline[good=above],baseline/56,1,10,good,toward_bad,False
baseline[good=above],baseline/56,2,10,good,toward_good,False
baseline[good=above],baseline/56,3,10,good,toward_good,False
baseline[good=above],baseline/56,4,10,good,toward_bad,False
baseline[good=above],baseline/56,5,10,good,toward_bad,False
baseline[good=above],baseline/56,6,10,good,toward_good,False
baseline[good=above],baseline/56,7,10,good,toward_good,False
baseline[good=above],baseline/56,8,10,good,toward_bad,False
baseline[good=above],baseline/56,9,10,good,,True
baseline[good=below],baseline/56,0,10,bad,toward_bad,False
baseline[good=below],baseline/56,1,10,bad,toward_good,False
baseline[good=below],baseline/56,2,10,bad,toward_bad,False
baseline[good=below],baseline/56,3,10,bad,toward_bad,False
baseline[good=below],baseline/56,4,10,bad,toward_good,False
baseline[good=below],baseline/56,5,10,bad,toward_good,False
baseline[good=below],baseline/56,6,10,bad,toward_bad,False
baseline[good=below],baseline/56,7,10,bad,toward_bad,False
baseline[good=below],baseline/56,8,10,bad,toward_good,False
baseline[good=below],baseline/56,9,10,bad,,True
baseline[good=above],baseline/58,0,3,bad,toward_good,False
baseline[good=above],baseline/58,1,3,bad,toward_good,False
baseline[good=above],baseline/58,2,3,bad,,True
baseline[good=below],baseline/58,0,3,good,toward_bad,False
baseline[good=below],baseline/58,1,3,good,toward_bad,False
baseline[good=below],baseline/58,2,3,good,,True
baseline[good=above],baseline/59,0,11,bad,toward_good,False
baseline[good=above],baseline/59,1,11,bad,toward_bad,False
baseline[good=above],baseline/59,2,11,bad,toward_bad,False
baseline[good=above],baseline/59,3,11,bad,toward_good,False
baseline[good=above],baseline/59,4,11,bad,toward_bad,False
baseline[good=above],baseline/59,5,11,bad,toward_good,False
baseline[good=above],baseline/59,6,11,bad,toward_good,False
baseline[good=above],baseline/59,7,11,bad,toward_good,False
baseline[good=above],baseline/59,8,11,bad,toward_bad,False
baseline[good=above],baseline/59,9,11,bad,toward_bad,False
baseline[good=above],baseline/59,10,11,bad,,True
baseline[good=below],baseline/59,0,11,good,toward_bad,False
baseline[good=below],baseline/59,1,11,good,toward_good,False
baseline[good=below],baseline/59,2,11,good,toward_good,False
baseline[good=below],baseline/59,3,11,good,toward_bad,False
baseline[good=below],baseline/59,4,11,good,toward_good,False
baseline[good=below],baseline/59,5,11,good,toward_bad,False
baseline[good=below],baseline/59,6,11,good,toward_bad,False
baseline[good=below],baseline/59,7,11,good,toward_bad,False
baseline[good=below],baseline/59,8,11,good,toward_good,False
baseline[good=below],baseline/59,9,11,good,toward_good,False
baseline[good=below],baseline/59,10,11,good,,True
baseline[good=above],baseline/60,0,11,bad,toward_bad,False
baseline[good=above],baseline/60,1,11,bad,toward_bad,False
baseline[good=above],baseline/60,2,11,bad,toward_good,False
baseline[good=above],baseline/60,3,11,bad,toward_good,False
baseline[good=above],baseline/60,4,11,bad,toward_bad,False
baseline[good=above],baseline/60,5,11,bad,toward_good,False
baseline[good=above],baseline/60,6,11,bad,toward_bad,False
baseline[good=above],baseline/60,7,11,bad,toward_bad,False
baseline[good=above],baseline/60,8,11,bad,toward_bad,False
baseline[good=above],baseline/60,9,11,bad,toward_good,False
baseline[good=above],baseline/60,10,11,bad,,True
baseline[good=below],baseline/60,0,11,good,toward_good,False
baseline[good=below],baseline/60,1,11,good,toward_good,False
baseline[good=below],baseline/60,2,11,good,toward_bad,False
baseline[good=below],baseline/60,3,11,good,toward_bad,False
baseline[good=below],baseline/60,4,11,good,toward_good,False
baseline[good=below],baseline/60,5,11,good,toward_bad,False
baseline[good=below],baseline/60,6,11,good,toward_good,False
baseline[good=below],baseline/60,7,11,good,toward_good,False
baseline[good=below],baseline/60,8,11,good,toward_good,False
baseline[good=below],baseline/60,9,11,good,toward_bad,False
baseline[good=below],baseline/60,10,11,good,,True
baseline[good=above],baseline/61,0,1,bad,,True
baseline[good=below],baseline/61,0,1,good,,True
baseline[good=above],baseline/62,0,1,bad,,True
baseline[good=below],baseline/62,0,1,good,,True
baseline[good=above],baseline/63,0,11,good,toward_good,False
baseline[good=above],baseline/63,1,11,good,toward_bad,False
baseline[good=above],baseline/63,2,11,good,toward_bad,False
baseline[good=above],baseline/63,3,11,good,toward_good,False
baseline[good=above],baseline/63,4,11,good,toward_good,False
baseline[good=above],baseline/63,5,11,good,toward_good,False
baseline[good=above],baseline/63,6,11,good,toward_bad,False
baseline[good=above],baseline/63,7,11,good,toward_good,False
baseline[good=above],baseline/63,8,11,good,toward_good,False
baseline[good=above],baseline/63,9,11,good,toward_good,False
baseline[good=above],baseline/63,10,11,good,,True
baseline[good=below],baseline/63,0,11,bad,toward_bad,False
baseline[good=below],baseline/63,1,11,bad,toward_good,False
baseline[good=below],baseline/63,2,11,bad,toward_good,False
baseline[good=below],baseline/63,3,11,bad,toward_bad,False
baseline[good=below],baseline/63,4,11,bad,toward_bad,False
baseline[good=below],baseline/63,5,11,bad,toward_bad,False
baseline[good=below],baseline/63,6,11,bad,toward_good,False
baseline[good=below],baseline/63,7,11,bad,toward_bad,False
baseline[good=below],baseline/63,8,11,bad,toward_bad,False
baseline[good=below],baseline/63,9,11,bad,toward_bad,False
baseline[good=below],baseline/63,10,11,bad,,True
baseline[good=above],baseline/66,0,22,good,toward_bad,False
baseline[good=above],baseline/66,1,22,good,toward_good,False
baseline[good=above],baseline/66,2,22,good,toward_bad,False
baseline[good=above],baseline/66,3,22,good,toward_bad,False
baseline[good=above],baseline/66,4,22,good,toward_bad,False
baseline[good=above],baseline/66,5,22,good,toward_good,False
baseline[good=above],baseline/66,6,22,good,toward_bad,False
baseline[good=above],baseline/66,7,22,good,toward_good,False
baseline[good=above],baseline/66,8,22,good,toward_bad,False
baseline[good=above],baseline/66,9,22,good,toward_good,False
baseline[good=above],baseline/66,10,22,good,toward_good,False
baseline[good=above],baseline/66,11,22,good,toward_bad,False
baseline[good=above],baseline/66,12,22,good,toward_good,False
baseline[good=above],baseline/66,13,22,good,toward_bad,False
baseline[good=above],baseline/66,14,22,good,toward_good,False
baseline[good=above],baseline/66,15,22,good,toward_bad,False
baseline[good=above],baseline/66,16,22,good,toward_good,False
baseline[good=above],baseline/66,17,22,good,toward_good,False
baseline[good=above],baseline/66,18,22,good,toward_good,False
baseline[good=above],baseline/66,19,22,good,toward_bad,False
baseline[good=above],baseline/66,20,22,good,toward_good,False
baseline[good=above],baseline/66,21,22,good,,True
baseline[good=below],baseline/66,0,22,bad,toward_good,False
baseline[good=below],baseline/66,1,22,bad,toward_bad,False
baseline[good=below],baseline/66,2,22,bad,toward_good,False
baseline[good=below],baseline/66,3,22,bad,toward_good,False
baseline[good=below],baseline/66,4,22,bad,toward_good,False
baseline[good=below],baseline/66,5,22,bad,toward_bad,False
baseline[good=below],baseline/66,6,22,bad,toward_good,False
baseline[good=below],baseline/66,7,22,bad,toward_bad,False
baseline[good=below],baseline/66,8,22,bad,toward_good,False
baseline[good=below],baseline/66,9,22,bad,toward_bad,False
baseline[good=below],baseline/66,10,22,bad,toward_bad,False
baseline[good=below],baseline/66,11,22,bad,toward_good,False
baseline[good=below],baseline/66,12,22,bad,toward_bad,False
baseline[good=below],baseline/66,13,22,bad,toward_good,False
baseline[good=below],baseline/66,14,22,bad,toward_bad,False
baseline[good=below],baseline/66,15,22,bad,toward_good,False
baseline[good=below],baseline/66,16,22,bad,toward_bad,False
baseline[good=below],baseline/66,17,22,bad,toward_bad,False
baseline[good=below],baseline/66,18,22,bad,toward_bad,False
baseline[good=below],baseline/66,19,22,bad,toward_good,False
baseline[good=below],baseline/66,20,22,bad,toward_bad,False
baseline[good=below],baseline/66,21,22,bad,,True
baseline[good=above],baseline/67,0,6,good,toward_good,False
baseline[good=above],baseline/67,1,6,good,toward_good,False
baseline[good=above],baseline/67,2,6,good,toward_bad,False
baseline[good=above],baseline/67,3,6,good,toward_good,False
baseline[good=above],baseline/67,4,6,good,toward_good,False
baseline[good=above],baseline/67,5,6,good,,True
baseline[good=below],baseline/67,0,6,bad,toward_bad,False
baseline[good=below],baseline/67,1,6,bad,toward_bad,False
baseline[good=below],baseline/67,2,6,bad,toward_good,False
baseline[good=below],baseline/67,3,6,bad,toward_bad,False
baseline[good=below],baseline/67,4,6,bad,toward_bad,False
baseline[good=below],baseline/67,5,6,bad,,True
baseline[good=above],baseline/68,0,1,bad,,True
baseline[good=below],baseline/68,0,1,good,,True
baseline[good=above],baseline/69,0,7,bad,toward_good,False
baseline[good=above],baseline/69,1,7,good,toward_good,False
baseline[good=above],baseline/69,2,7,good,toward_good,False
baseline[good=above],baseline/69,3,7,good,toward_bad,False
baseline[good=above],baseline/69,4,7,good,toward_good,False
baseline[good=above],baseline/69,5,7,good,toward_good,False
baseline[good=above],baseline/69,6,7,good,,True
baseline[good=below],baseline/69,0,7,good,toward_bad,False
baseline[good=below],baseline/69,1,7,bad,toward_bad,False
baseline[good=below],baseline/69,2,7,bad,toward_bad,False
baseline[good=below],baseline/69,3,7,bad,toward_good,False
baseline[good=below],baseline/69,4,7,bad,toward_bad,False
baseline[good=below],baseline/69,5,7,bad,toward_bad,False
baseline[good=below],baseline/69,6,7,bad,,True
baseline[good=above],baseline/70,0,7,good,toward_bad,False
baseline[good=above],baseline/70,1,7,good,toward_bad,False
baseline[good=above],baseline/70,2,7,good,toward_bad,False
baseline[good=above],baseline/70,3,7,bad,toward_good,False
baseline[good=above],baseline/70,4,7,bad,toward_bad,False
baseline[good=above],baseline/70,5,7,bad,toward_good,False
baseline[good=above],baseline/70,6,7,good,,True
baseline[good=below],baseline/70,0,7,bad,toward_good,False
baseline[good=below],baseline/70,1,7,bad,toward_good,False
baseline[good=below],baseline/70,2,7,bad,toward_good,False
baseline[good=below],baseline/70,3,7,good,toward_bad,False
baseline[good=below],baseline/70,4,7,good,toward_good,False
baseline[good=below],baseline/70,5,7,good,toward_bad,False
baseline[good=below],baseline/70,6,7,bad,,True
baseline[good=above],baseline/71,0,10,bad,toward_bad,False
baseline[good=above],baseline/71,1,10,bad,toward_bad,False
baseline[good=above],baseline/71,2,10,bad,toward_bad,False
baseline[good=above],baseline/71,3,10,bad,toward_good,False
baseline[good=above],baseline/71,4,10,bad,toward_bad,False
baseline[good=above],baseline/71,5,10,bad,toward_good,False
baseline[good=above],baseline/71,6,10,bad,toward_bad,False
baseline[good=above],baseline/71,7,10,bad,toward_bad,False
baseline[good=above],baseline/71,8,10,bad,toward_bad,False
baseline[good=above],baseline/71,9,10,bad,,True
baseline[good=below],baseline/71,0,10,good,toward_good,False
baseline[good=below],baseline/71,1,10,good,toward_good,False
baseline[good=below],baseline/71,2,10,good,toward_good,False
baseline[good=below],baseline/71,3,10,good,toward_bad,False
baseline[good=below],baseline/71,4,10,good,toward_good,False
baseline[good=below],baseline/71,5,10,good,toward_bad,False
baseline[good=below],baseline/71,6,10,good,toward_good,False
baseline[good=below],baseline/71,7,10,good,toward_good,False
baseline[good=below],baseline/71,8,10,good,toward_good,False
baseline[good=below],baseline/71,9,10,good,,True
baseline[good=above],baseline/73,0,4,good,toward_good,False
baseline[good=above],baseline/73,1,4,good,toward_bad,False
baseline[good=above],baseline/73,2,4,good,same,False
baseline[good=above],baseline/73,3,4,good,,True
baseline[good=below],baseline/73,0,4,bad,toward_bad,False
baseline[good=below],baseline/73,1,4,bad,toward_good,False
baseline[good=below],baseline/73,2,4,bad,same,False
baseline[good=below],baseline/73,3,4,bad,,True
baseline[good=above],baseline/75,0,27,bad,toward_good,False
baseline[good=above],baseline/75,1,27,bad,toward_bad,False
baseline[good=above],baseline/75,2,27,bad,toward_good,False
baseline[good=above],baseline/75,3,27,bad,toward_good,False
baseline[good=above],baseline/75,4,27,bad,toward_good,False
baseline[good=above],baseline/75,5,27,bad,toward_bad,False
baseline[good=above],baseline/75,6,27,bad,toward_good,False
baseline[good=above],baseline/75,7,27,bad,toward_bad,False
baseline[good=above],baseline/75,8,27,bad,toward_good,False
baseline[good=above],baseline/75,9,27,bad,toward_good,False
baseline[good=above],baseline/75,10,27,bad,toward_good,False
baseline[good=above],baseline/75,11,27,bad,toward_bad,False
baseline[good=above],baseline/75,12,27,bad,toward_bad,False
baseline[good=above],baseline/75,13,27,bad,toward_good,False
baseline[good=above],baseline/75,14,27,bad,toward_bad,False
baseline[good=above],baseline/75,15,27,bad,toward_bad,False
baseline[good=above],baseline/75,16,27,bad,toward_good,False
baseline[good=above],baseline/75,17,27,bad,toward_bad,False
baseline[good=above],baseline/75,18,27,bad,toward_good,False
baseline[good=above],baseline/75,19,27,bad,toward_good,False
baseline[good=above],baseline/75,20,27,bad,toward_good,False
baseline[good=above],baseline/75,21,27,bad,toward_good,False
baseline[good=above],baseline/75,22,27,bad,toward_good,False
baseline[good=above],baseline/75,23,27,bad,toward_good,False
baseline[good=above],baseline/75,24,27,bad,toward_good,False
baseline[good=above],baseline/75,25,27,bad,toward_bad,False
baseline[good=above],baseline/75,26,27,bad,,True
baseline[good=below],baseline/75,0,27,good,toward_bad,False
baseline[good=below],baseline/75,1,27,good,toward_good,False
baseline[good=below],baseline/75,2,27,good,toward_bad,False
baseline[good=below],baseline/75,3,27,good,toward_bad,False
baseline[good=below],baseline/75,4,27,good,toward_bad,False
baseline[good=below],baseline/75,5,27,good,toward_good,False
baseline[good=below],baseline/75,6,27,good,toward_bad,False
baseline[good=below],baseline/75,7,27,good,toward_good,False
baseline[good=below],baseline/75,8,27,good,toward_bad,False
baseline[good=below],baseline/75,9,27,good,toward_bad,False
baseline[good=below],baseline/75,10,27,good,toward_bad,False
baseline[good=below],baseline/75,11,27,good,toward_good,False
baseline[good=below],baseline/75,12,27,good,toward_good,False
baseline[good=below],baseline/75,13,27,good,toward_bad,False
baseline[good=below],baseline/75,14,27,good,toward_good,False
baseline[good=below],baseline/75,15,27,good,toward_good,False
baseline[good=below],baseline/75,16,27,good,toward_bad,False
baseline[good=below],baseline/75,17,27,good,toward_good,False
baseline[good=below],baseline/75,18,27,good,toward_bad,False
baseline[good=below],baseline/75,19,27,good,toward_bad,False
baseline[good=below],baseline/75,20,27,good,toward_bad,False
baseline[good=below],baseline/75,21,27,good,toward_bad,False
baseline[good=below],baseline/75,22,27,good,toward_bad,False
baseline[good=below],baseline/75,23,27,good,toward_bad,False
baseline[good=below],baseline/75,24,27,good,toward_bad,False
baseline[good=below],baseline/75,25,27,good,toward_good,False
baseline[good=below],baseline/75,26,27,good,,True
baseline[good=above],baseline/76,0,1,bad,,True
baseline[good=below],baseline/76,0,1,good,,True
baseline[good=above],baseline/77,0,19,bad,toward_bad,False
baseline[good=above],baseline/77,1,19,bad,toward_good,False
baseline[good=above],baseline/77,2,19,bad,toward_bad,False
baseline[good=above],baseline/77,3,19,bad,toward_good,False
baseline[good=above],baseline/77,4,19,bad,toward_bad,False
baseline[good=above],baseline/77,5,19,bad,toward_bad,False
baseline[good=above],baseline/77,6,19,bad,toward_good,False
baseline[good=above],baseline/77,7,19,bad,toward_good,False
baseline[good=above],baseline/77,8,19,bad,toward_good,False
baseline[good=above],baseline/77,9,19,bad,toward_good,False
baseline[good=above],baseline/77,10,19,bad,toward_bad,False
baseline[good=above],baseline/77,11,19,bad,toward_good,False
baseline[good=above],baseline/77,12,19,bad,toward_good,False
baseline[good=above],baseline/77,13,19,bad,toward_bad,False
baseline[good=above],baseline/77,14,19,bad,toward_good,False
baseline[good=above],baseline/77,15,19,bad,toward_bad,False
baseline[good=above],baseline/77,16,19,bad,toward_good,False
baseline[good=above],baseline/77,17,19,bad,toward_good,False
baseline[good=above],baseline/77,18,19,bad,,True
baseline[good=below],baseline/77,0,19,good,toward_good,False
baseline[good=below],baseline/77,1,19,good,toward_bad,False
baseline[good=below],baseline/77,2,19,good,toward_good,False
baseline[good=below],baseline/77,3,19,good,toward_bad,False
baseline[good=below],baseline/77,4,19,good,toward_good,False
baseline[good=below],baseline/77,5,19,good,toward_good,False
baseline[good=below],baseline/77,6,19,good,toward_bad,False
baseline[good=below],baseline/77,7,19,good,toward_bad,False
baseline[good=below],baseline/77,8,19,good,toward_bad,False
baseline[good=below],baseline/77,9,19,good,toward_bad,False
baseline[good=below],baseline/77,10,19,good,toward_good,False
baseline[good=below],baseline/77,11,19,good,toward_bad,False
baseline[good=below],baseline/77,12,19,good,toward_bad,False
baseline[good=below],baseline/77,13,19,good,toward_good,False
baseline[good=below],baseline/77,14,19,good,toward_bad,False
baseline[good=below],baseline/77,15,19,good,toward_good,False
baseline[good=below],baseline/77,16,19,good,toward_bad,False
baseline[good=below],baseline/77,17,19,good,toward_bad,False
baseline[good=below],baseline/77,18,19,good,,True
baseline[good=above],baseline/79,0,11,bad,toward_good,False
baseline[good=above],baseline/79,1,11,bad,toward_good,False
baseline[good=above],baseline/79,2,11,bad,toward_bad,False
baseline[good=above],baseline/79,3,11,bad,toward_good,False
baseline[good=above],baseline/79,4,11,bad,toward_good,False
baseline[good=above],baseline/79,5,11,bad,toward_bad,False
baseline[good=above],baseline/79,6,11,bad,toward_bad,False
baseline[good=above],baseline/79,7,11,bad,toward_good,False
baseline[good=above],baseline/79,8,11,bad,toward_bad,False
baseline[good=above],baseline/79,9,11,bad,toward_bad,False
baseline[good=above],baseline/79,10,11,bad,,True
baseline[good=below],baseline/79,0,11,good,toward_bad,False
baseline[good=below],baseline/79,1,11,good,toward_bad,False
baseline[good=below],baseline/79,2,11,good,toward_good,False
baseline[good=below],baseline/79,3,11,good,toward_bad,False
baseline[good=below],baseline/79,4,11,good,toward_bad,False
baseline[good=below],baseline/79,5,11,good,toward_good,False
baseline[good=below],baseline/79,6,11,good,toward_good,False
baseline[good=below],baseline/79,7,11,good,toward_bad,False
baseline[good=below],baseline/79,8,11,good,toward_good,False
baseline[good=below],baseline/79,9,11,good,toward_good,False
baseline[good=below],baseline/79,10,11,good,,True
baseline[good=above],baseline/81,0,5,good,toward_bad,False
baseline[good=above],baseline/81,1,5,good,toward_good,False
baseline[good=above],baseline/81,2,5,good,toward_bad,False
baseline[good=above],baseline/81,3,5,good,toward_bad,False
baseline[good=above],baseline/81,4,5,good,,True
baseline[good=below],baseline/81,0,5,bad,toward_good,False
baseline[good=below],baseline/81,1,5,bad,toward_bad,False
baseline[good=below],baseline/81,2,5,bad,toward_good,False
baseline[good=below],baseline/81,3,5,bad,toward_good,False
baseline[good=below],baseline/81,4,5,bad,,True
baseline[good=above],baseline/82,0,1,bad,,True
baseline[good=below],baseline/82,0,1,good,,True
baseline[good=above],baseline/83,0,19,good,toward_good,False
baseline[good=above],baseline/83,1,19,good,toward_bad,False
baseline[good=above],baseline/83,2,19,good,toward_good,False
baseline[good=above],baseline/83,3,19,good,toward_good,False
baseline[good=above],baseline/83,4,19,good,toward_good,False
baseline[good=above],baseline/83,5,19,good,toward_bad,False
baseline[good=above],baseline/83,6,19,good,toward_bad,False
baseline[good=above],baseline/83,7,19,good,toward_good,False
baseline[good=above],baseline/83,8,19,good,toward_bad,False
baseline[good=above],baseline/83,9,19,good,toward_bad,False
baseline[good=above],baseline/83,10,19,good,toward_good,False
baseline[good=above],baseline/83,11,19,good,toward_good,False
baseline[good=above],baseline/83,12,19,good,toward_good,False
baseline[good=above],baseline/83,13,19,good,toward_bad,False
baseline[good=above],baseline/83,14,19,good,toward_bad,False
baseline[good=above],baseline/83,15,19,good,toward_good,False
baseline[good=above],baseline/83,16,19,good,toward_bad,False
baseline[good=above],baseline/83,17,19,good,toward_good,False
baseline[good=above],baseline/83,18,19,good,,True
baseline[good=below],baseline/83,0,19,bad,toward_bad,False
baseline[good=below],baseline/83,1,19,bad,toward_good,False
baseline[good=below],baseline/83,2,19,bad,toward_bad,False
baseline[good=below],baseline/83,3,19,bad,toward_bad,False
baseline[good=below],baseline/83,4,19,bad,toward_bad,False
baseline[good=below],baseline/83,5,19,bad,toward_good,False
baseline[good=below],baseline/83,6,19,bad,toward_good,False
baseline[good=below],baseline/83,7,19,bad,toward_bad,False
baseline[good=below],baseline/83,8,19,bad,toward_good,False
baseline[good=below],baseline/83,9,19,bad,toward_good,False
baseline[good=below],baseline/83,10,19,bad,toward_bad,False
baseline[good=below],baseline/83,11,19,bad,toward_bad,False
baseline[good=below],baseline/83,12,19,bad,toward_bad,False
baseline[good=below],baseline/83,13,19,bad,toward_good,False
baseline[good=below],baseline/83,14,19,bad,toward_good,False
baseline[good=below],baseline/83,15,19,bad,toward_bad,False
baseline[good=below],baseline/83,16,19,bad,toward_good,False
baseline[good=below],baseline/83,17,19,bad,toward_bad,False
baseline[good=below],baseline/83,18,19,bad,,True
baseline[good=above],baseline/85,0,27,bad,toward_bad,False
baseline[good=above],baseline/85,1,27,bad,toward_bad,False
baseline[good=above],baseline/85,2,27,bad,toward_good,False
baseline[good=above],baseline/85,3,27,bad,toward_good,False
baseline[good=above],baseline/85,4,27,bad,toward_good,False
baseline[good=above],baseline/85,5,27,bad,toward_bad,False
baseline[good=above],baseline/85,6,27,bad,toward_good,False
baseline[good=above],baseline/85,7,27,bad,toward_bad,False
baseline[good=above],baseline/85,8,27,bad,toward_good,False
baseline[good=above],baseline/85,9,27,bad,toward_bad,False
baseline[good=above],baseline/85,10,27,bad,toward_good,False
baseline[good=above],baseline/85,11,27,bad,toward_good,False
baseline[good=above],baseline/85,12,27,bad,toward_bad,False
baseline[good=above],baseline/85,13,27,bad,toward_good,False
baseline[good=above],baseline/85,14,27,bad,toward_good,False
baseline[good=above],baseline/85,15,27,bad,toward_bad,False
baseline[good=above],baseline/85,16,27,bad,toward_good,False
baseline[good=above],baseline/85,17,27,bad,toward_bad,False
baseline[good=above],baseline/85,18,27,bad,toward_bad,False
baseline[good=above],baseline/85,19,27,bad,toward_good,False
baseline[good=above],baseline/85,20,27,bad,toward_good,False
baseline[good=above],baseline/85,21,27,bad,toward_good,False
baseline[good=above],baseline/85,22,27,bad,toward_bad,False
baseline[good=above],baseline/85,23,27,bad,toward_bad,False
baseline[good=above],baseline/85,24,27,bad,toward_good,False
baseline[good=above],baseline/85,25,27,bad,toward_good,False
baseline[good=above],baseline/85,26,27,bad,,True
baseline[good=below],baseline/85,0,27,good,toward_good,False
baseline[good=below],baseline/85,1,27,good,toward_good,False
baseline[good=below],baseline/85,2,27,good,toward_bad,False
baseline[good=below],baseline/85,3,27,good,toward_bad,False
baseline[good=below],baseline/85,4,27,good,toward_bad,False
baseline[good=below],baseline/85,5,27,good,toward_good,False
baseline[good=below],baseline/85,6,27,good,toward_bad,False
baseline[good=below],baseline/85,7,27,good,toward_good,False
baseline[good=below],baseline/85,8,27,good,toward_bad,False
baseline[good=below],baseline/85,9,27,good,toward_good,False
baseline[good=below],baseline/85,10,27,good,toward_bad,False
baseline[good=below],baseline/85,11,27,good,toward_bad,False
baseline[good=below],baseline/85,12,27,good,toward_good,False
baseline[good=below],baseline/85,13,27,good,toward_bad,False
baseline[good=below],baseline/85,14,27,good,toward_bad,False
baseline[good=below],baseline/85,15,27,good,toward_good,False
baseline[good=below],baseline/85,16,27,good,toward_bad,False
baseline[good=below],baseline/85,17,27,good,toward_good,False
baseline[good=below],baseline/85,18,27,good,toward_good,False
baseline[good=below],baseline/85,19,27,good,toward_bad,False
baseline[good=below],baseline/85,20,27,good,toward_bad,False
baseline[good=below],baseline/85,21,27,good,toward_bad,False
baseline[good=below],baseline/85,22,27,good,toward_good,False
baseline[good=below],baseline/85,23,27,good,toward_good,False
baseline[good=below],baseline/85,24,27,good,toward_bad,False
baseline[good=below],baseline/85,25,27,good,toward_bad,False
baseline[good=below],baseline/85,26,27,good,,True
baseline[good=above],baseline/86,0,16,good,toward_good,False
baseline[good=above],baseline/86,1,16,good,toward_bad,False
baseline[good=above],baseline/86,2,16,good,toward_good,False
baseline[good=above],baseline/86,3,16,good,toward_bad,False
baseline[good=above],baseline/86,4,16,good,toward_good,False
baseline[good=above],baseline/86,5,16,good,toward_bad,False
baseline[good=above],baseline/86,6,16,good,toward_bad,False
baseline[good=above],baseline/86,7,16,good,toward_bad,False
baseline[good=above],baseline/86,8,16,good,toward_good,False
baseline[good=above],baseline/86,9,16,good,toward_bad,False
baseline[good=above],baseline/86,10,16,good,toward_good,False
baseline[good=above],baseline/86,11,16,good,toward_good,False
baseline[good=above],baseline/86,12,16,good,toward_bad,False
baseline[good=above],baseline/86,13,16,good,toward_good,False
baseline[good=above],baseline/86,14,16,good,toward_good,False
baseline[good=above],baseline/86,15,16,good,,True
baseline[good=below],baseline/86,0,16,bad,toward_bad,False
baseline[good=below],baseline/86,1,16,bad,toward_good,False
baseline[good=below],baseline/86,2,16,bad,toward_bad,False
baseline[good=below],baseline/86,3,16,bad,toward_good,False
baseline[good=below],baseline/86,4,16,bad,toward_bad,False
baseline[good=below],baseline/86,5,16,bad,toward_good,False
baseline[good=below],baseline/86,6,16,bad,toward_good,False
baseline[good=below],baseline/86,7,16,bad,toward_good,False
baseline[good=below],baseline/86,8,16,bad,toward_bad,False
baseline[good=below],baseline/86,9,16,bad,toward_good,False
baseline[good=below],baseline/86,10,16,bad,toward_bad,False
baseline[good=below],baseline/86,11,16,bad,toward_bad,False
baseline[good=below],baseline/86,12,16,bad,toward_good,False
baseline[good=below],baseline/86,13,16,bad,toward_bad,False
baseline[good=below],baseline/86,14,16,bad,toward_bad,False
baseline[good=below],baseline/86,15,16,bad,,True
baseline[good=above],baseline/87,0,4,good,toward_bad,False
baseline[good=above],baseline/87,1,4,good,toward_good,False
baseline[good=above],baseline/87,2,4,good,same,False
baseline[good=above],baseline/87,3,4,good,,True
baseline[good=below],baseline/87,0,4,bad,toward_good,False
baseline[good=below],baseline/87,1,4,bad,toward_bad,False
baseline[good=below],baseline/87,2,4,bad,same,False
baseline[good=below],baseline/87,3,4,bad,,True
baseline[good=above],baseline/89,0,35,bad,toward_good,False
baseline[good=above],baseline/89,1,35,bad,toward_good,False
baseline[good=above],baseline/89,2,35,bad,toward_good,False
baseline[good=above],baseline/89,3,35,bad,toward_bad,False
baseline[good=above],baseline/89,4,35,bad,toward_bad,False
baseline[good=above],baseline/89,5,35,bad,toward_good,False
baseline[good=above],baseline/89,6,35,bad,toward_bad,False
baseline[good=above],baseline/89,7,35,bad,toward_good,False
baseline[good=above],baseline/89,8,35,bad,toward_bad,False
baseline[good=above],baseline/89,9,35,bad,toward_good,False
baseline[good=above],baseline/89,10,35,bad,toward_bad,False
baseline[good=above],baseline/89,11,35,bad,toward_good,False
baseline[good=above],baseline/89,12,35,bad,toward_good,False
baseline[good=above],baseline/89,13,35,bad,toward_bad,False
baseline[good=above],baseline/89,14,35,bad,toward_good,False
baseline[good=above],baseline/89,15,35,bad,toward_bad,False
baseline[good=above],baseline/89,16,35,bad,toward_good,False
baseline[good=above],baseline/89,17,35,bad,toward_good,False
baseline[good=above],baseline/89,18,35,bad,toward_bad,False
baseline[good=above],baseline/89,19,35,bad,toward_good,False
baseline[good=above],baseline/89,20,35,bad,toward_bad,False
baseline[good=above],baseline/89,21,35,bad,toward_bad,False
baseline[good=above],baseline/89,22,35,bad,toward_good,False
baseline[good=above],baseline/89,23,35,bad,toward_bad,False
baseline[good=above],baseline/89,24,35,bad,toward_bad,False
baseline[good=above],baseline/89,25,35,bad,toward_good,False
baseline[good=above],baseline/89,26,35,bad,toward_good,False
baseline[good=above],baseline/89,27,35,bad,toward_bad,False
baseline[good=above],baseline/89,28,35,bad,toward_bad,False
baseline[good=above],baseline/89,29,35,bad,toward_good,False
baseline[good=above],baseline/89,30,35,bad,toward_good,False
baseline[good=above],baseline/89,31,35,bad,toward_good,False
baseline[good=above],baseline/89,32,35,bad,toward_bad,False
baseline[good=above],baseline/89,33,35,bad,toward_good,False
baseline[good=above],baseline/89,34,35,bad,,True
baseline[good=below],baseline/89,0,35,good,toward_bad,False
baseline[good=below],baseline/89,1,35,good,toward_bad,False
baseline[good=below],baseline/89,2,35,good,toward_bad,False
baseline[good=below],baseline/89,3,35,good,toward_good,False
baseline[good=below],baseline/89,4,35,good,toward_good,False
baseline[good=below],baseline/89,5,35,good,toward_bad,False
baseline[good=below],baseline/89,6,35,good,toward_good,False
baseline[good=below],baseline/89,7,35,good,toward_bad,False
baseline[good=below],baseline/89,8,35,good,toward_good,False
baseline[good=below],baseline/89,9,35,good,toward_bad,False
baseline[good=below],baseline/89,10,35,good,toward_good,False
baseline[good=below],baseline/89,11,35,good,toward_bad,False
baseline[good=below],baseline/89,12,35,good,toward_bad,False
baseline[good=below],baseline/89,13,35,good,toward_good,False
baseline[good=below],baseline/89,14,35,good,toward_bad,False
baseline[good=below],baseline/89,15,35,good,toward_good,False
baseline[good=below],baseline/89,16,35,good,toward_bad,False
baseline[good=below],baseline/89,17,35,good,toward_bad,False
baseline[good=below],baseline/89,18,35,good,toward_good,False
baseline[good=below],baseline/89,19,35,good,toward_bad,False
baseline[good=below],baseline/89,20,35,good,toward_good,False
baseline[good=below],baseline/89,21,35,good,toward_good,False
baseline[good=below],baseline/89,22,35,good,toward_bad,False
baseline[good=below],baseline/89,23,35,good,toward_good,False
baseline[good=below],baseline/89,24,35,good,toward_good,False
baseline[good=below],baseline/89,25,35,good,toward_bad,False
baseline[good=below],baseline/89,26,35,good,toward_bad,False
baseline[good=below],baseline/89,27,35,good,toward_good,False
baseline[good=below],baseline/89,28,35,good,toward_good,False
baseline[good=below],baseline/89,29,35,good,toward_bad,False
baseline[good=below],baseline/89,30,35,good,toward_bad,False
baseline[good=below],baseline/89,31,35,good,toward_bad,False
baseline[good=below],baseline/89,32,35,good,toward_good,False
baseline[good=below],baseline/89,33,35,good,toward_bad,False
baseline[good=below],baseline/89,34,35,good,,True
baseline[good=above],baseline/90,0,6,bad,toward_bad,False
baseline[good=above],baseline/90,1,6,bad,toward_good,False
baseline[good=above],baseline/90,2,6,bad,toward_bad,False
baseline[good=above],baseline/90,3,6,bad,toward_bad,False
baseline[good=above],baseline/90,4,6,bad,toward_good,False
baseline[good=above],baseline/90,5,6,bad,,True
baseline[good=below],baseline/90,0,6,good,toward_good,False
baseline[good=below],baseline/90,1,6,good,toward_bad,False
baseline[good=below],baseline/90,2,6,good,toward_good,False
baseline[good=below],baseline/90,3,6,good,toward_good,False
baseline[good=below],baseline/90,4,6,good,toward_bad,False
baseline[good=below],baseline/90,5,6,good,,True
baseline[good=above],baseline/91,0,1,bad,,True
baseline[good=below],baseline/91,0,1,good,,True
baseline[good=above],baseline/92,0,23,bad,toward_good,False
baseline[good=above],baseline/92,1,23,bad,toward_good,False
baseline[good=above],baseline/92,2,23,bad,toward_good,False
baseline[good=above],baseline/92,3,23,bad,toward_good,False
baseline[good=above],baseline/92,4,23,bad,toward_bad,False
baseline[good=above],baseline/92,5,23,bad,toward_good,False
baseline[good=above],baseline/92,6,23,bad,toward_bad,False
baseline[good=above],baseline/92,7,23,bad,toward_good,False
baseline[good=above],baseline/92,8,23,bad,toward_good,False
baseline[good=above],baseline/92,9,23,bad,toward_good,False
baseline[good=above],baseline/92,10,23,bad,toward_bad,False
baseline[good=above],baseline/92,11,23,bad,toward_good,False
baseline[good=above],baseline/92,12,23,bad,toward_good,False
baseline[good=above],baseline/92,13,23,bad,toward_bad,False
baseline[good=above],baseline/92,14,23,bad,toward_good,False
baseline[good=above],baseline/92,15,23,bad,toward_bad,False
baseline[good=above],baseline/92,16,23,bad,toward_good,False
baseline[good=above],baseline/92,17,23,bad,toward_good,False
baseline[good=above],baseline/92,18,23,bad,toward_bad,False
baseline[good=above],baseline/92,19,23,bad,same,False
baseline[good=above],baseline/92,20,23,bad,toward_good,False
baseline[good=above],baseline/92,21,23,bad,toward_bad,False
baseline[good=above],baseline/92,22,23,bad,,True
baseline[good=below],baseline/92,0,23,good,toward_bad,False
baseline[good=below],baseline/92,1,23,good,toward_bad,False
baseline[good=below],baseline/92,2,23,good,toward_bad,False
baseline[good=below],baseline/92,3,23,good,toward_bad,False
baseline[good=below],baseline/92,4,23,good,toward_good,False
baseline[good=below],baseline/92,5,23,good,toward_bad,False
baseline[good=below],baseline/92,6,23,good,toward_good,False
baseline[good=below],baseline/92,7,23,good,toward_bad,False
baseline[good=below],baseline/92,8,23,good,toward_bad,False
baseline[good=below],baseline/92,9,23,good,toward_bad,False
baseline[good=below],baseline/92,10,23,good,toward_good,False
baseline[good=below],baseline/92,11,23,good,toward_bad,False
baseline[good=below],baseline/92,12,23,good,toward_bad,False
baseline[good=below],baseline/92,13,23,good,toward_good,False
baseline[good=below],baseline/92,14,23,good,toward_bad,False
baseline[good=below],baseline/92,15,23,good,toward_good,False
baseline[good=below],baseline/92,16,23,good,toward_bad,False
baseline[good=below],baseline/92,17,23,good,toward_bad,False
baseline[good=below],baseline/92,18,23,good,toward_good,False
baseline[good=below],baseline/92,19,23,good,same,False
baseline[good=below],baseline/92,20,23,good,toward_bad,False
baseline[good=below],baseline/92,21,23,good,toward_good,False
baseline[good=below],baseline/92,22,23,good,,True
baseline[good=above],baseline/93,0,1,good,,True
baseline[good=below],baseline/93,0,1,bad,,True
baseline[good=above],baseline/95,0,15,good,toward_good,False
baseline[good=above],baseline/95,1,15,good,toward_bad,False
baseline[good=above],baseline/95,2,15,good,toward_bad,False
baseline[good=above],baseline/95,3,15,good,toward_bad,False
baseline[good=above],baseline/95,4,15,good,toward_bad,False
baseline[good=above],baseline/95,5,15,good,toward_good,False
baseline[good=above],baseline/95,6,15,good,toward_bad,False
baseline[good=above],baseline/95,7,15,good,toward_good,False
baseline[good=above],baseline/95,8,15,good,toward_bad,False
baseline[good=above],baseline/95,9,15,good,toward_good,False
baseline[good=above],baseline/95,10,15,good,toward_bad,False
baseline[good=above],baseline/95,11,15,good,toward_bad,False
baseline[good=above],baseline/95,12,15,good,toward_bad,False
baseline[good=above],baseline/95,13,15,good,toward_good,False
baseline[good=above],baseline/95,14,15,good,,True
baseline[good=below],baseline/95,0,15,bad,toward_bad,False
baseline[good=below],baseline/95,1,15,bad,toward_good,False
baseline[good=below],baseline/95,2,15,bad,toward_good,False
baseline[good=below],baseline/95,3,15,bad,toward_good,False
baseline[good=below],baseline/95,4,15,bad,toward_good,False
baseline[good=below],baseline/95,5,15,bad,toward_bad,False
baseline[good=below],baseline/95,6,15,bad,toward_good,False
baseline[good=below],baseline/95,7,15,bad,toward_bad,False
baseline[good=below],baseline/95,8,15,bad,toward_good,False
baseline[good=below],baseline/95,9,15,bad,toward_bad,False
baseline[good=below],baseline/95,10,15,bad,toward_good,False
baseline[good=below],baseline/95,11,15,bad,toward_good,False
baseline[good=below],baseline/95,12,15,bad,toward_good,False
baseline[good=below],baseline/95,13,15,bad,toward_bad,False
baseline[good=below],baseline/95,14,15,bad,,True
baseline[good=above],baseline/96,0,1,bad,,True
baseline[good=below],baseline/96,0,1,good,,True
baseline[good=above],baseline/98,0,10,bad,toward_bad,False
baseline[good=above],baseline/98,1,10,bad,toward_bad,False
baseline[good=above],baseline/98,2,10,bad,toward_good,False
baseline[good=above],baseline/98,3,10,bad,toward_bad,False
baseline[good=above],baseline/98,4,10,bad,toward_good,False
baseline[good=above],baseline/98,5,10,bad,toward_bad,False
baseline[good=above],baseline/98,6,10,bad,toward_good,False
baseline[good=above],baseline/98,7,10,bad,toward_bad,False
baseline[good=above],baseline/98,8,10,bad,toward_good,False
baseline[good=above],baseline/98,9,10,bad,,True
baseline[good=below],baseline/98,0,10,good,toward_good,False
baseline[good=below],baseline/98,1,10,good,toward_good,False
baseline[good=below],baseline/98,2,10,good,toward_bad,False
baseline[good=below],baseline/98,3,10,good,toward_good,False
baseline[good=below],baseline/98,4,10,good,toward_bad,False
baseline[good=below],baseline/98,5,10,good,toward_good,False
baseline[good=below],baseline/98,6,10,good,toward_bad,False
baseline[good=below],baseline/98,7,10,good,toward_good,False
baseline[good=below],baseline/98,8,10,good,toward_bad,False
baseline[good=below],baseline/98,9,10,good,,True
baseline[good=above],baseline/99,0,5,bad,toward_good,False
baseline[good=above],baseline/99,1,5,bad,toward_bad,False
baseline[good=above],baseline/99,2,5,bad,toward_bad,False
baseline[good=above],baseline/99,3,5,bad,toward_good,False
baseline[good=above],baseline/99,4,5,bad,,True
baseline[good=below],baseline/99,0,5,good,toward_bad,False
baseline[good=below],baseline/99,1,5,good,toward_good,False
baseline[good=below],baseline/99,2,5,good,toward_good,False
baseline[good=below],baseline/99,3,5,good,toward_bad,False
baseline[good=below],baseline/99,4,5,good,,True
below_good,below_good/0,0,1,good,,True
below_good,below_good/1,0,29,good,toward_bad,False
below_good,below_good/1,1,29,good,toward_good,False
below_good,below_good/1,2,29,good,toward_bad,False
below_good,below_good/1,3,29,good,toward_bad,False
below_good,below_good/1,4,29,good,toward_good,False
below_good,below_good/1,5,29,good,toward_bad,False
below_good,below_good/1,6,29,good,toward_bad,False
below_good,below_good/1,7,29,good,toward_good,False
below_good,below_good/1,8,29,good,toward_good,False
below_good,below_good/1,9,29,good,toward_good,False
below_good,below_good/1,10,29,good,toward_bad,False
below_good,below_good/1,11,29,good,toward_good,False
below_good,below_good/1,12,29,good,toward_good,False
below_good,below_good/1,13,29,good,toward_bad,False
below_good,below_good/1,14,29,good,toward_good,False
below_good,below_good/1,15,29,good,toward_bad,False
below_good,below_good/1,16,29,good,toward_good,False
below_good,below_good/1,17,29,good,toward_bad,False
below_good,below_good/1,18,29,good,toward_good,False
below_good,below_good/1,19,29,good,toward_bad,False
below_good,below_good/1,20,29,good,toward_good,False
below_good,below_good/1,21,29,good,toward_good,False
below_good,below_good/1,22,29,good,toward_good,False
below_good,below_good/1,23,29,good,toward_bad,False
below_good,below_good/1,24,29,good,toward_bad,False
below_good,below_good/1,25,29,good,toward_bad,False
below_good,below_good/1,26,29,good,toward_bad,False
below_good,below_good/1,27,29,good,toward_good,False
below_good,below_good/1,28,29,good,,True
below_good,below_good/2,0,28,good,toward_good,False
below_good,below_good/2,1,28,good,toward_bad,False
below_good,below_good/2,2,28,good,toward_bad,False
below_good,below_good/2,3,28,good,toward_good,False
below_good,below_good/2,4,28,good,toward_bad,False
below_good,below_good/2,5,28,good,toward_bad,False
below_good,below_good/2,6,28,good,toward_good,False
below_good,below_good/2,7,28,good,toward_bad,False
below_good,below_good/2,8,28,good,toward_good,False
below_good,below_good/2,9,28,good,toward_good,False
below_good,below_good/2,10,28,good,toward_good,False
below_good,below_good/2,11,28,good,toward_bad,False
below_good,below_good/2,12,28,good,toward_good,False
below_good,below_good/2,13,28,good,toward_bad,False
below_good,below_good/2,14,28,good,toward_bad,False
below_good,below_good/2,15,28,good,toward_good,False
below_good,below_good/2,16,28,good,toward_good,False
below_good,below_good/2,17,28,good,toward_bad,False
below_good,below_good/2,18,28,good,toward_good,False
below_good,below_good/2,19,28,good,toward_good,False
below_good,below_good/2,20,28,good,toward_bad,False
below_good,below_good/2,21,28,good,toward_bad,False
below_good,below_good/2,22,28,good,toward_good,False
below_good,below_good/2,23,28,good,toward_bad,False
below_good,below_good/2,24,28,good,toward_good,False
below_good,below_good/2,25,28,good,toward_bad,False
below_good,below_good/2,26,28,good,toward_bad,False
below_good,below_good/2,27,28,good,,True
below_good,below_good/3,0,17,good,toward_good,False
below_good,below_good/3,1,17,good,toward_bad,False
below_good,below_good/3,2,17,bad,toward_good,False
below_good,below_good/3,3,17,bad,toward_good,False
below_good,below_good/3,4,17,good,toward_bad,False
below_good,below_good/3,5,17,bad,toward_good,False
below_good,below_good/3,6,17,good,toward_bad,False
below_good,below_good/3,7,17,bad,toward_good,False
below_good,below_good/3,8,17,good,toward_good,False
below_good,below_good/3,9,17,good,toward_good,False
below_good,below_good/3,10,17,good,toward_bad,False
below_good,below_good/3,11,17,good,toward_good,False
below_good,below_good/3,12,17,good,toward_bad,False
below_good,below_good/3,13,17,good,toward_good,False
below_good,below_good/3,14,17,good,toward_good,False
below_good,below_good/3,15,17,good,toward_bad,False
below_good,below_good/3,16,17,good,,True
below_good,below_good/4,0,1,good,,True
below_good,below_good/5,0,23,good,toward_bad,False
below_good,below_good/5,1,23,good,toward_bad,False
below_good,below_good/5,2,23,good,toward_good,False
below_good,below_good/5,3,23,good,toward_good,False
below_good,below_good/5,4,23,good,toward_bad,False
below_good,below_good/5,5,23,good,toward_good,False
below_good,below_good/5,6,23,good,toward_bad,False
below_good,below_good/5,7,23,good,toward_good,False
below_good,below_good/5,8,23,good,toward_good,False
below_good,below_good/5,9,23,good,toward_bad,False
below_good,below_good/5,10,23,good,toward_good,False
below_good,below_good/5,11,23,good,toward_good,False
below_good,below_good/5,12,23,good,toward_bad,False
below_good,below_good/5,13,23,good,toward_bad,False
below_good,below_good/5,14,23,good,toward_good,False
below_good,below_good/5,15,23,good,toward_bad,False
below_good,below_good/5,16,23,good,toward_good,False
below_good,below_good/5,17,23,good,toward_bad,False
below_good,below_good/5,18,23,good,toward_good,False
below_good,below_good/5,19,23,good,toward_good,False
below_good,below_good/5,20,23,good,toward_bad,False
below_good,below_good/5,21,23,good,toward_good,False
below_good,below_good/5,22,23,good,,True
below_good,below_good/6,0,4,bad,toward_good,False
below_good,below_good/6,1,4,bad,toward_good,False
below_good,below_good/6,2,4,good,toward_bad,False
below_good,below_good/6,3,4,bad,,True
below_good,below_good/7,0,10,bad,toward_good,False
below_good,below_good/7,1,10,bad,toward_good,False
below_good,below_good/7,2,10,bad,toward_good,False
below_good,below_good/7,3,10,bad,toward_good,False
below_good,below_good/7,4,10,good,toward_bad,False
below_good,below_good/7,5,10,good,toward_bad,False
below_good,below_good/7,6,10,good,toward_bad,False
below_good,below_good/7,7,10,good,toward_good,False
below_good,below_good/7,8,10,good,toward_good,False
below_good,below_good/7,9,10,good,,True
below_good,below_good/8,0,5,bad,toward_good,False
below_good,below_good/8,1,5,bad,toward_good,False
below_good,below_good/8,2,5,good,toward_bad,False
below_good,below_good/8,3,5,good,toward_good,False
below_good,below_good/8,4,5,good,,True
below_good,below_good/9,0,20,good,toward_bad,False
below_good,below_good/9,1,20,good,toward_good,False
below_good,below_good/9,2,20,good,toward_bad,False
below_good,below_good/9,3,20,bad,toward_bad,False
below_good,below_good/9,4,20,bad,toward_good,False
below_good,below_good/9,5,20,good,toward_good,False
below_good,below_good/9,6,20,good,toward_good,False
below_good,below_good/9,7,20,good,toward_bad,False
below_good,below_good/9,8,20,good,toward_good,False
below_good,below_good/9,9,20,good,toward_bad,False
below_good,below_good/9,10,20,good,toward_bad,False
below_good,below_good/9,11,20,good,toward_bad,False
below_good,below_good/9,12,20,good,toward_bad,False
below_good,below_good/9,13,20,good,toward_good,False
below_good,below_good/9,14,20,good,toward_bad,False
below_good,below_good/9,15,20,good,toward_bad,False
below_good,below_good/9,16,20,good,toward_good,False
below_good,below_good/9,17,20,good,toward_good,False
below_good,below_good/9,18,20,good,toward_good,False
below_good,below_good/9,19,20,good,,True
below_good,below_good/10,0,4,good,toward_bad,False
below_good,below_good/10,1,4,good,toward_bad,False
below_good,below_good/10,2,4,good,toward_good,False
below_good,below_good/10,3,4,good,,True
below_good,below_good/11,0,4,good,toward_good,False
below_good,below_good/11,1,4,good,toward_good,False
below_good,below_good/11,2,4,good,toward_good,False
below_good,below_good/11,3,4,good,,True
below_good,below_good/12,0,1,good,,True
below_good,below_good/13,0,7,good,toward_bad,False
below_good,below_good/13,1,7,good,toward_bad,False
below_good,below_good/13,2,7,bad,toward_good,False
below_good,below_good/13,3,7,good,toward_bad,False
below_good,below_good/13,4,7,good,toward_good,False
below_good,below_good/13,5,7,good,toward_bad,False
below_good,below_good/13,6,7,good,,True
below_good,below_good/14,0,11,good,toward_bad,False
below_good,below_good/14,1,11,good,toward_bad,False
below_good,below_good/14,2,11,bad,toward_good,False
below_good,below_good/14,3,11,good,toward_good,False
below_good,below_good/14,4,11,good,toward_good,False
below_good,below_good/14,5,11,good,toward_bad,False
below_good,below_good/14,6,11,good,toward_bad,False
below_good,below_good/14,7,11,bad,toward_good,False
below_good,below_good/14,8,11,good,toward_bad,False
below_good,below_good/14,9,11,good,toward_good,False
below_good,below_good/14,10,11,good,,True
below_good,below_good/15,0,8,bad,toward_bad,False
below_good,below_good/15,1,8,bad,toward_good,False
below_good,below_good/15,2,8,bad,toward_good,False
below_good,below_good/15,3,8,bad,toward_good,False
below_good,below_good/15,4,8,bad,toward_good,False
below_good,below_good/15,5,8,bad,toward_good,False
below_good,below_good/15,6,8,bad,toward_good,False
below_good,below_good/15,7,8,good,,True
below_good,below_good/16,0,1,good,,True
below_good,below_good/17,0,15,good,toward_bad,False
below_good,below_good/17,1,15,good,toward_good,False
below_good,below_good/17,2,15,good,toward_bad,False
below_good,below_good/17,3,15,good,toward_bad,False
below_good,below_good/17,4,15,good,toward_good,False
below_good,below_good/17,5,15,good,toward_bad,False
below_good,below_good/17,6,15,good,toward_good,False
below_good,below_good/17,7,15,good,toward_bad,False
below_good,below_good/17,8,15,good,toward_good,False
below_good,below_good/17,9,15,good,toward_good,False
below_good,below_good/17,10,15,good,toward_bad,False
below_good,below_good/17,11,15,good,toward_bad,False
below_good,below_good/17,12,15,good,toward_good,False
below_good,below_good/17,13,15,good,toward_bad,False
below_good,below_good/17,14,15,good,,True
below_good,below_good/18,0,1,good,,True
below_good,below_good/19,0,1,good,,True
below_good,below_good/20,0,21,good,toward_bad,False
below_good,below_good/20,1,21,good,toward_good,False
below_good,below_good/20,2,21,good,toward_bad,False
below_good,below_good/20,3,21,good,toward_bad,False
below_good,below_good/20,4,21,good,toward_good,False
below_good,below_good/20,5,21,good,toward_bad,False
below_good,below_good/20,6,21,good,toward_bad,False
below_good,below_good/20,7,21,good,toward_bad,False
below_good,below_good/20,8,21,good,toward_good,False
below_good,below_good/20,9,21,good,toward_good,False
below_good,below_good/20,10,21,good,toward_good,False
below_good,below_good/20,11,21,good,toward_bad,False
below_good,below_good/20,12,21,good,toward_good,False
below_good,below_good/20,13,21,good,toward_bad,False
below_good,below_good/20,14,21,good,toward_good,False
below_good,below_good/20,15,21,good,toward_bad,False
below_good,below_good/20,16,21,good,toward_bad,False
below_good,below_good/20,17,21,good,same,False
below_good,below_good/20,18,21,good,toward_good,False
below_good,below_good/20,19,21,good,toward_bad,False
below_good,below_good/20,20,21,good,,True
below_good,below_good/21,0,16,good,toward_good,False
below_good,below_good/21,1,16,good,toward_bad,False
below_good,below_good/21,2,16,good,toward_good,False
below_good,below_good/21,3,16,good,toward_bad,False
below_good,below_good/21,4,16,good,toward_bad,False
below_good,below_good/21,5,16,bad,toward_good,False
below_good,below_good/21,6,16,bad,toward_good,False
below_good,below_good/21,7,16,good,toward_bad,False
below_good,below_good/21,8,16,bad,toward_good,False
below_good,below_good/21,9,16,good,toward_good,False
below_good,below_good/21,10,16,good,toward_good,False
below_good,below_good/21,11,16,good,toward_bad,False
below_good,below_good/21,12,16,good,toward_bad,False
below_good,below_good/21,13,16,good,toward_bad,False
below_good,below_good/21,14,16,good,toward_bad,False
below_good,below_good/21,15,16,good,,True
below_good,below_good/22,0,10,good,toward_bad,False
below_good,below_good/22,1,10,good,toward_good,False
below_good,below_good/22,2,10,good,toward_bad,False
below_good,below_good/22,3,10,good,toward_bad,False
below_good,below_good/22,4,10,good,toward_good,False
below_good,below_good/22,5,10,good,toward_bad,False
below_good,below_good/22,6,10,good,toward_bad,False
below_good,below_good/22,7,10,good,toward_bad,False
below_good,below_good/22,8,10,good,toward_good,False
below_good,below_good/22,9,10,good,,True
below_good,below_good/23,0,4,good,toward_bad,False
below_good,below_good/23,1,4,good,toward_good,False
below_good,below_good/23,2,4,good,toward_bad,False
below_good,below_good/23,3,4,good,,True
below_good,below_good/24,0,5,good,toward_bad,False
below_good,below_good/24,1,5,good,toward_bad,False
below_good,below_good/24,2,5,good,toward_bad,False
below_good,below_good/24,3,5,good,toward_good,False
below_good,below_good/24,4,5,good,,True
below_good,below_good/25,0,4,bad,toward_good,False
below_good,below_good/25,1,4,bad,toward_good,False
below_good,below_good/25,2,4,good,toward_good,False
below_good,below_good/25,3,4,good,,True
below_good,below_good/26,0,4,good,toward_bad,False
below_good,below_good/26,1,4,bad,toward_bad,False
below_good,below_good/26,2,4,bad,toward_good,False
below_good,below_good/26,3,4,good,,True
below_good,below_good/28,0,1,good,,True
below_good,below_good/30,0,23,bad,toward_good,False
below_good,below_good/30,1,23,bad,toward_good,False
below_good,below_good/30,2,23,good,toward_bad,False
below_good,below_good/30,3,23,bad,toward_good,False
below_good,below_good/30,4,23,good,toward_bad,False
below_good,below_good/30,5,23,good,toward_bad,False
below_good,below_good/30,6,23,bad,toward_good,False
below_good,below_good/30,7,23,good,toward_bad,False
below_good,below_good/30,8,23,bad,toward_good,False
below_good,below_good/30,9,23,good,toward_bad,False
below_good,below_good/30,10,23,good,toward_bad,False
below_good,below_good/30,11,23,bad,toward_good,False
below_good,below_good/30,12,23,good,toward_bad,False
below_good,below_good/30,13,23,bad,toward_good,False
below_good,below_good/30,14,23,good,toward_good,False
below_good,below_good/30,15,23,good,toward_bad,False
below_good,below_good/30,16,23,good,toward_good,False
below_good,below_good/30,17,23,good,toward_bad,False
below_good,below_good/30,18,23,good,toward_bad,False
below_good,below_good/30,19,23,good,toward_good,False
below_good,below_good/30,20,23,good,toward_bad,False
below_good,below_good/30,21,23,good,toward_bad,False
below_good,below_good/30,22,23,bad,,True
below_good,below_good/31,0,19,good,toward_good,False
below_good,below_good/31,1,19,good,toward_bad,False
below_good,below_good/31,2,19,good,toward_bad,False
below_good,below_good/31,3,19,good,toward_good,False
below_good,below_good/31,4,19,good,toward_bad,False
below_good,below_good/31,5,19,good,toward_good,False
below_good,below_good/31,6,19,good,toward_bad,False
below_good,below_good/31,7,19,good,toward_bad,False
below_good,below_good/31,8,19,good,toward_good,False
below_good,below_good/31,9,19,good,toward_bad,False
below_good,below_good/31,10,19,good,toward_good,False
below_good,below_good/31,11,19,good,toward_bad,False
below_good,below_good/31,12,19,good,toward_good,False
below_good,below_good/31,13,19,good,toward_bad,False
below_good,below_good/31,14,19,good,toward_good,False
below_good,below_good/31,15,19,good,toward_good,False
below_good,below_good/31,16,19,good,toward_bad,False
below_good,below_good/31,17,19,good,toward_good,False
below_good,below_good/31,18,19,good,,True
below_good,below_good/32,0,20,good,toward_bad,False
below_good,below_good/32,1,20,good,toward_bad,False
below_good,below_good/32,2,20,good,toward_good,False
below_good,below_good/32,3,20,good,toward_bad,False
below_good,below_good/32,4,20,good,toward_bad,False
below_good,below_good/32,5,20,good,toward_good,False
below_good,below_good/32,6,20,good,toward_bad,False
below_good,below_good/32,7,20,good,toward_bad,False
below_good,below_good/32,8,20,good,toward_good,False
below_good,below_good/32,9,20,good,toward_bad,False
below_good,below_good/32,10,20,good,toward_good,False
below_good,below_good/32,11,20,good,toward_good,False
below_good,below_good/32,12,20,good,toward_bad,False
below_good,below_good/32,13,20,good,toward_good,False
below_good,below_good/32,14,20,good,toward_good,False
below_good,below_good/32,15,20,good,toward_good,False
below_good,below_good/32,16,20,good,toward_bad,False
below_good,below_good/32,17,20,good,toward_good,False
below_good,below_good/32,18,20,good,toward_good,False
below_good,below_good/32,19,20,good,,True
below_good,below_good/33,0,3,good,toward_bad,False
below_good,below_good/33,1,3,good,toward_good,False
below_good,below_good/33,2,3,good,,True
below_good,below_good/34,0,6,good,toward_bad,False
below_good,below_good/34,1,6,good,toward_bad,False
below_good,below_good/34,2,6,good,toward_good,False
below_good,below_good/34,3,6,good,toward_good,False
below_good,below_good/34,4,6,good,toward_bad,False
below_good,below_good/34,5,6,good,,True
below_good,below_good/35,0,17,bad,toward_bad,False
below_good,below_good/35,1,17,bad,toward_bad,False
below_good,below_good/35,2,17,bad,toward_good,False
below_good,below_good/35,3,17,bad,toward_good,False
below_good,below_good/35,4,17,bad,toward_good,False
below_good,below_good/35,5,17,bad,toward_good,False
below_good,below_good/35,6,17,bad,toward_bad,False
below_good,below_good/35,7,17,bad,toward_good,False
below_good,below_good/35,8,17,good,toward_bad,False
below_good,below_good/35,9,17,bad,toward_good,False
below_good,below_good/35,10,17,bad,toward_good,False
below_good,below_good/35,11,17,good,toward_bad,False
below_good,below_good/35,12,17,good,toward_bad,False
below_good,below_good/35,13,17,bad,toward_good,False
below_good,below_good/35,14,17,good,toward_bad,False
below_good,below_good/35,15,17,bad,toward_bad,False
below_good,below_good/35,16,17,bad,,True
below_good,below_good/36,0,16,bad,toward_bad,False
below_good,below_good/36,1,16,bad,toward_bad,False
below_good,below_good/36,2,16,bad,toward_good,False
below_good,below_good/36,3,16,good,toward_bad,False
below_good,below_good/36,4,16,good,toward_bad,False
below_good,below_good/36,5,16,bad,toward_good,False
below_good,below_good/36,6,16,bad,toward_good,False
below_good,below_good/36,7,16,bad,toward_good,False
below_good,below_good/36,8,16,good,toward_bad,False
below_good,below_good/36,9,16,bad,toward_good,False
below_good,below_good/36,10,16,bad,toward_good,False
below_good,below_good/36,11,16,bad,toward_good,False
below_good,below_good/36,12,16,good,toward_bad,False
below_good,below_good/36,13,16,good,toward_bad,False
below_good,below_good/36,14,16,bad,toward_good,False
below_good,below_good/36,15,16,good,,True
below_good,below_good/37,0,34,good,toward_bad,False
below_good,below_good/37,1,34,bad,toward_good,False
below_good,below_good/37,2,34,good,toward_good,False
below_good,below_good/37,3,34,good,toward_bad,False
below_good,below_good/37,4,34,bad,toward_good,False
below_good,below_good/37,5,34,good,toward_good,False
below_good,below_good/37,6,34,good,toward_bad,False
below_good,below_good/37,7,34,good,toward_bad,False
below_good,below_good/37,8,34,bad,toward_good,False
below_good,below_good/37,9,34,good,toward_bad,False
below_good,below_good/37,10,34,good,toward_good,False
below_good,below_good/37,11,34,good,toward_good,False
below_good,below_good/37,12,34,good,toward_bad,False
below_good,below_good/37,13,34,bad,toward_good,False
below_good,below_good/37,14,34,good,toward_good,False
below_good,below_good/37,15,34,good,toward_good,False
below_good,below_good/37,16,34,good,toward_bad,False
below_good,below_good/37,17,34,bad,toward_good,False
below_good,below_good/37,18,34,good,toward_good,False
below_good,below_good/37,19,34,good,toward_good,False
below_good,below_good/37,20,34,good,toward_bad,False
below_good,below_good/37,21,34,bad,toward_good,False
below_good,below_good/37,22,34,good,toward_bad,False
below_good,below_good/37,23,34,good,toward_bad,False
below_good,below_good/37,24,34,bad,toward_good,False
below_good,below_good/37,25,34,bad,toward_good,False
below_good,below_good/37,26,34,good,toward_good,False
below_good,below_good/37,27,34,good,toward_good,False
below_good,below_good/37,28,34,good,toward_bad,False
below_good,below_good/37,29,34,good,toward_bad,False
below_good,below_good/37,30,34,good,toward_good,False
below_good,below_good/37,31,34,good,toward_bad,False
below_good,below_good/37,32,34,good,toward_good,False
below_good,below_good/37,33,34,good,,True
below_good,below_good/38,0,9,good,toward_good,False
below_good,below_good/38,1,9,good,toward_good,False
below_good,below_good/38,2,9,good,toward_bad,False
below_good,below_good/38,3,9,good,toward_good,False
below_good,below_good/38,4,9,good,toward_bad,False
below_good,below_good/38,5,9,good,toward_bad,False
below_good,below_good/38,6,9,good,toward_good,False
below_good,below_good/38,7,9,good,toward_bad,False
below_good,below_good/38,8,9,good,,True
below_good,below_good/39,0,2,bad,toward_good,False
below_good,below_good/39,1,2,good,,True
below_good,below_good/40,0,4,bad,toward_good,False
below_good,below_good/40,1,4,bad,toward_good,False
below_good,below_good/40,2,4,good,toward_bad,False
below_good,below_good/40,3,4,good,,True
below_good,below_good/41,0,1,good,,True
below_good,below_good/42,0,8,good,toward_bad,False
below_good,below_good/42,1,8,good,toward_bad,False
below_good,below_good/42,2,8,good,toward_good,False
below_good,below_good/42,3,8,good,toward_good,False
below_good,below_good/42,4,8,good,toward_bad,False
below_good,below_good/42,5,8,good,toward_good,False
below_good,below_good/42,6,8,good,toward_bad,False
below_good,below_good/42,7,8,good,,True
below_good,below_good/43,0,10,bad,toward_good,False
below_good,below_good/43,1,10,bad,toward_good,False
below_good,below_good/43,2,10,bad,toward_bad,False
below_good,below_good/43,3,10,bad,toward_good,False
below_good,below_good/43,4,10,bad,toward_good,False
below_good,below_good/43,5,10,bad,toward_bad,False
below_good,below_good/43,6,10,bad,toward_good,False
below_good,below_good/43,7,10,good,toward_good,False
below_good,below_good/43,8,10,good,toward_good,False
below_good,below_good/43,9,10,good,,True
below_good,below_good/44,0,1,good,,True
below_good,below_good/46,0,3,good,toward_bad,False
below_good,below_good/46,1,3,good,toward_good,False
below_good,below_good/46,2,3,good,,True
below_good,below_good/47,0,5,bad,toward_good,False
below_good,below_good/47,1,5,good,toward_good,False
below_good,below_good/47,2,5,good,toward_bad,False
below_good,below_good/47,3,5,good,toward_good,False
below_good,below_good/47,4,5,good,,True
below_good,below_good/48,0,8,bad,toward_good,False
below_good,below_good/48,1,8,bad,toward_bad,False
below_good,below_good/48,2,8,bad,toward_good,False
below_good,below_good/48,3,8,bad,toward_bad,False
below_good,below_good/48,4,8,bad,toward_good,False
below_good,below_good/48,5,8,bad,toward_bad,False
below_good,below_good/48,6,8,bad,toward_good,False
below_good,below_good/48,7,8,bad,,True
below_good,below_good/49,0,5,bad,toward_good,False
below_good,below_good/49,1,5,bad,toward_bad,False
below_good,below_good/49,2,5,bad,toward_bad,False
below_good,below_good/49,3,5,bad,toward_bad,False
below_good,below_good/49,4,5,bad,,True
below_good,below_good/50,0,2,good,toward_bad,False
below_good,below_good/50,1,2,good,,True
below_good,below_good/51,0,5,good,toward_good,False
below_good,below_good/51,1,5,good,toward_bad,False
below_good,below_good/51,2,5,bad,toward_good,False
below_good,below_good/51,3,5,good,toward_bad,False
below_good,below_good/51,4,5,good,,True
below_good,below_good/52,0,14,bad,toward_bad,False
below_good,below_good/52,1,14,bad,toward_good,False
below_good,below_good/52,2,14,bad,toward_good,False
below_good,below_good/52,3,14,bad,toward_good,False
below_good,below_good/52,4,14,bad,toward_good,False
below_good,below_good/52,5,14,good,toward_good,False
below_good,below_good/52,6,14,good,toward_bad,False
below_good,below_good/52,7,14,bad,toward_bad,False
below_good,below_good/52,8,14,bad,toward_good,False
below_good,below_good/52,9,14,good,toward_good,False
below_good,below_good/52,10,14,good,toward_good,False
below_good,below_good/52,11,14,good,toward_good,False
below_good,below_good/52,12,14,good,toward_good,False
below_good,below_good/52,13,14,good,,True
below_good,below_good/53,0,27,bad,toward_good,False
below_good,below_good/53,1,27,bad,toward_good,False
below_good,below_good/53,2,27,bad,toward_good,False
below_good,below_good/53,3,27,bad,toward_good,False
below_good,below_good/53,4,27,bad,toward_bad,False
below_good,below_good/53,5,27,bad,toward_good,False
below_good,below_good/53,6,27,bad,toward_good,False
below_good,below_good/53,7,27,bad,toward_good,False
below_good,below_good/53,8,27,good,toward_good,False
below_good,below_good/53,9,27,good,toward_bad,False
below_good,below_good/53,10,27,good,toward_good,False
below_good,below_good/53,11,27,good,toward_bad,False
below_good,below_good/53,12,27,good,toward_bad,False
below_good,below_good/53,13,27,good,toward_bad,False
below_good,below_good/53,14,27,good,toward_good,False
below_good,below_good/53,15,27,good,toward_good,False
below_good,below_good/53,16,27,good,toward_bad,False
below_good,below_good/53,17,27,good,toward_good,False
below_good,below_good/53,18,27,good,toward_bad,False
below_good,below_good/53,19,27,good,toward_good,False
below_good,below_good/53,20,27,good,toward_bad,False
below_good,below_good/53,21,27,good,toward_bad,False
below_good,below_good/53,22,27,bad,toward_good,False
below_good,below_good/53,23,27,good,toward_bad,False
below_good,below_good/53,24,27,good,toward_bad,False
below_good,below_good/53,25,27,good,toward_good,False
below_good,below_good/53,26,27,good,,True
below_good,below_good/54,0,3,bad,toward_good,False
below_good,below_good/54,1,3,good,toward_good,False
below_good,below_good/54,2,3,good,,True
below_good,below_good/55,0,8,bad,toward_good,False
below_good,below_good/55,1,8,good,toward_good,False
below_good,below_good/55,2,8,good,toward_bad,False
below_good,below_good/55,3,8,bad,toward_good,False
below_good,below_good/55,4,8,bad,toward_good,False
below_good,below_good/55,5,8,good,toward_bad,False
below_good,below_good/55,6,8,good,toward_good,False
below_good,below_good/55,7,8,good,,True
below_good,below_good/56,0,1,good,,True
below_good,below_good/57,0,1,good,,True
below_good,below_good/59,0,33,good,toward_bad,False
below_good,below_good/59,1,33,good,toward_bad,False
below_good,below_good/59,2,33,bad,toward_good,False
below_good,below_good/59,3,33,good,toward_bad,False
below_good,below_good/59,4,33,good,toward_bad,False
below_good,below_good/59,5,33,bad,toward_good,False
below_good,below_good/59,6,33,good,toward_bad,False
below_good,below_good/59,7,33,bad,toward_good,False
below_good,below_good/59,8,33,good,toward_bad,False
below_good,below_good/59,9,33,bad,toward_good,False
below_good,below_good/59,10,33,good,toward_bad,False
below_good,below_good/59,11,33,bad,toward_good,False
below_good,below_good/59,12,33,good,toward_bad,False
below_good,below_good/59,13,33,bad,toward_good,False
below_good,below_good/59,14,33,good,toward_good,False
below_good,below_good/59,15,33,good,toward_bad,False
below_good,below_good/59,16,33,good,toward_bad,False
below_good,below_good/59,17,33,good,toward_bad,False
below_good,below_good/59,18,33,bad,toward_good,False
below_good,below_good/59,19,33,good,toward_bad,False
below_good,below_good/59,20,33,good,toward_bad,False
below_good,below_good/59,21,33,good,toward_bad,False
below_good,below_good/59,22,33,good,toward_good,False
below_good,below_good/59,23,33,good,toward_bad,False
below_good,below_good/59,24,33,bad,toward_good,False
below_good,below_good/59,25,33,good,toward_good,False
below_good,below_good/59,26,33,good,toward_good,False
below_good,below_good/59,27,33,good,toward_bad,False
below_good,below_good/59,28,33,good,toward_bad,False
below_good,below_good/59,29,33,good,toward_good,False
below_good,below_good/59,30,33,good,toward_bad,False
below_good,below_good/59,31,33,bad,toward_good,False
below_good,below_good/59,32,33,good,,True
below_good,below_good/60,0,9,bad,toward_good,False
below_good,below_good/60,1,9,bad,toward_good,False
below_good,below_good/60,2,9,good,toward_bad,False
below_good,below_good/60,3,9,bad,toward_bad,False
below_good,below_good/60,4,9,bad,toward_bad,False
below_good,below_good/60,5,9,bad,toward_good,False
below_good,below_good/60,6,9,bad,toward_good,False
below_good,below_good/60,7,9,bad,toward_bad,False
below_good,below_good/60,8,9,bad,,True
below_good,below_good/61,0,1,good,,True
below_good,below_good/62,0,1,good,,True
below_good,below_good/63,0,15,good,toward_good,False
below_good,below_good/63,1,15,good,toward_bad,False
below_good,below_good/63,2,15,good,toward_bad,False
below_good,below_good/63,3,15,good,toward_bad,False
below_good,below_good/63,4,15,good,toward_bad,False
below_good,below_good/63,5,15,good,toward_bad,False
below_good,below_good/63,6,15,good,toward_good,False
below_good,below_good/63,7,15,good,toward_bad,False
below_good,below_good/63,8,15,good,toward_good,False
below_good,below_good/63,9,15,good,toward_good,False
below_good,below_good/63,10,15,good,toward_bad,False
below_good,below_good/63,11,15,good,toward_good,False
below_good,below_good/63,12,15,good,toward_bad,False
below_good,below_good/63,13,15,good,toward_bad,False
below_good,below_good/63,14,15,good,,True
below_good,below_good/64,0,3,good,toward_bad,False
below_good,below_good/64,1,3,good,toward_bad,False
below_good,below_good/64,2,3,good,,True
below_good,below_good/65,0,11,good,toward_bad,False
below_good,below_good/65,1,11,good,toward_bad,False
below_good,below_good/65,2,11,good,toward_bad,False
below_good,below_good/65,3,11,good,toward_good,False
below_good,below_good/65,4,11,good,toward_bad,False
below_good,below_good/65,5,11,good,toward_good,False
below_good,below_good/65,6,11,good,toward_bad,False
below_good,below_good/65,7,11,good,toward_bad,False
below_good,below_good/65,8,11,good,toward_bad,False
below_good,below_good/65,9,11,good,toward_bad,False
below_good,below_good/65,10,11,good,,True
below_good,below_good/66,0,1,good,,True
below_good,below_good/67,0,15,good,toward_bad,False
below_good,below_good/67,1,15,good,toward_bad,False
below_good,below_good/67,2,15,good,toward_good,False
below_good,below_good/67,3,15,good,toward_bad,False
below_good,below_good/67,4,15,good,toward_bad,False
below_good,below_good/67,5,15,good,toward_good,False
below_good,below_good/67,6,15,good,toward_good,False
below_good,below_good/67,7,15,good,toward_good,False
below_good,below_good/67,8,15,good,toward_good,False
below_good,below_good/67,9,15,good,toward_bad,False
below_good,below_good/67,10,15,good,toward_good,False
below_good,below_good/67,11,15,good,toward_good,False
below_good,below_good/67,12,15,good,toward_bad,False
below_good,below_good/67,13,15,good,toward_good,False
below_good,below_good/67,14,15,good,,True
below_good,below_good/68,0,1,good,,True
below_good,below_good/69,0,20,bad,toward_bad,False
below_good,below_good/69,1,20,bad,toward_good,False
below_good,below_good/69,2,20,bad,toward_good,False
below_good,below_good/69,3,20,bad,toward_good,False
below_good,below_good/69,4,20,bad,toward_good,False
below_good,below_good/69,5,20,bad,toward_bad,False
below_good,below_good/69,6,20,bad,toward_good,False
below_good,below_good/69,7,20,bad,toward_good,False
below_good,below_good/69,8,20,good,toward_good,False
below_good,below_good/69,9,20,good,toward_bad,False
below_good,below_good/69,10,20,bad,toward_good,False
below_good,below_good/69,11,20,bad,toward_good,False
below_good,below_good/69,12,20,bad,toward_good,False
below_good,below_good/69,13,20,bad,toward_good,False
below_good,below_good/69,14,20,good,toward_bad,False
below_good,below_good/69,15,20,bad,toward_good,False
below_good,below_good/69,16,20,good,toward_bad,False
below_good,below_good/69,17,20,good,toward_bad,False
below_good,below_good/69,18,20,bad,toward_good,False
below_good,below_good/69,19,20,good,,True
below_good,below_good/70,0,2,good,toward_bad,False
below_good,below_good/70,1,2,good,,True
below_good,below_good/71,0,6,good,toward_good,False
below_good,below_good/71,1,6,good,toward_good,False
below_good,below_good/71,2,6,good,toward_bad,False
below_good,below_good/71,3,6,good,toward_good,False
below_good,below_good/71,4,6,good,toward_bad,False
below_good,below_good/71,5,6,good,,True
below_good,below_good/72,0,6,bad,toward_good,False
below_good,below_good/72,1,6,bad,toward_good,False
below_good,below_good/72,2,6,good,toward_bad,False
below_good,below_good/72,3,6,good,toward_good,False
below_good,below_good/72,4,6,good,toward_bad,False
below_good,below_good/72,5,6,good,,True
below_good,below_good/73,0,1,good,,True
below_good,below_good/74,0,6,good,toward_bad,False
below_good,below_good/74,1,6,good,toward_good,False
below_good,below_good/74,2,6,good,toward_bad,False
below_good,below_good/74,3,6,good,toward_bad,False
below_good,below_good/74,4,6,good,toward_good,False
below_good,below_good/74,5,6,good,,True
below_good,below_good/75,0,14,good,toward_bad,False
below_good,below_good/75,1,14,bad,toward_good,False
below_good,below_good/75,2,14,good,toward_bad,False
below_good,below_good/75,3,14,bad,toward_good,False
below_good,below_good/75,4,14,good,toward_bad,False
below_good,below_good/75,5,14,good,toward_bad,False
below_good,below_good/75,6,14,bad,toward_good,False
below_good,below_good/75,7,14,good,toward_good,False
below_good,below_good/75,8,14,good,toward_bad,False
below_good,below_good/75,9,14,good,toward_bad,False
below_good,below_good/75,10,14,good,toward_bad,False
below_good,below_good/75,11,14,good,toward_good,False
below_good,below_good/75,12,14,good,toward_bad,False
below_good,below_good/75,13,14,good,,True
below_good,below_good/76,0,10,good,toward_bad,False
below_good,below_good/76,1,10,good,toward_good,False
below_good,below_good/76,2,10,good,toward_good,False
below_good,below_good/76,3,10,good,toward_bad,False
below_good,below_good/76,4,10,good,toward_bad,False
below_good,below_good/76,5,10,good,toward_bad,False
below_good,below_good/76,6,10,good,toward_bad,False
below_good,below_good/76,7,10,good,toward_bad,False
below_good,below_good/76,8,10,good,toward_good,False
below_good,below_good/76,9,10,good,,True
below_good,below_good/77,0,2,good,toward_bad,False
below_good,below_good/77,1,2,good,,True
below_good,below_good/78,0,7,bad,toward_good,False
below_good,below_good/78,1,7,bad,toward_good,False
below_good,below_good/78,2,7,bad,toward_bad,False
below_good,below_good/78,3,7,bad,toward_good,False
below_good,below_good/78,4,7,bad,toward_good,False
below_good,below_good/78,5,7,good,toward_bad,False
below_good,below_good/78,6,7,bad,,True
below_good,below_good/80,0,5,bad,toward_good,False
below_good,below_good/80,1,5,bad,toward_good,False
below_good,below_good/80,2,5,bad,toward_good,False
below_good,below_good/80,3,5,bad,toward_good,False
below_good,below_good/80,4,5,good,,True
below_good,below_good/81,0,10,good,toward_good,False
below_good,below_good/81,1,10,good,toward_good,False
below_good,below_good/81,2,10,good,toward_bad,False
below_good,below_good/81,3,10,good,toward_good,False
below_good,below_good/81,4,10,good,toward_good,False
below_good,below_good/81,5,10,good,toward_bad,False
below_good,below_good/81,6,10,good,toward_good,False
below_good,below_good/81,7,10,good,toward_bad,False
below_good,below_good/81,8,10,good,toward_bad,False
below_good,below_good/81,9,10,good,,True
below_good,below_good/82,0,17,bad,toward_good,False
below_good,below_good/82,1,17,bad,toward_good,False
below_good,below_good/82,2,17,bad,toward_good,False
below_good,below_good/82,3,17,bad,toward_bad,False
below_good,below_good/82,4,17,bad,toward_good,False
below_good,below_good/82,5,17,good,toward_bad,False
below_good,below_good/82,6,17,bad,toward_good,False
below_good,below_good/82,7,17,good,toward_bad,False
below_good,below_good/82,8,17,good,toward_bad,False
below_good,below_good/82,9,17,good,toward_bad,False
below_good,below_good/82,10,17,good,toward_good,False
below_good,below_good/82,11,17,good,toward_bad,False
below_good,below_good/82,12,17,bad,toward_good,False
below_good,below_good/82,13,17,good,toward_bad,False
below_good,below_good/82,14,17,good,toward_bad,False
below_good,below_good/82,15,17,good,toward_good,False
below_good,below_good/82,16,17,good,,True
below_good,below_good/83,0,3,good,toward_bad,False
below_good,below_good/83,1,3,good,toward_good,False
below_good,below_good/83,2,3,good,,True
below_good,below_good/84,0,1,good,,True
below_good,below_good/85,0,8,bad,toward_good,False
below_good,below_good/85,1,8,bad,toward_good,False
below_good,below_good/85,2,8,bad,toward_good,False
below_good,below_good/85,3,8,bad,toward_bad,False
below_good,below_good/85,4,8,bad,toward_bad,False
below_good,below_good/85,5,8,bad,toward_bad,False
below_good,below_good/85,6,8,bad,toward_good,False
below_good,below_good/85,7,8,bad,,True
below_good,below_good/86,0,1,good,,True
below_good,below_good/87,0,39,good,toward_bad,False
below_good,below_good/87,1,39,good,toward_bad,False
below_good,below_good/87,2,39,bad,toward_bad,False
below_good,below_good/87,3,39,bad,toward_good,False
below_good,below_good/87,4,39,good,toward_bad,False
below_good,below_good/87,5,39,good,toward_good,False
below_good,below_good/87,6,39,good,toward_bad,False
below_good,below_good/87,7,39,good,toward_good,False
below_good,below_good/87,8,39,good,toward_bad,False
below_good,below_good/87,9,39,bad,toward_good,False
below_good,below_good/87,10,39,good,toward_good,False
below_good,below_good/87,11,39,good,toward_bad,False
below_good,below_good/87,12,39,good,toward_bad,False
below_good,below_good/87,13,39,good,toward_good,False
below_good,below_good/87,14,39,good,toward_bad,False
below_good,below_good/87,15,39,good,toward_bad,False
below_good,below_good/87,16,39,good,toward_good,False
below_good,below_good/87,17,39,good,toward_good,False
below_good,below_good/87,18,39,good,toward_bad,False
below_good,below_good/87,19,39,good,toward_good,False
below_good,below_good/87,20,39,good,toward_bad,False
below_good,below_good/87,21,39,bad,toward_good,False
below_good,below_good/87,22,39,good,toward_good,False
below_good,below_good/87,23,39,good,toward_bad,False
below_good,below_good/87,24,39,good,toward_bad,False
below_good,below_good/87,25,39,good,toward_good,False
below_good,below_good/87,26,39,good,toward_bad,False
below_good,below_good/87,27,39,good,toward_bad,False
below_good,below_good/87,28,39,good,toward_bad,False
below_good,below_good/87,29,39,good,toward_good,False
below_good,below_good/87,30,39,good,toward_bad,False
below_good,below_good/87,31,39,good,toward_bad,False
below_good,below_good/87,32,39,good,toward_good,False
below_good,below_good/87,33,39,good,toward_bad,False
below_good,below_good/87,34,39,good,toward_bad,False
below_good,below_good/87,35,39,good,same,False
below_good,below_good/87,36,39,good,toward_bad,False
below_good,below_good/87,37,39,good,toward_bad,False
below_good,below_good/87,38,39,good,,True
below_good,below_good/88,0,1,good,,True
below_good,below_good/89,0,1,good,,True
below_good,below_good/90,0,23,bad,toward_good,False
below_good,below_good/90,1,23,bad,toward_bad,False
below_good,below_good/90,2,23,bad,toward_good,False
below_good,below_good/90,3,23,bad,toward_good,False
below_good,below_good/90,4,23,bad,toward_good,False
below_good,below_good/90,5,23,bad,toward_bad,False
below_good,below_good/90,6,23,bad,toward_good,False
below_good,below_good/90,7,23,bad,toward_good,False
below_good,below_good/90,8,23,good,toward_bad,False
below_good,below_good/90,9,23,bad,toward_bad,False
below_good,below_good/90,10,23,bad,toward_good,False
below_good,below_good/90,11,23,bad,toward_good,False
below_good,below_good/90,12,23,good,toward_bad,False
below_good,below_good/90,13,23,good,toward_bad,False
below_good,below_good/90,14,23,bad,toward_good,False
below_good,below_good/90,15,23,bad,toward_good,False
below_good,below_good/90,16,23,good,toward_good,False
below_good,below_good/90,17,23,good,toward_bad,False
below_good,below_good/90,18,23,good,toward_good,False
below_good,below_good/90,19,23,good,toward_bad,False
below_good,below_good/90,20,23,bad,toward_good,False
below_good,below_good/90,21,23,good,toward_bad,False
below_good,below_good/90,22,23,good,,True
below_good,below_good/92,0,3,good,toward_bad,False
below_good,below_good/92,1,3,good,toward_good,False
below_good,below_good/92,2,3,good,,True
below_good,below_good/93,0,1,bad,,True
below_good,below_good/94,0,6,good,toward_bad,False
below_good,below_good/94,1,6,good,toward_bad,False
below_good,below_good/94,2,6,good,toward_good,False
below_good,below_good/94,3,6,good,toward_good,False
below_good,below_good/94,4,6,good,toward_good,False
below_good,below_good/94,5,6,good,,True
below_good,below_good/95,0,18,bad,toward_good,False
below_good,below_good/95,1,18,good,toward_good,False
below_good,below_good/95,2,18,good,toward_bad,False
below_good,below_good/95,3,18,good,toward_bad,False
below_good,below_good/95,4,18,good,toward_good,False
below_good,below_good/95,5,18,good,toward_bad,False
below_good,below_good/95,6,18,good,toward_bad,False
below_good,below_good/95,7,18,good,toward_good,False
below_good,below_good/95,8,18,good,toward_bad,False
below_good,below_good/95,9,18,good,toward_bad,False
below_good,below_good/95,10,18,good,toward_good,False
below_good,below_good/95,11,18,good,toward_bad,False
below_good,below_good/95,12,18,good,toward_good,False
below_good,below_good/95,13,18,good,toward_bad,False
below_good,below_good/95,14,18,good,toward_good,False
below_good,below_good/95,15,18,good,toward_good,False
below_good,below_good/95,16,18,good,toward_bad,False
below_good,below_good/95,17,18,good,,True
below_good,below_good/96,0,10,bad,toward_good,False
below_good,below_good/96,1,10,bad,toward_good,False
below_good,below_good/96,2,10,good,toward_bad,False
below_good,below_good/96,3,10,bad,toward_bad,False
below_good,below_good/96,4,10,bad,toward_good,False
below_good,below_good/96,5,10,bad,toward_good,False
below_good,below_good/96,6,10,bad,toward_good,False
below_good,below_good/96,7,10,bad,toward_good,False
below_good,below_good/96,8,10,bad,toward_bad,False
below_good,below_good/96,9,10,bad,,True
below_good,below_good/97,0,1,good,,True
below_good,below_good/98,0,6,bad,toward_good,False
below_good,below_good/98,1,6,bad,toward_good,False
below_good,below_good/98,2,6,bad,toward_bad,False
below_good,below_good/98,3,6,bad,toward_good,False
below_good,below_good/98,4,6,good,toward_good,False
below_good,below_good/98,5,6,good,,True
below_good,below_good/99,0,14,bad,toward_good,False
below_good,below_good/99,1,14,bad,toward_good,False
below_good,below_good/99,2,14,bad,toward_good,False
below_good,below_good/99,3,14,good,toward_bad,False
below_good,below_good/99,4,14,good,toward_bad,False
below_good,below_good/99,5,14,bad,toward_good,False
below_good,below_good/99,6,14,good,toward_good,False
below_good,below_good/99,7,14,good,toward_bad,False
below_good,below_good/99,8,14,good,toward_good,False
below_good,below_good/99,9,14,good,toward_good,False
below_good,below_good/99,10,14,good,toward_bad,False
below_good,below_good/99,11,14,good,toward_good,False
below_good,below_good/99,12,14,good,toward_bad,False
below_good,below_good/99,13,14,good,,True
above_good,above_good/0,0,1,good,,True
above_good,above_good/1,0,5,good,toward_bad,False
above_good,above_good/1,1,5,good,toward_bad,False
above_good,above_good/1,2,5,good,toward_good,False
above_good,above_good/1,3,5,good,toward_bad,False
above_good,above_good/1,4,5,good,,True
above_good,above_good/2,0,2,good,toward_good,False
above_good,above_good/2,1,2,good,,True
above_good,above_good/3,0,11,good,toward_bad,False
above_good,above_good/3,1,11,good,toward_bad,False
above_good,above_good/3,2,11,good,toward_bad,False
above_good,above_good/3,3,11,good,toward_good,False
above_good,above_good/3,4,11,good,toward_bad,False
above_good,above_good/3,5,11,good,toward_good,False
above_good,above_good/3,6,11,good,toward_good,False
above_good,above_good/3,7,11,good,toward_bad,False
above_good,above_good/3,8,11,good,toward_bad,False
above_good,above_good/3,9,11,good,toward_good,False
above_good,above_good/3,10,11,good,,True
above_good,above_good/4,0,4,good,toward_bad,False
above_good,above_good/4,1,4,good,toward_good,False
above_good,above_good/4,2,4,good,toward_good,False
above_good,above_good/4,3,4,good,,True
above_good,above_good/5,0,1,good,,True
above_good,above_good/6,0,1,good,,True
above_good,above_good/7,0,9,good,toward_bad,False
above_good,above_good/7,1,9,good,toward_bad,False
above_good,above_good/7,2,9,bad,toward_good,False
above_good,above_good/7,3,9,good,toward_bad,False
above_good,above_good/7,4,9,good,toward_bad,False
above_good,above_good/7,5,9,good,toward_good,False
above_good,above_good/7,6,9,good,toward_bad,False
above_good,above_good/7,7,9,good,toward_good,False
above_good,above_good/7,8,9,good,,True
above_good,above_good/8,0,5,good,toward_bad,False
above_good,above_good/8,1,5,good,toward_good,False
above_good,above_good/8,2,5,good,toward_good,False
above_good,above_good/8,3,5,good,toward_bad,False
above_good,above_good/8,4,5,good,,True
above_good,above_good/9,0,1,good,,True
above_good,above_good/10,0,1,good,,True
above_good,above_good/11,0,2,good,toward_good,False
above_good,above_good/11,1,2,good,,True
above_good,above_good/12,0,5,good,toward_bad,False
above_good,above_good/12,1,5,good,toward_bad,False
above_good,above_good/12,2,5,good,toward_good,False
above_good,above_good/12,3,5,good,toward_bad,False
above_good,above_good/12,4,5,good,,True
above_good,above_good/13,0,5,bad,toward_good,False
above_good,above_good/13,1,5,bad,toward_good,False
above_good,above_good/13,2,5,bad,toward_bad,False
above_good,above_good/13,3,5,bad,toward_good,False
above_good,above_good/13,4,5,good,,True
above_good,above_good/14,0,2,bad,toward_good,False
above_good,above_good/14,1,2,good,,True
above_good,above_good/15,0,14,bad,toward_good,False
above_good,above_good/15,1,14,good,toward_good,False
above_good,above_good/15,2,14,good,toward_bad,False
above_good,above_good/15,3,14,good,toward_bad,False
above_good,above_good/15,4,14,good,toward_bad,False
above_good,above_good/15,5,14,good,toward_good,False
above_good,above_good/15,6,14,good,toward_good,False
above_good,above_good/15,7,14,good,toward_good,False
above_good,above_good/15,8,14,good,toward_bad,False
above_good,above_good/15,9,14,good,toward_good,False
above_good,above_good/15,10,14,good,toward_bad,False
above_good,above_good/15,11,14,good,toward_bad,False
above_good,above_good/15,12,14,good,toward_good,False
above_good,above_good/15,13,14,good,,True
above_good,above_good/16,0,27,good,toward_good,False
above_good,above_good/16,1,27,good,toward_bad,False
above_good,above_good/16,2,27,good,toward_good,False
above_good,above_good/16,3,27,good,toward_good,False
above_good,above_good/16,4,27,good,toward_bad,False
above_good,above_good/16,5,27,good,toward_bad,False
above_good,above_good/16,6,27,good,toward_bad,False
above_good,above_good/16,7,27,good,toward_bad,False
above_good,above_good/16,8,27,good,toward_good,False
above_good,above_good/16,9,27,good,toward_bad,False
above_good,above_good/16,10,27,good,toward_good,False
above_good,above_good/16,11,27,good,toward_bad,False
above_good,above_good/16,12,27,good,toward_bad,False
above_good,above_good/16,13,27,good,toward_good,False
above_good,above_good/16,14,27,good,toward_bad,False
above_good,above_good/16,15,27,good,toward_bad,False
above_good,above_good/16,16,27,good,toward_good,False
above_good,above_good/16,17,27,good,toward_bad,False
above_good,above_good/16,18,27,good,toward_good,False
above_good,above_good/16,19,27,good,toward_good,False
above_good,above_good/16,20,27,good,toward_good,False
above_good,above_good/16,21,27,good,toward_good,False
above_good,above_good/16,22,27,good,toward_bad,False
above_good,above_good/16,23,27,good,toward_good,False
above_good,above_good/16,24,27,good,toward_bad,False
above_good,above_good/16,25,27,good,toward_bad,False
above_good,above_good/16,26,27,good,,True
above_good,above_good/17,0,7,bad,toward_good,False
above_good,above_good/17,1,7,bad,toward_good,False
above_good,above_good/17,2,7,bad,toward_good,False
above_good,above_good/17,3,7,bad,toward_good,False
above_good,above_good/17,4,7,bad,toward_good,False
above_good,above_good/17,5,7,good,toward_good,False
above_good,above_good/17,6,7,good,,True
above_good,above_good/18,0,3,good,toward_bad,False
above_good,above_good/18,1,3,good,toward_good,False
above_good,above_good/18,2,3,good,,True
above_good,above_good/19,0,3,bad,toward_good,False
above_good,above_good/19,1,3,good,toward_good,False
above_good,above_good/19,2,3,good,,True
above_good,above_good/21,0,12,good,toward_bad,False
above_good,above_good/21,1,12,good,toward_good,False
above_good,above_good/21,2,12,good,toward_bad,False
above_good,above_good/21,3,12,good,toward_good,False
above_good,above_good/21,4,12,good,toward_bad,False
above_good,above_good/21,5,12,good,toward_bad,False
above_good,above_good/21,6,12,good,toward_good,False
above_good,above_good/21,7,12,good,toward_good,False
above_good,above_good/21,8,12,good,toward_bad,False
above_good,above_good/21,9,12,good,toward_bad,False
above_good,above_good/21,10,12,good,toward_good,False
above_good,above_good/21,11,12,good,,True
above_good,above_good/22,0,1,good,,True
above_good,above_good/23,0,21,bad,toward_good,False
above_good,above_good/23,1,21,good,toward_good,False
above_good,above_good/23,2,21,good,toward_bad,False
above_good,above_good/23,3,21,bad,toward_good,False
above_good,above_good/23,4,21,good,toward_bad,False
above_good,above_good/23,5,21,bad,toward_good,False
above_good,above_good/23,6,21,bad,toward_good,False
above_good,above_good/23,7,21,good,toward_bad,False
above_good,above_good/23,8,21,bad,toward_good,False
above_good,above_good/23,9,21,good,toward_good,False
above_good,above_good/23,10,21,good,toward_bad,False
above_good,above_good/23,11,21,bad,toward_good,False
above_good,above_good/23,12,21,good,toward_bad,False
above_good,above_good/23,13,21,good,toward_good,False
above_good,above_good/23,14,21,good,toward_bad,False
above_good,above_good/23,15,21,bad,toward_good,False
above_good,above_good/23,16,21,good,toward_good,False
above_good,above_good/23,17,21,good,toward_bad,False
above_good,above_good/23,18,21,good,toward_good,False
above_good,above_good/23,19,21,good,toward_good,False
above_good,above_good/23,20,21,good,,True
above_good,above_good/24,0,2,good,toward_bad,False
above_good,above_good/24,1,2,good,,True
above_good,above_good/25,0,6,good,toward_bad,False
above_good,above_good/25,1,6,bad,toward_good,False
above_good,above_good/25,2,6,good,toward_bad,False
above_good,above_good/25,3,6,good,toward_good,False
above_good,above_good/25,4,6,good,toward_bad,False
above_good,above_good/25,5,6,good,,True
above_good,above_good/26,0,2,good,toward_good,False
above_good,above_good/26,1,2,good,,True
above_good,above_good/27,0,5,bad,toward_good,False
above_good,above_good/27,1,5,bad,toward_good,False
above_good,above_good/27,2,5,bad,toward_good,False
above_good,above_good/27,3,5,good,toward_bad,False
above_good,above_good/27,4,5,bad,,True
above_good,above_good/28,0,5,bad,toward_good,False
above_good,above_good/28,1,5,bad,toward_good,False
above_good,above_good/28,2,5,bad,toward_good,False
above_good,above_good/28,3,5,bad,toward_bad,False
above_good,above_good/28,4,5,bad,,True
above_good,above_good/29,0,10,bad,toward_good,False
above_good,above_good/29,1,10,bad,toward_bad,False
above_good,above_good/29,2,10,bad,toward_good,False
above_good,above_good/29,3,10,good,toward_bad,False
above_good,above_good/29,4,10,bad,toward_bad,False
above_good,above_good/29,5,10,bad,toward_bad,False
above_good,above_good/29,6,10,bad,toward_good,False
above_good,above_good/29,7,10,bad,toward_good,False
above_good,above_good/29,8,10,good,toward_bad,False
above_good,above_good/29,9,10,good,,True
above_good,above_good/30,0,7,bad,toward_good,False
above_good,above_good/30,1,7,bad,toward_good,False
above_good,above_good/30,2,7,bad,toward_good,False
above_good,above_good/30,3,7,bad,toward_good,False
above_good,above_good/30,4,7,bad,toward_bad,False
above_good,above_good/30,5,7,bad,toward_good,False
above_good,above_good/30,6,7,bad,,True
above_good,above_good/31,0,1,bad,,True
above_good,above_good/32,0,2,good,toward_good,False
above_good,above_good/32,1,2,good,,True
above_good,above_good/33,0,1,good,,True
above_good,above_good/34,0,23,bad,toward_bad,False
above_good,above_good/34,1,23,bad,toward_bad,False
above_good,above_good/34,2,23,bad,toward_good,False
above_good,above_good/34,3,23,bad,toward_bad,False
above_good,above_good/34,4,23,bad,toward_good,False
above_good,above_good/34,5,23,bad,toward_good,False
above_good,above_good/34,6,23,bad,toward_good,False
above_good,above_good/34,7,23,bad,toward_good,False
above_good,above_good/34,8,23,bad,toward_bad,False
above_good,above_good/34,9,23,bad,toward_bad,False
above_good,above_good/34,10,23,bad,toward_good,False
above_good,above_good/34,11,23,bad,toward_good,False
above_good,above_good/34,12,23,bad,toward_bad,False
above_good,above_good/34,13,23,bad,toward_good,False
above_good,above_good/34,14,23,bad,toward_bad,False
above_good,above_good/34,15,23,bad,toward_good,False
above_good,above_good/34,16,23,bad,toward_good,False
above_good,above_good/34,17,23,bad,toward_good,False
above_good,above_good/34,18,23,bad,toward_bad,False
above_good,above_good/34,19,23,bad,toward_good,False
above_good,above_good/34,20,23,bad,toward_good,False
above_good,above_good/34,21,23,bad,toward_bad,False
above_good,above_good/34,22,23,bad,,True
above_good,above_good/35,0,3,bad,toward_bad,False
above_good,above_good/35,1,3,bad,toward_good,False
above_good,above_good/35,2,3,bad,,True
above_good,above_good/36,0,1,good,,True
above_good,above_good/37,0,3,good,toward_bad,False
above_good,above_good/37,1,3,good,toward_good,False
above_good,above_good/37,2,3,good,,True
above_good,above_good/38,0,12,good,toward_bad,False
above_good,above_good/38,1,12,bad,toward_good,False
above_good,above_good/38,2,12,good,toward_bad,False
above_good,above_good/38,3,12,bad,toward_good,False
above_good,above_good/38,4,12,good,toward_bad,False
above_good,above_good/38,5,12,bad,toward_good,False
above_good,above_good/38,6,12,good,toward_bad,False
above_good,above_good/38,7,12,good,toward_bad,False
above_good,above_good/38,8,12,bad,toward_good,False
above_good,above_good/38,9,12,good,toward_good,False
above_good,above_good/38,10,12,good,toward_bad,False
above_good,above_good/38,11,12,good,,True
above_good,above_good/39,0,16,good,toward_bad,False
above_good,above_good/39,1,16,good,toward_bad,False
above_good,above_good/39,2,16,good,toward_bad,False
above_good,above_good/39,3,16,good,toward_good,False
above_good,above_good/39,4,16,good,toward_bad,False
above_good,above_good/39,5,16,good,toward_bad,False
above_good,above_good/39,6,16,good,toward_bad,False
above_good,above_good/39,7,16,good,toward_bad,False
above_good,above_good/39,8,16,good,toward_bad,False
above_good,above_good/39,9,16,good,toward_good,False
above_good,above_good/39,10,16,good,toward_good,False
above_good,above_good/39,11,16,good,toward_bad,False
above_good,above_good/39,12,16,good,toward_bad,False
above_good,above_good/39,13,16,good,toward_good,False
above_good,above_good/39,14,16,good,toward_good,False
above_good,above_good/39,15,16,good,,True
above_good,above_good/40,0,2,bad,toward_good,False
above_good,above_good/40,1,2,good,,True
above_good,above_good/41,0,32,bad,toward_good,False
above_good,above_good/41,1,32,bad,toward_bad,False
above_good,above_good/41,2,32,bad,toward_good,False
above_good,above_good/41,3,32,bad,toward_good,False
above_good,above_good/41,4,32,bad,toward_good,False
above_good,above_good/41,5,32,bad,toward_bad,False
above_good,above_good/41,6,32,bad,toward_good,False
above_good,above_good/41,7,32,bad,toward_good,False
above_good,above_good/41,8,32,good,toward_bad,False
above_good,above_good/41,9,32,bad,toward_good,False
above_good,above_good/41,10,32,good,toward_bad,False
above_good,above_good/41,11,32,bad,toward_good,False
above_good,above_good/41,12,32,bad,toward_good,False
above_good,above_good/41,13,32,bad,toward_bad,False
above_good,above_good/41,14,32,bad,toward_good,False
above_good,above_good/41,15,32,bad,toward_good,False
above_good,above_good/41,16,32,bad,toward_bad,False
above_good,above_good/41,17,32,bad,toward_good,False
above_good,above_good/41,18,32,bad,toward_bad,False
above_good,above_good/41,19,32,bad,toward_good,False
above_good,above_good/41,20,32,bad,toward_bad,False
above_good,above_good/41,21,32,bad,toward_bad,False
above_good,above_good/41,22,32,bad,toward_good,False
above_good,above_good/41,23,32,bad,toward_bad,False
above_good,above_good/41,24,32,bad,toward_good,False
above_good,above_good/41,25,32,bad,toward_good,False
above_good,above_good/41,26,32,bad,toward_bad,False
above_good,above_good/41,27,32,bad,toward_bad,False
above_good,above_good/41,28,32,bad,toward_good,False
above_good,above_good/41,29,32,bad,toward_good,False
above_good,above_good/41,30,32,bad,same,False
above_good,above_good/41,31,32,bad,,True
above_good,above_good/43,0,11,good,toward_good,False
above_good,above_good/43,1,11,good,toward_bad,False
above_good,above_good/43,2,11,good,toward_good,False
above_good,above_good/43,3,11,good,toward_bad,False
above_good,above_good/43,4,11,good,toward_good,False
above_good,above_good/43,5,11,good,toward_good,False
above_good,above_good/43,6,11,good,toward_good,False
above_good,above_good/43,7,11,good,toward_bad,False
above_good,above_good/43,8,11,good,toward_good,False
above_good,above_good/43,9,11,good,toward_good,False
above_good,above_good/43,10,11,good,,True
above_good,above_good/44,0,1,good,,True
above_good,above_good/45,0,3,good,toward_good,False
above_good,above_good/45,1,3,good,toward_bad,False
above_good,above_good/45,2,3,good,,True
above_good,above_good/46,0,2,bad,toward_good,False
above_good,above_good/46,1,2,bad,,True
above_good,above_good/47,0,1,good,,True
above_good,above_good/48,0,15,bad,toward_good,False
above_good,above_good/48,1,15,good,toward_good,False
above_good,above_good/48,2,15,good,toward_bad,False
above_good,above_good/48,3,15,good,toward_good,False
above_good,above_good/48,4,15,good,toward_bad,False
above_good,above_good/48,5,15,good,toward_good,False
above_good,above_good/48,6,15,good,toward_good,False
above_good,above_good/48,7,15,good,toward_bad,False
above_good,above_good/48,8,15,good,toward_good,False
above_good,above_good/48,9,15,good,toward_bad,False
above_good,above_good/48,10,15,good,toward_bad,False
above_good,above_good/48,11,15,good,toward_good,False
above_good,above_good/48,12,15,good,toward_good,False
above_good,above_good/48,13,15,good,toward_bad,False
above_good,above_good/48,14,15,good,,True
above_good,above_good/49,0,2,good,toward_good,False
above_good,above_good/49,1,2,good,,True
above_good,above_good/50,0,3,bad,toward_good,False
above_good,above_good/50,1,3,bad,toward_good,False
above_good,above_good/50,2,3,good,,True
above_good,above_good/51,0,1,good,,True
above_good,above_good/52,0,1,good,,True
above_good,above_good/53,0,11,bad,toward_good,False
above_good,above_good/53,1,11,bad,toward_bad,False
above_good,above_good/53,2,11,bad,toward_good,False
above_good,above_good/53,3,11,bad,toward_bad,False
above_good,above_good/53,4,11,bad,toward_good,False
above_good,above_good/53,5,11,bad,toward_good,False
above_good,above_good/53,6,11,bad,toward_good,False
above_good,above_good/53,7,11,bad,toward_good,False
above_good,above_good/53,8,11,bad,toward_good,False
above_good,above_good/53,9,11,bad,toward_bad,False
above_good,above_good/53,10,11,bad,,True
above_good,above_good/54,0,3,bad,toward_good,False
above_good,above_good/54,1,3,good,toward_bad,False
above_good,above_good/54,2,3,good,,True
above_good,above_good/55,0,2,good,toward_bad,False
above_good,above_good/55,1,2,good,,True
above_good,above_good/56,0,12,bad,toward_good,False
above_good,above_good/56,1,12,bad,toward_good,False
above_good,above_good/56,2,12,bad,toward_good,False
above_good,above_good/56,3,12,bad,toward_good,False
above_good,above_good/56,4,12,bad,toward_bad,False
above_good,above_good/56,5,12,bad,toward_good,False
above_good,above_good/56,6,12,good,toward_good,False
above_good,above_good/56,7,12,good,toward_good,False
above_good,above_good/56,8,12,good,toward_bad,False
above_good,above_good/56,9,12,good,toward_good,False
above_good,above_good/56,10,12,good,toward_good,False
above_good,above_good/56,11,12,good,,True
above_good,above_good/57,0,5,good,toward_bad,False
above_good,above_good/57,1,5,bad,toward_bad,False
above_good,above_good/57,2,5,bad,toward_good,False
above_good,above_good/57,3,5,bad,toward_good,False
above_good,above_good/57,4,5,good,,True
above_good,above_good/58,0,1,bad,,True
above_good,above_good/59,0,3,bad,toward_good,False
above_good,above_good/59,1,3,good,toward_bad,False
above_good,above_good/59,2,3,good,,True
above_good,above_good/60,0,1,good,,True
above_good,above_good/61,0,1,good,,True
above_good,above_good/62,0,3,bad,toward_good,False
above_good,above_good/62,1,3,bad,toward_good,False
above_good,above_good/62,2,3,good,,True
above_good,above_good/63,0,8,good,toward_bad,False
above_good,above_good/63,1,8,good,toward_bad,False
above_good,above_good/63,2,8,good,toward_good,False
above_good,above_good/63,3,8,good,toward_bad,False
above_good,above_good/63,4,8,good,toward_good,False
above_good,above_good/63,5,8,good,toward_good,False
above_good,above_good/63,6,8,good,toward_good,False
above_good,above_good/63,7,8,good,,True
above_good,above_good/64,0,1,good,,True
above_good,above_good/65,0,6,bad,toward_good,False
above_good,above_good/65,1,6,good,toward_bad,False
above_good,above_good/65,2,6,bad,toward_bad,False
above_good,above_good/65,3,6,bad,toward_bad,False
above_good,above_good/65,4,6,bad,toward_good,False
above_good,above_good/65,5,6,bad,,True
above_good,above_good/66,0,1,good,,True
above_good,above_good/67,0,1,good,,True
above_good,above_good/68,0,2,good,toward_good,False
above_good,above_good/68,1,2,good,,True
above_good,above_good/69,0,3,good,toward_good,False
above_good,above_good/69,1,3,good,toward_bad,False
above_good,above_good/69,2,3,good,,True
above_good,above_good/71,0,1,good,,True
above_good,above_good/72,0,6,bad,toward_good,False
above_good,above_good/72,1,6,bad,toward_good,False
above_good,above_good/72,2,6,good,toward_good,False
above_good,above_good/72,3,6,good,toward_bad,False
above_good,above_good/72,4,6,good,toward_good,False
above_good,above_good/72,5,6,good,,True
above_good,above_good/73,0,3,bad,toward_good,False
above_good,above_good/73,1,3,bad,toward_good,False
above_good,above_good/73,2,3,good,,True
above_good,above_good/74,0,10,bad,toward_good,False
above_good,above_good/74,1,10,bad,toward_good,False
above_good,above_good/74,2,10,good,toward_good,False
above_good,above_good/74,3,10,good,toward_good,False
above_good,above_good/74,4,10,good,toward_bad,False
above_good,above_good/74,5,10,good,toward_good,False
above_good,above_good/74,6,10,good,toward_bad,False
above_good,above_good/74,7,10,good,toward_bad,False
above_good,above_good/74,8,10,good,toward_good,False
above_good,above_good/74,9,10,good,,True
above_good,above_good/75,0,1,bad,,True
above_good,above_good/76,0,10,good,toward_bad,False
above_good,above_good/76,1,10,good,toward_bad,False
above_good,above_good/76,2,10,good,toward_bad,False
above_good,above_good/76,3,10,bad,toward_good,False
above_good,above_good/76,4,10,good,toward_good,False
above_good,above_good/76,5,10,good,toward_bad,False
above_good,above_good/76,6,10,good,toward_good,False
above_good,above_good/76,7,10,good,toward_bad,False
above_good,above_good/76,8,10,good,toward_good,False
above_good,above_good/76,9,10,good,,True
above_good,above_good/77,0,4,good,toward_bad,False
above_good,above_good/77,1,4,good,toward_bad,False
above_good,above_good/77,2,4,good,toward_bad,False
above_good,above_good/77,3,4,good,,True
above_good,above_good/78,0,12,good,toward_bad,False
above_good,above_good/78,1,12,good,toward_bad,False
above_good,above_good/78,2,12,good,toward_bad,False
above_good,above_good/78,3,12,good,toward_bad,False
above_good,above_good/78,4,12,good,toward_bad,False
above_good,above_good/78,5,12,good,toward_bad,False
above_good,above_good/78,6,12,bad,toward_bad,False
above_good,above_good/78,7,12,bad,toward_good,False
above_good,above_good/78,8,12,good,toward_good,False
above_good,above_good/78,9,12,good,toward_good,False
above_good,above_good/78,10,12,good,toward_bad,False
above_good,above_good/78,11,12,good,,True
above_good,above_good/79,0,1,good,,True
above_good,above_good/80,0,4,bad,toward_good,False
above_good,above_good/80,1,4,bad,toward_good,False
above_good,above_good/80,2,4,good,toward_bad,False
above_good,above_good/80,3,4,good,,True
above_good,above_good/81,0,10,good,toward_bad,False
above_good,above_good/81,1,10,good,toward_good,False
above_good,above_good/81,2,10,good,toward_good,False
above_good,above_good/81,3,10,good,toward_good,False
above_good,above_good/81,4,10,good,toward_bad,False
above_good,above_good/81,5,10,good,toward_bad,False
above_good,above_good/81,6,10,good,toward_good,False
above_good,above_good/81,7,10,good,toward_bad,False
above_good,above_good/81,8,10,good,toward_good,False
above_good,above_good/81,9,10,good,,True
above_good,above_good/82,0,1,good,,True
above_good,above_good/83,0,5,bad,toward_good,False
above_good,above_good/83,1,5,bad,toward_good,False
above_good,above_good/83,2,5,bad,toward_good,False
above_good,above_good/83,3,5,bad,toward_bad,False
above_good,above_good/83,4,5,bad,,True
above_good,above_good/84,0,5,bad,toward_good,False
above_good,above_good/84,1,5,bad,toward_good,False
above_good,above_good/84,2,5,good,toward_bad,False
above_good,above_good/84,3,5,good,toward_good,False
above_good,above_good/84,4,5,good,,True
above_good,above_good/85,0,12,bad,toward_good,False
above_good,above_good/85,1,12,bad,toward_good,False
above_good,above_good/85,2,12,bad,toward_good,False
above_good,above_good/85,3,12,good,toward_good,False
above_good,above_good/85,4,12,good,toward_bad,False
above_good,above_good/85,5,12,bad,toward_good,False
above_good,above_good/85,6,12,good,toward_bad,False
above_good,above_good/85,7,12,good,toward_bad,False
above_good,above_good/85,8,12,good,toward_bad,False
above_good,above_good/85,9,12,bad,toward_good,False
above_good,above_good/85,10,12,good,toward_bad,False
above_good,above_good/85,11,12,good,,True
above_good,above_good/86,0,11,good,toward_bad,False
above_good,above_good/86,1,11,good,toward_good,False
above_good,above_good/86,2,11,good,toward_good,False
above_good,above_good/86,3,11,good,toward_bad,False
above_good,above_good/86,4,11,good,toward_good,False
above_good,above_good/86,5,11,good,toward_bad,False
above_good,above_good/86,6,11,good,toward_good,False
above_good,above_good/86,7,11,good,toward_bad,False
above_good,above_good/86,8,11,good,toward_good,False
above_good,above_good/86,9,11,good,toward_bad,False
above_good,above_good/86,10,11,good,,True
above_good,above_good/87,0,2,bad,toward_good,False
above_good,above_good/87,1,2,good,,True
above_good,above_good/88,0,6,bad,toward_good,False
above_good,above_good/88,1,6,bad,toward_bad,False
above_good,above_good/88,2,6,bad,toward_good,False
above_good,above_good/88,3,6,bad,toward_good,False
above_good,above_good/88,4,6,bad,toward_good,False
above_good,above_good/88,5,6,good,,True
above_good,above_good/89,0,8,bad,toward_good,False
above_good,above_good/89,1,8,bad,toward_good,False
above_good,above_good/89,2,8,bad,toward_good,False
above_good,above_good/89,3,8,bad,toward_bad,False
above_good,above_good/89,4,8,bad,toward_bad,False
above_good,above_good/89,5,8,bad,toward_good,False
above_good,above_good/89,6,8,bad,toward_bad,False
above_good,above_good/89,7,8,bad,,True
above_good,above_good/90,0,4,good,toward_bad,False
above_good,above_good/90,1,4,good,toward_bad,False
above_good,above_good/90,2,4,good,toward_good,False
above_good,above_good/90,3,4,good,,True
above_good,above_good/91,0,18,good,toward_bad,False
above_good,above_good/91,1,18,good,toward_bad,False
above_good,above_good/91,2,18,bad,toward_good,False
above_good,above_good/91,3,18,good,toward_good,False
above_good,above_good/91,4,18,good,toward_bad,False
above_good,above_good/91,5,18,good,toward_bad,False
above_good,above_good/91,6,18,bad,toward_good,False
above_good,above_good/91,7,18,good,toward_bad,False
above_good,above_good/91,8,18,good,toward_bad,False
above_good,above_good/91,9,18,bad,toward_good,False
above_good,above_good/91,10,18,good,toward_good,False
above_good,above_good/91,11,18,good,toward_good,False
above_good,above_good/91,12,18,good,toward_bad,False
above_good,above_good/91,13,18,bad,toward_good,False
above_good,above_good/91,14,18,good,toward_good,False
above_good,above_good/91,15,18,good,toward_good,False
above_good,above_good/91,16,18,good,toward_bad,False
above_good,above_good/91,17,18,good,,True
above_good,above_good/92,0,1,good,,True
above_good,above_good/93,0,16,bad,toward_bad,False
above_good,above_good/93,1,16,bad,toward_good,False
above_good,above_good/93,2,16,bad,toward_good,False
above_good,above_good/93,3,16,good,toward_good,False
above_good,above_good/93,4,16,good,toward_bad,False
above_good,above_good/93,5,16,good,toward_good,False
above_good,above_good/93,6,16,good,toward_bad,False
above_good,above_good/93,7,16,good,toward_bad,False
above_good,above_good/93,8,16,good,toward_good,False
above_good,above_good/93,9,16,good,toward_good,False
above_good,above_good/93,10,16,good,toward_bad,False
above_good,above_good/93,11,16,good,toward_bad,False
above_good,above_good/93,12,16,good,toward_good,False
above_good,above_good/93,13,16,good,toward_good,False
above_good,above_good/93,14,16,good,toward_bad,False
above_good,above_good/93,15,16,good,,True
above_good,above_good/94,0,8,bad,toward_good,False
above_good,above_good/94,1,8,bad,toward_good,False
above_good,above_good/94,2,8,good,toward_bad,False
above_good,above_good/94,3,8,good,toward_good,False
above_good,above_good/94,4,8,good,toward_bad,False
above_good,above_good/94,5,8,good,toward_good,False
above_good,above_good/94,6,8,good,toward_good,False
above_good,above_good/94,7,8,good,,True
above_good,above_good/95,0,14,good,toward_bad,False
above_good,above_good/95,1,14,good,toward_bad,False
above_good,above_good/95,2,14,bad,toward_good,False
above_good,above_good/95,3,14,good,toward_bad,False
above_good,above_good/95,4,14,good,toward_good,False
above_good,above_good/95,5,14,good,toward_good,False
above_good,above_good/95,6,14,good,toward_bad,False
above_good,above_good/95,7,14,good,toward_good,False
above_good,above_good/95,8,14,good,toward_good,False
above_good,above_good/95,9,14,good,toward_bad,False
above_good,above_good/95,10,14,good,same,False
above_good,above_good/95,11,14,good,toward_good,False
above_good,above_good/95,12,14,good,toward_good,False
above_good,above_good/95,13,14,good,,True
above_good,above_good/96,0,1,good,,True
above_good,above_good/97,0,9,good,toward_good,False
above_good,above_good/97,1,9,good,toward_bad,False
above_good,above_good/97,2,9,good,toward_bad,False
above_good,above_good/97,3,9,good,toward_bad,False
above_good,above_good/97,4,9,good,toward_bad,False
above_good,above_good/97,5,9,good,toward_good,False
above_good,above_good/97,6,9,good,toward_bad,False
above_good,above_good/97,7,9,good,toward_bad,False
above_good,above_good/97,8,9,good,,True
above_good,above_good/98,0,4,bad,toward_good,False
above_good,above_good/98,1,4,bad,toward_good,False
above_good,above_good/98,2,4,good,toward_bad,False
above_good,above_good/98,3,4,good,,True
