group,rollout,t,K,side,move,is_last
baseline[good=above],baseline/0,0,7,good,toward_bad,False
baseline[good=above],baseline/0,1,7,good,toward_good,False
baseline[good=above],baseline/0,2,7,good,toward_good,False
baseline[good=above],baseline/0,3,7,good,toward_bad,False
baseline[good=above],baseline/0,4,7,good,toward_good,False
baseline[good=above],baseline/0,5,7,good,toward_bad,False
baseline[good=above],baseline/0,6,7,good,,True
baseline[good=below],baseline/0,0,7,bad,toward_good,False
baseline[good=below],baseline/0,1,7,bad,toward_bad,False
baseline[good=below],baseline/0,2,7,bad,toward_bad,False
baseline[good=below],baseline/0,3,7,bad,toward_good,False
baseline[good=below],baseline/0,4,7,bad,toward_bad,False
baseline[good=below],baseline/0,5,7,bad,toward_good,False
baseline[good=below],baseline/0,6,7,bad,,True
baseline[good=above],baseline/1,0,16,bad,toward_good,False
baseline[good=above],baseline/1,1,16,bad,toward_good,False
baseline[good=above],baseline/1,2,16,bad,toward_good,False
baseline[good=above],baseline/1,3,16,bad,toward_good,False
baseline[good=above],baseline/1,4,16,bad,toward_bad,False
baseline[good=above],baseline/1,5,16,bad,toward_good,False
baseline[good=above],baseline/1,6,16,bad,toward_bad,False
baseline[good=above],baseline/1,7,16,bad,toward_bad,False
baseline[good=above],baseline/1,8,16,bad,toward_good,False
baseline[good=above],baseline/1,9,16,bad,toward_bad,False
baseline[good=above],baseline/1,10,16,bad,toward_good,False
baseline[good=above],baseline/1,11,16,bad,toward_bad,False
baseline[good=above],baseline/1,12,16,bad,toward_bad,False
baseline[good=above],baseline/1,13,16,bad,toward_bad,False
baseline[good=above],baseline/1,14,16,bad,toward_good,False
baseline[good=above],baseline/1,15,16,bad,,True
baseline[good=below],baseline/1,0,16,good,toward_bad,False
baseline[good=below],baseline/1,1,16,good,toward_bad,False
baseline[good=below],baseline/1,2,16,good,toward_bad,False
baseline[good=below],baseline/1,3,16,good,toward_bad,False
baseline[good=below],baseline/1,4,16,good,toward_good,False
baseline[good=below],baseline/1,5,16,good,toward_bad,False
baseline[good=below],baseline/1,6,16,good,toward_good,False
baseline[good=below],baseline/1,7,16,good,toward_good,False
baseline[good=below],baseline/1,8,16,good,toward_bad,False
baseline[good=below],baseline/1,9,16,good,toward_good,False
baseline[good=below],baseline/1,10,16,good,toward_bad,False
baseline[good=below],baseline/1,11,16,good,toward_good,False
baseline[good=below],baseline/1,12,16,good,toward_good,False
baseline[good=below],baseline/1,13,16,good,toward_good,False
baseline[good=below],baseline/1,14,16,good,toward_bad,False
baseline[good=below],baseline/1,15,16,good,,True
baseline[good=above],baseline/2,0,17,bad,toward_good,False
baseline[good=above],baseline/2,1,17,good,toward_good,False
baseline[good=above],baseline/2,2,17,good,toward_bad,False
baseline[good=above],baseline/2,3,17,good,toward_bad,False
baseline[good=above],baseline/2,4,17,good,toward_good,False
baseline[good=above],baseline/2,5,17,good,toward_bad,False
baseline[good=above],baseline/2,6,17,good,toward_bad,False
baseline[good=above],baseline/2,7,17,good,toward_good,False
baseline[good=above],baseline/2,8,17,good,toward_good,False
baseline[good=above],baseline/2,9,17,good,toward_bad,False
baseline[good=above],baseline/2,10,17,good,toward_bad,False
baseline[good=above],baseline/2,11,17,good,toward_good,False
baseline[good=above],baseline/2,12,17,good,toward_bad,False
baseline[good=above],baseline/2,13,17,good,toward_good,False
baseline[good=above],baseline/2,14,17,good,toward_good,False
baseline[good=above],baseline/2,15,17,good,toward_bad,False
baseline[good=above],baseline/2,16,17,good,,True
baseline[good=below],baseline/2,0,17,good,toward_bad,False
baseline[good=below],baseline/2,1,17,bad,toward_bad,False
baseline[good=below],baseline/2,2,17,bad,toward_good,False
baseline[good=below],baseline/2,3,17,bad,toward_good,False
baseline[good=below],baseline/2,4,17,bad,toward_bad,False
baseline[good=below],baseline/2,5,17,bad,toward_good,False
baseline[good=below],baseline/2,6,17,bad,toward_good,False
baseline[good=below],baseline/2,7,17,bad,toward_bad,False
baseline[good=below],baseline/2,8,17,bad,toward_bad,False
baseline[good=below],baseline/2,9,17,bad,toward_good,False
baseline[good=below],baseline/2,10,17,bad,toward_good,False
baseline[good=below],baseline/2,11,17,bad,toward_bad,False
baseline[good=below],baseline/2,12,17,bad,toward_good,False
baseline[good=below],baseline/2,13,17,bad,toward_bad,False
baseline[good=below],baseline/2,14,17,bad,toward_bad,False
baseline[good=below],baseline/2,15,17,bad,toward_good,False
baseline[good=below],baseline/2,16,17,bad,,True
baseline[good=above],baseline/3,0,16,bad,toward_good,False
baseline[good=above],baseline/3,1,16,bad,toward_bad,False
baseline[good=above],baseline/3,2,16,bad,toward_good,False
baseline[good=above],baseline/3,3,16,bad,toward_good,False
baseline[good=above],baseline/3,4,16,bad,toward_good,False
baseline[good=above],baseline/3,5,16,bad,toward_good,False
baseline[good=above],baseline/3,6,16,bad,toward_bad,False
baseline[good=above],baseline/3,7,16,bad,toward_bad,False
baseline[good=above],baseline/3,8,16,bad,toward_good,False
baseline[good=above],baseline/3,9,16,bad,toward_bad,False
baseline[good=above],baseline/3,10,16,bad,toward_good,False
baseline[good=above],baseline/3,11,16,bad,toward_good,False
baseline[good=above],baseline/3,12,16,bad,toward_good,False
baseline[good=above],baseline/3,13,16,bad,toward_bad,False
baseline[good=above],baseline/3,14,16,bad,toward_good,False
baseline[good=above],baseline/3,15,16,bad,,True
baseline[good=below],baseline/3,0,16,good,toward_bad,False
baseline[good=below],baseline/3,1,16,good,toward_good,False
baseline[good=below],baseline/3,2,16,good,toward_bad,False
baseline[good=below],baseline/3,3,16,good,toward_bad,False
baseline[good=below],baseline/3,4,16,good,toward_bad,False
baseline[good=below],baseline/3,5,16,good,toward_bad,False
baseline[good=below],baseline/3,6,16,good,toward_good,False
baseline[good=below],baseline/3,7,16,good,toward_good,False
baseline[good=below],baseline/3,8,16,good,toward_bad,False
baseline[good=below],baseline/3,9,16,good,toward_good,False
baseline[good=below],baseline/3,10,16,good,toward_bad,False
baseline[good=below],baseline/3,11,16,good,toward_bad,False
baseline[good=below],baseline/3,12,16,good,toward_bad,False
baseline[good=below],baseline/3,13,16,good,toward_good,False
baseline[good=below],baseline/3,14,16,good,toward_bad,False
baseline[good=below],baseline/3,15,16,good,,True
baseline[good=above],baseline/6,0,11,good,toward_bad,False
baseline[good=above],baseline/6,1,11,good,toward_good,False
baseline[good=above],baseline/6,2,11,good,toward_bad,False
baseline[good=above],baseline/6,3,11,good,toward_good,False
baseline[good=above],baseline/6,4,11,good,toward_bad,False
baseline[good=above],baseline/6,5,11,good,toward_good,False
baseline[good=above],baseline/6,6,11,good,toward_good,False
baseline[good=above],baseline/6,7,11,good,toward_bad,False
baseline[good=above],baseline/6,8,11,good,toward_good,False
baseline[good=above],baseline/6,9,11,good,toward_bad,False
baseline[good=above],baseline/6,10,11,good,,True
baseline[good=below],baseline/6,0,11,bad,toward_good,False
baseline[good=below],baseline/6,1,11,bad,toward_bad,False
baseline[good=below],baseline/6,2,11,bad,toward_good,False
baseline[good=below],baseline/6,3,11,bad,toward_bad,False
baseline[good=below],baseline/6,4,11,bad,toward_good,False
baseline[good=below],baseline/6,5,11,bad,toward_bad,False
baseline[good=below],baseline/6,6,11,bad,toward_bad,False
baseline[good=below],baseline/6,7,11,bad,toward_good,False
baseline[good=below],baseline/6,8,11,bad,toward_bad,False
baseline[good=below],baseline/6,9,11,bad,toward_good,False
baseline[good=below],baseline/6,10,11,bad,,True
baseline[good=above],baseline/7,0,34,good,toward_good,False
baseline[good=above],baseline/7,1,34,good,toward_bad,False
baseline[good=above],baseline/7,2,34,good,toward_bad,False
baseline[good=above],baseline/7,3,34,bad,toward_good,False
baseline[good=above],baseline/7,4,34,good,toward_bad,False
baseline[good=above],baseline/7,5,34,good,toward_good,False
baseline[good=above],baseline/7,6,34,good,toward_bad,False
baseline[good=above],baseline/7,7,34,good,toward_bad,False
baseline[good=above],baseline/7,8,34,good,toward_good,False
baseline[good=above],baseline/7,9,34,good,toward_bad,False
baseline[good=above],baseline/7,10,34,good,toward_bad,False
baseline[good=above],baseline/7,11,34,good,toward_good,False
baseline[good=above],baseline/7,12,34,good,toward_good,False
baseline[good=above],baseline/7,13,34,good,toward_good,False
baseline[good=above],baseline/7,14,34,good,toward_bad,False
baseline[good=above],baseline/7,15,34,good,toward_bad,False
baseline[good=above],baseline/7,16,34,good,toward_good,False
baseline[good=above],baseline/7,17,34,good,toward_good,False
baseline[good=above],baseline/7,18,34,good,toward_good,False
baseline[good=above],baseline/7,19,34,good,toward_good,False
baseline[good=above],baseline/7,20,34,good,toward_bad,False
baseline[good=above],baseline/7,21,34,good,toward_good,False
baseline[good=above],baseline/7,22,34,good,toward_bad,False
baseline[good=above],baseline/7,23,34,good,toward_bad,False
baseline[good=above],baseline/7,24,34,good,toward_good,False
baseline[good=above],baseline/7,25,34,good,toward_bad,False
baseline[good=above],baseline/7,26,34,good,toward_bad,False
baseline[good=above],baseline/7,27,34,good,toward_good,False
baseline[good=above],baseline/7,28,34,good,toward_good,False
baseline[good=above],baseline/7,29,34,good,toward_bad,False
baseline[good=above],baseline/7,30,34,good,toward_good,False
baseline[good=above],baseline/7,31,34,good,toward_bad,False
baseline[good=above],baseline/7,32,34,good,toward_good,False
baseline[good=above],baseline/7,33,34,good,,True
baseline[good=below],baseline/7,0,34,bad,toward_bad,False
baseline[good=below],baseline/7,1,34,bad,toward_good,False
baseline[good=below],baseline/7,2,34,bad,toward_good,False
baseline[good=below],baseline/7,3,34,good,toward_bad,False
baseline[good=below],baseline/7,4,34,bad,toward_good,False
baseline[good=below],baseline/7,5,34,bad,toward_bad,False
baseline[good=below],baseline/7,6,34,bad,toward_good,False
baseline[good=below],baseline/7,7,34,bad,toward_good,False
baseline[good=below],baseline/7,8,34,bad,toward_bad,False
baseline[good=below],baseline/7,9,34,bad,toward_good,False
baseline[good=below],baseline/7,10,34,bad,toward_good,False
baseline[good=below],baseline/7,11,34,bad,toward_bad,False
baseline[good=below],baseline/7,12,34,bad,toward_bad,False
baseline[good=below],baseline/7,13,34,bad,toward_bad,False
baseline[good=below],baseline/7,14,34,bad,toward_good,False
baseline[good=below],baseline/7,15,34,bad,toward_good,False
baseline[good=below],baseline/7,16,34,bad,toward_bad,False
baseline[good=below],baseline/7,17,34,bad,toward_bad,False
baseline[good=below],baseline/7,18,34,bad,toward_bad,False
baseline[good=below],baseline/7,19,34,bad,toward_bad,False
baseline[good=below],baseline/7,20,34,bad,toward_good,False
baseline[good=below],baseline/7,21,34,bad,toward_bad,False
baseline[good=below],baseline/7,22,34,bad,toward_good,False
baseline[good=below],baseline/7,23,34,bad,toward_good,False
baseline[good=below],baseline/7,24,34,bad,toward_bad,False
baseline[good=below],baseline/7,25,34,bad,toward_good,False
baseline[good=below],baseline/7,26,34,bad,toward_good,False
baseline[good=below],baseline/7,27,34,bad,toward_bad,False
baseline[good=below],baseline/7,28,34,bad,toward_bad,False
baseline[good=below],baseline/7,29,34,bad,toward_good,False
baseline[good=below],baseline/7,30,34,bad,toward_bad,False
baseline[good=below],baseline/7,31,34,bad,toward_good,False
baseline[good=below],baseline/7,32,34,bad,toward_bad,False
baseline[good=below],baseline/7,33,34,bad,,True
baseline[good=above],baseline/9,0,5,good,toward_good,False
baseline[good=above],baseline/9,1,5,good,toward_bad,False
baseline[good=above],baseline/9,2,5,good,toward_bad,False
baseline[good=above],baseline/9,3,5,good,toward_good,False
baseline[good=above],baseline/9,4,5,good,,True
baseline[good=below],baseline/9,0,5,bad,toward_bad,False
baseline[good=below],baseline/9,1,5,bad,toward_good,False
baseline[good=below],baseline/9,2,5,bad,toward_good,False
baseline[good=below],baseline/9,3,5,bad,toward_bad,False
baseline[good=below],baseline/9,4,5,bad,,True
baseline[good=above],baseline/12,0,5,bad,toward_good,False
baseline[good=above],baseline/12,1,5,bad,toward_good,False
baseline[good=above],baseline/12,2,5,bad,toward_bad,False
baseline[good=above],baseline/12,3,5,bad,toward_bad,False
baseline[good=above],baseline/12,4,5,bad,,True
baseline[good=below],baseline/12,0,5,good,toward_bad,False
baseline[good=below],baseline/12,1,5,good,toward_bad,False
baseline[good=below],baseline/12,2,5,good,toward_good,False
baseline[good=below],baseline/12,3,5,good,toward_good,False
baseline[good=below],baseline/12,4,5,good,,True
baseline[good=above],baseline/14,0,32,bad,toward_good,False
baseline[good=above],baseline/14,1,32,bad,toward_bad,False
baseline[good=above],baseline/14,2,32,bad,toward_good,False
baseline[good=above],baseline/14,3,32,bad,toward_good,False
baseline[good=above],baseline/14,4,32,bad,toward_good,False
baseline[good=above],baseline/14,5,32,bad,toward_bad,False
baseline[good=above],baseline/14,6,32,bad,toward_bad,False
baseline[good=above],baseline/14,7,32,bad,toward_good,False
baseline[good=above],baseline/14,8,32,bad,toward_good,False
baseline[good=above],baseline/14,9,32,bad,toward_good,False
baseline[good=above],baseline/14,10,32,bad,toward_bad,False
baseline[good=above],baseline/14,11,32,bad,toward_bad,False
baseline[good=above],baseline/14,12,32,bad,toward_bad,False
baseline[good=above],baseline/14,13,32,bad,toward_good,False
baseline[good=above],baseline/14,14,32,bad,toward_good,False
baseline[good=above],baseline/14,15,32,bad,toward_good,False
baseline[good=above],baseline/14,16,32,bad,toward_bad,False
baseline[good=above],baseline/14,17,32,bad,toward_good,False
baseline[good=above],baseline/14,18,32,bad,toward_bad,False
baseline[good=above],baseline/14,19,32,bad,toward_bad,False
baseline[good=above],baseline/14,20,32,bad,toward_good,False
baseline[good=above],baseline/14,21,32,bad,toward_bad,False
baseline[good=above],baseline/14,22,32,bad,toward_good,False
baseline[good=above],baseline/14,23,32,bad,toward_bad,False
baseline[good=above],baseline/14,24,32,bad,toward_bad,False
baseline[good=above],baseline/14,25,32,bad,toward_good,False
baseline[good=above],baseline/14,26,32,bad,toward_bad,False
baseline[good=above],baseline/14,27,32,bad,toward_good,False
baseline[good=above],baseline/14,28,32,bad,toward_good,False
baseline[good=above],baseline/14,29,32,bad,toward_bad,False
baseline[good=above],baseline/14,30,32,bad,toward_good,False
baseline[good=above],baseline/14,31,32,bad,,True
baseline[good=below],baseline/14,0,32,good,toward_bad,False
baseline[good=below],baseline/14,1,32,good,toward_good,False
baseline[good=below],baseline/14,2,32,good,toward_bad,False
baseline[good=below],baseline/14,3,32,good,toward_bad,False
baseline[good=below],baseline/14,4,32,good,toward_bad,False
baseline[good=below],baseline/14,5,32,good,toward_good,False
baseline[good=below],baseline/14,6,32,good,toward_good,False
baseline[good=below],baseline/14,7,32,good,toward_bad,False
baseline[good=below],baseline/14,8,32,good,toward_bad,False
baseline[good=below],baseline/14,9,32,good,toward_bad,False
baseline[good=below],baseline/14,10,32,good,toward_good,False
baseline[good=below],baseline/14,11,32,good,toward_good,False
baseline[good=below],baseline/14,12,32,good,toward_good,False
baseline[good=below],baseline/14,13,32,good,toward_bad,False
baseline[good=below],baseline/14,14,32,good,toward_bad,False
baseline[good=below],baseline/14,15,32,good,toward_bad,False
baseline[good=below],baseline/14,16,32,good,toward_good,False
baseline[good=below],baseline/14,17,32,good,toward_bad,False
baseline[good=below],baseline/14,18,32,good,toward_good,False
baseline[good=below],baseline/14,19,32,good,toward_good,False
baseline[good=below],baseline/14,20,32,good,toward_bad,False
baseline[good=below],baseline/14,21,32,good,toward_good,False
baseline[good=below],baseline/14,22,32,good,toward_bad,False
baseline[good=below],baseline/14,23,32,good,toward_good,False
baseline[good=below],baseline/14,24,32,good,toward_good,False
baseline[good=below],baseline/14,25,32,good,toward_bad,False
baseline[good=below],baseline/14,26,32,good,toward_good,False
baseline[good=below],baseline/14,27,32,good,toward_bad,False
baseline[good=below],baseline/14,28,32,good,toward_bad,False
baseline[good=below],baseline/14,29,32,good,toward_good,False
baseline[good=below],baseline/14,30,32,good,toward_bad,False
baseline[good=below],baseline/14,31,32,good,,True
baseline[good=above],baseline/16,0,47,good,toward_bad,False
baseline[good=above],baseline/16,1,47,good,toward_good,False
baseline[good=above],baseline/16,2,47,good,toward_bad,False
baseline[good=above],baseline/16,3,47,good,toward_good,False
baseline[good=above],baseline/16,4,47,good,toward_good,False
baseline[good=above],baseline/16,5,47,good,toward_bad,False
baseline[good=above],baseline/16,6,47,good,toward_good,False
baseline[good=above],baseline/16,7,47,good,toward_good,False
baseline[good=above],baseline/16,8,47,good,toward_good,False
baseline[good=above],baseline/16,9,47,good,toward_good,False
baseline[good=above],baseline/16,10,47,good,toward_bad,False
baseline[good=above],baseline/16,11,47,good,toward_bad,False
baseline[good=above],baseline/16,12,47,good,toward_good,False
baseline[good=above],baseline/16,13,47,good,toward_good,False
baseline[good=above],baseline/16,14,47,good,toward_good,False
baseline[good=above],baseline/16,15,47,good,toward_good,False
baseline[good=above],baseline/16,16,47,good,toward_bad,False
baseline[good=above],baseline/16,17,47,good,toward_good,False
baseline[good=above],baseline/16,18,47,good,toward_bad,False
baseline[good=above],baseline/16,19,47,good,toward_bad,False
baseline[good=above],baseline/16,20,47,good,toward_good,False
baseline[good=above],baseline/16,21,47,good,toward_good,False
baseline[good=above],baseline/16,22,47,good,toward_bad,False
baseline[good=above],baseline/16,23,47,good,toward_bad,False
baseline[good=above],baseline/16,24,47,good,toward_bad,False
baseline[good=above],baseline/16,25,47,good,toward_good,False
baseline[good=above],baseline/16,26,47,good,toward_good,False
baseline[good=above],baseline/16,27,47,good,toward_bad,False
baseline[good=above],baseline/16,28,47,good,toward_bad,False
baseline[good=above],baseline/16,29,47,good,toward_bad,False
baseline[good=above],baseline/16,30,47,good,toward_good,False
baseline[good=above],baseline/16,31,47,good,toward_bad,False
baseline[good=above],baseline/16,32,47,good,toward_good,False
baseline[good=above],baseline/16,33,47,good,toward_bad,False
baseline[good=above],baseline/16,34,47,good,toward_bad,False
baseline[good=above],baseline/16,35,47,good,toward_good,False
baseline[good=above],baseline/16,36,47,good,toward_good,False
baseline[good=above],baseline/16,37,47,good,toward_bad,False
baseline[good=above],baseline/16,38,47,good,toward_good,False
baseline[good=above],baseline/16,39,47,good,toward_bad,False
baseline[good=above],baseline/16,40,47,good,toward_bad,False
baseline[good=above],baseline/16,41,47,good,toward_good,False
baseline[good=above],baseline/16,42,47,good,toward_good,False
baseline[good=above],baseline/16,43,47,good,toward_good,False
baseline[good=above],baseline/16,44,47,good,toward_good,False
baseline[good=above],baseline/16,45,47,good,toward_bad,False
baseline[good=above],baseline/16,46,47,good,,True
baseline[good=below],baseline/16,0,47,bad,toward_good,False
baseline[good=below],baseline/16,1,47,bad,toward_bad,False
baseline[good=below],baseline/16,2,47,bad,toward_good,False
baseline[good=below],baseline/16,3,47,bad,toward_bad,False
baseline[good=below],baseline/16,4,47,bad,toward_bad,False
baseline[good=below],baseline/16,5,47,bad,toward_good,False
baseline[good=below],baseline/16,6,47,bad,toward_bad,False
baseline[good=below],baseline/16,7,47,bad,toward_bad,False
baseline[good=below],baseline/16,8,47,bad,toward_bad,False
baseline[good=below],baseline/16,9,47,bad,toward_bad,False
baseline[good=below],baseline/16,10,47,bad,toward_good,False
baseline[good=below],baseline/16,11,47,bad,toward_good,False
baseline[good=below],baseline/16,12,47,bad,toward_bad,False
baseline[good=below],baseline/16,13,47,bad,toward_bad,False
baseline[good=below],baseline/16,14,47,bad,toward_bad,False
baseline[good=below],baseline/16,15,47,bad,toward_bad,False
baseline[good=below],baseline/16,16,47,bad,toward_good,False
baseline[good=below],baseline/16,17,47,bad,toward_bad,False
baseline[good=below],baseline/16,18,47,bad,toward_good,False
baseline[good=below],baseline/16,19,47,bad,toward_good,False
baseline[good=below],baseline/16,20,47,bad,toward_bad,False
baseline[good=below],baseline/16,21,47,bad,toward_bad,False
baseline[good=below],baseline/16,22,47,bad,toward_good,False
baseline[good=below],baseline/16,23,47,bad,toward_good,False
baseline[good=below],baseline/16,24,47,bad,toward_good,False
baseline[good=below],baseline/16,25,47,bad,toward_bad,False
baseline[good=below],baseline/16,26,47,bad,toward_bad,False
baseline[good=below],baseline/16,27,47,bad,toward_good,False
baseline[good=below],baseline/16,28,47,bad,toward_good,False
baseline[good=below],baseline/16,29,47,bad,toward_good,False
baseline[good=below],baseline/16,30,47,bad,toward_bad,False
baseline[good=below],baseline/16,31,47,bad,toward_good,False
baseline[good=below],baseline/16,32,47,bad,toward_bad,False
baseline[good=below],baseline/16,33,47,bad,toward_good,False
baseline[good=below],baseline/16,34,47,bad,toward_good,False
baseline[good=below],baseline/16,35,47,bad,toward_bad,False
baseline[good=below],baseline/16,36,47,bad,toward_bad,False
baseline[good=below],baseline/16,37,47,bad,toward_good,False
baseline[good=below],baseline/16,38,47,bad,toward_bad,False
baseline[good=below],baseline/16,39,47,bad,toward_good,False
baseline[good=below],baseline/16,40,47,bad,toward_good,False
baseline[good=below],baseline/16,41,47,bad,toward_bad,False
baseline[good=below],baseline/16,42,47,bad,toward_bad,False
baseline[good=below],baseline/16,43,47,bad,toward_bad,False
baseline[good=below],baseline/16,44,47,bad,toward_bad,False
baseline[good=below],baseline/16,45,47,bad,toward_good,False
baseline[good=below],baseline/16,46,47,bad,,True
baseline[good=above],baseline/17,0,8,good,toward_bad,False
baseline[good=above],baseline/17,1,8,bad,toward_bad,False
baseline[good=above],baseline/17,2,8,bad,toward_good,False
baseline[good=above],baseline/17,3,8,good,toward_good,False
baseline[good=above],baseline/17,4,8,good,toward_bad,False
baseline[good=above],baseline/17,5,8,bad,toward_good,False
baseline[good=above],baseline/17,6,8,good,toward_bad,False
baseline[good=above],baseline/17,7,8,good,,True
baseline[good=below],baseline/17,0,8,bad,toward_good,False
baseline[good=below],baseline/17,1,8,good,toward_good,False
baseline[good=below],baseline/17,2,8,good,toward_bad,False
baseline[good=below],baseline/17,3,8,bad,toward_bad,False
baseline[good=below],baseline/17,4,8,bad,toward_good,False
baseline[good=below],baseline/17,5,8,good,toward_bad,False
baseline[good=below],baseline/17,6,8,bad,toward_good,False
baseline[good=below],baseline/17,7,8,bad,,True
baseline[good=above],baseline/18,0,1,good,,True
baseline[good=below],baseline/18,0,1,bad,,True
baseline[good=above],baseline/19,0,67,bad,toward_bad,False
baseline[good=above],baseline/19,1,67,bad,toward_good,False
baseline[good=above],baseline/19,2,67,bad,toward_bad,False
baseline[good=above],baseline/19,3,67,bad,toward_good,False
baseline[good=above],baseline/19,4,67,bad,toward_bad,False
baseline[good=above],baseline/19,5,67,bad,toward_bad,False
baseline[good=above],baseline/19,6,67,bad,toward_bad,False
baseline[good=above],baseline/19,7,67,bad,toward_bad,False
baseline[good=above],baseline/19,8,67,bad,toward_good,False
baseline[good=above],baseline/19,9,67,bad,toward_good,False
baseline[good=above],baseline/19,10,67,bad,toward_bad,False
baseline[good=above],baseline/19,11,67,bad,toward_bad,False
baseline[good=above],baseline/19,12,67,bad,toward_bad,False
baseline[good=above],baseline/19,13,67,bad,toward_good,False
baseline[good=above],baseline/19,14,67,bad,toward_bad,False
baseline[good=above],baseline/19,15,67,bad,toward_good,False
baseline[good=above],baseline/19,16,67,bad,toward_good,False
baseline[good=above],baseline/19,17,67,bad,toward_bad,False
baseline[good=above],baseline/19,18,67,bad,toward_good,False
baseline[good=above],baseline/19,19,67,bad,toward_bad,False
baseline[good=above],baseline/19,20,67,bad,toward_good,False
baseline[good=above],baseline/19,21,67,bad,toward_bad,False
baseline[good=above],baseline/19,22,67,bad,toward_good,False
baseline[good=above],baseline/19,23,67,bad,toward_bad,False
baseline[good=above],baseline/19,24,67,bad,toward_good,False
baseline[good=above],baseline/19,25,67,bad,toward_bad,False
baseline[good=above],baseline/19,26,67,bad,toward_good,False
baseline[good=above],baseline/19,27,67,bad,toward_bad,False
baseline[good=above],baseline/19,28,67,bad,toward_good,False
baseline[good=above],baseline/19,29,67,bad,toward_bad,False
baseline[good=above],baseline/19,30,67,bad,toward_good,False
baseline[good=above],baseline/19,31,67,bad,toward_bad,False
baseline[good=above],baseline/19,32,67,bad,toward_bad,False
baseline[good=above],baseline/19,33,67,bad,toward_good,False
baseline[good=above],baseline/19,34,67,bad,toward_bad,False
baseline[good=above],baseline/19,35,67,bad,toward_good,False
baseline[good=above],baseline/19,36,67,bad,toward_bad,False
baseline[good=above],baseline/19,37,67,bad,toward_bad,False
baseline[good=above],baseline/19,38,67,bad,toward_bad,False
baseline[good=above],baseline/19,39,67,bad,toward_bad,False
baseline[good=above],baseline/19,40,67,bad,toward_good,False
baseline[good=above],baseline/19,41,67,bad,toward_bad,False
baseline[good=above],baseline/19,42,67,bad,toward_bad,False
baseline[good=above],baseline/19,43,67,bad,toward_good,False
baseline[good=above],baseline/19,44,67,bad,toward_bad,False
baseline[good=above],baseline/19,45,67,bad,toward_good,False
baseline[good=above],baseline/19,46,67,bad,toward_good,False
baseline[good=above],baseline/19,47,67,bad,toward_good,False
baseline[good=above],baseline/19,48,67,bad,toward_good,False
baseline[good=above],baseline/19,49,67,bad,toward_bad,False
baseline[good=above],baseline/19,50,67,bad,toward_good,False
baseline[good=above],baseline/19,51,67,bad,toward_bad,False
baseline[good=above],baseline/19,52,67,bad,toward_good,False
baseline[good=above],baseline/19,53,67,bad,toward_good,False
baseline[good=above],baseline/19,54,67,bad,toward_bad,False
baseline[good=above],baseline/19,55,67,bad,toward_bad,False
baseline[good=above],baseline/19,56,67,bad,toward_good,False
baseline[good=above],baseline/19,57,67,bad,toward_good,False
baseline[good=above],baseline/19,58,67,bad,toward_good,False
baseline[good=above],baseline/19,59,67,bad,toward_bad,False
baseline[good=above],baseline/19,60,67,bad,toward_good,False
baseline[good=above],baseline/19,61,67,bad,toward_good,False
baseline[good=above],baseline/19,62,67,bad,toward_bad,False
baseline[good=above],baseline/19,63,67,bad,toward_good,False
baseline[good=above],baseline/19,64,67,bad,toward_bad,False
baseline[good=above],baseline/19,65,67,bad,toward_good,False
baseline[good=above],baseline/19,66,67,bad,,True
baseline[good=below],baseline/19,0,67,good,toward_good,False
baseline[good=below],baseline/19,1,67,good,toward_bad,False
baseline[good=below],baseline/19,2,67,good,toward_good,False
baseline[good=below],baseline/19,3,67,good,toward_bad,False
baseline[good=below],baseline/19,4,67,good,toward_good,False
baseline[good=below],baseline/19,5,67,good,toward_good,False
baseline[good=below],baseline/19,6,67,good,toward_good,False
baseline[good=below],baseline/19,7,67,good,toward_good,False
baseline[good=below],baseline/19,8,67,good,toward_bad,False
baseline[good=below],baseline/19,9,67,good,toward_bad,False
baseline[good=below],baseline/19,10,67,good,toward_good,False
baseline[good=below],baseline/19,11,67,good,toward_good,False
baseline[good=below],baseline/19,12,67,good,toward_good,False
baseline[good=below],baseline/19,13,67,good,toward_bad,False
baseline[good=below],baseline/19,14,67,good,toward_good,False
baseline[good=below],baseline/19,15,67,good,toward_bad,False
baseline[good=below],baseline/19,16,67,good,toward_bad,False
baseline[good=below],baseline/19,17,67,good,toward_good,False
baseline[good=below],baseline/19,18,67,good,toward_bad,False
baseline[good=below],baseline/19,19,67,good,toward_good,False
baseline[good=below],baseline/19,20,67,good,toward_bad,False
baseline[good=below],baseline/19,21,67,good,toward_good,False
baseline[good=below],baseline/19,22,67,good,toward_bad,False
baseline[good=below],baseline/19,23,67,good,toward_good,False
baseline[good=below],baseline/19,24,67,good,toward_bad,False
baseline[good=below],baseline/19,25,67,good,toward_good,False
baseline[good=below],baseline/19,26,67,good,toward_bad,False
baseline[good=below],baseline/19,27,67,good,toward_good,False
baseline[good=below],baseline/19,28,67,good,toward_bad,False
baseline[good=below],baseline/19,29,67,good,toward_good,False
baseline[good=below],baseline/19,30,67,good,toward_bad,False
baseline[good=below],baseline/19,31,67,good,toward_good,False
baseline[good=below],baseline/19,32,67,good,toward_good,False
baseline[good=below],baseline/19,33,67,good,toward_bad,False
baseline[good=below],baseline/19,34,67,good,toward_good,False
baseline[good=below],baseline/19,35,67,good,toward_bad,False
baseline[good=below],baseline/19,36,67,good,toward_good,False
baseline[good=below],baseline/19,37,67,good,toward_good,False
baseline[good=below],baseline/19,38,67,good,toward_good,False
baseline[good=below],baseline/19,39,67,good,toward_good,False
baseline[good=below],baseline/19,40,67,good,toward_bad,False
baseline[good=below],baseline/19,41,67,good,toward_good,False
baseline[good=below],baseline/19,42,67,good,toward_good,False
baseline[good=below],baseline/19,43,67,good,toward_bad,False
baseline[good=below],baseline/19,44,67,good,toward_good,False
baseline[good=below],baseline/19,45,67,good,toward_bad,False
baseline[good=below],baseline/19,46,67,good,toward_bad,False
baseline[good=below],baseline/19,47,67,good,toward_bad,False
baseline[good=below],baseline/19,48,67,good,toward_bad,False
baseline[good=below],baseline/19,49,67,good,toward_good,False
baseline[good=below],baseline/19,50,67,good,toward_bad,False
baseline[good=below],baseline/19,51,67,good,toward_good,False
baseline[good=below],baseline/19,52,67,good,toward_bad,False
baseline[good=below],baseline/19,53,67,good,toward_bad,False
baseline[good=below],baseline/19,54,67,good,toward_good,False
baseline[good=below],baseline/19,55,67,good,toward_good,False
baseline[good=below],baseline/19,56,67,good,toward_bad,False
baseline[good=below],baseline/19,57,67,good,toward_bad,False
baseline[good=below],baseline/19,58,67,good,toward_bad,False
baseline[good=below],baseline/19,59,67,good,toward_good,False
baseline[good=below],baseline/19,60,67,good,toward_bad,False
baseline[good=below],baseline/19,61,67,good,toward_bad,False
baseline[good=below],baseline/19,62,67,good,toward_good,False
baseline[good=below],baseline/19,63,67,good,toward_bad,False
baseline[good=below],baseline/19,64,67,good,toward_good,False
baseline[good=below],baseline/19,65,67,good,toward_bad,False
baseline[good=below],baseline/19,66,67,good,,True
baseline[good=above],baseline/21,0,16,bad,toward_bad,False
baseline[good=above],baseline/21,1,16,bad,toward_bad,False
baseline[good=above],baseline/21,2,16,bad,toward_good,False
baseline[good=above],baseline/21,3,16,bad,toward_good,False
baseline[good=above],baseline/21,4,16,bad,toward_bad,False
baseline[good=above],baseline/21,5,16,bad,toward_bad,False
baseline[good=above],baseline/21,6,16,bad,toward_good,False
baseline[good=above],baseline/21,7,16,bad,toward_good,False
baseline[good=above],baseline/21,8,16,bad,toward_bad,False
baseline[good=above],baseline/21,9,16,bad,toward_bad,False
baseline[good=above],baseline/21,10,16,bad,toward_good,False
baseline[good=above],baseline/21,11,16,bad,toward_good,False
baseline[good=above],baseline/21,12,16,bad,toward_bad,False
baseline[good=above],baseline/21,13,16,bad,toward_good,False
baseline[good=above],baseline/21,14,16,bad,toward_bad,False
baseline[good=above],baseline/21,15,16,bad,,True
baseline[good=below],baseline/21,0,16,good,toward_good,False
baseline[good=below],baseline/21,1,16,good,toward_good,False
baseline[good=below],baseline/21,2,16,good,toward_bad,False
baseline[good=below],baseline/21,3,16,good,toward_bad,False
baseline[good=below],baseline/21,4,16,good,toward_good,False
baseline[good=below],baseline/21,5,16,good,toward_good,False
baseline[good=below],baseline/21,6,16,good,toward_bad,False
baseline[good=below],baseline/21,7,16,good,toward_bad,False
baseline[good=below],baseline/21,8,16,good,toward_good,False
baseline[good=below],baseline/21,9,16,good,toward_good,False
baseline[good=below],baseline/21,10,16,good,toward_bad,False
baseline[good=below],baseline/21,11,16,good,toward_bad,False
baseline[good=below],baseline/21,12,16,good,toward_good,False
baseline[good=below],baseline/21,13,16,good,toward_bad,False
baseline[good=below],baseline/21,14,16,good,toward_good,False
baseline[good=below],baseline/21,15,16,good,,True
baseline[good=above],baseline/23,0,12,good,toward_good,False
baseline[good=above],baseline/23,1,12,good,toward_bad,False
baseline[good=above],baseline/23,2,12,good,toward_good,False
baseline[good=above],baseline/23,3,12,good,toward_bad,False
baseline[good=above],baseline/23,4,12,good,toward_good,False
baseline[good=above],baseline/23,5,12,good,toward_bad,False
baseline[good=above],baseline/23,6,12,good,toward_bad,False
baseline[good=above],baseline/23,7,12,good,toward_good,False
baseline[good=above],baseline/23,8,12,good,toward_good,False
baseline[good=above],baseline/23,9,12,good,toward_bad,False
baseline[good=above],baseline/23,10,12,good,toward_bad,False
baseline[good=above],baseline/23,11,12,good,,True
baseline[good=below],baseline/23,0,12,bad,toward_bad,False
baseline[good=below],baseline/23,1,12,bad,toward_good,False
baseline[good=below],baseline/23,2,12,bad,toward_bad,False
baseline[good=below],baseline/23,3,12,bad,toward_good,False
baseline[good=below],baseline/23,4,12,bad,toward_bad,False
baseline[good=below],baseline/23,5,12,bad,toward_good,False
baseline[good=below],baseline/23,6,12,bad,toward_good,False
baseline[good=below],baseline/23,7,12,bad,toward_bad,False
baseline[good=below],baseline/23,8,12,bad,toward_bad,False
baseline[good=below],baseline/23,9,12,bad,toward_good,False
baseline[good=below],baseline/23,10,12,bad,toward_good,False
baseline[good=below],baseline/23,11,12,bad,,True
baseline[good=above],baseline/32,0,26,bad,toward_bad,False
baseline[good=above],baseline/32,1,26,bad,toward_bad,False
baseline[good=above],baseline/32,2,26,bad,toward_good,False
baseline[good=above],baseline/32,3,26,bad,toward_good,False
baseline[good=above],baseline/32,4,26,bad,toward_bad,False
baseline[good=above],baseline/32,5,26,bad,toward_bad,False
baseline[good=above],baseline/32,6,26,bad,toward_bad,False
baseline[good=above],baseline/32,7,26,bad,toward_good,False
baseline[good=above],baseline/32,8,26,bad,toward_bad,False
baseline[good=above],baseline/32,9,26,bad,toward_bad,False
baseline[good=above],baseline/32,10,26,bad,toward_good,False
baseline[good=above],baseline/32,11,26,bad,toward_bad,False
baseline[good=above],baseline/32,12,26,bad,toward_bad,False
baseline[good=above],baseline/32,13,26,bad,toward_good,False
baseline[good=above],baseline/32,14,26,bad,toward_good,False
baseline[good=above],baseline/32,15,26,bad,toward_bad,False
baseline[good=above],baseline/32,16,26,bad,toward_good,False
baseline[good=above],baseline/32,17,26,bad,toward_good,False
baseline[good=above],baseline/32,18,26,bad,toward_good,False
baseline[good=above],baseline/32,19,26,bad,toward_bad,False
baseline[good=above],baseline/32,20,26,bad,toward_good,False
baseline[good=above],baseline/32,21,26,bad,toward_bad,False
baseline[good=above],baseline/32,22,26,bad,toward_bad,False
baseline[good=above],baseline/32,23,26,bad,toward_bad,False
baseline[good=above],baseline/32,24,26,bad,toward_bad,False
baseline[good=above],baseline/32,25,26,bad,,True
baseline[good=below],baseline/32,0,26,good,toward_good,False
baseline[good=below],baseline/32,1,26,good,toward_good,False
baseline[good=below],baseline/32,2,26,good,toward_bad,False
baseline[good=below],baseline/32,3,26,good,toward_bad,False
baseline[good=below],baseline/32,4,26,good,toward_good,False
baseline[good=below],baseline/32,5,26,good,toward_good,False
baseline[good=below],baseline/32,6,26,good,toward_good,False
baseline[good=below],baseline/32,7,26,good,toward_bad,False
baseline[good=below],baseline/32,8,26,good,toward_good,False
baseline[good=below],baseline/32,9,26,good,toward_good,False
baseline[good=below],baseline/32,10,26,good,toward_bad,False
baseline[good=below],baseline/32,11,26,good,toward_good,False
baseline[good=below],baseline/32,12,26,good,toward_good,False
baseline[good=below],baseline/32,13,26,good,toward_bad,False
baseline[good=below],baseline/32,14,26,good,toward_bad,False
baseline[good=below],baseline/32,15,26,good,toward_good,False
baseline[good=below],baseline/32,16,26,good,toward_bad,False
baseline[good=below],baseline/32,17,26,good,toward_bad,False
baseline[good=below],baseline/32,18,26,good,toward_bad,False
baseline[good=below],baseline/32,19,26,good,toward_good,False
baseline[good=below],baseline/32,20,26,good,toward_bad,False
baseline[good=below],baseline/32,21,26,good,toward_good,False
baseline[good=below],baseline/32,22,26,good,toward_good,False
baseline[good=below],baseline/32,23,26,good,toward_good,False
baseline[good=below],baseline/32,24,26,good,toward_good,False
baseline[good=below],baseline/32,25,26,good,,True
baseline[good=above],baseline/34,0,36,bad,toward_good,False
baseline[good=above],baseline/34,1,36,good,toward_bad,False
baseline[good=above],baseline/34,2,36,good,toward_good,False
baseline[good=above],baseline/34,3,36,good,toward_good,False
baseline[good=above],baseline/34,4,36,good,toward_good,False
baseline[good=above],baseline/34,5,36,good,toward_bad,False
baseline[good=above],baseline/34,6,36,good,toward_bad,False
baseline[good=above],baseline/34,7,36,good,toward_good,False
baseline[good=above],baseline/34,8,36,good,toward_good,False
baseline[good=above],baseline/34,9,36,good,toward_good,False
baseline[good=above],baseline/34,10,36,good,toward_bad,False
baseline[good=above],baseline/34,11,36,good,toward_bad,False
baseline[good=above],baseline/34,12,36,good,toward_good,False
baseline[good=above],baseline/34,13,36,good,toward_bad,False
baseline[good=above],baseline/34,14,36,good,same,False
baseline[good=above],baseline/34,15,36,good,toward_good,False
baseline[good=above],baseline/34,16,36,good,toward_good,False
baseline[good=above],baseline/34,17,36,good,toward_bad,False
baseline[good=above],baseline/34,18,36,good,toward_bad,False
baseline[good=above],baseline/34,19,36,good,toward_good,False
baseline[good=above],baseline/34,20,36,good,toward_good,False
baseline[good=above],baseline/34,21,36,good,toward_bad,False
baseline[good=above],baseline/34,22,36,good,toward_good,False
baseline[good=above],baseline/34,23,36,good,toward_bad,False
baseline[good=above],baseline/34,24,36,good,toward_good,False
baseline[good=above],baseline/34,25,36,good,toward_good,False
baseline[good=above],baseline/34,26,36,good,toward_good,False
baseline[good=above],baseline/34,27,36,good,toward_bad,False
baseline[good=above],baseline/34,28,36,good,toward_good,False
baseline[good=above],baseline/34,29,36,good,toward_bad,False
baseline[good=above],baseline/34,30,36,good,toward_bad,False
baseline[good=above],baseline/34,31,36,good,toward_good,False
baseline[good=above],baseline/34,32,36,good,toward_good,False
baseline[good=above],baseline/34,33,36,good,toward_bad,False
baseline[good=above],baseline/34,34,36,good,toward_bad,False
baseline[good=above],baseline/34,35,36,good,,True
baseline[good=below],baseline/34,0,36,good,toward_bad,False
baseline[good=below],baseline/34,1,36,bad,toward_good,False
baseline[good=below],baseline/34,2,36,bad,toward_bad,False
baseline[good=below],baseline/34,3,36,bad,toward_bad,False
baseline[good=below],baseline/34,4,36,bad,toward_bad,False
baseline[good=below],baseline/34,5,36,bad,toward_good,False
baseline[good=below],baseline/34,6,36,bad,toward_good,False
baseline[good=below],baseline/34,7,36,bad,toward_bad,False
baseline[good=below],baseline/34,8,36,bad,toward_bad,False
baseline[good=below],baseline/34,9,36,bad,toward_bad,False
baseline[good=below],baseline/34,10,36,bad,toward_good,False
baseline[good=below],baseline/34,11,36,bad,toward_good,False
baseline[good=below],baseline/34,12,36,bad,toward_bad,False
baseline[good=below],baseline/34,13,36,bad,toward_good,False
baseline[good=below],baseline/34,14,36,bad,same,False
baseline[good=below],baseline/34,15,36,bad,toward_bad,False
baseline[good=below],baseline/34,16,36,bad,toward_bad,False
baseline[good=below],baseline/34,17,36,bad,toward_good,False
baseline[good=below],baseline/34,18,36,bad,toward_good,False
baseline[good=below],baseline/34,19,36,bad,toward_bad,False
baseline[good=below],baseline/34,20,36,bad,toward_bad,False
baseline[good=below],baseline/34,21,36,bad,toward_good,False
baseline[good=below],baseline/34,22,36,bad,toward_bad,False
baseline[good=below],baseline/34,23,36,bad,toward_good,False
baseline[good=below],baseline/34,24,36,bad,toward_bad,False
baseline[good=below],baseline/34,25,36,bad,toward_bad,False
baseline[good=below],baseline/34,26,36,bad,toward_bad,False
baseline[good=below],baseline/34,27,36,bad,toward_good,False
baseline[good=below],baseline/34,28,36,bad,toward_bad,False
baseline[good=below],baseline/34,29,36,bad,toward_good,False
baseline[good=below],baseline/34,30,36,bad,toward_good,False
baseline[good=below],baseline/34,31,36,bad,toward_bad,False
baseline[good=below],baseline/34,32,36,bad,toward_bad,False
baseline[good=below],baseline/34,33,36,bad,toward_good,False
baseline[good=below],baseline/34,34,36,bad,toward_good,False
baseline[good=below],baseline/34,35,36,bad,,True
baseline[good=above],baseline/35,0,9,good,toward_bad,False
baseline[good=above],baseline/35,1,9,bad,toward_good,False
baseline[good=above],baseline/35,2,9,bad,toward_bad,False
baseline[good=above],baseline/35,3,9,bad,toward_good,False
baseline[good=above],baseline/35,4,9,bad,toward_bad,False
baseline[good=above],baseline/35,5,9,bad,toward_good,False
baseline[good=above],baseline/35,6,9,bad,toward_good,False
baseline[good=above],baseline/35,7,9,bad,toward_bad,False
baseline[good=above],baseline/35,8,9,bad,,True
baseline[good=below],baseline/35,0,9,bad,toward_good,False
baseline[good=below],baseline/35,1,9,good,toward_bad,False
baseline[good=below],baseline/35,2,9,good,toward_good,False
baseline[good=below],baseline/35,3,9,good,toward_bad,False
baseline[good=below],baseline/35,4,9,good,toward_good,False
baseline[good=below],baseline/35,5,9,good,toward_bad,False
baseline[good=below],baseline/35,6,9,good,toward_bad,False
baseline[good=below],baseline/35,7,9,good,toward_good,False
baseline[good=below],baseline/35,8,9,good,,True
baseline[good=above],baseline/36,0,21,good,toward_bad,False
baseline[good=above],baseline/36,1,21,good,toward_good,False
baseline[good=above],baseline/36,2,21,good,toward_bad,False
baseline[good=above],baseline/36,3,21,good,toward_good,False
baseline[good=above],baseline/36,4,21,good,toward_good,False
baseline[good=above],baseline/36,5,21,good,toward_good,False
baseline[good=above],baseline/36,6,21,good,toward_bad,False
baseline[good=above],baseline/36,7,21,good,toward_bad,False
baseline[good=above],baseline/36,8,21,good,toward_good,False
baseline[good=above],baseline/36,9,21,good,toward_bad,False
baseline[good=above],baseline/36,10,21,good,toward_good,False
baseline[good=above],baseline/36,11,21,good,toward_good,False
baseline[good=above],baseline/36,12,21,good,toward_bad,False
baseline[good=above],baseline/36,13,21,good,toward_bad,False
baseline[good=above],baseline/36,14,21,good,toward_bad,False
baseline[good=above],baseline/36,15,21,good,toward_good,False
baseline[good=above],baseline/36,16,21,good,toward_good,False
baseline[good=above],baseline/36,17,21,good,toward_bad,False
baseline[good=above],baseline/36,18,21,good,toward_good,False
baseline[good=above],baseline/36,19,21,good,toward_good,False
baseline[good=above],baseline/36,20,21,good,,True
baseline[good=below],baseline/36,0,21,bad,toward_good,False
baseline[good=below],baseline/36,1,21,bad,toward_bad,False
baseline[good=below],baseline/36,2,21,bad,toward_good,False
baseline[good=below],baseline/36,3,21,bad,toward_bad,False
baseline[good=below],baseline/36,4,21,bad,toward_bad,False
baseline[good=below],baseline/36,5,21,bad,toward_bad,False
baseline[good=below],baseline/36,6,21,bad,toward_good,False
baseline[good=below],baseline/36,7,21,bad,toward_good,False
baseline[good=below],baseline/36,8,21,bad,toward_bad,False
baseline[good=below],baseline/36,9,21,bad,toward_good,False
baseline[good=below],baseline/36,10,21,bad,toward_bad,False
baseline[good=below],baseline/36,11,21,bad,toward_bad,False
baseline[good=below],baseline/36,12,21,bad,toward_good,False
baseline[good=below],baseline/36,13,21,bad,toward_good,False
baseline[good=below],baseline/36,14,21,bad,toward_good,False
baseline[good=below],baseline/36,15,21,bad,toward_bad,False
baseline[good=below],baseline/36,16,21,bad,toward_bad,False
baseline[good=below],baseline/36,17,21,bad,toward_good,False
baseline[good=below],baseline/36,18,21,bad,toward_bad,False
baseline[good=below],baseline/36,19,21,bad,toward_bad,False
baseline[good=below],baseline/36,20,21,bad,,True
baseline[good=above],baseline/37,0,9,bad,toward_bad,False
baseline[good=above],baseline/37,1,9,bad,toward_good,False
baseline[good=above],baseline/37,2,9,bad,toward_bad,False
baseline[good=above],baseline/37,3,9,bad,toward_good,False
baseline[good=above],baseline/37,4,9,bad,toward_bad,False
baseline[good=above],baseline/37,5,9,bad,toward_good,False
baseline[good=above],baseline/37,6,9,bad,toward_bad,False
baseline[good=above],baseline/37,7,9,bad,toward_bad,False
baseline[good=above],baseline/37,8,9,bad,,True
baseline[good=below],baseline/37,0,9,good,toward_good,False
baseline[good=below],baseline/37,1,9,good,toward_bad,False
baseline[good=below],baseline/37,2,9,good,toward_good,False
baseline[good=below],baseline/37,3,9,good,toward_bad,False
baseline[good=below],baseline/37,4,9,good,toward_good,False
baseline[good=below],baseline/37,5,9,good,toward_bad,False
baseline[good=below],baseline/37,6,9,good,toward_good,False
baseline[good=below],baseline/37,7,9,good,toward_good,False
baseline[good=below],baseline/37,8,9,good,,True
baseline[good=above],baseline/40,0,6,good,toward_bad,False
baseline[good=above],baseline/40,1,6,good,toward_good,False
baseline[good=above],baseline/40,2,6,good,toward_bad,False
baseline[good=above],baseline/40,3,6,good,toward_bad,False
baseline[good=above],baseline/40,4,6,good,toward_bad,False
baseline[good=above],baseline/40,5,6,good,,True
baseline[good=below],baseline/40,0,6,bad,toward_good,False
baseline[good=below],baseline/40,1,6,bad,toward_bad,False
baseline[good=below],baseline/40,2,6,bad,toward_good,False
baseline[good=below],baseline/40,3,6,bad,toward_good,False
baseline[good=below],baseline/40,4,6,bad,toward_good,False
baseline[good=below],baseline/40,5,6,bad,,True
baseline[good=above],baseline/41,0,1,good,,True
baseline[good=below],baseline/41,0,1,bad,,True
baseline[good=above],baseline/42,0,15,bad,toward_bad,False
baseline[good=above],baseline/42,1,15,bad,toward_good,False
baseline[good=above],baseline/42,2,15,bad,toward_good,False
baseline[good=above],baseline/42,3,15,bad,toward_good,False
baseline[good=above],baseline/42,4,15,good,toward_bad,False
baseline[good=above],baseline/42,5,15,bad,toward_good,False
baseline[good=above],baseline/42,6,15,bad,toward_good,False
baseline[good=above],baseline/42,7,15,bad,toward_bad,False
baseline[good=above],baseline/42,8,15,bad,toward_good,False
baseline[good=above],baseline/42,9,15,bad,toward_good,False
baseline[good=above],baseline/42,10,15,bad,toward_bad,False
baseline[good=above],baseline/42,11,15,bad,toward_good,False
baseline[good=above],baseline/42,12,15,good,toward_bad,False
baseline[good=above],baseline/42,13,15,bad,toward_bad,False
baseline[good=above],baseline/42,14,15,bad,,True
baseline[good=below],baseline/42,0,15,good,toward_good,False
baseline[good=below],baseline/42,1,15,good,toward_bad,False
baseline[good=below],baseline/42,2,15,good,toward_bad,False
baseline[good=below],baseline/42,3,15,good,toward_bad,False
baseline[good=below],baseline/42,4,15,bad,toward_good,False
baseline[good=below],baseline/42,5,15,good,toward_bad,False
baseline[good=below],baseline/42,6,15,good,toward_bad,False
baseline[good=below],baseline/42,7,15,good,toward_good,False
baseline[good=below],baseline/42,8,15,good,toward_bad,False
baseline[good=below],baseline/42,9,15,good,toward_bad,False
baseline[good=below],baseline/42,10,15,good,toward_good,False
baseline[good=below],baseline/42,11,15,good,toward_bad,False
baseline[good=below],baseline/42,12,15,bad,toward_good,False
baseline[good=below],baseline/42,13,15,good,toward_good,False
baseline[good=below],baseline/42,14,15,good,,True
baseline[good=above],baseline/44,0,59,good,toward_good,False
baseline[good=above],baseline/44,1,59,good,toward_good,False
baseline[good=above],baseline/44,2,59,good,toward_bad,False
baseline[good=above],baseline/44,3,59,good,toward_good,False
baseline[good=above],baseline/44,4,59,good,toward_good,False
baseline[good=above],baseline/44,5,59,good,toward_good,False
baseline[good=above],baseline/44,6,59,good,toward_bad,False
baseline[good=above],baseline/44,7,59,good,toward_good,False
baseline[good=above],baseline/44,8,59,good,toward_good,False
baseline[good=above],baseline/44,9,59,good,toward_bad,False
baseline[good=above],baseline/44,10,59,good,toward_bad,False
baseline[good=above],baseline/44,11,59,good,toward_good,False
baseline[good=above],baseline/44,12,59,good,toward_good,False
baseline[good=above],baseline/44,13,59,good,toward_bad,False
baseline[good=above],baseline/44,14,59,good,toward_bad,False
baseline[good=above],baseline/44,15,59,good,toward_good,False
baseline[good=above],baseline/44,16,59,good,toward_bad,False
baseline[good=above],baseline/44,17,59,good,toward_bad,False
baseline[good=above],baseline/44,18,59,good,toward_good,False
baseline[good=above],baseline/44,19,59,good,toward_bad,False
baseline[good=above],baseline/44,20,59,good,toward_good,False
baseline[good=above],baseline/44,21,59,good,toward_bad,False
baseline[good=above],baseline/44,22,59,good,toward_good,False
baseline[good=above],baseline/44,23,59,good,toward_good,False
baseline[good=above],baseline/44,24,59,good,toward_good,False
baseline[good=above],baseline/44,25,59,good,toward_bad,False
baseline[good=above],baseline/44,26,59,good,toward_bad,False
baseline[good=above],baseline/44,27,59,good,toward_bad,False
baseline[good=above],baseline/44,28,59,good,toward_good,False
baseline[good=above],baseline/44,29,59,good,toward_good,False
baseline[good=above],baseline/44,30,59,good,toward_good,False
baseline[good=above],baseline/44,31,59,good,toward_good,False
baseline[good=above],baseline/44,32,59,good,toward_bad,False
baseline[good=above],baseline/44,33,59,good,toward_good,False
baseline[good=above],baseline/44,34,59,good,toward_good,False
baseline[good=above],baseline/44,35,59,good,toward_good,False
baseline[good=above],baseline/44,36,59,good,toward_bad,False
baseline[good=above],baseline/44,37,59,good,toward_good,False
baseline[good=above],baseline/44,38,59,good,toward_good,False
baseline[good=above],baseline/44,39,59,good,toward_good,False
baseline[good=above],baseline/44,40,59,good,toward_good,False
baseline[good=above],baseline/44,41,59,good,toward_bad,False
baseline[good=above],baseline/44,42,59,good,toward_good,False
baseline[good=above],baseline/44,43,59,good,toward_bad,False
baseline[good=above],baseline/44,44,59,good,toward_good,False
baseline[good=above],baseline/44,45,59,good,toward_bad,False
baseline[good=above],baseline/44,46,59,good,toward_bad,False
baseline[good=above],baseline/44,47,59,good,toward_good,False
baseline[good=above],baseline/44,48,59,good,toward_good,False
baseline[good=above],baseline/44,49,59,good,toward_bad,False
baseline[good=above],baseline/44,50,59,good,toward_bad,False
baseline[good=above],baseline/44,51,59,good,toward_good,False
baseline[good=above],baseline/44,52,59,good,toward_good,False
baseline[good=above],baseline/44,53,59,good,toward_bad,False
baseline[good=above],baseline/44,54,59,good,toward_bad,False
baseline[good=above],baseline/44,55,59,good,toward_good,False
baseline[good=above],baseline/44,56,59,good,toward_bad,False
baseline[good=above],baseline/44,57,59,good,toward_good,False
baseline[good=above],baseline/44,58,59,good,,True
baseline[good=below],baseline/44,0,59,bad,toward_bad,False
baseline[good=below],baseline/44,1,59,bad,toward_bad,False
baseline[good=below],baseline/44,2,59,bad,toward_good,False
baseline[good=below],baseline/44,3,59,bad,toward_bad,False
baseline[good=below],baseline/44,4,59,bad,toward_bad,False
baseline[good=below],baseline/44,5,59,bad,toward_bad,False
baseline[good=below],baseline/44,6,59,bad,toward_good,False
baseline[good=below],baseline/44,7,59,bad,toward_bad,False
baseline[good=below],baseline/44,8,59,bad,toward_bad,False
baseline[good=below],baseline/44,9,59,bad,toward_good,False
baseline[good=below],baseline/44,10,59,bad,toward_good,False
baseline[good=below],baseline/44,11,59,bad,toward_bad,False
baseline[good=below],baseline/44,12,59,bad,toward_bad,False
baseline[good=below],baseline/44,13,59,bad,toward_good,False
baseline[good=below],baseline/44,14,59,bad,toward_good,False
baseline[good=below],baseline/44,15,59,bad,toward_bad,False
baseline[good=below],baseline/44,16,59,bad,toward_good,False
baseline[good=below],baseline/44,17,59,bad,toward_good,False
baseline[good=below],baseline/44,18,59,bad,toward_bad,False
baseline[good=below],baseline/44,19,59,bad,toward_good,False
baseline[good=below],baseline/44,20,59,bad,toward_bad,False
baseline[good=below],baseline/44,21,59,bad,toward_good,False
baseline[good=below],baseline/44,22,59,bad,toward_bad,False
baseline[good=below],baseline/44,23,59,bad,toward_bad,False
baseline[good=below],baseline/44,24,59,bad,toward_bad,False
baseline[good=below],baseline/44,25,59,bad,toward_good,False
baseline[good=below],baseline/44,26,59,bad,toward_good,False
baseline[good=below],baseline/44,27,59,bad,toward_good,False
baseline[good=below],baseline/44,28,59,bad,toward_bad,False
baseline[good=below],baseline/44,29,59,bad,toward_bad,False
baseline[good=below],baseline/44,30,59,bad,toward_bad,False
baseline[good=below],baseline/44,31,59,bad,toward_bad,False
baseline[good=below],baseline/44,32,59,bad,toward_good,False
baseline[good=below],baseline/44,33,59,bad,toward_bad,False
baseline[good=below],baseline/44,34,59,bad,toward_bad,False
baseline[good=below],baseline/44,35,59,bad,toward_bad,False
baseline[good=below],baseline/44,36,59,bad,toward_good,False
baseline[good=below],baseline/44,37,59,bad,toward_bad,False
baseline[good=below],baseline/44,38,59,bad,toward_bad,False
baseline[good=below],baseline/44,39,59,bad,toward_bad,False
baseline[good=below],baseline/44,40,59,bad,toward_bad,False
baseline[good=below],baseline/44,41,59,bad,toward_good,False
baseline[good=below],baseline/44,42,59,bad,toward_bad,False
baseline[good=below],baseline/44,43,59,bad,toward_good,False
baseline[good=below],baseline/44,44,59,bad,toward_bad,False
baseline[good=below],baseline/44,45,59,bad,toward_good,False
baseline[good=below],baseline/44,46,59,bad,toward_good,False
baseline[good=below],baseline/44,47,59,bad,toward_bad,False
baseline[good=below],baseline/44,48,59,bad,toward_bad,False
baseline[good=below],baseline/44,49,59,bad,toward_good,False
baseline[good=below],baseline/44,50,59,bad,toward_good,False
baseline[good=below],baseline/44,51,59,bad,toward_bad,False
baseline[good=below],baseline/44,52,59,bad,toward_bad,False
baseline[good=below],baseline/44,53,59,bad,toward_good,False
baseline[good=below],baseline/44,54,59,bad,toward_good,False
baseline[good=below],baseline/44,55,59,bad,toward_bad,False
baseline[good=below],baseline/44,56,59,bad,toward_good,False
baseline[good=below],baseline/44,57,59,bad,toward_bad,False
baseline[good=below],baseline/44,58,59,bad,,True
baseline[good=above],baseline/45,0,6,bad,toward_good,False
baseline[good=above],baseline/45,1,6,good,toward_good,False
baseline[good=above],baseline/45,2,6,good,toward_good,False
baseline[good=above],baseline/45,3,6,good,toward_bad,False
baseline[good=above],baseline/45,4,6,good,toward_good,False
baseline[good=above],baseline/45,5,6,good,,True
baseline[good=below],baseline/45,0,6,good,toward_bad,False
baseline[good=below],baseline/45,1,6,bad,toward_bad,False
baseline[good=below],baseline/45,2,6,bad,toward_bad,False
baseline[good=below],baseline/45,3,6,bad,toward_good,False
baseline[good=below],baseline/45,4,6,bad,toward_bad,False
baseline[good=below],baseline/45,5,6,bad,,True
baseline[good=above],baseline/46,0,31,good,toward_bad,False
baseline[good=above],baseline/46,1,31,good,toward_bad,False
baseline[good=above],baseline/46,2,31,good,toward_good,False
baseline[good=above],baseline/46,3,31,good,toward_good,False
baseline[good=above],baseline/46,4,31,good,toward_bad,False
baseline[good=above],baseline/46,5,31,good,toward_good,False
baseline[good=above],baseline/46,6,31,good,toward_bad,False
baseline[good=above],baseline/46,7,31,good,toward_good,False
baseline[good=above],baseline/46,8,31,good,toward_good,False
baseline[good=above],baseline/46,9,31,good,toward_bad,False
baseline[good=above],baseline/46,10,31,good,toward_bad,False
baseline[good=above],baseline/46,11,31,good,toward_bad,False
baseline[good=above],baseline/46,12,31,good,toward_good,False
baseline[good=above],baseline/46,13,31,good,toward_good,False
baseline[good=above],baseline/46,14,31,good,toward_bad,False
baseline[good=above],baseline/46,15,31,good,toward_bad,False
baseline[good=above],baseline/46,16,31,good,toward_good,False
baseline[good=above],baseline/46,17,31,good,toward_bad,False
baseline[good=above],baseline/46,18,31,good,toward_bad,False
baseline[good=above],baseline/46,19,31,good,toward_good,False
baseline[good=above],baseline/46,20,31,good,toward_bad,False
baseline[good=above],baseline/46,21,31,good,toward_bad,False
baseline[good=above],baseline/46,22,31,good,toward_bad,False
baseline[good=above],baseline/46,23,31,good,toward_good,False
baseline[good=above],baseline/46,24,31,good,toward_bad,False
baseline[good=above],baseline/46,25,31,good,toward_bad,False
baseline[good=above],baseline/46,26,31,good,toward_good,False
baseline[good=above],baseline/46,27,31,good,toward_good,False
baseline[good=above],baseline/46,28,31,good,toward_good,False
baseline[good=above],baseline/46,29,31,good,toward_good,False
baseline[good=above],baseline/46,30,31,good,,True
baseline[good=below],baseline/46,0,31,bad,toward_good,False
baseline[good=below],baseline/46,1,31,bad,toward_good,False
baseline[good=below],baseline/46,2,31,bad,toward_bad,False
baseline[good=below],baseline/46,3,31,bad,toward_bad,False
baseline[good=below],baseline/46,4,31,bad,toward_good,False
baseline[good=below],baseline/46,5,31,bad,toward_bad,False
baseline[good=below],baseline/46,6,31,bad,toward_good,False
baseline[good=below],baseline/46,7,31,bad,toward_bad,False
baseline[good=below],baseline/46,8,31,bad,toward_bad,False
baseline[good=below],baseline/46,9,31,bad,toward_good,False
baseline[good=below],baseline/46,10,31,bad,toward_good,False
baseline[good=below],baseline/46,11,31,bad,toward_good,False
baseline[good=below],baseline/46,12,31,bad,toward_bad,False
baseline[good=below],baseline/46,13,31,bad,toward_bad,False
baseline[good=below],baseline/46,14,31,bad,toward_good,False
baseline[good=below],baseline/46,15,31,bad,toward_good,False
baseline[good=below],baseline/46,16,31,bad,toward_bad,False
baseline[good=below],baseline/46,17,31,bad,toward_good,False
baseline[good=below],baseline/46,18,31,bad,toward_good,False
baseline[good=below],baseline/46,19,31,bad,toward_bad,False
baseline[good=below],baseline/46,20,31,bad,toward_good,False
baseline[good=below],baseline/46,21,31,bad,toward_good,False
baseline[good=below],baseline/46,22,31,bad,toward_good,False
baseline[good=below],baseline/46,23,31,bad,toward_bad,False
baseline[good=below],baseline/46,24,31,bad,toward_good,False
baseline[good=below],baseline/46,25,31,bad,toward_good,False
baseline[good=below],baseline/46,26,31,bad,toward_bad,False
baseline[good=below],baseline/46,27,31,bad,toward_bad,False
baseline[good=below],baseline/46,28,31,bad,toward_bad,False
baseline[good=below],baseline/46,29,31,bad,toward_bad,False
baseline[good=below],baseline/46,30,31,bad,,True
baseline[good=above],baseline/48,0,1,good,,True
baseline[good=below],baseline/48,0,1,bad,,True
baseline[good=above],baseline/49,0,5,good,toward_bad,False
baseline[good=above],baseline/49,1,5,good,toward_good,False
baseline[good=above],baseline/49,2,5,good,toward_good,False
baseline[good=above],baseline/49,3,5,good,toward_good,False
baseline[good=above],baseline/49,4,5,good,,True
baseline[good=below],baseline/49,0,5,bad,toward_good,False
baseline[good=below],baseline/49,1,5,bad,toward_bad,False
baseline[good=below],baseline/49,2,5,bad,toward_bad,False
baseline[good=below],baseline/49,3,5,bad,toward_bad,False
baseline[good=below],baseline/49,4,5,bad,,True
baseline[good=above],baseline/51,0,12,good,toward_good,False
baseline[good=above],baseline/51,1,12,good,toward_bad,False
baseline[good=above],baseline/51,2,12,good,toward_bad,False
baseline[good=above],baseline/51,3,12,good,toward_bad,False
baseline[good=above],baseline/51,4,12,good,toward_bad,False
baseline[good=above],baseline/51,5,12,good,toward_bad,False
baseline[good=above],baseline/51,6,12,good,toward_bad,False
baseline[good=above],baseline/51,7,12,good,toward_bad,False
baseline[good=above],baseline/51,8,12,good,toward_bad,False
baseline[good=above],baseline/51,9,12,good,toward_bad,False
baseline[good=above],baseline/51,10,12,good,toward_bad,False
baseline[good=above],baseline/51,11,12,good,,True
baseline[good=below],baseline/51,0,12,bad,toward_bad,False
baseline[good=below],baseline/51,1,12,bad,toward_good,False
baseline[good=below],baseline/51,2,12,bad,toward_good,False
baseline[good=below],baseline/51,3,12,bad,toward_good,False
baseline[good=below],baseline/51,4,12,bad,toward_good,False
baseline[good=below],baseline/51,5,12,bad,toward_good,False
baseline[good=below],baseline/51,6,12,bad,toward_good,False
baseline[good=below],baseline/51,7,12,bad,toward_good,False
baseline[good=below],baseline/51,8,12,bad,toward_good,False
baseline[good=below],baseline/51,9,12,bad,toward_good,False
baseline[good=below],baseline/51,10,12,bad,toward_good,False
baseline[good=below],baseline/51,11,12,bad,,True
baseline[good=above],baseline/55,0,17,good,toward_good,False
baseline[good=above],baseline/55,1,17,good,toward_bad,False
baseline[good=above],baseline/55,2,17,good,toward_bad,False
baseline[good=above],baseline/55,3,17,good,toward_good,False
baseline[good=above],baseline/55,4,17,good,toward_bad,False
baseline[good=above],baseline/55,5,17,good,toward_bad,False
baseline[good=above],baseline/55,6,17,good,toward_good,False
baseline[good=above],baseline/55,7,17,good,toward_bad,False
baseline[good=above],baseline/55,8,17,good,toward_bad,False
baseline[good=above],baseline/55,9,17,good,toward_good,False
baseline[good=above],baseline/55,10,17,good,toward_bad,False
baseline[good=above],baseline/55,11,17,good,toward_good,False
baseline[good=above],baseline/55,12,17,good,toward_good,False
baseline[good=above],baseline/55,13,17,good,toward_good,False
baseline[good=above],baseline/55,14,17,good,toward_bad,False
baseline[good=above],baseline/55,15,17,good,toward_good,False
baseline[good=above],baseline/55,16,17,good,,True
baseline[good=below],baseline/55,0,17,bad,toward_bad,False
baseline[good=below],baseline/55,1,17,bad,toward_good,False
baseline[good=below],baseline/55,2,17,bad,toward_good,False
baseline[good=below],baseline/55,3,17,bad,toward_bad,False
baseline[good=below],baseline/55,4,17,bad,toward_good,False
baseline[good=below],baseline/55,5,17,bad,toward_good,False
baseline[good=below],baseline/55,6,17,bad,toward_bad,False
baseline[good=below],baseline/55,7,17,bad,toward_good,False
baseline[good=below],baseline/55,8,17,bad,toward_good,False
baseline[good=below],baseline/55,9,17,bad,toward_bad,False
baseline[good=below],baseline/55,10,17,bad,toward_good,False
baseline[good=below],baseline/55,11,17,bad,toward_bad,False
baseline[good=below],baseline/55,12,17,bad,toward_bad,False
baseline[good=below],baseline/55,13,17,bad,toward_bad,False
baseline[good=below],baseline/55,14,17,bad,toward_good,False
baseline[good=below],baseline/55,15,17,bad,toward_bad,False
baseline[good=below],baseline/55,16,17,bad,,True
baseline[good=above],baseline/60,0,33,bad,toward_good,False
baseline[good=above],baseline/60,1,33,bad,toward_bad,False
baseline[good=above],baseline/60,2,33,bad,toward_good,False
baseline[good=above],baseline/60,3,33,good,toward_bad,False
baseline[good=above],baseline/60,4,33,bad,toward_good,False
baseline[good=above],baseline/60,5,33,bad,toward_bad,False
baseline[good=above],baseline/60,6,33,bad,toward_good,False
baseline[good=above],baseline/60,7,33,bad,toward_bad,False
baseline[good=above],baseline/60,8,33,bad,toward_bad,False
baseline[good=above],baseline/60,9,33,bad,toward_good,False
baseline[good=above],baseline/60,10,33,bad,toward_bad,False
baseline[good=above],baseline/60,11,33,bad,toward_bad,False
baseline[good=above],baseline/60,12,33,bad,toward_good,False
baseline[good=above],baseline/60,13,33,bad,toward_good,False
baseline[good=above],baseline/60,14,33,bad,toward_bad,False
baseline[good=above],baseline/60,15,33,bad,toward_bad,False
baseline[good=above],baseline/60,16,33,bad,toward_bad,False
baseline[good=above],baseline/60,17,33,bad,toward_bad,False
baseline[good=above],baseline/60,18,33,bad,toward_bad,False
baseline[good=above],baseline/60,19,33,bad,toward_good,False
baseline[good=above],baseline/60,20,33,bad,toward_good,False
baseline[good=above],baseline/60,21,33,bad,toward_bad,False
baseline[good=above],baseline/60,22,33,bad,toward_bad,False
baseline[good=above],baseline/60,23,33,bad,toward_good,False
baseline[good=above],baseline/60,24,33,bad,toward_good,False
baseline[good=above],baseline/60,25,33,bad,toward_good,False
baseline[good=above],baseline/60,26,33,bad,toward_bad,False
baseline[good=above],baseline/60,27,33,bad,toward_good,False
baseline[good=above],baseline/60,28,33,bad,toward_bad,False
baseline[good=above],baseline/60,29,33,bad,toward_good,False
baseline[good=above],baseline/60,30,33,bad,toward_bad,False
baseline[good=above],baseline/60,31,33,bad,toward_good,False
baseline[good=above],baseline/60,32,33,bad,,True
baseline[good=below],baseline/60,0,33,good,toward_bad,False
baseline[good=below],baseline/60,1,33,good,toward_good,False
baseline[good=below],baseline/60,2,33,good,toward_bad,False
baseline[good=below],baseline/60,3,33,bad,toward_good,False
baseline[good=below],baseline/60,4,33,good,toward_bad,False
baseline[good=below],baseline/60,5,33,good,toward_good,False
baseline[good=below],baseline/60,6,33,good,toward_bad,False
baseline[good=below],baseline/60,7,33,good,toward_good,False
baseline[good=below],baseline/60,8,33,good,toward_good,False
baseline[good=below],baseline/60,9,33,good,toward_bad,False
baseline[good=below],baseline/60,10,33,good,toward_good,False
baseline[good=below],baseline/60,11,33,good,toward_good,False
baseline[good=below],baseline/60,12,33,good,toward_bad,False
baseline[good=below],baseline/60,13,33,good,toward_bad,False
baseline[good=below],baseline/60,14,33,good,toward_good,False
baseline[good=below],baseline/60,15,33,good,toward_good,False
baseline[good=below],baseline/60,16,33,good,toward_good,False
baseline[good=below],baseline/60,17,33,good,toward_good,False
baseline[good=below],baseline/60,18,33,good,toward_good,False
baseline[good=below],baseline/60,19,33,good,toward_bad,False
baseline[good=below],baseline/60,20,33,good,toward_bad,False
baseline[good=below],baseline/60,21,33,good,toward_good,False
baseline[good=below],baseline/60,22,33,good,toward_good,False
baseline[good=below],baseline/60,23,33,good,toward_bad,False
baseline[good=below],baseline/60,24,33,good,toward_bad,False
baseline[good=below],baseline/60,25,33,good,toward_bad,False
baseline[good=below],baseline/60,26,33,good,toward_good,False
baseline[good=below],baseline/60,27,33,good,toward_bad,False
baseline[good=below],baseline/60,28,33,good,toward_good,False
baseline[good=below],baseline/60,29,33,good,toward_bad,False
baseline[good=below],baseline/60,30,33,good,toward_good,False
baseline[good=below],baseline/60,31,33,good,toward_bad,False
baseline[good=below],baseline/60,32,33,good,,True
baseline[good=above],baseline/62,0,11,bad,toward_bad,False
baseline[good=above],baseline/62,1,11,bad,toward_good,False
baseline[good=above],baseline/62,2,11,bad,toward_good,False
baseline[good=above],baseline/62,3,11,bad,toward_bad,False
baseline[good=above],baseline/62,4,11,bad,toward_good,False
baseline[good=above],baseline/62,5,11,bad,toward_bad,False
baseline[good=above],baseline/62,6,11,bad,same,False
baseline[good=above],baseline/62,7,11,bad,same,False
baseline[good=above],baseline/62,8,11,bad,toward_bad,False
baseline[good=above],baseline/62,9,11,bad,toward_bad,False
baseline[good=above],baseline/62,10,11,bad,,True
baseline[good=below],baseline/62,0,11,good,toward_good,False
baseline[good=below],baseline/62,1,11,good,toward_bad,False
baseline[good=below],baseline/62,2,11,good,toward_bad,False
baseline[good=below],baseline/62,3,11,good,toward_good,False
baseline[good=below],baseline/62,4,11,good,toward_bad,False
baseline[good=below],baseline/62,5,11,good,toward_good,False
baseline[good=below],baseline/62,6,11,good,same,False
baseline[good=below],baseline/62,7,11,good,same,False
baseline[good=below],baseline/62,8,11,good,toward_good,False
baseline[good=below],baseline/62,9,11,good,toward_good,False
baseline[good=below],baseline/62,10,11,good,,True
baseline[good=above],baseline/64,0,11,good,toward_good,False
baseline[good=above],baseline/64,1,11,good,toward_bad,False
baseline[good=above],baseline/64,2,11,good,toward_good,False
baseline[good=above],baseline/64,3,11,good,toward_good,False
baseline[good=above],baseline/64,4,11,good,toward_bad,False
baseline[good=above],baseline/64,5,11,good,toward_good,False
baseline[good=above],baseline/64,6,11,good,toward_bad,False
baseline[good=above],baseline/64,7,11,good,toward_good,False
baseline[good=above],baseline/64,8,11,good,toward_good,False
baseline[good=above],baseline/64,9,11,good,toward_bad,False
baseline[good=above],baseline/64,10,11,good,,True
baseline[good=below],baseline/64,0,11,bad,toward_bad,False
baseline[good=below],baseline/64,1,11,bad,toward_good,False
baseline[good=below],baseline/64,2,11,bad,toward_bad,False
baseline[good=below],baseline/64,3,11,bad,toward_bad,False
baseline[good=below],baseline/64,4,11,bad,toward_good,False
baseline[good=below],baseline/64,5,11,bad,toward_bad,False
baseline[good=below],baseline/64,6,11,bad,toward_good,False
baseline[good=below],baseline/64,7,11,bad,toward_bad,False
baseline[good=below],baseline/64,8,11,bad,toward_bad,False
baseline[good=below],baseline/64,9,11,bad,toward_good,False
baseline[good=below],baseline/64,10,11,bad,,True
baseline[good=above],baseline/66,0,5,good,toward_bad,False
baseline[good=above],baseline/66,1,5,good,toward_good,False
baseline[good=above],baseline/66,2,5,good,toward_good,False
baseline[good=above],baseline/66,3,5,good,toward_bad,False
baseline[good=above],baseline/66,4,5,good,,True
baseline[good=below],baseline/66,0,5,bad,toward_good,False
baseline[good=below],baseline/66,1,5,bad,toward_bad,False
baseline[good=below],baseline/66,2,5,bad,toward_bad,False
baseline[good=below],baseline/66,3,5,bad,toward_good,False
baseline[good=below],baseline/66,4,5,bad,,True
baseline[good=above],baseline/70,0,3,good,toward_good,False
baseline[good=above],baseline/70,1,3,good,toward_bad,False
baseline[good=above],baseline/70,2,3,good,,True
baseline[good=below],baseline/70,0,3,bad,toward_bad,False
baseline[good=below],baseline/70,1,3,bad,toward_good,False
baseline[good=below],baseline/70,2,3,bad,,True
baseline[good=above],baseline/71,0,11,good,toward_good,False
baseline[good=above],baseline/71,1,11,good,toward_bad,False
baseline[good=above],baseline/71,2,11,good,toward_good,False
baseline[good=above],baseline/71,3,11,good,toward_bad,False
baseline[good=above],baseline/71,4,11,good,toward_good,False
baseline[good=above],baseline/71,5,11,good,toward_good,False
baseline[good=above],baseline/71,6,11,good,same,False
baseline[good=above],baseline/71,7,11,good,toward_bad,False
baseline[good=above],baseline/71,8,11,good,toward_bad,False
baseline[good=above],baseline/71,9,11,good,toward_good,False
baseline[good=above],baseline/71,10,11,good,,True
baseline[good=below],baseline/71,0,11,bad,toward_bad,False
baseline[good=below],baseline/71,1,11,bad,toward_good,False
baseline[good=below],baseline/71,2,11,bad,toward_bad,False
baseline[good=below],baseline/71,3,11,bad,toward_good,False
baseline[good=below],baseline/71,4,11,bad,toward_bad,False
baseline[good=below],baseline/71,5,11,bad,toward_bad,False
baseline[good=below],baseline/71,6,11,bad,same,False
baseline[good=below],baseline/71,7,11,bad,toward_good,False
baseline[good=below],baseline/71,8,11,bad,toward_good,False
baseline[good=below],baseline/71,9,11,bad,toward_bad,False
baseline[good=below],baseline/71,10,11,bad,,True
baseline[good=above],baseline/72,0,15,good,toward_bad,False
baseline[good=above],baseline/72,1,15,good,toward_bad,False
baseline[good=above],baseline/72,2,15,good,toward_good,False
baseline[good=above],baseline/72,3,15,good,toward_bad,False
baseline[good=above],baseline/72,4,15,good,toward_good,False
baseline[good=above],baseline/72,5,15,good,toward_bad,False
baseline[good=above],baseline/72,6,15,good,toward_good,False
baseline[good=above],baseline/72,7,15,good,toward_good,False
baseline[good=above],baseline/72,8,15,good,toward_good,False
baseline[good=above],baseline/72,9,15,good,toward_bad,False
baseline[good=above],baseline/72,10,15,good,toward_bad,False
baseline[good=above],baseline/72,11,15,good,toward_good,False
baseline[good=above],baseline/72,12,15,good,toward_bad,False
baseline[good=above],baseline/72,13,15,good,toward_bad,False
baseline[good=above],baseline/72,14,15,good,,True
baseline[good=below],baseline/72,0,15,bad,toward_good,False
baseline[good=below],baseline/72,1,15,bad,toward_good,False
baseline[good=below],baseline/72,2,15,bad,toward_bad,False
baseline[good=below],baseline/72,3,15,bad,toward_good,False
baseline[good=below],baseline/72,4,15,bad,toward_bad,False
baseline[good=below],baseline/72,5,15,bad,toward_good,False
baseline[good=below],baseline/72,6,15,bad,toward_bad,False
baseline[good=below],baseline/72,7,15,bad,toward_bad,False
baseline[good=below],baseline/72,8,15,bad,toward_bad,False
baseline[good=below],baseline/72,9,15,bad,toward_good,False
baseline[good=below],baseline/72,10,15,bad,toward_good,False
baseline[good=below],baseline/72,11,15,bad,toward_bad,False
baseline[good=below],baseline/72,12,15,bad,toward_good,False
baseline[good=below],baseline/72,13,15,bad,toward_good,False
baseline[good=below],baseline/72,14,15,bad,,True
baseline[good=above],baseline/73,0,21,good,toward_good,False
baseline[good=above],baseline/73,1,21,good,toward_bad,False
baseline[good=above],baseline/73,2,21,good,toward_good,False
baseline[good=above],baseline/73,3,21,good,toward_good,False
baseline[good=above],baseline/73,4,21,good,toward_bad,False
baseline[good=above],baseline/73,5,21,good,toward_good,False
baseline[good=above],baseline/73,6,21,good,toward_good,False
baseline[good=above],baseline/73,7,21,good,toward_bad,False
baseline[good=above],baseline/73,8,21,good,toward_bad,False
baseline[good=above],baseline/73,9,21,good,toward_good,False
baseline[good=above],baseline/73,10,21,good,toward_bad,False
baseline[good=above],baseline/73,11,21,good,toward_good,False
baseline[good=above],baseline/73,12,21,good,toward_bad,False
baseline[good=above],baseline/73,13,21,good,toward_good,False
baseline[good=above],baseline/73,14,21,good,toward_good,False
baseline[good=above],baseline/73,15,21,good,toward_bad,False
baseline[good=above],baseline/73,16,21,good,toward_bad,False
baseline[good=above],baseline/73,17,21,good,toward_bad,False
baseline[good=above],baseline/73,18,21,good,toward_good,False
baseline[good=above],baseline/73,19,21,good,toward_bad,False
baseline[good=above],baseline/73,20,21,good,,True
baseline[good=below],baseline/73,0,21,bad,toward_bad,False
baseline[good=below],baseline/73,1,21,bad,toward_good,False
baseline[good=below],baseline/73,2,21,bad,toward_bad,False
baseline[good=below],baseline/73,3,21,bad,toward_bad,False
baseline[good=below],baseline/73,4,21,bad,toward_good,False
baseline[good=below],baseline/73,5,21,bad,toward_bad,False
baseline[good=below],baseline/73,6,21,bad,toward_bad,False
baseline[good=below],baseline/73,7,21,bad,toward_good,False
baseline[good=below],baseline/73,8,21,bad,toward_good,False
baseline[good=below],baseline/73,9,21,bad,toward_bad,False
baseline[good=below],baseline/73,10,21,bad,toward_good,False
baseline[good=below],baseline/73,11,21,bad,toward_bad,False
baseline[good=below],baseline/73,12,21,bad,toward_good,False
baseline[good=below],baseline/73,13,21,bad,toward_bad,False
baseline[good=below],baseline/73,14,21,bad,toward_bad,False
baseline[good=below],baseline/73,15,21,bad,toward_good,False
baseline[good=below],baseline/73,16,21,bad,toward_good,False
baseline[good=below],baseline/73,17,21,bad,toward_good,False
baseline[good=below],baseline/73,18,21,bad,toward_bad,False
baseline[good=below],baseline/73,19,21,bad,toward_good,False
baseline[good=below],baseline/73,20,21,bad,,True
baseline[good=above],baseline/74,0,35,good,toward_good,False
baseline[good=above],baseline/74,1,35,good,toward_bad,False
baseline[good=above],baseline/74,2,35,good,toward_good,False
baseline[good=above],baseline/74,3,35,good,toward_good,False
baseline[good=above],baseline/74,4,35,good,toward_good,False
baseline[good=above],baseline/74,5,35,good,toward_bad,False
baseline[good=above],baseline/74,6,35,good,toward_bad,False
baseline[good=above],baseline/74,7,35,good,toward_bad,False
baseline[good=above],baseline/74,8,35,good,toward_bad,False
baseline[good=above],baseline/74,9,35,good,toward_bad,False
baseline[good=above],baseline/74,10,35,good,toward_bad,False
baseline[good=above],baseline/74,11,35,good,toward_good,False
baseline[good=above],baseline/74,12,35,good,toward_bad,False
baseline[good=above],baseline/74,13,35,good,toward_bad,False
baseline[good=above],baseline/74,14,35,good,toward_bad,False
baseline[good=above],baseline/74,15,35,good,toward_bad,False
baseline[good=above],baseline/74,16,35,good,toward_good,False
baseline[good=above],baseline/74,17,35,good,toward_good,False
baseline[good=above],baseline/74,18,35,good,toward_good,False
baseline[good=above],baseline/74,19,35,good,toward_bad,False
baseline[good=above],baseline/74,20,35,good,toward_bad,False
baseline[good=above],baseline/74,21,35,good,toward_good,False
baseline[good=above],baseline/74,22,35,good,toward_good,False
baseline[good=above],baseline/74,23,35,good,toward_bad,False
baseline[good=above],baseline/74,24,35,good,toward_good,False
baseline[good=above],baseline/74,25,35,good,toward_good,False
baseline[good=above],baseline/74,26,35,good,toward_bad,False
baseline[good=above],baseline/74,27,35,good,toward_good,False
baseline[good=above],baseline/74,28,35,good,toward_good,False
baseline[good=above],baseline/74,29,35,good,toward_good,False
baseline[good=above],baseline/74,30,35,good,toward_bad,False
baseline[good=above],baseline/74,31,35,good,toward_good,False
baseline[good=above],baseline/74,32,35,good,toward_bad,False
baseline[good=above],baseline/74,33,35,good,toward_good,False
baseline[good=above],baseline/74,34,35,good,,True
baseline[good=below],baseline/74,0,35,bad,toward_bad,False
baseline[good=below],baseline/74,1,35,bad,toward_good,False
baseline[good=below],baseline/74,2,35,bad,toward_bad,False
baseline[good=below],baseline/74,3,35,bad,toward_bad,False
baseline[good=below],baseline/74,4,35,bad,toward_bad,False
baseline[good=below],baseline/74,5,35,bad,toward_good,False
baseline[good=below],baseline/74,6,35,bad,toward_good,False
baseline[good=below],baseline/74,7,35,bad,toward_good,False
baseline[good=below],baseline/74,8,35,bad,toward_good,False
baseline[good=below],baseline/74,9,35,bad,toward_good,False
baseline[good=below],baseline/74,10,35,bad,toward_good,False
baseline[good=below],baseline/74,11,35,bad,toward_bad,False
baseline[good=below],baseline/74,12,35,bad,toward_good,False
baseline[good=below],baseline/74,13,35,bad,toward_good,False
baseline[good=below],baseline/74,14,35,bad,toward_good,False
baseline[good=below],baseline/74,15,35,bad,toward_good,False
baseline[good=below],baseline/74,16,35,bad,toward_bad,False
baseline[good=below],baseline/74,17,35,bad,toward_bad,False
baseline[good=below],baseline/74,18,35,bad,toward_bad,False
baseline[good=below],baseline/74,19,35,bad,toward_good,False
baseline[good=below],baseline/74,20,35,bad,toward_good,False
baseline[good=below],baseline/74,21,35,bad,toward_bad,False
baseline[good=below],baseline/74,22,35,bad,toward_bad,False
baseline[good=below],baseline/74,23,35,bad,toward_good,False
baseline[good=below],baseline/74,24,35,bad,toward_bad,False
baseline[good=below],baseline/74,25,35,bad,toward_bad,False
baseline[good=below],baseline/74,26,35,bad,toward_good,False
baseline[good=below],baseline/74,27,35,bad,toward_bad,False
baseline[good=below],baseline/74,28,35,bad,toward_bad,False
baseline[good=below],baseline/74,29,35,bad,toward_bad,False
baseline[good=below],baseline/74,30,35,bad,toward_good,False
baseline[good=below],baseline/74,31,35,bad,toward_bad,False
baseline[good=below],baseline/74,32,35,bad,toward_good,False
baseline[good=below],baseline/74,33,35,bad,toward_bad,False
baseline[good=below],baseline/74,34,35,bad,,True
baseline[good=above],baseline/76,0,34,bad,toward_bad,False
baseline[good=above],baseline/76,1,34,bad,toward_good,False
baseline[good=above],baseline/76,2,34,bad,toward_bad,False
baseline[good=above],baseline/76,3,34,bad,toward_good,False
baseline[good=above],baseline/76,4,34,bad,toward_good,False
baseline[good=above],baseline/76,5,34,bad,toward_bad,False
baseline[good=above],baseline/76,6,34,bad,toward_good,False
baseline[good=above],baseline/76,7,34,bad,toward_bad,False
baseline[good=above],baseline/76,8,34,bad,toward_bad,False
baseline[good=above],baseline/76,9,34,bad,toward_good,False
baseline[good=above],baseline/76,10,34,bad,toward_bad,False
baseline[good=above],baseline/76,11,34,bad,toward_bad,False
baseline[good=above],baseline/76,12,34,bad,toward_good,False
baseline[good=above],baseline/76,13,34,bad,toward_good,False
baseline[good=above],baseline/76,14,34,bad,toward_bad,False
baseline[good=above],baseline/76,15,34,bad,toward_bad,False
baseline[good=above],baseline/76,16,34,bad,toward_bad,False
baseline[good=above],baseline/76,17,34,bad,toward_good,False
baseline[good=above],baseline/76,18,34,bad,toward_bad,False
baseline[good=above],baseline/76,19,34,bad,toward_bad,False
baseline[good=above],baseline/76,20,34,bad,toward_bad,False
baseline[good=above],baseline/76,21,34,bad,toward_bad,False
baseline[good=above],baseline/76,22,34,bad,toward_good,False
baseline[good=above],baseline/76,23,34,bad,toward_good,False
baseline[good=above],baseline/76,24,34,bad,toward_bad,False
baseline[good=above],baseline/76,25,34,bad,toward_good,False
baseline[good=above],baseline/76,26,34,bad,toward_good,False
baseline[good=above],baseline/76,27,34,bad,toward_bad,False
baseline[good=above],baseline/76,28,34,bad,toward_bad,False
baseline[good=above],baseline/76,29,34,bad,toward_bad,False
baseline[good=above],baseline/76,30,34,bad,toward_good,False
baseline[good=above],baseline/76,31,34,bad,toward_bad,False
baseline[good=above],baseline/76,32,34,bad,toward_good,False
baseline[good=above],baseline/76,33,34,bad,,True
baseline[good=below],baseline/76,0,34,good,toward_good,False
baseline[good=below],baseline/76,1,34,good,toward_bad,False
baseline[good=below],baseline/76,2,34,good,toward_good,False
baseline[good=below],baseline/76,3,34,good,toward_bad,False
baseline[good=below],baseline/76,4,34,good,toward_bad,False
baseline[good=below],baseline/76,5,34,good,toward_good,False
baseline[good=below],baseline/76,6,34,good,toward_bad,False
baseline[good=below],baseline/76,7,34,good,toward_good,False
baseline[good=below],baseline/76,8,34,good,toward_good,False
baseline[good=below],baseline/76,9,34,good,toward_bad,False
baseline[good=below],baseline/76,10,34,good,toward_good,False
baseline[good=below],baseline/76,11,34,good,toward_good,False
baseline[good=below],baseline/76,12,34,good,toward_bad,False
baseline[good=below],baseline/76,13,34,good,toward_bad,False
baseline[good=below],baseline/76,14,34,good,toward_good,False
baseline[good=below],baseline/76,15,34,good,toward_good,False
baseline[good=below],baseline/76,16,34,good,toward_good,False
baseline[good=below],baseline/76,17,34,good,toward_bad,False
baseline[good=below],baseline/76,18,34,good,toward_good,False
baseline[good=below],baseline/76,19,34,good,toward_good,False
baseline[good=below],baseline/76,20,34,good,toward_good,False
baseline[good=below],baseline/76,21,34,good,toward_good,False
baseline[good=below],baseline/76,22,34,good,toward_bad,False
baseline[good=below],baseline/76,23,34,good,toward_bad,False
baseline[good=below],baseline/76,24,34,good,toward_good,False
baseline[good=below],baseline/76,25,34,good,toward_bad,False
baseline[good=below],baseline/76,26,34,good,toward_bad,False
baseline[good=below],baseline/76,27,34,good,toward_good,False
baseline[good=below],baseline/76,28,34,good,toward_good,False
baseline[good=below],baseline/76,29,34,good,toward_good,False
baseline[good=below],baseline/76,30,34,good,toward_bad,False
baseline[good=below],baseline/76,31,34,good,toward_good,False
baseline[good=below],baseline/76,32,34,good,toward_bad,False
baseline[good=below],baseline/76,33,34,good,,True
baseline[good=above],baseline/83,0,22,good,toward_good,False
baseline[good=above],baseline/83,1,22,good,toward_bad,False
baseline[good=above],baseline/83,2,22,good,toward_bad,False
baseline[good=above],baseline/83,3,22,good,toward_good,False
baseline[good=above],baseline/83,4,22,good,toward_good,False
baseline[good=above],baseline/83,5,22,good,toward_bad,False
baseline[good=above],baseline/83,6,22,good,toward_good,False
baseline[good=above],baseline/83,7,22,good,toward_bad,False
baseline[good=above],baseline/83,8,22,good,toward_bad,False
baseline[good=above],baseline/83,9,22,good,toward_good,False
baseline[good=above],baseline/83,10,22,good,toward_good,False
baseline[good=above],baseline/83,11,22,good,toward_bad,False
baseline[good=above],baseline/83,12,22,good,toward_good,False
baseline[good=above],baseline/83,13,22,good,toward_bad,False
baseline[good=above],baseline/83,14,22,good,toward_bad,False
baseline[good=above],baseline/83,15,22,good,toward_bad,False
baseline[good=above],baseline/83,16,22,good,toward_good,False
baseline[good=above],baseline/83,17,22,good,toward_good,False
baseline[good=above],baseline/83,18,22,good,toward_bad,False
baseline[good=above],baseline/83,19,22,good,toward_good,False
baseline[good=above],baseline/83,20,22,good,toward_bad,False
baseline[good=above],baseline/83,21,22,good,,True
baseline[good=below],baseline/83,0,22,bad,toward_bad,False
baseline[good=below],baseline/83,1,22,bad,toward_good,False
baseline[good=below],baseline/83,2,22,bad,toward_good,False
baseline[good=below],baseline/83,3,22,bad,toward_bad,False
baseline[good=below],baseline/83,4,22,bad,toward_bad,False
baseline[good=below],baseline/83,5,22,bad,toward_good,False
baseline[good=below],baseline/83,6,22,bad,toward_bad,False
baseline[good=below],baseline/83,7,22,bad,toward_good,False
baseline[good=below],baseline/83,8,22,bad,toward_good,False
baseline[good=below],baseline/83,9,22,bad,toward_bad,False
baseline[good=below],baseline/83,10,22,bad,toward_bad,False
baseline[good=below],baseline/83,11,22,bad,toward_good,False
baseline[good=below],baseline/83,12,22,bad,toward_bad,False
baseline[good=below],baseline/83,13,22,bad,toward_good,False
baseline[good=below],baseline/83,14,22,bad,toward_good,False
baseline[good=below],baseline/83,15,22,bad,toward_good,False
baseline[good=below],baseline/83,16,22,bad,toward_bad,False
baseline[good=below],baseline/83,17,22,bad,toward_bad,False
baseline[good=below],baseline/83,18,22,bad,toward_good,False
baseline[good=below],baseline/83,19,22,bad,toward_bad,False
baseline[good=below],baseline/83,20,22,bad,toward_good,False
baseline[good=below],baseline/83,21,22,bad,,True
baseline[good=above],baseline/84,0,54,good,toward_bad,False
baseline[good=above],baseline/84,1,54,good,toward_good,False
baseline[good=above],baseline/84,2,54,good,toward_bad,False
baseline[good=above],baseline/84,3,54,good,toward_good,False
baseline[good=above],baseline/84,4,54,good,toward_good,False
baseline[good=above],baseline/84,5,54,good,toward_good,False
baseline[good=above],baseline/84,6,54,good,toward_good,False
baseline[good=above],baseline/84,7,54,good,toward_bad,False
baseline[good=above],baseline/84,8,54,good,toward_good,False
baseline[good=above],baseline/84,9,54,good,toward_good,False
baseline[good=above],baseline/84,10,54,good,toward_bad,False
baseline[good=above],baseline/84,11,54,good,toward_good,False
baseline[good=above],baseline/84,12,54,good,toward_bad,False
baseline[good=above],baseline/84,13,54,good,toward_bad,False
baseline[good=above],baseline/84,14,54,good,toward_bad,False
baseline[good=above],baseline/84,15,54,good,toward_good,False
baseline[good=above],baseline/84,16,54,good,toward_bad,False
baseline[good=above],baseline/84,17,54,good,toward_good,False
baseline[good=above],baseline/84,18,54,good,toward_good,False
baseline[good=above],baseline/84,19,54,good,toward_bad,False
baseline[good=above],baseline/84,20,54,good,toward_bad,False
baseline[good=above],baseline/84,21,54,good,toward_good,False
baseline[good=above],baseline/84,22,54,good,toward_good,False
baseline[good=above],baseline/84,23,54,good,toward_bad,False
baseline[good=above],baseline/84,24,54,good,toward_bad,False
baseline[good=above],baseline/84,25,54,good,toward_good,False
baseline[good=above],baseline/84,26,54,good,toward_good,False
baseline[good=above],baseline/84,27,54,good,toward_bad,False
baseline[good=above],baseline/84,28,54,good,toward_bad,False
baseline[good=above],baseline/84,29,54,good,toward_bad,False
baseline[good=above],baseline/84,30,54,good,toward_good,False
baseline[good=above],baseline/84,31,54,good,toward_bad,False
baseline[good=above],baseline/84,32,54,good,toward_good,False
baseline[good=above],baseline/84,33,54,good,toward_good,False
baseline[good=above],baseline/84,34,54,good,toward_good,False
baseline[good=above],baseline/84,35,54,good,toward_bad,False
baseline[good=above],baseline/84,36,54,good,toward_bad,False
baseline[good=above],baseline/84,37,54,good,toward_bad,False
baseline[good=above],baseline/84,38,54,good,toward_bad,False
baseline[good=above],baseline/84,39,54,good,toward_good,False
baseline[good=above],baseline/84,40,54,good,toward_good,False
baseline[good=above],baseline/84,41,54,good,toward_good,False
baseline[good=above],baseline/84,42,54,good,toward_good,False
baseline[good=above],baseline/84,43,54,good,toward_bad,False
baseline[good=above],baseline/84,44,54,good,toward_bad,False
baseline[good=above],baseline/84,45,54,good,toward_bad,False
baseline[good=above],baseline/84,46,54,good,toward_good,False
baseline[good=above],baseline/84,47,54,good,toward_good,False
baseline[good=above],baseline/84,48,54,good,toward_good,False
baseline[good=above],baseline/84,49,54,good,toward_good,False
baseline[good=above],baseline/84,50,54,good,toward_good,False
baseline[good=above],baseline/84,51,54,good,toward_good,False
baseline[good=above],baseline/84,52,54,good,toward_good,False
baseline[good=above],baseline/84,53,54,good,,True
baseline[good=below],baseline/84,0,54,bad,toward_good,False
baseline[good=below],baseline/84,1,54,bad,toward_bad,False
baseline[good=below],baseline/84,2,54,bad,toward_good,False
baseline[good=below],baseline/84,3,54,bad,toward_bad,False
baseline[good=below],baseline/84,4,54,bad,toward_bad,False
baseline[good=below],baseline/84,5,54,bad,toward_bad,False
baseline[good=below],baseline/84,6,54,bad,toward_bad,False
baseline[good=below],baseline/84,7,54,bad,toward_good,False
baseline[good=below],baseline/84,8,54,bad,toward_bad,False
baseline[good=below],baseline/84,9,54,bad,toward_bad,False
baseline[good=below],baseline/84,10,54,bad,toward_good,False
baseline[good=below],baseline/84,11,54,bad,toward_bad,False
baseline[good=below],baseline/84,12,54,bad,toward_good,False
baseline[good=below],baseline/84,13,54,bad,toward_good,False
baseline[good=below],baseline/84,14,54,bad,toward_good,False
baseline[good=below],baseline/84,15,54,bad,toward_bad,False
baseline[good=below],baseline/84,16,54,bad,toward_good,False
baseline[good=below],baseline/84,17,54,bad,toward_bad,False
baseline[good=below],baseline/84,18,54,bad,toward_bad,False
baseline[good=below],baseline/84,19,54,bad,toward_good,False
baseline[good=below],baseline/84,20,54,bad,toward_good,False
baseline[good=below],baseline/84,21,54,bad,toward_bad,False
baseline[good=below],baseline/84,22,54,bad,toward_bad,False
baseline[good=below],baseline/84,23,54,bad,toward_good,False
baseline[good=below],baseline/84,24,54,bad,toward_good,False
baseline[good=below],baseline/84,25,54,bad,toward_bad,False
baseline[good=below],baseline/84,26,54,bad,toward_bad,False
baseline[good=below],baseline/84,27,54,bad,toward_good,False
baseline[good=below],baseline/84,28,54,bad,toward_good,False
baseline[good=below],baseline/84,29,54,bad,toward_good,False
baseline[good=below],baseline/84,30,54,bad,toward_bad,False
baseline[good=below],baseline/84,31,54,bad,toward_good,False
baseline[good=below],baseline/84,32,54,bad,toward_bad,False
baseline[good=below],baseline/84,33,54,bad,toward_bad,False
baseline[good=below],baseline/84,34,54,bad,toward_bad,False
baseline[good=below],baseline/84,35,54,bad,toward_good,False
baseline[good=below],baseline/84,36,54,bad,toward_good,False
baseline[good=below],baseline/84,37,54,bad,toward_good,False
baseline[good=below],baseline/84,38,54,bad,toward_good,False
baseline[good=below],baseline/84,39,54,bad,toward_bad,False
baseline[good=below],baseline/84,40,54,bad,toward_bad,False
baseline[good=below],baseline/84,41,54,bad,toward_bad,False
baseline[good=below],baseline/84,42,54,bad,toward_bad,False
baseline[good=below],baseline/84,43,54,bad,toward_good,False
baseline[good=below],baseline/84,44,54,bad,toward_good,False
baseline[good=below],baseline/84,45,54,bad,toward_good,False
baseline[good=below],baseline/84,46,54,bad,toward_bad,False
baseline[good=below],baseline/84,47,54,bad,toward_bad,False
baseline[good=below],baseline/84,48,54,bad,toward_bad,False
baseline[good=below],baseline/84,49,54,bad,toward_bad,False
baseline[good=below],baseline/84,50,54,bad,toward_bad,False
baseline[good=below],baseline/84,51,54,bad,toward_bad,False
baseline[good=below],baseline/84,52,54,bad,toward_bad,False
baseline[good=below],baseline/84,53,54,bad,,True
baseline[good=above],baseline/85,0,45,good,toward_good,False
baseline[good=above],baseline/85,1,45,good,toward_bad,False
baseline[good=above],baseline/85,2,45,good,toward_good,False
baseline[good=above],baseline/85,3,45,good,toward_bad,False
baseline[good=above],baseline/85,4,45,good,toward_good,False
baseline[good=above],baseline/85,5,45,good,toward_bad,False
baseline[good=above],baseline/85,6,45,good,toward_bad,False
baseline[good=above],baseline/85,7,45,good,toward_good,False
baseline[good=above],baseline/85,8,45,good,toward_good,False
baseline[good=above],baseline/85,9,45,good,toward_good,False
baseline[good=above],baseline/85,10,45,good,toward_good,False
baseline[good=above],baseline/85,11,45,good,toward_bad,False
baseline[good=above],baseline/85,12,45,good,toward_good,False
baseline[good=above],baseline/85,13,45,good,toward_good,False
baseline[good=above],baseline/85,14,45,good,toward_good,False
baseline[good=above],baseline/85,15,45,good,toward_good,False
baseline[good=above],baseline/85,16,45,good,toward_bad,False
baseline[good=above],baseline/85,17,45,good,toward_bad,False
baseline[good=above],baseline/85,18,45,good,toward_good,False
baseline[good=above],baseline/85,19,45,good,toward_good,False
baseline[good=above],baseline/85,20,45,good,toward_good,False
baseline[good=above],baseline/85,21,45,good,toward_good,False
baseline[good=above],baseline/85,22,45,good,toward_bad,False
baseline[good=above],baseline/85,23,45,good,toward_good,False
baseline[good=above],baseline/85,24,45,good,toward_bad,False
baseline[good=above],baseline/85,25,45,good,toward_good,False
baseline[good=above],baseline/85,26,45,good,toward_good,False
baseline[good=above],baseline/85,27,45,good,toward_bad,False
baseline[good=above],baseline/85,28,45,good,toward_good,False
baseline[good=above],baseline/85,29,45,good,toward_bad,False
baseline[good=above],baseline/85,30,45,good,toward_good,False
baseline[good=above],baseline/85,31,45,good,toward_good,False
baseline[good=above],baseline/85,32,45,good,toward_good,False
baseline[good=above],baseline/85,33,45,good,toward_bad,False
baseline[good=above],baseline/85,34,45,good,toward_bad,False
baseline[good=above],baseline/85,35,45,good,toward_good,False
baseline[good=above],baseline/85,36,45,good,toward_bad,False
baseline[good=above],baseline/85,37,45,good,toward_bad,False
baseline[good=above],baseline/85,38,45,good,toward_good,False
baseline[good=above],baseline/85,39,45,good,toward_bad,False
baseline[good=above],baseline/85,40,45,good,toward_good,False
baseline[good=above],baseline/85,41,45,good,toward_bad,False
baseline[good=above],baseline/85,42,45,good,toward_good,False
baseline[good=above],baseline/85,43,45,good,toward_bad,False
baseline[good=above],baseline/85,44,45,good,,True
baseline[good=below],baseline/85,0,45,bad,toward_bad,False
baseline[good=below],baseline/85,1,45,bad,toward_good,False
baseline[good=below],baseline/85,2,45,bad,toward_bad,False
baseline[good=below],baseline/85,3,45,bad,toward_good,False
baseline[good=below],baseline/85,4,45,bad,toward_bad,False
baseline[good=below],baseline/85,5,45,bad,toward_good,False
baseline[good=below],baseline/85,6,45,bad,toward_good,False
baseline[good=below],baseline/85,7,45,bad,toward_bad,False
baseline[good=below],baseline/85,8,45,bad,toward_bad,False
baseline[good=below],baseline/85,9,45,bad,toward_bad,False
baseline[good=below],baseline/85,10,45,bad,toward_bad,False
baseline[good=below],baseline/85,11,45,bad,toward_good,False
baseline[good=below],baseline/85,12,45,bad,toward_bad,False
baseline[good=below],baseline/85,13,45,bad,toward_bad,False
baseline[good=below],baseline/85,14,45,bad,toward_bad,False
baseline[good=below],baseline/85,15,45,bad,toward_bad,False
baseline[good=below],baseline/85,16,45,bad,toward_good,False
baseline[good=below],baseline/85,17,45,bad,toward_good,False
baseline[good=below],baseline/85,18,45,bad,toward_bad,False
baseline[good=below],baseline/85,19,45,bad,toward_bad,False
baseline[good=below],baseline/85,20,45,bad,toward_bad,False
baseline[good=below],baseline/85,21,45,bad,toward_bad,False
baseline[good=below],baseline/85,22,45,bad,toward_good,False
baseline[good=below],baseline/85,23,45,bad,toward_bad,False
baseline[good=below],baseline/85,24,45,bad,toward_good,False
baseline[good=below],baseline/85,25,45,bad,toward_bad,False
baseline[good=below],baseline/85,26,45,bad,toward_bad,False
baseline[good=below],baseline/85,27,45,bad,toward_good,False
baseline[good=below],baseline/85,28,45,bad,toward_bad,False
baseline[good=below],baseline/85,29,45,bad,toward_good,False
baseline[good=below],baseline/85,30,45,bad,toward_bad,False
baseline[good=below],baseline/85,31,45,bad,toward_bad,False
baseline[good=below],baseline/85,32,45,bad,toward_bad,False
baseline[good=below],baseline/85,33,45,bad,toward_good,False
baseline[good=below],baseline/85,34,45,bad,toward_good,False
baseline[good=below],baseline/85,35,45,bad,toward_bad,False
baseline[good=below],baseline/85,36,45,bad,toward_good,False
baseline[good=below],baseline/85,37,45,bad,toward_good,False
baseline[good=below],baseline/85,38,45,bad,toward_bad,False
baseline[good=below],baseline/85,39,45,bad,toward_good,False
baseline[good=below],baseline/85,40,45,bad,toward_bad,False
baseline[good=below],baseline/85,41,45,bad,toward_good,False
baseline[good=below],baseline/85,42,45,bad,toward_bad,False
baseline[good=below],baseline/85,43,45,bad,toward_good,False
baseline[good=below],baseline/85,44,45,bad,,True
baseline[good=above],baseline/86,0,46,good,toward_bad,False
baseline[good=above],baseline/86,1,46,bad,toward_good,False
baseline[good=above],baseline/86,2,46,bad,toward_good,False
baseline[good=above],baseline/86,3,46,good,toward_bad,False
baseline[good=above],baseline/86,4,46,good,toward_good,False
baseline[good=above],baseline/86,5,46,good,toward_bad,False
baseline[good=above],baseline/86,6,46,good,toward_bad,False
baseline[good=above],baseline/86,7,46,bad,toward_bad,False
baseline[good=above],baseline/86,8,46,bad,toward_good,False
baseline[good=above],baseline/86,9,46,good,toward_bad,False
baseline[good=above],baseline/86,10,46,good,toward_good,False
baseline[good=above],baseline/86,11,46,good,toward_bad,False
baseline[good=above],baseline/86,12,46,good,toward_bad,False
baseline[good=above],baseline/86,13,46,good,toward_good,False
baseline[good=above],baseline/86,14,46,good,toward_bad,False
baseline[good=above],baseline/86,15,46,bad,toward_bad,False
baseline[good=above],baseline/86,16,46,bad,toward_good,False
baseline[good=above],baseline/86,17,46,bad,toward_good,False
baseline[good=above],baseline/86,18,46,good,toward_bad,False
baseline[good=above],baseline/86,19,46,bad,toward_good,False
baseline[good=above],baseline/86,20,46,good,toward_good,False
baseline[good=above],baseline/86,21,46,good,toward_bad,False
baseline[good=above],baseline/86,22,46,bad,toward_good,False
baseline[good=above],baseline/86,23,46,bad,toward_good,False
baseline[good=above],baseline/86,24,46,good,toward_bad,False
baseline[good=above],baseline/86,25,46,bad,toward_good,False
baseline[good=above],baseline/86,26,46,good,toward_good,False
baseline[good=above],baseline/86,27,46,good,toward_bad,False
baseline[good=above],baseline/86,28,46,bad,toward_good,False
baseline[good=above],baseline/86,29,46,good,toward_bad,False
baseline[good=above],baseline/86,30,46,good,toward_bad,False
baseline[good=above],baseline/86,31,46,bad,toward_good,False
baseline[good=above],baseline/86,32,46,bad,toward_bad,False
baseline[good=above],baseline/86,33,46,bad,toward_bad,False
baseline[good=above],baseline/86,34,46,bad,toward_good,False
baseline[good=above],baseline/86,35,46,bad,toward_bad,False
baseline[good=above],baseline/86,36,46,bad,toward_good,False
baseline[good=above],baseline/86,37,46,bad,toward_good,False
baseline[good=above],baseline/86,38,46,good,toward_bad,False
baseline[good=above],baseline/86,39,46,bad,toward_good,False
baseline[good=above],baseline/86,40,46,bad,toward_good,False
baseline[good=above],baseline/86,41,46,good,toward_bad,False
baseline[good=above],baseline/86,42,46,bad,toward_good,False
baseline[good=above],baseline/86,43,46,bad,toward_bad,False
baseline[good=above],baseline/86,44,46,bad,toward_good,False
baseline[good=above],baseline/86,45,46,good,,True
baseline[good=below],baseline/86,0,46,bad,toward_good,False
baseline[good=below],baseline/86,1,46,good,toward_bad,False
baseline[good=below],baseline/86,2,46,good,toward_bad,False
baseline[good=below],baseline/86,3,46,bad,toward_good,False
baseline[good=below],baseline/86,4,46,bad,toward_bad,False
baseline[good=below],baseline/86,5,46,bad,toward_good,False
baseline[good=below],baseline/86,6,46,bad,toward_good,False
baseline[good=below],baseline/86,7,46,good,toward_good,False
baseline[good=below],baseline/86,8,46,good,toward_bad,False
baseline[good=below],baseline/86,9,46,bad,toward_good,False
baseline[good=below],baseline/86,10,46,bad,toward_bad,False
baseline[good=below],baseline/86,11,46,bad,toward_good,False
baseline[good=below],baseline/86,12,46,bad,toward_good,False
baseline[good=below],baseline/86,13,46,bad,toward_bad,False
baseline[good=below],baseline/86,14,46,bad,toward_good,False
baseline[good=below],baseline/86,15,46,good,toward_good,False
baseline[good=below],baseline/86,16,46,good,toward_bad,False
baseline[good=below],baseline/86,17,46,good,toward_bad,False
baseline[good=below],baseline/86,18,46,bad,toward_good,False
baseline[good=below],baseline/86,19,46,good,toward_bad,False
baseline[good=below],baseline/86,20,46,bad,toward_bad,False
baseline[good=below],baseline/86,21,46,bad,toward_good,False
baseline[good=below],baseline/86,22,46,good,toward_bad,False
baseline[good=below],baseline/86,23,46,good,toward_bad,False
baseline[good=below],baseline/86,24,46,bad,toward_good,False
baseline[good=below],baseline/86,25,46,good,toward_bad,False
baseline[good=below],baseline/86,26,46,bad,toward_bad,False
baseline[good=below],baseline/86,27,46,bad,toward_good,False
baseline[good=below],baseline/86,28,46,good,toward_bad,False
baseline[good=below],baseline/86,29,46,bad,toward_good,False
baseline[good=below],baseline/86,30,46,bad,toward_good,False
baseline[good=below],baseline/86,31,46,good,toward_bad,False
baseline[good=below],baseline/86,32,46,good,toward_good,False
baseline[good=below],baseline/86,33,46,good,toward_good,False
baseline[good=below],baseline/86,34,46,good,toward_bad,False
baseline[good=below],baseline/86,35,46,good,toward_good,False
baseline[good=below],baseline/86,36,46,good,toward_bad,False
baseline[good=below],baseline/86,37,46,good,toward_bad,False
baseline[good=below],baseline/86,38,46,bad,toward_good,False
baseline[good=below],baseline/86,39,46,good,toward_bad,False
baseline[good=below],baseline/86,40,46,good,toward_bad,False
baseline[good=below],baseline/86,41,46,bad,toward_good,False
baseline[good=below],baseline/86,42,46,good,toward_bad,False
baseline[good=below],baseline/86,43,46,good,toward_good,False
baseline[good=below],baseline/86,44,46,good,toward_bad,False
baseline[good=below],baseline/86,45,46,bad,,True
baseline[good=above],baseline/88,0,55,bad,toward_bad,False
baseline[good=above],baseline/88,1,55,bad,toward_good,False
baseline[good=above],baseline/88,2,55,bad,toward_bad,False
baseline[good=above],baseline/88,3,55,bad,toward_good,False
baseline[good=above],baseline/88,4,55,bad,toward_bad,False
baseline[good=above],baseline/88,5,55,bad,toward_bad,False
baseline[good=above],baseline/88,6,55,bad,toward_good,False
baseline[good=above],baseline/88,7,55,bad,toward_bad,False
baseline[good=above],baseline/88,8,55,bad,toward_good,False
baseline[good=above],baseline/88,9,55,bad,toward_good,False
baseline[good=above],baseline/88,10,55,bad,toward_bad,False
baseline[good=above],baseline/88,11,55,bad,toward_bad,False
baseline[good=above],baseline/88,12,55,bad,toward_good,False
baseline[good=above],baseline/88,13,55,bad,toward_bad,False
baseline[good=above],baseline/88,14,55,bad,toward_good,False
baseline[good=above],baseline/88,15,55,bad,toward_bad,False
baseline[good=above],baseline/88,16,55,bad,toward_good,False
baseline[good=above],baseline/88,17,55,bad,toward_bad,False
baseline[good=above],baseline/88,18,55,bad,toward_good,False
baseline[good=above],baseline/88,19,55,bad,toward_bad,False
baseline[good=above],baseline/88,20,55,bad,toward_bad,False
baseline[good=above],baseline/88,21,55,bad,toward_good,False
baseline[good=above],baseline/88,22,55,bad,toward_good,False
baseline[good=above],baseline/88,23,55,bad,toward_bad,False
baseline[good=above],baseline/88,24,55,bad,toward_good,False
baseline[good=above],baseline/88,25,55,bad,toward_bad,False
baseline[good=above],baseline/88,26,55,bad,toward_good,False
baseline[good=above],baseline/88,27,55,bad,toward_good,False
baseline[good=above],baseline/88,28,55,bad,toward_bad,False
baseline[good=above],baseline/88,29,55,bad,toward_good,False
baseline[good=above],baseline/88,30,55,bad,toward_bad,False
baseline[good=above],baseline/88,31,55,bad,toward_good,False
baseline[good=above],baseline/88,32,55,bad,same,False
baseline[good=above],baseline/88,33,55,bad,toward_good,False
baseline[good=above],baseline/88,34,55,bad,toward_bad,False
baseline[good=above],baseline/88,35,55,bad,toward_good,False
baseline[good=above],baseline/88,36,55,bad,toward_good,False
baseline[good=above],baseline/88,37,55,bad,toward_bad,False
baseline[good=above],baseline/88,38,55,bad,toward_good,False
baseline[good=above],baseline/88,39,55,bad,toward_bad,False
baseline[good=above],baseline/88,40,55,bad,toward_bad,False
baseline[good=above],baseline/88,41,55,bad,toward_good,False
baseline[good=above],baseline/88,42,55,bad,toward_bad,False
baseline[good=above],baseline/88,43,55,bad,toward_good,False
baseline[good=above],baseline/88,44,55,bad,toward_good,False
baseline[good=above],baseline/88,45,55,bad,toward_bad,False
baseline[good=above],baseline/88,46,55,bad,toward_good,False
baseline[good=above],baseline/88,47,55,bad,toward_good,False
baseline[good=above],baseline/88,48,55,bad,toward_bad,False
baseline[good=above],baseline/88,49,55,bad,toward_bad,False
baseline[good=above],baseline/88,50,55,bad,toward_good,False
baseline[good=above],baseline/88,51,55,bad,toward_good,False
baseline[good=above],baseline/88,52,55,bad,toward_bad,False
baseline[good=above],baseline/88,53,55,bad,toward_bad,False
baseline[good=above],baseline/88,54,55,bad,,True
baseline[good=below],baseline/88,0,55,good,toward_good,False
baseline[good=below],baseline/88,1,55,good,toward_bad,False
baseline[good=below],baseline/88,2,55,good,toward_good,False
baseline[good=below],baseline/88,3,55,good,toward_bad,False
baseline[good=below],baseline/88,4,55,good,toward_good,False
baseline[good=below],baseline/88,5,55,good,toward_good,False
baseline[good=below],baseline/88,6,55,good,toward_bad,False
baseline[good=below],baseline/88,7,55,good,toward_good,False
baseline[good=below],baseline/88,8,55,good,toward_bad,False
baseline[good=below],baseline/88,9,55,good,toward_bad,False
baseline[good=below],baseline/88,10,55,good,toward_good,False
baseline[good=below],baseline/88,11,55,good,toward_good,False
baseline[good=below],baseline/88,12,55,good,toward_bad,False
baseline[good=below],baseline/88,13,55,good,toward_good,False
baseline[good=below],baseline/88,14,55,good,toward_bad,False
baseline[good=below],baseline/88,15,55,good,toward_good,False
baseline[good=below],baseline/88,16,55,good,toward_bad,False
baseline[good=below],baseline/88,17,55,good,toward_good,False
baseline[good=below],baseline/88,18,55,good,toward_bad,False
baseline[good=below],baseline/88,19,55,good,toward_good,False
baseline[good=below],baseline/88,20,55,good,toward_good,False
baseline[good=below],baseline/88,21,55,good,toward_bad,False
baseline[good=below],baseline/88,22,55,good,toward_bad,False
baseline[good=below],baseline/88,23,55,good,toward_good,False
baseline[good=below],baseline/88,24,55,good,toward_bad,False
baseline[good=below],baseline/88,25,55,good,toward_good,False
baseline[good=below],baseline/88,26,55,good,toward_bad,False
baseline[good=below],baseline/88,27,55,good,toward_bad,False
baseline[good=below],baseline/88,28,55,good,toward_good,False
baseline[good=below],baseline/88,29,55,good,toward_bad,False
baseline[good=below],baseline/88,30,55,good,toward_good,False
baseline[good=below],baseline/88,31,55,good,toward_bad,False
baseline[good=below],baseline/88,32,55,good,same,False
baseline[good=below],baseline/88,33,55,good,toward_bad,False
baseline[good=below],baseline/88,34,55,good,toward_good,False
baseline[good=below],baseline/88,35,55,good,toward_bad,False
baseline[good=below],baseline/88,36,55,good,toward_bad,False
baseline[good=below],baseline/88,37,55,good,toward_good,False
baseline[good=below],baseline/88,38,55,good,toward_bad,False
baseline[good=below],baseline/88,39,55,good,toward_good,False
baseline[good=below],baseline/88,40,55,good,toward_good,False
baseline[good=below],baseline/88,41,55,good,toward_bad,False
baseline[good=below],baseline/88,42,55,good,toward_good,False
baseline[good=below],baseline/88,43,55,good,toward_bad,False
baseline[good=below],baseline/88,44,55,good,toward_bad,False
baseline[good=below],baseline/88,45,55,good,toward_good,False
baseline[good=below],baseline/88,46,55,good,toward_bad,False
baseline[good=below],baseline/88,47,55,good,toward_bad,False
baseline[good=below],baseline/88,48,55,good,toward_good,False
baseline[good=below],baseline/88,49,55,good,toward_good,False
baseline[good=below],baseline/88,50,55,good,toward_bad,False
baseline[good=below],baseline/88,51,55,good,toward_bad,False
baseline[good=below],baseline/88,52,55,good,toward_good,False
baseline[good=below],baseline/88,53,55,good,toward_good,False
baseline[good=below],baseline/88,54,55,good,,True
baseline[good=above],baseline/89,0,1,good,,True
baseline[good=below],baseline/89,0,1,bad,,True
baseline[good=above],baseline/90,0,13,good,toward_bad,False
baseline[good=above],baseline/90,1,13,good,toward_good,False
baseline[good=above],baseline/90,2,13,good,toward_bad,False
baseline[good=above],baseline/90,3,13,good,toward_good,False
baseline[good=above],baseline/90,4,13,good,toward_good,False
baseline[good=above],baseline/90,5,13,good,toward_bad,False
baseline[good=above],baseline/90,6,13,good,toward_bad,False
baseline[good=above],baseline/90,7,13,good,toward_bad,False
baseline[good=above],baseline/90,8,13,good,toward_good,False
baseline[good=above],baseline/90,9,13,good,toward_bad,False
baseline[good=above],baseline/90,10,13,good,toward_bad,False
baseline[good=above],baseline/90,11,13,good,toward_good,False
baseline[good=above],baseline/90,12,13,good,,True
baseline[good=below],baseline/90,0,13,bad,toward_good,False
baseline[good=below],baseline/90,1,13,bad,toward_bad,False
baseline[good=below],baseline/90,2,13,bad,toward_good,False
baseline[good=below],baseline/90,3,13,bad,toward_bad,False
baseline[good=below],baseline/90,4,13,bad,toward_bad,False
baseline[good=below],baseline/90,5,13,bad,toward_good,False
baseline[good=below],baseline/90,6,13,bad,toward_good,False
baseline[good=below],baseline/90,7,13,bad,toward_good,False
baseline[good=below],baseline/90,8,13,bad,toward_bad,False
baseline[good=below],baseline/90,9,13,bad,toward_good,False
baseline[good=below],baseline/90,10,13,bad,toward_good,False
baseline[good=below],baseline/90,11,13,bad,toward_bad,False
baseline[good=below],baseline/90,12,13,bad,,True
baseline[good=above],baseline/91,0,3,good,toward_good,False
baseline[good=above],baseline/91,1,3,good,toward_good,False
baseline[good=above],baseline/91,2,3,good,,True
baseline[good=below],baseline/91,0,3,bad,toward_bad,False
baseline[good=below],baseline/91,1,3,bad,toward_bad,False
baseline[good=below],baseline/91,2,3,bad,,True
baseline[good=above],baseline/93,0,25,bad,toward_bad,False
baseline[good=above],baseline/93,1,25,bad,toward_good,False
baseline[good=above],baseline/93,2,25,bad,toward_bad,False
baseline[good=above],baseline/93,3,25,bad,toward_bad,False
baseline[good=above],baseline/93,4,25,bad,toward_bad,False
baseline[good=above],baseline/93,5,25,bad,toward_bad,False
baseline[good=above],baseline/93,6,25,bad,toward_good,False
baseline[good=above],baseline/93,7,25,bad,toward_bad,False
baseline[good=above],baseline/93,8,25,bad,toward_bad,False
baseline[good=above],baseline/93,9,25,bad,toward_good,False
baseline[good=above],baseline/93,10,25,bad,toward_good,False
baseline[good=above],baseline/93,11,25,bad,toward_bad,False
baseline[good=above],baseline/93,12,25,bad,toward_bad,False
baseline[good=above],baseline/93,13,25,bad,toward_good,False
baseline[good=above],baseline/93,14,25,bad,toward_bad,False
baseline[good=above],baseline/93,15,25,bad,toward_good,False
baseline[good=above],baseline/93,16,25,bad,toward_good,False
baseline[good=above],baseline/93,17,25,bad,toward_bad,False
baseline[good=above],baseline/93,18,25,bad,toward_good,False
baseline[good=above],baseline/93,19,25,bad,toward_bad,False
baseline[good=above],baseline/93,20,25,bad,toward_bad,False
baseline[good=above],baseline/93,21,25,bad,toward_bad,False
baseline[good=above],baseline/93,22,25,bad,toward_bad,False
baseline[good=above],baseline/93,23,25,bad,toward_good,False
baseline[good=above],baseline/93,24,25,bad,,True
baseline[good=below],baseline/93,0,25,good,toward_good,False
baseline[good=below],baseline/93,1,25,good,toward_bad,False
baseline[good=below],baseline/93,2,25,good,toward_good,False
baseline[good=below],baseline/93,3,25,good,toward_good,False
baseline[good=below],baseline/93,4,25,good,toward_good,False
baseline[good=below],baseline/93,5,25,good,toward_good,False
baseline[good=below],baseline/93,6,25,good,toward_bad,False
baseline[good=below],baseline/93,7,25,good,toward_good,False
baseline[good=below],baseline/93,8,25,good,toward_good,False
baseline[good=below],baseline/93,9,25,good,toward_bad,False
baseline[good=below],baseline/93,10,25,good,toward_bad,False
baseline[good=below],baseline/93,11,25,good,toward_good,False
baseline[good=below],baseline/93,12,25,good,toward_good,False
baseline[good=below],baseline/93,13,25,good,toward_bad,False
baseline[good=below],baseline/93,14,25,good,toward_good,False
baseline[good=below],baseline/93,15,25,good,toward_bad,False
baseline[good=below],baseline/93,16,25,good,toward_bad,False
baseline[good=below],baseline/93,17,25,good,toward_good,False
baseline[good=below],baseline/93,18,25,good,toward_bad,False
baseline[good=below],baseline/93,19,25,good,toward_good,False
baseline[good=below],baseline/93,20,25,good,toward_good,False
baseline[good=below],baseline/93,21,25,good,toward_good,False
baseline[good=below],baseline/93,22,25,good,toward_good,False
baseline[good=below],baseline/93,23,25,good,toward_bad,False
baseline[good=below],baseline/93,24,25,good,,True
baseline[good=above],baseline/96,0,6,good,toward_bad,False
baseline[good=above],baseline/96,1,6,good,toward_good,False
baseline[good=above],baseline/96,2,6,good,toward_bad,False
baseline[good=above],baseline/96,3,6,good,toward_good,False
baseline[good=above],baseline/96,4,6,good,toward_good,False
baseline[good=above],baseline/96,5,6,good,,True
baseline[good=below],baseline/96,0,6,bad,toward_good,False
baseline[good=below],baseline/96,1,6,bad,toward_bad,False
baseline[good=below],baseline/96,2,6,bad,toward_good,False
baseline[good=below],baseline/96,3,6,bad,toward_bad,False
baseline[good=below],baseline/96,4,6,bad,toward_bad,False
baseline[good=below],baseline/96,5,6,bad,,True
baseline[good=above],baseline/97,0,3,good,toward_bad,False
baseline[good=above],baseline/97,1,3,good,toward_bad,False
baseline[good=above],baseline/97,2,3,good,,True
baseline[good=below],baseline/97,0,3,bad,toward_good,False
baseline[good=below],baseline/97,1,3,bad,toward_good,False
baseline[good=below],baseline/97,2,3,bad,,True
below_good,below_good/0,0,5,good,toward_bad,False
below_good,below_good/0,1,5,good,toward_good,False
below_good,below_good/0,2,5,good,toward_good,False
below_good,below_good/0,3,5,good,toward_bad,False
below_good,below_good/0,4,5,good,,True
below_good,below_good/1,0,25,good,toward_good,False
below_good,below_good/1,1,25,good,toward_good,False
below_good,below_good/1,2,25,good,toward_bad,False
below_good,below_good/1,3,25,good,toward_good,False
below_good,below_good/1,4,25,good,toward_bad,False
below_good,below_good/1,5,25,good,toward_bad,False
below_good,below_good/1,6,25,good,toward_bad,False
below_good,below_good/1,7,25,good,toward_good,False
below_good,below_good/1,8,25,good,toward_bad,False
below_good,below_good/1,9,25,good,toward_bad,False
below_good,below_good/1,10,25,good,toward_good,False
below_good,below_good/1,11,25,good,toward_bad,False
below_good,below_good/1,12,25,good,toward_bad,False
below_good,below_good/1,13,25,good,toward_bad,False
below_good,below_good/1,14,25,good,toward_good,False
below_good,below_good/1,15,25,good,toward_bad,False
below_good,below_good/1,16,25,good,same,False
below_good,below_good/1,17,25,good,toward_good,False
below_good,below_good/1,18,25,good,same,False
below_good,below_good/1,19,25,good,toward_good,False
below_good,below_good/1,20,25,good,toward_bad,False
below_good,below_good/1,21,25,good,toward_good,False
below_good,below_good/1,22,25,good,toward_bad,False
below_good,below_good/1,23,25,good,toward_bad,False
below_good,below_good/1,24,25,good,,True
below_good,below_good/2,0,4,good,toward_bad,False
below_good,below_good/2,1,4,bad,toward_bad,False
below_good,below_good/2,2,4,bad,toward_good,False
below_good,below_good/2,3,4,good,,True
below_good,below_good/3,0,35,good,toward_bad,False
below_good,below_good/3,1,35,good,toward_bad,False
below_good,below_good/3,2,35,bad,toward_good,False
below_good,below_good/3,3,35,good,toward_bad,False
below_good,below_good/3,4,35,good,toward_bad,False
below_good,below_good/3,5,35,good,toward_good,False
below_good,below_good/3,6,35,good,toward_bad,False
below_good,below_good/3,7,35,good,toward_good,False
below_good,below_good/3,8,35,good,toward_good,False
below_good,below_good/3,9,35,good,toward_good,False
below_good,below_good/3,10,35,good,toward_bad,False
below_good,below_good/3,11,35,good,toward_good,False
below_good,below_good/3,12,35,good,toward_bad,False
below_good,below_good/3,13,35,good,toward_good,False
below_good,below_good/3,14,35,good,toward_good,False
below_good,below_good/3,15,35,good,toward_bad,False
below_good,below_good/3,16,35,good,toward_good,False
below_good,below_good/3,17,35,good,toward_bad,False
below_good,below_good/3,18,35,good,toward_good,False
below_good,below_good/3,19,35,good,toward_good,False
below_good,below_good/3,20,35,good,toward_good,False
below_good,below_good/3,21,35,good,toward_good,False
below_good,below_good/3,22,35,good,toward_bad,False
below_good,below_good/3,23,35,good,toward_good,False
below_good,below_good/3,24,35,good,toward_bad,False
below_good,below_good/3,25,35,good,toward_bad,False
below_good,below_good/3,26,35,good,toward_bad,False
below_good,below_good/3,27,35,good,toward_bad,False
below_good,below_good/3,28,35,good,toward_good,False
below_good,below_good/3,29,35,good,toward_bad,False
below_good,below_good/3,30,35,good,toward_bad,False
below_good,below_good/3,31,35,good,toward_good,False
below_good,below_good/3,32,35,good,toward_bad,False
below_good,below_good/3,33,35,good,toward_good,False
below_good,below_good/3,34,35,good,,True
below_good,below_good/4,0,2,bad,toward_bad,False
below_good,below_good/4,1,2,bad,,True
below_good,below_good/6,0,14,bad,toward_bad,False
below_good,below_good/6,1,14,bad,toward_bad,False
below_good,below_good/6,2,14,bad,toward_good,False
below_good,below_good/6,3,14,good,toward_bad,False
below_good,below_good/6,4,14,good,toward_bad,False
below_good,below_good/6,5,14,bad,toward_good,False
below_good,below_good/6,6,14,bad,toward_bad,False
below_good,below_good/6,7,14,bad,toward_bad,False
below_good,below_good/6,8,14,bad,toward_good,False
below_good,below_good/6,9,14,bad,toward_bad,False
below_good,below_good/6,10,14,bad,toward_bad,False
below_good,below_good/6,11,14,bad,toward_good,False
below_good,below_good/6,12,14,bad,toward_bad,False
below_good,below_good/6,13,14,bad,,True
below_good,below_good/7,0,3,good,toward_bad,False
below_good,below_good/7,1,3,bad,toward_bad,False
below_good,below_good/7,2,3,bad,,True
below_good,below_good/9,0,21,bad,toward_good,False
below_good,below_good/9,1,21,bad,toward_good,False
below_good,below_good/9,2,21,bad,toward_good,False
below_good,below_good/9,3,21,bad,toward_good,False
below_good,below_good/9,4,21,good,toward_good,False
below_good,below_good/9,5,21,good,toward_bad,False
below_good,below_good/9,6,21,bad,toward_bad,False
below_good,below_good/9,7,21,bad,toward_good,False
below_good,below_good/9,8,21,good,toward_bad,False
below_good,below_good/9,9,21,good,toward_good,False
below_good,below_good/9,10,21,good,toward_bad,False
below_good,below_good/9,11,21,good,toward_bad,False
below_good,below_good/9,12,21,good,toward_bad,False
below_good,below_good/9,13,21,good,toward_good,False
below_good,below_good/9,14,21,good,toward_good,False
below_good,below_good/9,15,21,good,toward_good,False
below_good,below_good/9,16,21,good,toward_bad,False
below_good,below_good/9,17,21,good,toward_good,False
below_good,below_good/9,18,21,good,toward_good,False
below_good,below_good/9,19,21,good,toward_bad,False
below_good,below_good/9,20,21,good,,True
below_good,below_good/10,0,8,good,toward_bad,False
below_good,below_good/10,1,8,good,toward_good,False
below_good,below_good/10,2,8,good,toward_bad,False
below_good,below_good/10,3,8,good,toward_bad,False
below_good,below_good/10,4,8,good,toward_good,False
below_good,below_good/10,5,8,good,toward_good,False
below_good,below_good/10,6,8,good,toward_good,False
below_good,below_good/10,7,8,good,,True
below_good,below_good/11,0,20,good,toward_bad,False
below_good,below_good/11,1,20,good,toward_bad,False
below_good,below_good/11,2,20,good,toward_bad,False
below_good,below_good/11,3,20,good,toward_bad,False
below_good,below_good/11,4,20,good,toward_good,False
below_good,below_good/11,5,20,good,toward_good,False
below_good,below_good/11,6,20,good,toward_bad,False
below_good,below_good/11,7,20,good,toward_bad,False
below_good,below_good/11,8,20,good,toward_good,False
below_good,below_good/11,9,20,good,toward_bad,False
below_good,below_good/11,10,20,good,toward_good,False
below_good,below_good/11,11,20,good,toward_good,False
below_good,below_good/11,12,20,good,toward_good,False
below_good,below_good/11,13,20,good,toward_good,False
below_good,below_good/11,14,20,good,toward_bad,False
below_good,below_good/11,15,20,good,toward_good,False
below_good,below_good/11,16,20,good,toward_good,False
below_good,below_good/11,17,20,good,toward_bad,False
below_good,below_good/11,18,20,good,toward_good,False
below_good,below_good/11,19,20,good,,True
below_good,below_good/12,0,25,bad,toward_bad,False
below_good,below_good/12,1,25,bad,toward_bad,False
below_good,below_good/12,2,25,bad,toward_good,False
below_good,below_good/12,3,25,bad,toward_bad,False
below_good,below_good/12,4,25,bad,toward_good,False
below_good,below_good/12,5,25,bad,toward_good,False
below_good,below_good/12,6,25,bad,toward_bad,False
below_good,below_good/12,7,25,bad,toward_bad,False
below_good,below_good/12,8,25,bad,toward_good,False
below_good,below_good/12,9,25,bad,toward_good,False
below_good,below_good/12,10,25,bad,toward_bad,False
below_good,below_good/12,11,25,bad,toward_bad,False
below_good,below_good/12,12,25,bad,toward_good,False
below_good,below_good/12,13,25,bad,toward_good,False
below_good,below_good/12,14,25,bad,toward_good,False
below_good,below_good/12,15,25,bad,toward_bad,False
below_good,below_good/12,16,25,bad,toward_bad,False
below_good,below_good/12,17,25,bad,toward_good,False
below_good,below_good/12,18,25,bad,toward_bad,False
below_good,below_good/12,19,25,bad,toward_good,False
below_good,below_good/12,20,25,bad,toward_good,False
below_good,below_good/12,21,25,bad,toward_bad,False
below_good,below_good/12,22,25,bad,toward_bad,False
below_good,below_good/12,23,25,bad,toward_good,False
below_good,below_good/12,24,25,bad,,True
below_good,below_good/13,0,19,bad,toward_good,False
below_good,below_good/13,1,19,bad,toward_good,False
below_good,below_good/13,2,19,good,toward_good,False
below_good,below_good/13,3,19,good,toward_bad,False
below_good,below_good/13,4,19,good,toward_bad,False
below_good,below_good/13,5,19,good,toward_bad,False
below_good,below_good/13,6,19,good,toward_good,False
below_good,below_good/13,7,19,good,toward_bad,False
below_good,below_good/13,8,19,good,toward_good,False
below_good,below_good/13,9,19,good,toward_bad,False
below_good,below_good/13,10,19,good,toward_bad,False
below_good,below_good/13,11,19,good,toward_good,False
below_good,below_good/13,12,19,good,toward_bad,False
below_good,below_good/13,13,19,good,toward_good,False
below_good,below_good/13,14,19,good,toward_good,False
below_good,below_good/13,15,19,good,toward_bad,False
below_good,below_good/13,16,19,good,toward_good,False
below_good,below_good/13,17,19,good,toward_good,False
below_good,below_good/13,18,19,good,,True
below_good,below_good/14,0,12,bad,toward_good,False
below_good,below_good/14,1,12,bad,toward_good,False
below_good,below_good/14,2,12,bad,toward_bad,False
below_good,below_good/14,3,12,bad,toward_bad,False
below_good,below_good/14,4,12,bad,toward_good,False
below_good,below_good/14,5,12,bad,toward_bad,False
below_good,below_good/14,6,12,bad,toward_bad,False
below_good,below_good/14,7,12,bad,toward_good,False
below_good,below_good/14,8,12,bad,toward_bad,False
below_good,below_good/14,9,12,bad,toward_good,False
below_good,below_good/14,10,12,bad,toward_good,False
below_good,below_good/14,11,12,bad,,True
below_good,below_good/15,0,18,bad,toward_good,False
below_good,below_good/15,1,18,bad,toward_bad,False
below_good,below_good/15,2,18,bad,toward_good,False
below_good,below_good/15,3,18,bad,toward_good,False
below_good,below_good/15,4,18,bad,toward_bad,False
below_good,below_good/15,5,18,bad,toward_good,False
below_good,below_good/15,6,18,bad,toward_good,False
below_good,below_good/15,7,18,bad,toward_bad,False
below_good,below_good/15,8,18,bad,toward_good,False
below_good,below_good/15,9,18,bad,toward_bad,False
below_good,below_good/15,10,18,bad,toward_good,False
below_good,below_good/15,11,18,bad,toward_good,False
below_good,below_good/15,12,18,bad,toward_bad,False
below_good,below_good/15,13,18,bad,toward_bad,False
below_good,below_good/15,14,18,bad,toward_good,False
below_good,below_good/15,15,18,bad,toward_good,False
below_good,below_good/15,16,18,bad,toward_bad,False
below_good,below_good/15,17,18,bad,,True
below_good,below_good/16,0,1,good,,True
below_good,below_good/17,0,28,good,toward_good,False
below_good,below_good/17,1,28,good,toward_bad,False
below_good,below_good/17,2,28,good,toward_bad,False
below_good,below_good/17,3,28,good,toward_bad,False
below_good,below_good/17,4,28,good,toward_bad,False
below_good,below_good/17,5,28,good,toward_good,False
below_good,below_good/17,6,28,good,toward_bad,False
below_good,below_good/17,7,28,good,toward_good,False
below_good,below_good/17,8,28,good,toward_bad,False
below_good,below_good/17,9,28,good,toward_good,False
below_good,below_good/17,10,28,good,toward_bad,False
below_good,below_good/17,11,28,good,toward_good,False
below_good,below_good/17,12,28,good,toward_bad,False
below_good,below_good/17,13,28,good,toward_bad,False
below_good,below_good/17,14,28,good,toward_good,False
below_good,below_good/17,15,28,good,toward_good,False
below_good,below_good/17,16,28,good,toward_bad,False
below_good,below_good/17,17,28,bad,toward_good,False
below_good,below_good/17,18,28,good,toward_bad,False
below_good,below_good/17,19,28,good,toward_good,False
below_good,below_good/17,20,28,good,toward_good,False
below_good,below_good/17,21,28,good,toward_bad,False
below_good,below_good/17,22,28,good,toward_good,False
below_good,below_good/17,23,28,good,toward_bad,False
below_good,below_good/17,24,28,good,toward_good,False
below_good,below_good/17,25,28,good,toward_bad,False
below_good,below_good/17,26,28,good,toward_bad,False
below_good,below_good/17,27,28,good,,True
below_good,below_good/18,0,61,good,toward_bad,False
below_good,below_good/18,1,61,good,toward_bad,False
below_good,below_good/18,2,61,good,toward_bad,False
below_good,below_good/18,3,61,bad,toward_good,False
below_good,below_good/18,4,61,good,toward_good,False
below_good,below_good/18,5,61,good,toward_bad,False
below_good,below_good/18,6,61,good,toward_bad,False
below_good,below_good/18,7,61,good,toward_bad,False
below_good,below_good/18,8,61,bad,toward_good,False
below_good,below_good/18,9,61,good,toward_bad,False
below_good,below_good/18,10,61,good,toward_bad,False
below_good,below_good/18,11,61,good,toward_good,False
below_good,below_good/18,12,61,good,toward_good,False
below_good,below_good/18,13,61,good,toward_bad,False
below_good,below_good/18,14,61,good,toward_bad,False
below_good,below_good/18,15,61,good,toward_bad,False
below_good,below_good/18,16,61,good,toward_good,False
below_good,below_good/18,17,61,good,toward_bad,False
below_good,below_good/18,18,61,good,toward_bad,False
below_good,below_good/18,19,61,good,toward_good,False
below_good,below_good/18,20,61,good,toward_bad,False
below_good,below_good/18,21,61,good,toward_bad,False
below_good,below_good/18,22,61,good,toward_good,False
below_good,below_good/18,23,61,good,toward_good,False
below_good,below_good/18,24,61,good,toward_bad,False
below_good,below_good/18,25,61,good,toward_bad,False
below_good,below_good/18,26,61,good,toward_good,False
below_good,below_good/18,27,61,good,toward_good,False
below_good,below_good/18,28,61,good,toward_bad,False
below_good,below_good/18,29,61,good,toward_good,False
below_good,below_good/18,30,61,good,toward_bad,False
below_good,below_good/18,31,61,good,toward_bad,False
below_good,below_good/18,32,61,good,toward_bad,False
below_good,below_good/18,33,61,good,toward_bad,False
below_good,below_good/18,34,61,good,toward_good,False
below_good,below_good/18,35,61,good,toward_good,False
below_good,below_good/18,36,61,good,toward_bad,False
below_good,below_good/18,37,61,good,toward_good,False
below_good,below_good/18,38,61,good,toward_bad,False
below_good,below_good/18,39,61,good,toward_good,False
below_good,below_good/18,40,61,good,toward_good,False
below_good,below_good/18,41,61,good,toward_bad,False
below_good,below_good/18,42,61,good,toward_good,False
below_good,below_good/18,43,61,good,toward_bad,False
below_good,below_good/18,44,61,good,toward_good,False
below_good,below_good/18,45,61,good,toward_good,False
below_good,below_good/18,46,61,good,toward_bad,False
below_good,below_good/18,47,61,good,toward_good,False
below_good,below_good/18,48,61,good,toward_bad,False
below_good,below_good/18,49,61,good,toward_good,False
below_good,below_good/18,50,61,good,toward_bad,False
below_good,below_good/18,51,61,good,toward_good,False
below_good,below_good/18,52,61,good,toward_good,False
below_good,below_good/18,53,61,good,toward_bad,False
below_good,below_good/18,54,61,good,toward_bad,False
below_good,below_good/18,55,61,good,toward_good,False
below_good,below_good/18,56,61,good,toward_bad,False
below_good,below_good/18,57,61,good,toward_bad,False
below_good,below_good/18,58,61,good,toward_good,False
below_good,below_good/18,59,61,good,toward_bad,False
below_good,below_good/18,60,61,good,,True
below_good,below_good/20,0,1,good,,True
below_good,below_good/21,0,31,bad,toward_good,False
below_good,below_good/21,1,31,bad,toward_good,False
below_good,below_good/21,2,31,bad,toward_bad,False
below_good,below_good/21,3,31,bad,toward_good,False
below_good,below_good/21,4,31,bad,toward_bad,False
below_good,below_good/21,5,31,bad,toward_bad,False
below_good,below_good/21,6,31,bad,toward_good,False
below_good,below_good/21,7,31,bad,toward_good,False
below_good,below_good/21,8,31,good,toward_bad,False
below_good,below_good/21,9,31,bad,toward_bad,False
below_good,below_good/21,10,31,bad,toward_bad,False
below_good,below_good/21,11,31,bad,toward_good,False
below_good,below_good/21,12,31,bad,toward_bad,False
below_good,below_good/21,13,31,bad,toward_good,False
below_good,below_good/21,14,31,bad,toward_bad,False
below_good,below_good/21,15,31,bad,toward_bad,False
below_good,below_good/21,16,31,bad,toward_bad,False
below_good,below_good/21,17,31,bad,toward_bad,False
below_good,below_good/21,18,31,bad,toward_good,False
below_good,below_good/21,19,31,bad,toward_bad,False
below_good,below_good/21,20,31,bad,toward_good,False
below_good,below_good/21,21,31,bad,toward_good,False
below_good,below_good/21,22,31,bad,toward_bad,False
below_good,below_good/21,23,31,bad,toward_good,False
below_good,below_good/21,24,31,bad,toward_bad,False
below_good,below_good/21,25,31,bad,toward_bad,False
below_good,below_good/21,26,31,bad,toward_good,False
below_good,below_good/21,27,31,bad,toward_bad,False
below_good,below_good/21,28,31,bad,toward_bad,False
below_good,below_good/21,29,31,bad,same,False
below_good,below_good/21,30,31,bad,,True
below_good,below_good/22,0,1,bad,,True
below_good,below_good/23,0,47,good,toward_good,False
below_good,below_good/23,1,47,good,toward_good,False
below_good,below_good/23,2,47,good,toward_bad,False
below_good,below_good/23,3,47,bad,toward_good,False
below_good,below_good/23,4,47,good,toward_bad,False
below_good,below_good/23,5,47,good,toward_bad,False
below_good,below_good/23,6,47,bad,toward_good,False
below_good,below_good/23,7,47,good,toward_bad,False
below_good,below_good/23,8,47,good,toward_bad,False
below_good,below_good/23,9,47,good,toward_bad,False
below_good,below_good/23,10,47,bad,toward_good,False
below_good,below_good/23,11,47,good,toward_good,False
below_good,below_good/23,12,47,good,toward_bad,False
below_good,below_good/23,13,47,good,toward_good,False
below_good,below_good/23,14,47,good,toward_bad,False
below_good,below_good/23,15,47,good,toward_good,False
below_good,below_good/23,16,47,good,toward_good,False
below_good,below_good/23,17,47,good,toward_good,False
below_good,below_good/23,18,47,good,toward_bad,False
below_good,below_good/23,19,47,good,toward_bad,False
below_good,below_good/23,20,47,good,toward_bad,False
below_good,below_good/23,21,47,good,toward_good,False
below_good,below_good/23,22,47,good,toward_bad,False
below_good,below_good/23,23,47,good,toward_bad,False
below_good,below_good/23,24,47,good,toward_good,False
below_good,below_good/23,25,47,good,toward_bad,False
below_good,below_good/23,26,47,good,toward_good,False
below_good,below_good/23,27,47,good,toward_bad,False
below_good,below_good/23,28,47,good,toward_good,False
below_good,below_good/23,29,47,good,toward_bad,False
below_good,below_good/23,30,47,good,toward_good,False
below_good,below_good/23,31,47,good,toward_bad,False
below_good,below_good/23,32,47,good,toward_good,False
below_good,below_good/23,33,47,good,toward_bad,False
below_good,below_good/23,34,47,good,toward_bad,False
below_good,below_good/23,35,47,good,toward_bad,False
below_good,below_good/23,36,47,good,toward_bad,False
below_good,below_good/23,37,47,good,toward_good,False
below_good,below_good/23,38,47,good,toward_good,False
below_good,below_good/23,39,47,good,toward_bad,False
below_good,below_good/23,40,47,good,toward_good,False
below_good,below_good/23,41,47,good,toward_bad,False
below_good,below_good/23,42,47,good,toward_bad,False
below_good,below_good/23,43,47,good,toward_good,False
below_good,below_good/23,44,47,good,toward_bad,False
below_good,below_good/23,45,47,good,toward_good,False
below_good,below_good/23,46,47,good,,True
below_good,below_good/24,0,1,bad,,True
below_good,below_good/25,0,45,bad,toward_bad,False
below_good,below_good/25,1,45,bad,toward_good,False
below_good,below_good/25,2,45,bad,toward_bad,False
below_good,below_good/25,3,45,bad,toward_good,False
below_good,below_good/25,4,45,bad,toward_good,False
below_good,below_good/25,5,45,good,toward_bad,False
below_good,below_good/25,6,45,bad,toward_good,False
below_good,below_good/25,7,45,bad,toward_good,False
below_good,below_good/25,8,45,bad,toward_good,False
below_good,below_good/25,9,45,good,toward_bad,False
below_good,below_good/25,10,45,bad,toward_bad,False
below_good,below_good/25,11,45,bad,toward_good,False
below_good,below_good/25,12,45,bad,toward_good,False
below_good,below_good/25,13,45,good,toward_good,False
below_good,below_good/25,14,45,good,toward_bad,False
below_good,below_good/25,15,45,bad,toward_good,False
below_good,below_good/25,16,45,bad,toward_bad,False
below_good,below_good/25,17,45,bad,toward_good,False
below_good,below_good/25,18,45,bad,toward_bad,False
below_good,below_good/25,19,45,bad,toward_good,False
below_good,below_good/25,20,45,bad,toward_bad,False
below_good,below_good/25,21,45,bad,toward_bad,False
below_good,below_good/25,22,45,bad,toward_bad,False
below_good,below_good/25,23,45,bad,toward_good,False
below_good,below_good/25,24,45,bad,toward_good,False
below_good,below_good/25,25,45,bad,toward_bad,False
below_good,below_good/25,26,45,bad,toward_good,False
below_good,below_good/25,27,45,bad,toward_bad,False
below_good,below_good/25,28,45,bad,toward_good,False
below_good,below_good/25,29,45,bad,toward_bad,False
below_good,below_good/25,30,45,bad,toward_bad,False
below_good,below_good/25,31,45,bad,toward_good,False
below_good,below_good/25,32,45,bad,toward_bad,False
below_good,below_good/25,33,45,bad,toward_good,False
below_good,below_good/25,34,45,bad,toward_good,False
below_good,below_good/25,35,45,good,toward_bad,False
below_good,below_good/25,36,45,bad,toward_good,False
below_good,below_good/25,37,45,bad,toward_good,False
below_good,below_good/25,38,45,good,toward_bad,False
below_good,below_good/25,39,45,good,toward_bad,False
below_good,below_good/25,40,45,bad,toward_bad,False
below_good,below_good/25,41,45,bad,toward_bad,False
below_good,below_good/25,42,45,bad,toward_bad,False
below_good,below_good/25,43,45,bad,toward_bad,False
below_good,below_good/25,44,45,bad,,True
below_good,below_good/26,0,12,good,toward_bad,False
below_good,below_good/26,1,12,good,toward_bad,False
below_good,below_good/26,2,12,good,toward_bad,False
below_good,below_good/26,3,12,good,toward_bad,False
below_good,below_good/26,4,12,good,toward_bad,False
below_good,below_good/26,5,12,good,toward_good,False
below_good,below_good/26,6,12,good,toward_bad,False
below_good,below_good/26,7,12,good,toward_bad,False
below_good,below_good/26,8,12,good,toward_good,False
below_good,below_good/26,9,12,good,toward_bad,False
below_good,below_good/26,10,12,good,toward_good,False
below_good,below_good/26,11,12,good,,True
below_good,below_good/27,0,2,good,toward_good,False
below_good,below_good/27,1,2,good,,True
below_good,below_good/28,0,16,bad,toward_good,False
below_good,below_good/28,1,16,bad,toward_good,False
below_good,below_good/28,2,16,good,toward_bad,False
below_good,below_good/28,3,16,good,toward_good,False
below_good,below_good/28,4,16,good,toward_bad,False
below_good,below_good/28,5,16,good,toward_bad,False
below_good,below_good/28,6,16,good,toward_bad,False
below_good,below_good/28,7,16,good,toward_good,False
below_good,below_good/28,8,16,good,toward_bad,False
below_good,below_good/28,9,16,good,toward_bad,False
below_good,below_good/28,10,16,bad,toward_good,False
below_good,below_good/28,11,16,good,toward_bad,False
below_good,below_good/28,12,16,good,toward_bad,False
below_good,below_good/28,13,16,bad,toward_good,False
below_good,below_good/28,14,16,good,toward_bad,False
below_good,below_good/28,15,16,good,,True
below_good,below_good/29,0,5,bad,toward_good,False
below_good,below_good/29,1,5,good,toward_good,False
below_good,below_good/29,2,5,good,toward_bad,False
below_good,below_good/29,3,5,good,toward_bad,False
below_good,below_good/29,4,5,good,,True
below_good,below_good/30,0,15,bad,toward_good,False
below_good,below_good/30,1,15,bad,toward_good,False
below_good,below_good/30,2,15,bad,toward_good,False
below_good,below_good/30,3,15,bad,toward_good,False
below_good,below_good/30,4,15,bad,toward_good,False
below_good,below_good/30,5,15,bad,toward_good,False
below_good,below_good/30,6,15,bad,toward_bad,False
below_good,below_good/30,7,15,bad,toward_good,False
below_good,below_good/30,8,15,bad,toward_good,False
below_good,below_good/30,9,15,bad,toward_good,False
below_good,below_good/30,10,15,bad,toward_good,False
below_good,below_good/30,11,15,good,toward_bad,False
below_good,below_good/30,12,15,bad,toward_good,False
below_good,below_good/30,13,15,bad,toward_good,False
below_good,below_good/30,14,15,bad,,True
below_good,below_good/31,0,7,bad,toward_bad,False
below_good,below_good/31,1,7,bad,toward_good,False
below_good,below_good/31,2,7,bad,toward_bad,False
below_good,below_good/31,3,7,bad,toward_bad,False
below_good,below_good/31,4,7,bad,toward_bad,False
below_good,below_good/31,5,7,bad,toward_good,False
below_good,below_good/31,6,7,bad,,True
below_good,below_good/32,0,6,bad,toward_bad,False
below_good,below_good/32,1,6,bad,toward_bad,False
below_good,below_good/32,2,6,bad,toward_good,False
below_good,below_good/32,3,6,good,toward_good,False
below_good,below_good/32,4,6,good,toward_bad,False
below_good,below_good/32,5,6,bad,,True
below_good,below_good/33,0,1,good,,True
below_good,below_good/34,0,8,bad,toward_good,False
below_good,below_good/34,1,8,bad,toward_bad,False
below_good,below_good/34,2,8,bad,toward_good,False
below_good,below_good/34,3,8,bad,toward_bad,False
below_good,below_good/34,4,8,bad,toward_bad,False
below_good,below_good/34,5,8,bad,toward_bad,False
below_good,below_good/34,6,8,bad,toward_good,False
below_good,below_good/34,7,8,bad,,True
below_good,below_good/35,0,3,bad,toward_good,False
below_good,below_good/35,1,3,bad,toward_bad,False
below_good,below_good/35,2,3,bad,,True
below_good,below_good/36,0,5,good,toward_bad,False
below_good,below_good/36,1,5,bad,toward_bad,False
below_good,below_good/36,2,5,bad,toward_bad,False
below_good,below_good/36,3,5,bad,toward_good,False
below_good,below_good/36,4,5,bad,,True
below_good,below_good/37,0,1,good,,True
below_good,below_good/38,0,5,good,toward_bad,False
below_good,below_good/38,1,5,bad,toward_bad,False
below_good,below_good/38,2,5,bad,toward_bad,False
below_good,below_good/38,3,5,bad,toward_bad,False
below_good,below_good/38,4,5,bad,,True
below_good,below_good/39,0,33,good,toward_good,False
below_good,below_good/39,1,33,good,toward_bad,False
below_good,below_good/39,2,33,good,toward_bad,False
below_good,below_good/39,3,33,bad,toward_good,False
below_good,below_good/39,4,33,good,toward_good,False
below_good,below_good/39,5,33,good,toward_bad,False
below_good,below_good/39,6,33,good,toward_bad,False
below_good,below_good/39,7,33,good,toward_good,False
below_good,below_good/39,8,33,good,toward_bad,False
below_good,below_good/39,9,33,bad,toward_good,False
below_good,below_good/39,10,33,good,toward_bad,False
below_good,below_good/39,11,33,good,toward_bad,False
below_good,below_good/39,12,33,good,toward_good,False
below_good,below_good/39,13,33,good,toward_bad,False
below_good,below_good/39,14,33,good,toward_bad,False
below_good,below_good/39,15,33,good,toward_good,False
below_good,below_good/39,16,33,good,toward_good,False
below_good,below_good/39,17,33,good,toward_bad,False
below_good,below_good/39,18,33,bad,toward_good,False
below_good,below_good/39,19,33,good,toward_bad,False
below_good,below_good/39,20,33,good,toward_bad,False
below_good,below_good/39,21,33,good,toward_good,False
below_good,below_good/39,22,33,good,toward_good,False
below_good,below_good/39,23,33,good,toward_bad,False
below_good,below_good/39,24,33,good,toward_bad,False
below_good,below_good/39,25,33,good,toward_good,False
below_good,below_good/39,26,33,good,toward_bad,False
below_good,below_good/39,27,33,good,toward_good,False
below_good,below_good/39,28,33,good,toward_good,False
below_good,below_good/39,29,33,good,toward_bad,False
below_good,below_good/39,30,33,good,toward_bad,False
below_good,below_good/39,31,33,good,toward_bad,False
below_good,below_good/39,32,33,good,,True
below_good,below_good/40,0,12,bad,toward_bad,False
below_good,below_good/40,1,12,bad,toward_good,False
below_good,below_good/40,2,12,good,toward_bad,False
below_good,below_good/40,3,12,bad,toward_bad,False
below_good,below_good/40,4,12,bad,toward_bad,False
below_good,below_good/40,5,12,bad,toward_good,False
below_good,below_good/40,6,12,bad,toward_bad,False
below_good,below_good/40,7,12,bad,toward_good,False
below_good,below_good/40,8,12,bad,toward_bad,False
below_good,below_good/40,9,12,bad,toward_bad,False
below_good,below_good/40,10,12,bad,toward_bad,False
below_good,below_good/40,11,12,bad,,True
below_good,below_good/41,0,18,good,toward_bad,False
below_good,below_good/41,1,18,good,toward_good,False
below_good,below_good/41,2,18,good,toward_bad,False
below_good,below_good/41,3,18,good,toward_good,False
below_good,below_good/41,4,18,good,toward_good,False
below_good,below_good/41,5,18,good,toward_bad,False
below_good,below_good/41,6,18,good,toward_bad,False
below_good,below_good/41,7,18,good,toward_good,False
below_good,below_good/41,8,18,good,toward_bad,False
below_good,below_good/41,9,18,good,toward_good,False
below_good,below_good/41,10,18,good,toward_bad,False
below_good,below_good/41,11,18,good,toward_bad,False
below_good,below_good/41,12,18,good,toward_good,False
below_good,below_good/41,13,18,good,toward_bad,False
below_good,below_good/41,14,18,good,toward_good,False
below_good,below_good/41,15,18,good,toward_good,False
below_good,below_good/41,16,18,good,toward_good,False
below_good,below_good/41,17,18,good,,True
below_good,below_good/42,0,16,good,toward_good,False
below_good,below_good/42,1,16,good,toward_good,False
below_good,below_good/42,2,16,good,toward_bad,False
below_good,below_good/42,3,16,good,toward_bad,False
below_good,below_good/42,4,16,good,toward_bad,False
below_good,below_good/42,5,16,good,toward_good,False
below_good,below_good/42,6,16,good,toward_bad,False
below_good,below_good/42,7,16,good,toward_good,False
below_good,below_good/42,8,16,good,toward_good,False
below_good,below_good/42,9,16,good,toward_bad,False
below_good,below_good/42,10,16,good,toward_good,False
below_good,below_good/42,11,16,good,toward_good,False
below_good,below_good/42,12,16,good,toward_bad,False
below_good,below_good/42,13,16,good,toward_good,False
below_good,below_good/42,14,16,good,toward_bad,False
below_good,below_good/42,15,16,good,,True
below_good,below_good/43,0,7,bad,toward_good,False
below_good,below_good/43,1,7,bad,toward_good,False
below_good,below_good/43,2,7,bad,toward_bad,False
below_good,below_good/43,3,7,bad,toward_bad,False
below_good,below_good/43,4,7,bad,toward_good,False
below_good,below_good/43,5,7,bad,toward_bad,False
below_good,below_good/43,6,7,bad,,True
below_good,below_good/45,0,10,good,toward_bad,False
below_good,below_good/45,1,10,good,toward_bad,False
below_good,below_good/45,2,10,good,toward_good,False
below_good,below_good/45,3,10,good,toward_good,False
below_good,below_good/45,4,10,good,toward_bad,False
below_good,below_good/45,5,10,good,toward_good,False
below_good,below_good/45,6,10,good,toward_good,False
below_good,below_good/45,7,10,good,toward_bad,False
below_good,below_good/45,8,10,good,toward_good,False
below_good,below_good/45,9,10,good,,True
below_good,below_good/46,0,1,good,,True
below_good,below_good/47,0,28,bad,toward_good,False
below_good,below_good/47,1,28,good,toward_bad,False
below_good,below_good/47,2,28,good,toward_good,False
below_good,below_good/47,3,28,good,toward_bad,False
below_good,below_good/47,4,28,good,toward_good,False
below_good,below_good/47,5,28,good,toward_bad,False
below_good,below_good/47,6,28,bad,toward_good,False
below_good,below_good/47,7,28,good,toward_good,False
below_good,below_good/47,8,28,good,toward_good,False
below_good,below_good/47,9,28,good,toward_bad,False
below_good,below_good/47,10,28,good,toward_good,False
below_good,below_good/47,11,28,good,toward_good,False
below_good,below_good/47,12,28,good,toward_bad,False
below_good,below_good/47,13,28,good,toward_bad,False
below_good,below_good/47,14,28,good,toward_good,False
below_good,below_good/47,15,28,good,toward_good,False
below_good,below_good/47,16,28,good,toward_good,False
below_good,below_good/47,17,28,good,toward_bad,False
below_good,below_good/47,18,28,good,toward_bad,False
below_good,below_good/47,19,28,good,toward_good,False
below_good,below_good/47,20,28,good,toward_good,False
below_good,below_good/47,21,28,good,toward_bad,False
below_good,below_good/47,22,28,good,toward_bad,False
below_good,below_good/47,23,28,good,toward_bad,False
below_good,below_good/47,24,28,good,toward_good,False
below_good,below_good/47,25,28,good,toward_bad,False
below_good,below_good/47,26,28,good,toward_good,False
below_good,below_good/47,27,28,good,,True
below_good,below_good/48,0,48,good,toward_bad,False
below_good,below_good/48,1,48,bad,toward_good,False
below_good,below_good/48,2,48,good,toward_bad,False
below_good,below_good/48,3,48,bad,toward_good,False
below_good,below_good/48,4,48,bad,toward_good,False
below_good,below_good/48,5,48,good,toward_bad,False
below_good,below_good/48,6,48,good,toward_bad,False
below_good,below_good/48,7,48,bad,toward_good,False
below_good,below_good/48,8,48,bad,toward_good,False
below_good,below_good/48,9,48,bad,toward_good,False
below_good,below_good/48,10,48,good,toward_bad,False
below_good,below_good/48,11,48,bad,toward_good,False
below_good,below_good/48,12,48,bad,toward_good,False
below_good,below_good/48,13,48,bad,toward_good,False
below_good,below_good/48,14,48,good,toward_good,False
below_good,below_good/48,15,48,good,toward_bad,False
below_good,below_good/48,16,48,bad,toward_good,False
below_good,below_good/48,17,48,good,toward_bad,False
below_good,below_good/48,18,48,bad,toward_good,False
below_good,below_good/48,19,48,good,toward_good,False
below_good,below_good/48,20,48,good,toward_bad,False
below_good,below_good/48,21,48,bad,toward_good,False
below_good,below_good/48,22,48,good,toward_good,False
below_good,below_good/48,23,48,good,toward_good,False
below_good,below_good/48,24,48,good,toward_bad,False
below_good,below_good/48,25,48,good,toward_good,False
below_good,below_good/48,26,48,good,toward_bad,False
below_good,below_good/48,27,48,good,toward_good,False
below_good,below_good/48,28,48,good,toward_bad,False
below_good,below_good/48,29,48,bad,toward_good,False
below_good,below_good/48,30,48,good,toward_bad,False
below_good,below_good/48,31,48,bad,toward_bad,False
below_good,below_good/48,32,48,bad,toward_good,False
below_good,below_good/48,33,48,bad,toward_good,False
below_good,below_good/48,34,48,good,toward_bad,False
below_good,below_good/48,35,48,good,toward_bad,False
below_good,below_good/48,36,48,bad,toward_good,False
below_good,below_good/48,37,48,bad,toward_good,False
below_good,below_good/48,38,48,good,toward_good,False
below_good,below_good/48,39,48,good,toward_bad,False
below_good,below_good/48,40,48,bad,toward_good,False
below_good,below_good/48,41,48,good,toward_good,False
below_good,below_good/48,42,48,good,toward_good,False
below_good,below_good/48,43,48,good,toward_good,False
below_good,below_good/48,44,48,good,toward_bad,False
below_good,below_good/48,45,48,bad,toward_good,False
below_good,below_good/48,46,48,bad,toward_good,False
below_good,below_good/48,47,48,good,,True
below_good,below_good/49,0,20,bad,toward_bad,False
below_good,below_good/49,1,20,bad,toward_bad,False
below_good,below_good/49,2,20,bad,toward_bad,False
below_good,below_good/49,3,20,bad,toward_good,False
below_good,below_good/49,4,20,bad,toward_bad,False
below_good,below_good/49,5,20,bad,toward_good,False
below_good,below_good/49,6,20,bad,toward_bad,False
below_good,below_good/49,7,20,bad,toward_good,False
below_good,below_good/49,8,20,bad,toward_good,False
below_good,below_good/49,9,20,bad,toward_bad,False
below_good,below_good/49,10,20,bad,toward_good,False
below_good,below_good/49,11,20,bad,toward_good,False
below_good,below_good/49,12,20,bad,toward_bad,False
below_good,below_good/49,13,20,bad,toward_good,False
below_good,below_good/49,14,20,bad,toward_good,False
below_good,below_good/49,15,20,bad,toward_good,False
below_good,below_good/49,16,20,bad,toward_good,False
below_good,below_good/49,17,20,good,toward_bad,False
below_good,below_good/49,18,20,bad,toward_bad,False
below_good,below_good/49,19,20,bad,,True
below_good,below_good/50,0,10,bad,toward_good,False
below_good,below_good/50,1,10,bad,toward_good,False
below_good,below_good/50,2,10,good,toward_bad,False
below_good,below_good/50,3,10,bad,toward_bad,False
below_good,below_good/50,4,10,bad,toward_bad,False
below_good,below_good/50,5,10,bad,toward_good,False
below_good,below_good/50,6,10,bad,toward_bad,False
below_good,below_good/50,7,10,bad,toward_bad,False
below_good,below_good/50,8,10,bad,toward_good,False
below_good,below_good/50,9,10,bad,,True
below_good,below_good/51,0,1,good,,True
below_good,below_good/52,0,4,good,toward_bad,False
below_good,below_good/52,1,4,good,toward_bad,False
below_good,below_good/52,2,4,good,toward_bad,False
below_good,below_good/52,3,4,good,,True
below_good,below_good/53,0,5,good,toward_bad,False
below_good,below_good/53,1,5,good,toward_good,False
below_good,below_good/53,2,5,good,toward_bad,False
below_good,below_good/53,3,5,good,toward_good,False
below_good,below_good/53,4,5,good,,True
below_good,below_good/54,0,18,bad,toward_good,False
below_good,below_good/54,1,18,bad,toward_bad,False
below_good,below_good/54,2,18,bad,toward_bad,False
below_good,below_good/54,3,18,bad,toward_good,False
below_good,below_good/54,4,18,bad,toward_bad,False
below_good,below_good/54,5,18,bad,toward_good,False
below_good,below_good/54,6,18,good,toward_bad,False
below_good,below_good/54,7,18,bad,toward_good,False
below_good,below_good/54,8,18,bad,toward_bad,False
below_good,below_good/54,9,18,bad,toward_bad,False
below_good,below_good/54,10,18,bad,toward_bad,False
below_good,below_good/54,11,18,bad,toward_good,False
below_good,below_good/54,12,18,bad,toward_bad,False
below_good,below_good/54,13,18,bad,toward_good,False
below_good,below_good/54,14,18,bad,toward_good,False
below_good,below_good/54,15,18,good,toward_good,False
below_good,below_good/54,16,18,good,toward_good,False
below_good,below_good/54,17,18,good,,True
below_good,below_good/56,0,1,good,,True
below_good,below_good/57,0,6,bad,toward_good,False
below_good,below_good/57,1,6,bad,toward_bad,False
below_good,below_good/57,2,6,bad,toward_bad,False
below_good,below_good/57,3,6,bad,toward_bad,False
below_good,below_good/57,4,6,bad,toward_bad,False
below_good,below_good/57,5,6,bad,,True
below_good,below_good/58,0,1,good,,True
below_good,below_good/61,0,13,good,toward_bad,False
below_good,below_good/61,1,13,good,toward_bad,False
below_good,below_good/61,2,13,good,toward_bad,False
below_good,below_good/61,3,13,bad,toward_good,False
below_good,below_good/61,4,13,good,toward_good,False
below_good,below_good/61,5,13,good,toward_bad,False
below_good,below_good/61,6,13,bad,toward_good,False
below_good,below_good/61,7,13,good,toward_good,False
below_good,below_good/61,8,13,good,toward_good,False
below_good,below_good/61,9,13,good,toward_good,False
below_good,below_good/61,10,13,good,toward_bad,False
below_good,below_good/61,11,13,good,toward_bad,False
below_good,below_good/61,12,13,good,,True
below_good,below_good/62,0,3,good,toward_good,False
below_good,below_good/62,1,3,good,toward_bad,False
below_good,below_good/62,2,3,good,,True
below_good,below_good/64,0,12,bad,toward_good,False
below_good,below_good/64,1,12,good,toward_good,False
below_good,below_good/64,2,12,good,toward_bad,False
below_good,below_good/64,3,12,bad,toward_good,False
below_good,below_good/64,4,12,bad,toward_bad,False
below_good,below_good/64,5,12,bad,toward_good,False
below_good,below_good/64,6,12,good,toward_good,False
below_good,below_good/64,7,12,good,toward_bad,False
below_good,below_good/64,8,12,good,toward_bad,False
below_good,below_good/64,9,12,good,toward_good,False
below_good,below_good/64,10,12,good,toward_good,False
below_good,below_good/64,11,12,good,,True
below_good,below_good/65,0,6,good,toward_good,False
below_good,below_good/65,1,6,good,toward_good,False
below_good,below_good/65,2,6,good,toward_good,False
below_good,below_good/65,3,6,good,toward_bad,False
below_good,below_good/65,4,6,good,toward_good,False
below_good,below_good/65,5,6,good,,True
below_good,below_good/66,0,1,good,,True
below_good,below_good/67,0,1,good,,True
below_good,below_good/68,0,3,good,toward_bad,False
below_good,below_good/68,1,3,good,toward_bad,False
below_good,below_good/68,2,3,bad,,True
below_good,below_good/69,0,62,good,toward_bad,False
below_good,below_good/69,1,62,good,toward_good,False
below_good,below_good/69,2,62,good,toward_bad,False
below_good,below_good/69,3,62,bad,toward_good,False
below_good,below_good/69,4,62,good,toward_bad,False
below_good,below_good/69,5,62,good,toward_good,False
below_good,below_good/69,6,62,good,toward_bad,False
below_good,below_good/69,7,62,good,toward_good,False
below_good,below_good/69,8,62,good,toward_good,False
below_good,below_good/69,9,62,good,toward_bad,False
below_good,below_good/69,10,62,good,toward_good,False
below_good,below_good/69,11,62,good,toward_good,False
below_good,below_good/69,12,62,good,toward_bad,False
below_good,below_good/69,13,62,good,toward_bad,False
below_good,below_good/69,14,62,good,toward_bad,False
below_good,below_good/69,15,62,good,toward_good,False
below_good,below_good/69,16,62,good,toward_bad,False
below_good,below_good/69,17,62,good,toward_good,False
below_good,below_good/69,18,62,good,toward_good,False
below_good,below_good/69,19,62,good,toward_bad,False
below_good,below_good/69,20,62,good,toward_bad,False
below_good,below_good/69,21,62,good,toward_bad,False
below_good,below_good/69,22,62,good,toward_bad,False
below_good,below_good/69,23,62,good,toward_good,False
below_good,below_good/69,24,62,good,toward_bad,False
below_good,below_good/69,25,62,good,toward_good,False
below_good,below_good/69,26,62,good,toward_bad,False
below_good,below_good/69,27,62,good,toward_bad,False
below_good,below_good/69,28,62,good,toward_bad,False
below_good,below_good/69,29,62,good,toward_bad,False
below_good,below_good/69,30,62,good,toward_bad,False
below_good,below_good/69,31,62,good,toward_good,False
below_good,below_good/69,32,62,good,toward_bad,False
below_good,below_good/69,33,62,good,toward_good,False
below_good,below_good/69,34,62,good,toward_bad,False
below_good,below_good/69,35,62,good,toward_good,False
below_good,below_good/69,36,62,good,toward_bad,False
below_good,below_good/69,37,62,good,toward_good,False
below_good,below_good/69,38,62,good,toward_good,False
below_good,below_good/69,39,62,good,toward_bad,False
below_good,below_good/69,40,62,good,same,False
below_good,below_good/69,41,62,good,toward_bad,False
below_good,below_good/69,42,62,good,toward_good,False
below_good,below_good/69,43,62,good,toward_good,False
below_good,below_good/69,44,62,good,toward_good,False
below_good,below_good/69,45,62,good,toward_bad,False
below_good,below_good/69,46,62,good,toward_bad,False
below_good,below_good/69,47,62,good,toward_bad,False
below_good,below_good/69,48,62,good,toward_good,False
below_good,below_good/69,49,62,good,toward_good,False
below_good,below_good/69,50,62,good,toward_bad,False
below_good,below_good/69,51,62,good,toward_bad,False
below_good,below_good/69,52,62,good,toward_bad,False
below_good,below_good/69,53,62,good,toward_good,False
below_good,below_good/69,54,62,good,toward_bad,False
below_good,below_good/69,55,62,good,toward_good,False
below_good,below_good/69,56,62,good,toward_bad,False
below_good,below_good/69,57,62,good,toward_good,False
below_good,below_good/69,58,62,good,toward_good,False
below_good,below_good/69,59,62,good,toward_good,False
below_good,below_good/69,60,62,good,toward_good,False
below_good,below_good/69,61,62,good,,True
below_good,below_good/71,0,5,bad,toward_good,False
below_good,below_good/71,1,5,good,toward_bad,False
below_good,below_good/71,2,5,good,toward_bad,False
below_good,below_good/71,3,5,bad,toward_bad,False
below_good,below_good/71,4,5,bad,,True
below_good,below_good/72,0,1,good,,True
below_good,below_good/73,0,1,good,,True
below_good,below_good/74,0,29,good,toward_bad,False
below_good,below_good/74,1,29,bad,toward_good,False
below_good,below_good/74,2,29,good,toward_bad,False
below_good,below_good/74,3,29,bad,toward_good,False
below_good,below_good/74,4,29,good,toward_good,False
below_good,below_good/74,5,29,good,toward_bad,False
below_good,below_good/74,6,29,good,toward_good,False
below_good,below_good/74,7,29,good,toward_good,False
below_good,below_good/74,8,29,good,toward_bad,False
below_good,below_good/74,9,29,good,toward_bad,False
below_good,below_good/74,10,29,good,toward_good,False
below_good,below_good/74,11,29,good,toward_good,False
below_good,below_good/74,12,29,good,toward_bad,False
below_good,below_good/74,13,29,good,toward_bad,False
below_good,below_good/74,14,29,good,toward_bad,False
below_good,below_good/74,15,29,good,toward_bad,False
below_good,below_good/74,16,29,good,toward_good,False
below_good,below_good/74,17,29,good,toward_bad,False
below_good,below_good/74,18,29,bad,toward_good,False
below_good,below_good/74,19,29,good,toward_good,False
below_good,below_good/74,20,29,good,toward_bad,False
below_good,below_good/74,21,29,good,toward_good,False
below_good,below_good/74,22,29,good,toward_bad,False
below_good,below_good/74,23,29,good,toward_bad,False
below_good,below_good/74,24,29,good,toward_good,False
below_good,below_good/74,25,29,good,toward_good,False
below_good,below_good/74,26,29,good,toward_good,False
below_good,below_good/74,27,29,good,toward_bad,False
below_good,below_good/74,28,29,good,,True
below_good,below_good/75,0,1,good,,True
below_good,below_good/76,0,1,good,,True
below_good,below_good/77,0,1,good,,True
below_good,below_good/79,0,14,good,toward_bad,False
below_good,below_good/79,1,14,bad,toward_good,False
below_good,below_good/79,2,14,good,toward_good,False
below_good,below_good/79,3,14,good,toward_good,False
below_good,below_good/79,4,14,good,toward_bad,False
below_good,below_good/79,5,14,good,toward_good,False
below_good,below_good/79,6,14,good,toward_good,False
below_good,below_good/79,7,14,good,toward_bad,False
below_good,below_good/79,8,14,good,toward_good,False
below_good,below_good/79,9,14,good,toward_good,False
below_good,below_good/79,10,14,good,toward_good,False
below_good,below_good/79,11,14,good,toward_bad,False
below_good,below_good/79,12,14,good,toward_good,False
below_good,below_good/79,13,14,good,,True
below_good,below_good/80,0,1,bad,,True
below_good,below_good/81,0,1,good,,True
below_good,below_good/82,0,3,good,toward_bad,False
below_good,below_good/82,1,3,bad,toward_good,False
below_good,below_good/82,2,3,bad,,True
below_good,below_good/83,0,27,good,toward_good,False
below_good,below_good/83,1,27,good,toward_bad,False
below_good,below_good/83,2,27,good,toward_good,False
below_good,below_good/83,3,27,good,toward_bad,False
below_good,below_good/83,4,27,good,toward_good,False
below_good,below_good/83,5,27,good,toward_good,False
below_good,below_good/83,6,27,good,toward_bad,False
below_good,below_good/83,7,27,good,toward_bad,False
below_good,below_good/83,8,27,good,toward_good,False
below_good,below_good/83,9,27,good,toward_good,False
below_good,below_good/83,10,27,good,toward_bad,False
below_good,below_good/83,11,27,good,toward_good,False
below_good,below_good/83,12,27,good,toward_bad,False
below_good,below_good/83,13,27,good,toward_good,False
below_good,below_good/83,14,27,good,toward_bad,False
below_good,below_good/83,15,27,good,toward_bad,False
below_good,below_good/83,16,27,good,toward_good,False
below_good,below_good/83,17,27,good,toward_bad,False
below_good,below_good/83,18,27,good,toward_bad,False
below_good,below_good/83,19,27,good,toward_good,False
below_good,below_good/83,20,27,good,toward_good,False
below_good,below_good/83,21,27,good,toward_bad,False
below_good,below_good/83,22,27,good,toward_good,False
below_good,below_good/83,23,27,good,toward_bad,False
below_good,below_good/83,24,27,good,toward_good,False
below_good,below_good/83,25,27,good,toward_good,False
below_good,below_good/83,26,27,good,,True
below_good,below_good/84,0,1,good,,True
below_good,below_good/86,0,9,bad,toward_bad,False
below_good,below_good/86,1,9,bad,toward_good,False
below_good,below_good/86,2,9,bad,toward_good,False
below_good,below_good/86,3,9,bad,toward_good,False
below_good,below_good/86,4,9,bad,toward_good,False
below_good,below_good/86,5,9,bad,toward_good,False
below_good,below_good/86,6,9,bad,toward_good,False
below_good,below_good/86,7,9,good,toward_good,False
below_good,below_good/86,8,9,good,,True
below_good,below_good/87,0,1,bad,,True
below_good,below_good/88,0,33,good,toward_good,False
below_good,below_good/88,1,33,good,toward_bad,False
below_good,below_good/88,2,33,bad,toward_good,False
below_good,below_good/88,3,33,bad,toward_good,False
below_good,below_good/88,4,33,bad,toward_good,False
below_good,below_good/88,5,33,good,toward_bad,False
below_good,below_good/88,6,33,good,toward_bad,False
below_good,below_good/88,7,33,bad,toward_bad,False
below_good,below_good/88,8,33,bad,toward_bad,False
below_good,below_good/88,9,33,bad,toward_good,False
below_good,below_good/88,10,33,good,toward_good,False
below_good,below_good/88,11,33,good,toward_bad,False
below_good,below_good/88,12,33,bad,toward_bad,False
below_good,below_good/88,13,33,bad,toward_good,False
below_good,below_good/88,14,33,good,toward_bad,False
below_good,below_good/88,15,33,bad,toward_good,False
below_good,below_good/88,16,33,good,toward_bad,False
below_good,below_good/88,17,33,good,toward_bad,False
below_good,below_good/88,18,33,bad,toward_bad,False
below_good,below_good/88,19,33,bad,toward_bad,False
below_good,below_good/88,20,33,bad,toward_good,False
below_good,below_good/88,21,33,bad,toward_bad,False
below_good,below_good/88,22,33,bad,toward_good,False
below_good,below_good/88,23,33,bad,toward_bad,False
below_good,below_good/88,24,33,bad,toward_good,False
below_good,below_good/88,25,33,bad,toward_bad,False
below_good,below_good/88,26,33,bad,toward_bad,False
below_good,below_good/88,27,33,bad,toward_good,False
below_good,below_good/88,28,33,bad,toward_bad,False
below_good,below_good/88,29,33,bad,toward_good,False
below_good,below_good/88,30,33,good,toward_bad,False
below_good,below_good/88,31,33,bad,toward_good,False
below_good,below_good/88,32,33,bad,,True
below_good,below_good/89,0,1,good,,True
below_good,below_good/90,0,1,bad,,True
below_good,below_good/92,0,1,good,,True
below_good,below_good/93,0,3,bad,toward_good,False
below_good,below_good/93,1,3,bad,toward_good,False
below_good,below_good/93,2,3,bad,,True
below_good,below_good/94,0,3,good,toward_bad,False
below_good,below_good/94,1,3,bad,toward_bad,False
below_good,below_good/94,2,3,bad,,True
below_good,below_good/95,0,39,good,toward_good,False
below_good,below_good/95,1,39,good,toward_bad,False
below_good,below_good/95,2,39,good,toward_bad,False
below_good,below_good/95,3,39,good,toward_bad,False
below_good,below_good/95,4,39,good,toward_bad,False
below_good,below_good/95,5,39,good,toward_good,False
below_good,below_good/95,6,39,good,toward_bad,False
below_good,below_good/95,7,39,good,toward_bad,False
below_good,below_good/95,8,39,bad,toward_good,False
below_good,below_good/95,9,39,good,toward_bad,False
below_good,below_good/95,10,39,good,toward_good,False
below_good,below_good/95,11,39,good,toward_good,False
below_good,below_good/95,12,39,good,toward_bad,False
below_good,below_good/95,13,39,good,toward_bad,False
below_good,below_good/95,14,39,good,toward_good,False
below_good,below_good/95,15,39,good,toward_good,False
below_good,below_good/95,16,39,good,toward_bad,False
below_good,below_good/95,17,39,good,toward_good,False
below_good,below_good/95,18,39,good,toward_bad,False
below_good,below_good/95,19,39,good,toward_bad,False
below_good,below_good/95,20,39,good,toward_good,False
below_good,below_good/95,21,39,good,toward_bad,False
below_good,below_good/95,22,39,good,toward_good,False
below_good,below_good/95,23,39,good,toward_good,False
below_good,below_good/95,24,39,good,toward_good,False
below_good,below_good/95,25,39,good,toward_good,False
below_good,below_good/95,26,39,good,toward_good,False
below_good,below_good/95,27,39,good,toward_bad,False
below_good,below_good/95,28,39,good,toward_good,False
below_good,below_good/95,29,39,good,toward_bad,False
below_good,below_good/95,30,39,good,toward_good,False
below_good,below_good/95,31,39,good,toward_good,False
below_good,below_good/95,32,39,good,toward_bad,False
below_good,below_good/95,33,39,good,toward_bad,False
below_good,below_good/95,34,39,good,toward_bad,False
below_good,below_good/95,35,39,good,toward_bad,False
below_good,below_good/95,36,39,good,toward_bad,False
below_good,below_good/95,37,39,good,toward_good,False
below_good,below_good/95,38,39,good,,True
below_good,below_good/96,0,4,bad,toward_bad,False
below_good,below_good/96,1,4,bad,toward_good,False
below_good,below_good/96,2,4,good,toward_bad,False
below_good,below_good/96,3,4,bad,,True
below_good,below_good/97,0,10,good,toward_good,False
below_good,below_good/97,1,10,good,toward_bad,False
below_good,below_good/97,2,10,bad,toward_good,False
below_good,below_good/97,3,10,good,toward_bad,False
below_good,below_good/97,4,10,bad,toward_bad,False
below_good,below_good/97,5,10,bad,toward_bad,False
below_good,below_good/97,6,10,bad,toward_good,False
below_good,below_good/97,7,10,bad,toward_good,False
below_good,below_good/97,8,10,bad,toward_good,False
below_good,below_good/97,9,10,bad,,True
below_good,below_good/98,0,1,good,,True
below_good,below_good/99,0,3,good,toward_bad,False
below_good,below_good/99,1,3,good,toward_bad,False
below_good,below_good/99,2,3,good,,True
above_good,above_good/0,0,111,bad,toward_good,False
above_good,above_good/0,1,111,good,toward_good,False
above_good,above_good/0,2,111,good,toward_bad,False
above_good,above_good/0,3,111,good,toward_good,False
above_good,above_good/0,4,111,good,toward_good,False
above_good,above_good/0,5,111,good,toward_good,False
above_good,above_good/0,6,111,good,toward_good,False
above_good,above_good/0,7,111,good,toward_good,False
above_good,above_good/0,8,111,good,toward_bad,False
above_good,above_good/0,9,111,good,toward_bad,False
above_good,above_good/0,10,111,bad,toward_good,False
above_good,above_good/0,11,111,bad,toward_good,False
above_good,above_good/0,12,111,good,toward_good,False
above_good,above_good/0,13,111,good,toward_good,False
above_good,above_good/0,14,111,good,toward_good,False
above_good,above_good/0,15,111,good,toward_bad,False
above_good,above_good/0,16,111,good,toward_good,False
above_good,above_good/0,17,111,good,toward_bad,False
above_good,above_good/0,18,111,good,toward_bad,False
above_good,above_good/0,19,111,good,toward_good,False
above_good,above_good/0,20,111,good,toward_bad,False
above_good,above_good/0,21,111,good,toward_good,False
above_good,above_good/0,22,111,good,toward_bad,False
above_good,above_good/0,23,111,good,toward_good,False
above_good,above_good/0,24,111,good,toward_bad,False
above_good,above_good/0,25,111,good,toward_bad,False
above_good,above_good/0,26,111,good,toward_good,False
above_good,above_good/0,27,111,good,toward_good,False
above_good,above_good/0,28,111,good,toward_good,False
above_good,above_good/0,29,111,good,toward_good,False
above_good,above_good/0,30,111,good,toward_bad,False
above_good,above_good/0,31,111,good,toward_good,False
above_good,above_good/0,32,111,good,toward_bad,False
above_good,above_good/0,33,111,good,toward_good,False
above_good,above_good/0,34,111,good,toward_bad,False
above_good,above_good/0,35,111,good,toward_good,False
above_good,above_good/0,36,111,good,toward_good,False
above_good,above_good/0,37,111,good,toward_bad,False
above_good,above_good/0,38,111,good,toward_good,False
above_good,above_good/0,39,111,good,toward_good,False
above_good,above_good/0,40,111,good,toward_good,False
above_good,above_good/0,41,111,good,toward_bad,False
above_good,above_good/0,42,111,good,toward_bad,False
above_good,above_good/0,43,111,good,toward_good,False
above_good,above_good/0,44,111,good,toward_bad,False
above_good,above_good/0,45,111,good,toward_good,False
above_good,above_good/0,46,111,good,toward_good,False
above_good,above_good/0,47,111,good,toward_good,False
above_good,above_good/0,48,111,good,toward_bad,False
above_good,above_good/0,49,111,good,toward_good,False
above_good,above_good/0,50,111,good,toward_bad,False
above_good,above_good/0,51,111,good,toward_good,False
above_good,above_good/0,52,111,good,toward_good,False
above_good,above_good/0,53,111,good,toward_bad,False
above_good,above_good/0,54,111,good,toward_good,False
above_good,above_good/0,55,111,good,toward_bad,False
above_good,above_good/0,56,111,good,toward_good,False
above_good,above_good/0,57,111,good,toward_bad,False
above_good,above_good/0,58,111,good,toward_bad,False
above_good,above_good/0,59,111,good,toward_good,False
above_good,above_good/0,60,111,good,toward_bad,False
above_good,above_good/0,61,111,good,toward_bad,False
above_good,above_good/0,62,111,good,toward_bad,False
above_good,above_good/0,63,111,good,toward_good,False
above_good,above_good/0,64,111,good,toward_good,False
above_good,above_good/0,65,111,good,toward_good,False
above_good,above_good/0,66,111,good,toward_bad,False
above_good,above_good/0,67,111,good,toward_bad,False
above_good,above_good/0,68,111,good,toward_bad,False
above_good,above_good/0,69,111,good,toward_bad,False
above_good,above_good/0,70,111,good,toward_bad,False
above_good,above_good/0,71,111,good,toward_good,False
above_good,above_good/0,72,111,good,toward_good,False
above_good,above_good/0,73,111,good,toward_bad,False
above_good,above_good/0,74,111,good,toward_good,False
above_good,above_good/0,75,111,good,toward_good,False
above_good,above_good/0,76,111,good,toward_good,False
above_good,above_good/0,77,111,good,toward_bad,False
above_good,above_good/0,78,111,good,toward_good,False
above_good,above_good/0,79,111,good,toward_good,False
above_good,above_good/0,80,111,good,toward_bad,False
above_good,above_good/0,81,111,good,toward_bad,False
above_good,above_good/0,82,111,good,toward_bad,False
above_good,above_good/0,83,111,good,toward_bad,False
above_good,above_good/0,84,111,good,toward_good,False
above_good,above_good/0,85,111,good,toward_good,False
above_good,above_good/0,86,111,good,toward_bad,False
above_good,above_good/0,87,111,good,toward_good,False
above_good,above_good/0,88,111,good,toward_good,False
above_good,above_good/0,89,111,good,toward_good,False
above_good,above_good/0,90,111,good,toward_bad,False
above_good,above_good/0,91,111,good,toward_bad,False
above_good,above_good/0,92,111,good,toward_bad,False
above_good,above_good/0,93,111,good,toward_good,False
above_good,above_good/0,94,111,good,toward_bad,False
above_good,above_good/0,95,111,good,toward_good,False
above_good,above_good/0,96,111,good,toward_bad,False
above_good,above_good/0,97,111,good,same,False
above_good,above_good/0,98,111,good,toward_good,False
above_good,above_good/0,99,111,good,toward_bad,False
above_good,above_good/0,100,111,good,toward_bad,False
above_good,above_good/0,101,111,good,toward_good,False
above_good,above_good/0,102,111,good,toward_good,False
above_good,above_good/0,103,111,good,toward_bad,False
above_good,above_good/0,104,111,good,toward_bad,False
above_good,above_good/0,105,111,good,toward_bad,False
above_good,above_good/0,106,111,good,toward_good,False
above_good,above_good/0,107,111,good,toward_bad,False
above_good,above_good/0,108,111,good,toward_good,False
above_good,above_good/0,109,111,good,toward_good,False
above_good,above_good/0,110,111,good,,True
above_good,above_good/2,0,1,good,,True
above_good,above_good/3,0,1,good,,True
above_good,above_good/4,0,1,good,,True
above_good,above_good/5,0,4,good,toward_bad,False
above_good,above_good/5,1,4,good,toward_good,False
above_good,above_good/5,2,4,good,toward_bad,False
above_good,above_good/5,3,4,good,,True
above_good,above_good/7,0,5,good,toward_bad,False
above_good,above_good/7,1,5,good,toward_good,False
above_good,above_good/7,2,5,good,toward_bad,False
above_good,above_good/7,3,5,good,toward_bad,False
above_good,above_good/7,4,5,good,,True
above_good,above_good/8,0,5,good,toward_bad,False
above_good,above_good/8,1,5,good,toward_good,False
above_good,above_good/8,2,5,good,toward_good,False
above_good,above_good/8,3,5,good,toward_bad,False
above_good,above_good/8,4,5,good,,True
above_good,above_good/9,0,45,good,toward_bad,False
above_good,above_good/9,1,45,bad,toward_good,False
above_good,above_good/9,2,45,good,toward_good,False
above_good,above_good/9,3,45,good,toward_good,False
above_good,above_good/9,4,45,good,toward_bad,False
above_good,above_good/9,5,45,good,toward_bad,False
above_good,above_good/9,6,45,good,toward_good,False
above_good,above_good/9,7,45,good,toward_bad,False
above_good,above_good/9,8,45,good,toward_good,False
above_good,above_good/9,9,45,good,toward_bad,False
above_good,above_good/9,10,45,bad,toward_good,False
above_good,above_good/9,11,45,good,toward_bad,False
above_good,above_good/9,12,45,good,toward_good,False
above_good,above_good/9,13,45,good,toward_good,False
above_good,above_good/9,14,45,good,toward_bad,False
above_good,above_good/9,15,45,good,toward_bad,False
above_good,above_good/9,16,45,good,toward_good,False
above_good,above_good/9,17,45,good,toward_good,False
above_good,above_good/9,18,45,good,toward_bad,False
above_good,above_good/9,19,45,good,toward_good,False
above_good,above_good/9,20,45,good,toward_good,False
above_good,above_good/9,21,45,good,toward_good,False
above_good,above_good/9,22,45,good,toward_bad,False
above_good,above_good/9,23,45,good,toward_good,False
above_good,above_good/9,24,45,good,toward_bad,False
above_good,above_good/9,25,45,good,toward_bad,False
above_good,above_good/9,26,45,good,same,False
above_good,above_good/9,27,45,good,toward_good,False
above_good,above_good/9,28,45,good,toward_bad,False
above_good,above_good/9,29,45,good,toward_good,False
above_good,above_good/9,30,45,good,toward_good,False
above_good,above_good/9,31,45,good,toward_bad,False
above_good,above_good/9,32,45,good,toward_good,False
above_good,above_good/9,33,45,good,toward_bad,False
above_good,above_good/9,34,45,good,toward_good,False
above_good,above_good/9,35,45,good,toward_bad,False
above_good,above_good/9,36,45,good,toward_good,False
above_good,above_good/9,37,45,good,toward_bad,False
above_good,above_good/9,38,45,good,toward_good,False
above_good,above_good/9,39,45,good,toward_good,False
above_good,above_good/9,40,45,good,toward_good,False
above_good,above_good/9,41,45,good,toward_bad,False
above_good,above_good/9,42,45,good,toward_bad,False
above_good,above_good/9,43,45,good,toward_good,False
above_good,above_good/9,44,45,good,,True
above_good,above_good/10,0,7,good,toward_bad,False
above_good,above_good/10,1,7,bad,toward_good,False
above_good,above_good/10,2,7,bad,toward_bad,False
above_good,above_good/10,3,7,bad,toward_bad,False
above_good,above_good/10,4,7,bad,toward_good,False
above_good,above_good/10,5,7,good,toward_good,False
above_good,above_good/10,6,7,good,,True
above_good,above_good/11,0,1,good,,True
above_good,above_good/14,0,1,good,,True
above_good,above_good/17,0,1,bad,,True
above_good,above_good/18,0,4,bad,toward_good,False
above_good,above_good/18,1,4,good,toward_good,False
above_good,above_good/18,2,4,good,toward_bad,False
above_good,above_good/18,3,4,good,,True
above_good,above_good/19,0,1,good,,True
above_good,above_good/20,0,1,bad,,True
above_good,above_good/21,0,26,good,toward_bad,False
above_good,above_good/21,1,26,good,toward_bad,False
above_good,above_good/21,2,26,bad,toward_bad,False
above_good,above_good/21,3,26,bad,toward_good,False
above_good,above_good/21,4,26,good,toward_good,False
above_good,above_good/21,5,26,good,toward_bad,False
above_good,above_good/21,6,26,good,toward_bad,False
above_good,above_good/21,7,26,good,toward_good,False
above_good,above_good/21,8,26,good,toward_bad,False
above_good,above_good/21,9,26,good,toward_bad,False
above_good,above_good/21,10,26,bad,toward_good,False
above_good,above_good/21,11,26,good,toward_good,False
above_good,above_good/21,12,26,good,toward_bad,False
above_good,above_good/21,13,26,good,toward_good,False
above_good,above_good/21,14,26,good,toward_bad,False
above_good,above_good/21,15,26,good,toward_good,False
above_good,above_good/21,16,26,good,toward_bad,False
above_good,above_good/21,17,26,good,toward_good,False
above_good,above_good/21,18,26,good,toward_bad,False
above_good,above_good/21,19,26,good,toward_good,False
above_good,above_good/21,20,26,good,toward_bad,False
above_good,above_good/21,21,26,good,toward_good,False
above_good,above_good/21,22,26,good,toward_good,False
above_good,above_good/21,23,26,good,toward_bad,False
above_good,above_good/21,24,26,good,toward_bad,False
above_good,above_good/21,25,26,good,,True
above_good,above_good/22,0,1,good,,True
above_good,above_good/23,0,5,good,toward_bad,False
above_good,above_good/23,1,5,good,toward_bad,False
above_good,above_good/23,2,5,good,toward_good,False
above_good,above_good/23,3,5,good,toward_bad,False
above_good,above_good/23,4,5,good,,True
above_good,above_good/24,0,45,good,toward_good,False
above_good,above_good/24,1,45,good,toward_bad,False
above_good,above_good/24,2,45,bad,toward_bad,False
above_good,above_good/24,3,45,bad,toward_bad,False
above_good,above_good/24,4,45,bad,toward_bad,False
above_good,above_good/24,5,45,bad,toward_good,False
above_good,above_good/24,6,45,good,toward_bad,False
above_good,above_good/24,7,45,bad,toward_good,False
above_good,above_good/24,8,45,good,toward_bad,False
above_good,above_good/24,9,45,good,toward_good,False
above_good,above_good/24,10,45,good,toward_good,False
above_good,above_good/24,11,45,good,toward_bad,False
above_good,above_good/24,12,45,bad,toward_good,False
above_good,above_good/24,13,45,good,toward_good,False
above_good,above_good/24,14,45,good,toward_bad,False
above_good,above_good/24,15,45,good,toward_good,False
above_good,above_good/24,16,45,good,toward_bad,False
above_good,above_good/24,17,45,good,toward_good,False
above_good,above_good/24,18,45,good,toward_good,False
above_good,above_good/24,19,45,good,toward_bad,False
above_good,above_good/24,20,45,good,toward_good,False
above_good,above_good/24,21,45,good,toward_bad,False
above_good,above_good/24,22,45,good,toward_good,False
above_good,above_good/24,23,45,good,toward_good,False
above_good,above_good/24,24,45,good,toward_bad,False
above_good,above_good/24,25,45,good,toward_bad,False
above_good,above_good/24,26,45,good,toward_bad,False
above_good,above_good/24,27,45,good,toward_bad,False
above_good,above_good/24,28,45,good,toward_good,False
above_good,above_good/24,29,45,good,toward_good,False
above_good,above_good/24,30,45,good,toward_bad,False
above_good,above_good/24,31,45,good,toward_good,False
above_good,above_good/24,32,45,good,toward_bad,False
above_good,above_good/24,33,45,good,toward_bad,False
above_good,above_good/24,34,45,good,toward_good,False
above_good,above_good/24,35,45,good,toward_good,False
above_good,above_good/24,36,45,good,toward_bad,False
above_good,above_good/24,37,45,good,toward_good,False
above_good,above_good/24,38,45,good,toward_good,False
above_good,above_good/24,39,45,good,toward_good,False
above_good,above_good/24,40,45,good,toward_bad,False
above_good,above_good/24,41,45,good,toward_good,False
above_good,above_good/24,42,45,good,toward_bad,False
above_good,above_good/24,43,45,good,toward_good,False
above_good,above_good/24,44,45,good,,True
above_good,above_good/26,0,53,bad,toward_good,False
above_good,above_good/26,1,53,bad,toward_bad,False
above_good,above_good/26,2,53,bad,toward_good,False
above_good,above_good/26,3,53,bad,toward_good,False
above_good,above_good/26,4,53,good,toward_bad,False
above_good,above_good/26,5,53,good,toward_bad,False
above_good,above_good/26,6,53,good,toward_bad,False
above_good,above_good/26,7,53,bad,toward_good,False
above_good,above_good/26,8,53,good,toward_good,False
above_good,above_good/26,9,53,good,toward_bad,False
above_good,above_good/26,10,53,good,toward_good,False
above_good,above_good/26,11,53,good,toward_bad,False
above_good,above_good/26,12,53,good,toward_good,False
above_good,above_good/26,13,53,good,toward_good,False
above_good,above_good/26,14,53,good,toward_bad,False
above_good,above_good/26,15,53,good,toward_good,False
above_good,above_good/26,16,53,good,toward_good,False
above_good,above_good/26,17,53,good,toward_good,False
above_good,above_good/26,18,53,good,toward_bad,False
above_good,above_good/26,19,53,good,toward_bad,False
above_good,above_good/26,20,53,good,toward_good,False
above_good,above_good/26,21,53,good,toward_bad,False
above_good,above_good/26,22,53,good,toward_good,False
above_good,above_good/26,23,53,good,toward_good,False
above_good,above_good/26,24,53,good,toward_bad,False
above_good,above_good/26,25,53,good,toward_bad,False
above_good,above_good/26,26,53,good,toward_good,False
above_good,above_good/26,27,53,good,toward_good,False
above_good,above_good/26,28,53,good,toward_bad,False
above_good,above_good/26,29,53,good,toward_good,False
above_good,above_good/26,30,53,good,toward_good,False
above_good,above_good/26,31,53,good,toward_good,False
above_good,above_good/26,32,53,good,toward_bad,False
above_good,above_good/26,33,53,good,toward_bad,False
above_good,above_good/26,34,53,good,same,False
above_good,above_good/26,35,53,good,toward_bad,False
above_good,above_good/26,36,53,good,toward_good,False
above_good,above_good/26,37,53,good,toward_bad,False
above_good,above_good/26,38,53,good,same,False
above_good,above_good/26,39,53,good,toward_bad,False
above_good,above_good/26,40,53,good,toward_bad,False
above_good,above_good/26,41,53,good,toward_good,False
above_good,above_good/26,42,53,good,toward_bad,False
above_good,above_good/26,43,53,good,toward_good,False
above_good,above_good/26,44,53,good,toward_good,False
above_good,above_good/26,45,53,good,toward_bad,False
above_good,above_good/26,46,53,good,toward_good,False
above_good,above_good/26,47,53,good,toward_bad,False
above_good,above_good/26,48,53,good,toward_bad,False
above_good,above_good/26,49,53,good,toward_bad,False
above_good,above_good/26,50,53,good,toward_good,False
above_good,above_good/26,51,53,good,toward_good,False
above_good,above_good/26,52,53,good,,True
above_good,above_good/27,0,1,good,,True
above_good,above_good/28,0,5,bad,toward_good,False
above_good,above_good/28,1,5,bad,toward_good,False
above_good,above_good/28,2,5,bad,toward_bad,False
above_good,above_good/28,3,5,bad,toward_bad,False
above_good,above_good/28,4,5,bad,,True
above_good,above_good/29,0,6,good,toward_good,False
above_good,above_good/29,1,6,good,toward_bad,False
above_good,above_good/29,2,6,good,toward_good,False
above_good,above_good/29,3,6,good,toward_good,False
above_good,above_good/29,4,6,good,toward_bad,False
above_good,above_good/29,5,6,good,,True
above_good,above_good/30,0,32,good,toward_bad,False
above_good,above_good/30,1,32,bad,toward_good,False
above_good,above_good/30,2,32,good,toward_bad,False
above_good,above_good/30,3,32,good,toward_bad,False
above_good,above_good/30,4,32,good,toward_good,False
above_good,above_good/30,5,32,good,toward_bad,False
above_good,above_good/30,6,32,good,toward_good,False
above_good,above_good/30,7,32,good,toward_bad,False
above_good,above_good/30,8,32,good,toward_bad,False
above_good,above_good/30,9,32,good,toward_good,False
above_good,above_good/30,10,32,good,toward_good,False
above_good,above_good/30,11,32,good,toward_good,False
above_good,above_good/30,12,32,good,toward_bad,False
above_good,above_good/30,13,32,good,toward_good,False
above_good,above_good/30,14,32,good,toward_bad,False
above_good,above_good/30,15,32,good,toward_bad,False
above_good,above_good/30,16,32,good,toward_good,False
above_good,above_good/30,17,32,good,toward_good,False
above_good,above_good/30,18,32,good,toward_good,False
above_good,above_good/30,19,32,good,toward_bad,False
above_good,above_good/30,20,32,good,same,False
above_good,above_good/30,21,32,good,toward_bad,False
above_good,above_good/30,22,32,good,toward_good,False
above_good,above_good/30,23,32,good,toward_bad,False
above_good,above_good/30,24,32,good,same,False
above_good,above_good/30,25,32,good,toward_good,False
above_good,above_good/30,26,32,good,toward_bad,False
above_good,above_good/30,27,32,good,toward_good,False
above_good,above_good/30,28,32,good,toward_good,False
above_good,above_good/30,29,32,good,toward_bad,False
above_good,above_good/30,30,32,good,toward_bad,False
above_good,above_good/30,31,32,good,,True
above_good,above_good/31,0,1,good,,True
above_good,above_good/32,0,5,good,toward_bad,False
above_good,above_good/32,1,5,good,toward_good,False
above_good,above_good/32,2,5,good,toward_bad,False
above_good,above_good/32,3,5,good,toward_good,False
above_good,above_good/32,4,5,good,,True
above_good,above_good/33,0,3,good,toward_good,False
above_good,above_good/33,1,3,good,toward_bad,False
above_good,above_good/33,2,3,good,,True
above_good,above_good/34,0,30,good,toward_bad,False
above_good,above_good/34,1,30,good,toward_bad,False
above_good,above_good/34,2,30,good,toward_bad,False
above_good,above_good/34,3,30,good,toward_bad,False
above_good,above_good/34,4,30,good,toward_bad,False
above_good,above_good/34,5,30,good,toward_good,False
above_good,above_good/34,6,30,good,toward_good,False
above_good,above_good/34,7,30,good,toward_bad,False
above_good,above_good/34,8,30,good,toward_good,False
above_good,above_good/34,9,30,good,toward_bad,False
above_good,above_good/34,10,30,good,toward_good,False
above_good,above_good/34,11,30,good,toward_good,False
above_good,above_good/34,12,30,good,toward_bad,False
above_good,above_good/34,13,30,good,toward_good,False
above_good,above_good/34,14,30,good,toward_good,False
above_good,above_good/34,15,30,good,toward_good,False
above_good,above_good/34,16,30,good,toward_bad,False
above_good,above_good/34,17,30,good,toward_bad,False
above_good,above_good/34,18,30,good,toward_good,False
above_good,above_good/34,19,30,good,toward_good,False
above_good,above_good/34,20,30,good,toward_bad,False
above_good,above_good/34,21,30,good,toward_good,False
above_good,above_good/34,22,30,good,toward_good,False
above_good,above_good/34,23,30,good,toward_good,False
above_good,above_good/34,24,30,good,toward_bad,False
above_good,above_good/34,25,30,good,toward_good,False
above_good,above_good/34,26,30,good,toward_bad,False
above_good,above_good/34,27,30,good,toward_good,False
above_good,above_good/34,28,30,good,toward_bad,False
above_good,above_good/34,29,30,good,,True
above_good,above_good/35,0,1,good,,True
above_good,above_good/36,0,1,good,,True
above_good,above_good/37,0,1,good,,True
above_good,above_good/38,0,1,good,,True
above_good,above_good/39,0,4,bad,toward_bad,False
above_good,above_good/39,1,4,bad,toward_good,False
above_good,above_good/39,2,4,bad,toward_bad,False
above_good,above_good/39,3,4,bad,,True
above_good,above_good/40,0,1,good,,True
above_good,above_good/41,0,7,bad,toward_good,False
above_good,above_good/41,1,7,good,toward_bad,False
above_good,above_good/41,2,7,good,toward_good,False
above_good,above_good/41,3,7,good,toward_good,False
above_good,above_good/41,4,7,good,toward_good,False
above_good,above_good/41,5,7,good,toward_bad,False
above_good,above_good/41,6,7,good,,True
above_good,above_good/42,0,4,good,toward_good,False
above_good,above_good/42,1,4,good,toward_good,False
above_good,above_good/42,2,4,good,toward_good,False
above_good,above_good/42,3,4,good,,True
above_good,above_good/43,0,57,good,toward_good,False
above_good,above_good/43,1,57,good,toward_bad,False
above_good,above_good/43,2,57,bad,toward_bad,False
above_good,above_good/43,3,57,bad,toward_good,False
above_good,above_good/43,4,57,good,toward_good,False
above_good,above_good/43,5,57,good,toward_bad,False
above_good,above_good/43,6,57,good,toward_bad,False
above_good,above_good/43,7,57,bad,toward_good,False
above_good,above_good/43,8,57,good,toward_bad,False
above_good,above_good/43,9,57,good,toward_good,False
above_good,above_good/43,10,57,good,toward_bad,False
above_good,above_good/43,11,57,bad,toward_good,False
above_good,above_good/43,12,57,good,toward_bad,False
above_good,above_good/43,13,57,bad,toward_good,False
above_good,above_good/43,14,57,good,toward_bad,False
above_good,above_good/43,15,57,good,toward_bad,False
above_good,above_good/43,16,57,good,toward_bad,False
above_good,above_good/43,17,57,bad,toward_good,False
above_good,above_good/43,18,57,good,toward_bad,False
above_good,above_good/43,19,57,bad,toward_good,False
above_good,above_good/43,20,57,good,toward_good,False
above_good,above_good/43,21,57,good,toward_bad,False
above_good,above_good/43,22,57,good,toward_bad,False
above_good,above_good/43,23,57,good,toward_bad,False
above_good,above_good/43,24,57,good,toward_good,False
above_good,above_good/43,25,57,good,toward_bad,False
above_good,above_good/43,26,57,good,toward_good,False
above_good,above_good/43,27,57,good,toward_good,False
above_good,above_good/43,28,57,good,toward_bad,False
above_good,above_good/43,29,57,good,toward_good,False
above_good,above_good/43,30,57,good,toward_good,False
above_good,above_good/43,31,57,good,toward_bad,False
above_good,above_good/43,32,57,good,toward_good,False
above_good,above_good/43,33,57,good,toward_good,False
above_good,above_good/43,34,57,good,toward_good,False
above_good,above_good/43,35,57,good,toward_good,False
above_good,above_good/43,36,57,good,toward_bad,False
above_good,above_good/43,37,57,good,toward_good,False
above_good,above_good/43,38,57,good,toward_bad,False
above_good,above_good/43,39,57,good,toward_good,False
above_good,above_good/43,40,57,good,toward_good,False
above_good,above_good/43,41,57,good,toward_bad,False
above_good,above_good/43,42,57,good,toward_bad,False
above_good,above_good/43,43,57,good,toward_bad,False
above_good,above_good/43,44,57,good,toward_good,False
above_good,above_good/43,45,57,good,toward_good,False
above_good,above_good/43,46,57,good,toward_good,False
above_good,above_good/43,47,57,good,toward_bad,False
above_good,above_good/43,48,57,good,toward_bad,False
above_good,above_good/43,49,57,good,toward_good,False
above_good,above_good/43,50,57,good,toward_bad,False
above_good,above_good/43,51,57,good,toward_good,False
above_good,above_good/43,52,57,good,same,False
above_good,above_good/43,53,57,good,toward_bad,False
above_good,above_good/43,54,57,good,toward_good,False
above_good,above_good/43,55,57,good,toward_bad,False
above_good,above_good/43,56,57,good,,True
above_good,above_good/44,0,11,bad,toward_good,False
above_good,above_good/44,1,11,good,toward_bad,False
above_good,above_good/44,2,11,bad,toward_good,False
above_good,above_good/44,3,11,bad,toward_good,False
above_good,above_good/44,4,11,bad,toward_good,False
above_good,above_good/44,5,11,good,toward_bad,False
above_good,above_good/44,6,11,bad,toward_good,False
above_good,above_good/44,7,11,bad,toward_good,False
above_good,above_good/44,8,11,good,toward_bad,False
above_good,above_good/44,9,11,good,toward_good,False
above_good,above_good/44,10,11,good,,True
above_good,above_good/45,0,1,good,,True
above_good,above_good/46,0,1,good,,True
above_good,above_good/47,0,1,bad,,True
above_good,above_good/48,0,22,good,toward_bad,False
above_good,above_good/48,1,22,good,toward_bad,False
above_good,above_good/48,2,22,good,toward_good,False
above_good,above_good/48,3,22,good,toward_good,False
above_good,above_good/48,4,22,good,toward_bad,False
above_good,above_good/48,5,22,good,toward_good,False
above_good,above_good/48,6,22,good,toward_bad,False
above_good,above_good/48,7,22,good,toward_good,False
above_good,above_good/48,8,22,good,toward_bad,False
above_good,above_good/48,9,22,good,toward_bad,False
above_good,above_good/48,10,22,good,toward_good,False
above_good,above_good/48,11,22,good,toward_bad,False
above_good,above_good/48,12,22,good,toward_good,False
above_good,above_good/48,13,22,good,toward_bad,False
above_good,above_good/48,14,22,good,toward_bad,False
above_good,above_good/48,15,22,good,toward_good,False
above_good,above_good/48,16,22,good,toward_bad,False
above_good,above_good/48,17,22,good,toward_bad,False
above_good,above_good/48,18,22,good,toward_bad,False
above_good,above_good/48,19,22,good,toward_good,False
above_good,above_good/48,20,22,good,toward_bad,False
above_good,above_good/48,21,22,good,,True
above_good,above_good/49,0,4,good,toward_good,False
above_good,above_good/49,1,4,good,toward_good,False
above_good,above_good/49,2,4,good,toward_bad,False
above_good,above_good/49,3,4,good,,True
above_good,above_good/50,0,4,good,toward_good,False
above_good,above_good/50,1,4,good,toward_good,False
above_good,above_good/50,2,4,good,toward_bad,False
above_good,above_good/50,3,4,good,,True
above_good,above_good/51,0,1,good,,True
above_good,above_good/53,0,7,good,toward_good,False
above_good,above_good/53,1,7,good,toward_good,False
above_good,above_good/53,2,7,good,toward_bad,False
above_good,above_good/53,3,7,good,toward_bad,False
above_good,above_good/53,4,7,good,toward_good,False
above_good,above_good/53,5,7,good,toward_bad,False
above_good,above_good/53,6,7,good,,True
above_good,above_good/55,0,1,good,,True
above_good,above_good/56,0,4,good,toward_good,False
above_good,above_good/56,1,4,good,toward_bad,False
above_good,above_good/56,2,4,good,toward_bad,False
above_good,above_good/56,3,4,good,,True
above_good,above_good/59,0,14,bad,toward_good,False
above_good,above_good/59,1,14,bad,toward_good,False
above_good,above_good/59,2,14,bad,toward_good,False
above_good,above_good/59,3,14,bad,toward_good,False
above_good,above_good/59,4,14,bad,toward_good,False
above_good,above_good/59,5,14,bad,toward_good,False
above_good,above_good/59,6,14,bad,toward_good,False
above_good,above_good/59,7,14,bad,toward_good,False
above_good,above_good/59,8,14,bad,toward_good,False
above_good,above_good/59,9,14,bad,toward_good,False
above_good,above_good/59,10,14,bad,toward_good,False
above_good,above_good/59,11,14,good,toward_good,False
above_good,above_good/59,12,14,good,toward_good,False
above_good,above_good/59,13,14,good,,True
above_good,above_good/60,0,35,bad,toward_good,False
above_good,above_good/60,1,35,good,toward_bad,False
above_good,above_good/60,2,35,bad,toward_good,False
above_good,above_good/60,3,35,good,toward_bad,False
above_good,above_good/60,4,35,bad,toward_good,False
above_good,above_good/60,5,35,bad,toward_good,False
above_good,above_good/60,6,35,good,toward_bad,False
above_good,above_good/60,7,35,bad,toward_good,False
above_good,above_good/60,8,35,good,toward_bad,False
above_good,above_good/60,9,35,good,toward_good,False
above_good,above_good/60,10,35,good,toward_bad,False
above_good,above_good/60,11,35,bad,toward_good,False
above_good,above_good/60,12,35,good,toward_bad,False
above_good,above_good/60,13,35,bad,toward_good,False
above_good,above_good/60,14,35,good,toward_bad,False
above_good,above_good/60,15,35,good,toward_bad,False
above_good,above_good/60,16,35,good,toward_good,False
above_good,above_good/60,17,35,good,toward_bad,False
above_good,above_good/60,18,35,good,toward_bad,False
above_good,above_good/60,19,35,good,toward_bad,False
above_good,above_good/60,20,35,good,toward_bad,False
above_good,above_good/60,21,35,good,toward_good,False
above_good,above_good/60,22,35,good,toward_bad,False
above_good,above_good/60,23,35,good,toward_bad,False
above_good,above_good/60,24,35,bad,toward_good,False
above_good,above_good/60,25,35,good,toward_bad,False
above_good,above_good/60,26,35,good,toward_bad,False
above_good,above_good/60,27,35,good,toward_bad,False
above_good,above_good/60,28,35,good,toward_good,False
above_good,above_good/60,29,35,good,toward_bad,False
above_good,above_good/60,30,35,bad,toward_good,False
above_good,above_good/60,31,35,good,same,False
above_good,above_good/60,32,35,good,toward_good,False
above_good,above_good/60,33,35,good,toward_bad,False
above_good,above_good/60,34,35,good,,True
above_good,above_good/61,0,6,bad,toward_good,False
above_good,above_good/61,1,6,bad,toward_good,False
above_good,above_good/61,2,6,bad,toward_good,False
above_good,above_good/61,3,6,good,toward_bad,False
above_good,above_good/61,4,6,good,toward_bad,False
above_good,above_good/61,5,6,bad,,True
above_good,above_good/62,0,6,good,toward_bad,False
above_good,above_good/62,1,6,good,toward_good,False
above_good,above_good/62,2,6,good,toward_bad,False
above_good,above_good/62,3,6,good,toward_good,False
above_good,above_good/62,4,6,good,toward_bad,False
above_good,above_good/62,5,6,good,,True
above_good,above_good/63,0,11,bad,toward_bad,False
above_good,above_good/63,1,11,bad,toward_good,False
above_good,above_good/63,2,11,bad,toward_good,False
above_good,above_good/63,3,11,good,toward_bad,False
above_good,above_good/63,4,11,good,toward_bad,False
above_good,above_good/63,5,11,bad,toward_good,False
above_good,above_good/63,6,11,good,toward_good,False
above_good,above_good/63,7,11,good,toward_bad,False
above_good,above_good/63,8,11,bad,toward_good,False
above_good,above_good/63,9,11,good,toward_good,False
above_good,above_good/63,10,11,good,,True
above_good,above_good/65,0,7,bad,toward_good,False
above_good,above_good/65,1,7,bad,toward_good,False
above_good,above_good/65,2,7,bad,toward_good,False
above_good,above_good/65,3,7,bad,toward_good,False
above_good,above_good/65,4,7,good,toward_good,False
above_good,above_good/65,5,7,good,toward_bad,False
above_good,above_good/65,6,7,good,,True
above_good,above_good/66,0,9,good,toward_good,False
above_good,above_good/66,1,9,good,toward_bad,False
above_good,above_good/66,2,9,good,toward_good,False
above_good,above_good/66,3,9,good,toward_bad,False
above_good,above_good/66,4,9,good,toward_good,False
above_good,above_good/66,5,9,good,toward_bad,False
above_good,above_good/66,6,9,good,toward_bad,False
above_good,above_good/66,7,9,good,toward_good,False
above_good,above_good/66,8,9,good,,True
above_good,above_good/67,0,9,good,toward_good,False
above_good,above_good/67,1,9,good,toward_bad,False
above_good,above_good/67,2,9,good,toward_good,False
above_good,above_good/67,3,9,good,toward_good,False
above_good,above_good/67,4,9,good,toward_bad,False
above_good,above_good/67,5,9,good,toward_good,False
above_good,above_good/67,6,9,good,toward_bad,False
above_good,above_good/67,7,9,good,toward_good,False
above_good,above_good/67,8,9,good,,True
above_good,above_good/68,0,11,bad,toward_good,False
above_good,above_good/68,1,11,good,toward_bad,False
above_good,above_good/68,2,11,good,toward_good,False
above_good,above_good/68,3,11,good,toward_bad,False
above_good,above_good/68,4,11,good,toward_bad,False
above_good,above_good/68,5,11,good,toward_good,False
above_good,above_good/68,6,11,good,toward_good,False
above_good,above_good/68,7,11,good,toward_bad,False
above_good,above_good/68,8,11,good,toward_bad,False
above_good,above_good/68,9,11,good,toward_good,False
above_good,above_good/68,10,11,good,,True
above_good,above_good/69,0,4,good,toward_bad,False
above_good,above_good/69,1,4,good,toward_good,False
above_good,above_good/69,2,4,good,toward_bad,False
above_good,above_good/69,3,4,good,,True
above_good,above_good/71,0,28,bad,toward_good,False
above_good,above_good/71,1,28,good,toward_bad,False
above_good,above_good/71,2,28,bad,toward_good,False
above_good,above_good/71,3,28,bad,toward_good,False
above_good,above_good/71,4,28,good,toward_bad,False
above_good,above_good/71,5,28,bad,toward_good,False
above_good,above_good/71,6,28,good,toward_bad,False
above_good,above_good/71,7,28,bad,toward_good,False
above_good,above_good/71,8,28,good,toward_good,False
above_good,above_good/71,9,28,good,toward_good,False
above_good,above_good/71,10,28,good,toward_bad,False
above_good,above_good/71,11,28,good,toward_good,False
above_good,above_good/71,12,28,good,toward_bad,False
above_good,above_good/71,13,28,bad,toward_good,False
above_good,above_good/71,14,28,good,toward_bad,False
above_good,above_good/71,15,28,good,toward_good,False
above_good,above_good/71,16,28,good,toward_good,False
above_good,above_good/71,17,28,good,toward_bad,False
above_good,above_good/71,18,28,good,toward_good,False
above_good,above_good/71,19,28,good,toward_bad,False
above_good,above_good/71,20,28,good,toward_bad,False
above_good,above_good/71,21,28,bad,toward_good,False
above_good,above_good/71,22,28,good,toward_bad,False
above_good,above_good/71,23,28,good,toward_good,False
above_good,above_good/71,24,28,good,toward_bad,False
above_good,above_good/71,25,28,good,toward_good,False
above_good,above_good/71,26,28,good,toward_bad,False
above_good,above_good/71,27,28,good,,True
above_good,above_good/72,0,1,good,,True
above_good,above_good/73,0,10,good,toward_bad,False
above_good,above_good/73,1,10,good,toward_good,False
above_good,above_good/73,2,10,good,toward_bad,False
above_good,above_good/73,3,10,good,toward_bad,False
above_good,above_good/73,4,10,good,toward_good,False
above_good,above_good/73,5,10,good,toward_good,False
above_good,above_good/73,6,10,good,toward_good,False
above_good,above_good/73,7,10,good,toward_good,False
above_good,above_good/73,8,10,good,toward_bad,False
above_good,above_good/73,9,10,good,,True
above_good,above_good/74,0,27,bad,toward_good,False
above_good,above_good/74,1,27,bad,toward_good,False
above_good,above_good/74,2,27,bad,toward_good,False
above_good,above_good/74,3,27,bad,toward_good,False
above_good,above_good/74,4,27,bad,toward_bad,False
above_good,above_good/74,5,27,bad,toward_bad,False
above_good,above_good/74,6,27,bad,toward_good,False
above_good,above_good/74,7,27,bad,toward_good,False
above_good,above_good/74,8,27,bad,toward_bad,False
above_good,above_good/74,9,27,bad,toward_bad,False
above_good,above_good/74,10,27,bad,toward_good,False
above_good,above_good/74,11,27,bad,toward_good,False
above_good,above_good/74,12,27,bad,toward_bad,False
above_good,above_good/74,13,27,bad,toward_good,False
above_good,above_good/74,14,27,bad,toward_bad,False
above_good,above_good/74,15,27,bad,toward_good,False
above_good,above_good/74,16,27,bad,toward_bad,False
above_good,above_good/74,17,27,bad,toward_bad,False
above_good,above_good/74,18,27,bad,toward_bad,False
above_good,above_good/74,19,27,bad,toward_good,False
above_good,above_good/74,20,27,bad,toward_bad,False
above_good,above_good/74,21,27,bad,toward_good,False
above_good,above_good/74,22,27,bad,toward_good,False
above_good,above_good/74,23,27,bad,toward_bad,False
above_good,above_good/74,24,27,bad,toward_good,False
above_good,above_good/74,25,27,bad,toward_bad,False
above_good,above_good/74,26,27,bad,,True
above_good,above_good/75,0,27,good,toward_good,False
above_good,above_good/75,1,27,good,toward_bad,False
above_good,above_good/75,2,27,good,toward_good,False
above_good,above_good/75,3,27,good,toward_bad,False
above_good,above_good/75,4,27,good,toward_good,False
above_good,above_good/75,5,27,good,toward_bad,False
above_good,above_good/75,6,27,good,toward_good,False
above_good,above_good/75,7,27,good,toward_bad,False
above_good,above_good/75,8,27,good,toward_bad,False
above_good,above_good/75,9,27,good,toward_good,False
above_good,above_good/75,10,27,good,toward_good,False
above_good,above_good/75,11,27,good,toward_bad,False
above_good,above_good/75,12,27,good,toward_bad,False
above_good,above_good/75,13,27,good,toward_good,False
above_good,above_good/75,14,27,good,toward_bad,False
above_good,above_good/75,15,27,good,toward_good,False
above_good,above_good/75,16,27,good,toward_good,False
above_good,above_good/75,17,27,good,toward_bad,False
above_good,above_good/75,18,27,good,toward_bad,False
above_good,above_good/75,19,27,good,toward_bad,False
above_good,above_good/75,20,27,good,toward_good,False
above_good,above_good/75,21,27,good,toward_bad,False
above_good,above_good/75,22,27,good,toward_good,False
above_good,above_good/75,23,27,good,toward_bad,False
above_good,above_good/75,24,27,good,toward_good,False
above_good,above_good/75,25,27,good,toward_bad,False
above_good,above_good/75,26,27,good,,True
above_good,above_good/76,0,50,bad,toward_good,False
above_good,above_good/76,1,50,bad,toward_bad,False
above_good,above_good/76,2,50,bad,toward_good,False
above_good,above_good/76,3,50,bad,toward_good,False
above_good,above_good/76,4,50,bad,toward_bad,False
above_good,above_good/76,5,50,bad,toward_good,False
above_good,above_good/76,6,50,bad,toward_bad,False
above_good,above_good/76,7,50,bad,toward_good,False
above_good,above_good/76,8,50,bad,toward_good,False
above_good,above_good/76,9,50,bad,toward_good,False
above_good,above_good/76,10,50,good,toward_good,False
above_good,above_good/76,11,50,good,toward_bad,False
above_good,above_good/76,12,50,bad,toward_bad,False
above_good,above_good/76,13,50,bad,toward_good,False
above_good,above_good/76,14,50,bad,toward_good,False
above_good,above_good/76,15,50,bad,toward_bad,False
above_good,above_good/76,16,50,bad,toward_good,False
above_good,above_good/76,17,50,bad,toward_good,False
above_good,above_good/76,18,50,bad,toward_bad,False
above_good,above_good/76,19,50,bad,toward_good,False
above_good,above_good/76,20,50,bad,toward_bad,False
above_good,above_good/76,21,50,bad,toward_good,False
above_good,above_good/76,22,50,bad,toward_good,False
above_good,above_good/76,23,50,bad,toward_bad,False
above_good,above_good/76,24,50,bad,toward_good,False
above_good,above_good/76,25,50,bad,toward_bad,False
above_good,above_good/76,26,50,bad,toward_bad,False
above_good,above_good/76,27,50,bad,toward_bad,False
above_good,above_good/76,28,50,bad,toward_good,False
above_good,above_good/76,29,50,bad,toward_good,False
above_good,above_good/76,30,50,bad,toward_good,False
above_good,above_good/76,31,50,bad,toward_bad,False
above_good,above_good/76,32,50,bad,toward_good,False
above_good,above_good/76,33,50,bad,toward_bad,False
above_good,above_good/76,34,50,bad,toward_good,False
above_good,above_good/76,35,50,good,toward_bad,False
above_good,above_good/76,36,50,bad,toward_good,False
above_good,above_good/76,37,50,bad,toward_good,False
above_good,above_good/76,38,50,bad,toward_bad,False
above_good,above_good/76,39,50,bad,toward_bad,False
above_good,above_good/76,40,50,bad,toward_good,False
above_good,above_good/76,41,50,bad,toward_bad,False
above_good,above_good/76,42,50,bad,toward_bad,False
above_good,above_good/76,43,50,bad,toward_good,False
above_good,above_good/76,44,50,bad,toward_bad,False
above_good,above_good/76,45,50,bad,toward_bad,False
above_good,above_good/76,46,50,bad,toward_good,False
above_good,above_good/76,47,50,bad,toward_good,False
above_good,above_good/76,48,50,bad,toward_bad,False
above_good,above_good/76,49,50,bad,,True
above_good,above_good/77,0,1,good,,True
above_good,above_good/78,0,1,good,,True
above_good,above_good/79,0,38,good,toward_bad,False
above_good,above_good/79,1,38,good,toward_bad,False
above_good,above_good/79,2,38,good,toward_bad,False
above_good,above_good/79,3,38,bad,toward_good,False
above_good,above_good/79,4,38,good,toward_bad,False
above_good,above_good/79,5,38,bad,toward_good,False
above_good,above_good/79,6,38,good,toward_good,False
above_good,above_good/79,7,38,good,toward_bad,False
above_good,above_good/79,8,38,bad,toward_good,False
above_good,above_good/79,9,38,good,toward_bad,False
above_good,above_good/79,10,38,good,toward_bad,False
above_good,above_good/79,11,38,bad,toward_good,False
above_good,above_good/79,12,38,good,toward_good,False
above_good,above_good/79,13,38,good,toward_bad,False
above_good,above_good/79,14,38,good,toward_good,False
above_good,above_good/79,15,38,good,toward_good,False
above_good,above_good/79,16,38,good,toward_good,False
above_good,above_good/79,17,38,good,toward_good,False
above_good,above_good/79,18,38,good,toward_good,False
above_good,above_good/79,19,38,good,toward_bad,False
above_good,above_good/79,20,38,good,toward_bad,False
above_good,above_good/79,21,38,good,toward_bad,False
above_good,above_good/79,22,38,bad,toward_good,False
above_good,above_good/79,23,38,good,toward_bad,False
above_good,above_good/79,24,38,bad,toward_good,False
above_good,above_good/79,25,38,good,toward_good,False
above_good,above_good/79,26,38,good,toward_bad,False
above_good,above_good/79,27,38,good,toward_good,False
above_good,above_good/79,28,38,good,toward_bad,False
above_good,above_good/79,29,38,bad,toward_good,False
above_good,above_good/79,30,38,good,toward_bad,False
above_good,above_good/79,31,38,good,toward_good,False
above_good,above_good/79,32,38,good,toward_bad,False
above_good,above_good/79,33,38,good,toward_good,False
above_good,above_good/79,34,38,good,toward_good,False
above_good,above_good/79,35,38,good,toward_bad,False
above_good,above_good/79,36,38,good,toward_good,False
above_good,above_good/79,37,38,good,,True
above_good,above_good/80,0,6,bad,toward_good,False
above_good,above_good/80,1,6,bad,toward_good,False
above_good,above_good/80,2,6,bad,toward_good,False
above_good,above_good/80,3,6,bad,toward_good,False
above_good,above_good/80,4,6,bad,toward_bad,False
above_good,above_good/80,5,6,bad,,True
above_good,above_good/81,0,2,good,toward_bad,False
above_good,above_good/81,1,2,good,,True
above_good,above_good/84,0,24,good,toward_bad,False
above_good,above_good/84,1,24,good,toward_bad,False
above_good,above_good/84,2,24,bad,toward_good,False
above_good,above_good/84,3,24,good,toward_good,False
above_good,above_good/84,4,24,good,toward_bad,False
above_good,above_good/84,5,24,good,toward_good,False
above_good,above_good/84,6,24,good,toward_bad,False
above_good,above_good/84,7,24,good,toward_good,False
above_good,above_good/84,8,24,good,toward_good,False
above_good,above_good/84,9,24,good,toward_bad,False
above_good,above_good/84,10,24,good,toward_good,False
above_good,above_good/84,11,24,good,toward_good,False
above_good,above_good/84,12,24,good,toward_good,False
above_good,above_good/84,13,24,good,toward_bad,False
above_good,above_good/84,14,24,good,toward_good,False
above_good,above_good/84,15,24,good,toward_bad,False
above_good,above_good/84,16,24,good,toward_good,False
above_good,above_good/84,17,24,good,toward_bad,False
above_good,above_good/84,18,24,good,toward_bad,False
above_good,above_good/84,19,24,good,toward_good,False
above_good,above_good/84,20,24,good,toward_bad,False
above_good,above_good/84,21,24,good,toward_good,False
above_good,above_good/84,22,24,good,toward_good,False
above_good,above_good/84,23,24,good,,True
above_good,above_good/85,0,7,good,toward_bad,False
above_good,above_good/85,1,7,good,toward_bad,False
above_good,above_good/85,2,7,good,toward_good,False
above_good,above_good/85,3,7,good,toward_good,False
above_good,above_good/85,4,7,good,toward_bad,False
above_good,above_good/85,5,7,good,toward_good,False
above_good,above_good/85,6,7,good,,True
above_good,above_good/86,0,25,good,toward_good,False
above_good,above_good/86,1,25,good,toward_good,False
above_good,above_good/86,2,25,good,toward_bad,False
above_good,above_good/86,3,25,good,toward_bad,False
above_good,above_good/86,4,25,good,toward_good,False
above_good,above_good/86,5,25,good,toward_good,False
above_good,above_good/86,6,25,good,toward_bad,False
above_good,above_good/86,7,25,good,toward_bad,False
above_good,above_good/86,8,25,good,toward_good,False
above_good,above_good/86,9,25,good,toward_good,False
above_good,above_good/86,10,25,good,toward_good,False
above_good,above_good/86,11,25,good,toward_good,False
above_good,above_good/86,12,25,good,toward_bad,False
above_good,above_good/86,13,25,good,toward_bad,False
above_good,above_good/86,14,25,bad,toward_good,False
above_good,above_good/86,15,25,good,toward_bad,False
above_good,above_good/86,16,25,good,toward_bad,False
above_good,above_good/86,17,25,good,toward_good,False
above_good,above_good/86,18,25,good,toward_bad,False
above_good,above_good/86,19,25,good,toward_good,False
above_good,above_good/86,20,25,good,toward_good,False
above_good,above_good/86,21,25,good,toward_bad,False
above_good,above_good/86,22,25,good,toward_bad,False
above_good,above_good/86,23,25,good,toward_bad,False
above_good,above_good/86,24,25,good,,True
above_good,above_good/88,0,1,good,,True
above_good,above_good/89,0,18,good,toward_bad,False
above_good,above_good/89,1,18,good,toward_bad,False
above_good,above_good/89,2,18,good,toward_good,False
above_good,above_good/89,3,18,good,toward_good,False
above_good,above_good/89,4,18,good,toward_bad,False
above_good,above_good/89,5,18,good,toward_good,False
above_good,above_good/89,6,18,good,toward_bad,False
above_good,above_good/89,7,18,good,toward_bad,False
above_good,above_good/89,8,18,good,toward_good,False
above_good,above_good/89,9,18,good,toward_bad,False
above_good,above_good/89,10,18,good,toward_bad,False
above_good,above_good/89,11,18,good,toward_good,False
above_good,above_good/89,12,18,good,toward_good,False
above_good,above_good/89,13,18,good,toward_bad,False
above_good,above_good/89,14,18,good,toward_good,False
above_good,above_good/89,15,18,good,toward_good,False
above_good,above_good/89,16,18,good,toward_good,False
above_good,above_good/89,17,18,good,,True
above_good,above_good/90,0,17,good,toward_bad,False
above_good,above_good/90,1,17,good,toward_bad,False
above_good,above_good/90,2,17,good,toward_bad,False
above_good,above_good/90,3,17,good,toward_good,False
above_good,above_good/90,4,17,good,toward_bad,False
above_good,above_good/90,5,17,good,toward_good,False
above_good,above_good/90,6,17,good,toward_bad,False
above_good,above_good/90,7,17,good,toward_bad,False
above_good,above_good/90,8,17,good,toward_bad,False
above_good,above_good/90,9,17,good,toward_bad,False
above_good,above_good/90,10,17,good,toward_good,False
above_good,above_good/90,11,17,good,toward_good,False
above_good,above_good/90,12,17,good,toward_good,False
above_good,above_good/90,13,17,good,toward_bad,False
above_good,above_good/90,14,17,good,toward_good,False
above_good,above_good/90,15,17,good,toward_bad,False
above_good,above_good/90,16,17,good,,True
above_good,above_good/91,0,35,bad,toward_good,False
above_good,above_good/91,1,35,bad,toward_good,False
above_good,above_good/91,2,35,bad,toward_bad,False
above_good,above_good/91,3,35,bad,toward_bad,False
above_good,above_good/91,4,35,bad,toward_good,False
above_good,above_good/91,5,35,bad,toward_bad,False
above_good,above_good/91,6,35,bad,toward_bad,False
above_good,above_good/91,7,35,bad,toward_good,False
above_good,above_good/91,8,35,bad,toward_good,False
above_good,above_good/91,9,35,bad,toward_bad,False
above_good,above_good/91,10,35,bad,toward_good,False
above_good,above_good/91,11,35,bad,toward_bad,False
above_good,above_good/91,12,35,bad,toward_bad,False
above_good,above_good/91,13,35,bad,toward_bad,False
above_good,above_good/91,14,35,bad,toward_bad,False
above_good,above_good/91,15,35,bad,toward_bad,False
above_good,above_good/91,16,35,bad,toward_good,False
above_good,above_good/91,17,35,bad,toward_bad,False
above_good,above_good/91,18,35,bad,toward_bad,False
above_good,above_good/91,19,35,bad,toward_bad,False
above_good,above_good/91,20,35,bad,toward_good,False
above_good,above_good/91,21,35,bad,toward_good,False
above_good,above_good/91,22,35,bad,toward_good,False
above_good,above_good/91,23,35,bad,toward_bad,False
above_good,above_good/91,24,35,bad,toward_good,False
above_good,above_good/91,25,35,bad,toward_good,False
above_good,above_good/91,26,35,bad,toward_bad,False
above_good,above_good/91,27,35,bad,toward_good,False
above_good,above_good/91,28,35,bad,toward_good,False
above_good,above_good/91,29,35,bad,toward_good,False
above_good,above_good/91,30,35,bad,toward_good,False
above_good,above_good/91,31,35,bad,toward_good,False
above_good,above_good/91,32,35,bad,toward_bad,False
above_good,above_good/91,33,35,bad,toward_good,False
above_good,above_good/91,34,35,bad,,True
above_good,above_good/92,0,32,good,toward_bad,False
above_good,above_good/92,1,32,good,toward_bad,False
above_good,above_good/92,2,32,good,same,False
above_good,above_good/92,3,32,good,toward_bad,False
above_good,above_good/92,4,32,good,toward_good,False
above_good,above_good/92,5,32,good,toward_bad,False
above_good,above_good/92,6,32,good,toward_good,False
above_good,above_good/92,7,32,good,toward_bad,False
above_good,above_good/92,8,32,good,toward_good,False
above_good,above_good/92,9,32,good,toward_bad,False
above_good,above_good/92,10,32,good,toward_bad,False
above_good,above_good/92,11,32,good,toward_good,False
above_good,above_good/92,12,32,good,toward_bad,False
above_good,above_good/92,13,32,good,toward_good,False
above_good,above_good/92,14,32,good,toward_good,False
above_good,above_good/92,15,32,good,toward_bad,False
above_good,above_good/92,16,32,good,toward_bad,False
above_good,above_good/92,17,32,good,toward_bad,False
above_good,above_good/92,18,32,good,toward_good,False
above_good,above_good/92,19,32,good,toward_bad,False
above_good,above_good/92,20,32,good,toward_good,False
above_good,above_good/92,21,32,good,toward_bad,False
above_good,above_good/92,22,32,good,toward_bad,False
above_good,above_good/92,23,32,good,toward_good,False
above_good,above_good/92,24,32,good,toward_bad,False
above_good,above_good/92,25,32,good,toward_good,False
above_good,above_good/92,26,32,good,toward_bad,False
above_good,above_good/92,27,32,good,toward_good,False
above_good,above_good/92,28,32,good,toward_good,False
above_good,above_good/92,29,32,good,toward_bad,False
above_good,above_good/92,30,32,good,toward_good,False
above_good,above_good/92,31,32,good,,True
above_good,above_good/93,0,28,bad,toward_good,False
above_good,above_good/93,1,28,bad,toward_good,False
above_good,above_good/93,2,28,good,toward_bad,False
above_good,above_good/93,3,28,good,toward_good,False
above_good,above_good/93,4,28,good,toward_bad,False
above_good,above_good/93,5,28,good,toward_bad,False
above_good,above_good/93,6,28,bad,toward_good,False
above_good,above_good/93,7,28,bad,toward_good,False
above_good,above_good/93,8,28,good,toward_good,False
above_good,above_good/93,9,28,good,toward_good,False
above_good,above_good/93,10,28,good,toward_good,False
above_good,above_good/93,11,28,good,toward_bad,False
above_good,above_good/93,12,28,good,toward_good,False
above_good,above_good/93,13,28,good,toward_bad,False
above_good,above_good/93,14,28,good,toward_bad,False
above_good,above_good/93,15,28,good,toward_bad,False
above_good,above_good/93,16,28,good,toward_good,False
above_good,above_good/93,17,28,good,toward_bad,False
above_good,above_good/93,18,28,good,toward_good,False
above_good,above_good/93,19,28,good,toward_good,False
above_good,above_good/93,20,28,good,toward_bad,False
above_good,above_good/93,21,28,good,toward_good,False
above_good,above_good/93,22,28,good,toward_bad,False
above_good,above_good/93,23,28,good,toward_bad,False
above_good,above_good/93,24,28,good,toward_bad,False
above_good,above_good/93,25,28,good,toward_good,False
above_good,above_good/93,26,28,good,toward_bad,False
above_good,above_good/93,27,28,bad,,True
above_good,above_good/95,0,43,good,toward_bad,False
above_good,above_good/95,1,43,bad,toward_good,False
above_good,above_good/95,2,43,good,toward_good,False
above_good,above_good/95,3,43,good,toward_bad,False
above_good,above_good/95,4,43,good,toward_bad,False
above_good,above_good/95,5,43,good,toward_good,False
above_good,above_good/95,6,43,good,toward_good,False
above_good,above_good/95,7,43,good,toward_bad,False
above_good,above_good/95,8,43,bad,toward_good,False
above_good,above_good/95,9,43,good,toward_bad,False
above_good,above_good/95,10,43,good,toward_good,False
above_good,above_good/95,11,43,good,toward_bad,False
above_good,above_good/95,12,43,good,toward_good,False
above_good,above_good/95,13,43,good,toward_bad,False
above_good,above_good/95,14,43,good,toward_good,False
above_good,above_good/95,15,43,good,toward_good,False
above_good,above_good/95,16,43,good,toward_bad,False
above_good,above_good/95,17,43,good,toward_good,False
above_good,above_good/95,18,43,good,toward_bad,False
above_good,above_good/95,19,43,good,toward_bad,False
above_good,above_good/95,20,43,good,toward_bad,False
above_good,above_good/95,21,43,good,toward_good,False
above_good,above_good/95,22,43,good,toward_good,False
above_good,above_good/95,23,43,good,toward_bad,False
above_good,above_good/95,24,43,good,toward_good,False
above_good,above_good/95,25,43,good,toward_good,False
above_good,above_good/95,26,43,good,toward_good,False
above_good,above_good/95,27,43,good,same,False
above_good,above_good/95,28,43,good,toward_good,False
above_good,above_good/95,29,43,good,toward_bad,False
above_good,above_good/95,30,43,good,toward_good,False
above_good,above_good/95,31,43,good,toward_bad,False
above_good,above_good/95,32,43,good,toward_good,False
above_good,above_good/95,33,43,good,toward_bad,False
above_good,above_good/95,34,43,good,toward_good,False
above_good,above_good/95,35,43,good,toward_good,False
above_good,above_good/95,36,43,good,toward_good,False
above_good,above_good/95,37,43,good,toward_bad,False
above_good,above_good/95,38,43,good,toward_good,False
above_good,above_good/95,39,43,good,toward_bad,False
above_good,above_good/95,40,43,good,toward_good,False
above_good,above_good/95,41,43,good,toward_bad,False
above_good,above_good/95,42,43,good,,True
above_good,above_good/97,0,13,good,toward_bad,False
above_good,above_good/97,1,13,bad,toward_good,False
above_good,above_good/97,2,13,bad,toward_good,False
above_good,above_good/97,3,13,bad,toward_good,False
above_good,above_good/97,4,13,bad,toward_good,False
above_good,above_good/97,5,13,bad,toward_good,False
above_good,above_good/97,6,13,bad,toward_good,False
above_good,above_good/97,7,13,bad,toward_good,False
above_good,above_good/97,8,13,bad,toward_good,False
above_good,above_good/97,9,13,good,toward_bad,False
above_good,above_good/97,10,13,good,toward_good,False
above_good,above_good/97,11,13,good,toward_bad,False
above_good,above_good/97,12,13,good,,True
above_good,above_good/99,0,3,good,toward_good,False
above_good,above_good/99,1,3,good,toward_good,False
above_good,above_good/99,2,3,good,,True
