group,rollout,t,K,side,move,is_last
baseline[good=above],baseline/0,0,11,good,toward_good,False
baseline[good=above],baseline/0,1,11,good,toward_bad,False
baseline[good=above],baseline/0,2,11,good,toward_good,False
baseline[good=above],baseline/0,3,11,good,toward_bad,False
baseline[good=above],baseline/0,4,11,good,toward_bad,False
baseline[good=above],baseline/0,5,11,good,toward_bad,False
baseline[good=above],baseline/0,6,11,good,toward_bad,False
baseline[good=above],baseline/0,7,11,good,toward_good,False
baseline[good=above],baseline/0,8,11,good,toward_bad,False
baseline[good=above],baseline/0,9,11,good,toward_bad,False
baseline[good=above],baseline/0,10,11,good,,True
baseline[good=below],baseline/0,0,11,bad,toward_bad,False
baseline[good=below],baseline/0,1,11,bad,toward_good,False
baseline[good=below],baseline/0,2,11,bad,toward_bad,False
baseline[good=below],baseline/0,3,11,bad,toward_good,False
baseline[good=below],baseline/0,4,11,bad,toward_good,False
baseline[good=below],baseline/0,5,11,bad,toward_good,False
baseline[good=below],baseline/0,6,11,bad,toward_good,False
baseline[good=below],baseline/0,7,11,bad,toward_bad,False
baseline[good=below],baseline/0,8,11,bad,toward_good,False
baseline[good=below],baseline/0,9,11,bad,toward_good,False
baseline[good=below],baseline/0,10,11,bad,,True
baseline[good=above],baseline/2,0,9,good,toward_bad,False
baseline[good=above],baseline/2,1,9,good,toward_bad,False
baseline[good=above],baseline/2,2,9,good,toward_bad,False
baseline[good=above],baseline/2,3,9,good,toward_good,False
baseline[good=above],baseline/2,4,9,good,toward_good,False
baseline[good=above],baseline/2,5,9,good,toward_bad,False
baseline[good=above],baseline/2,6,9,good,toward_bad,False
baseline[good=above],baseline/2,7,9,good,toward_good,False
baseline[good=above],baseline/2,8,9,good,,True
baseline[good=below],baseline/2,0,9,bad,toward_good,False
baseline[good=below],baseline/2,1,9,bad,toward_good,False
baseline[good=below],baseline/2,2,9,bad,toward_good,False
baseline[good=below],baseline/2,3,9,bad,toward_bad,False
baseline[good=below],baseline/2,4,9,bad,toward_bad,False
baseline[good=below],baseline/2,5,9,bad,toward_good,False
baseline[good=below],baseline/2,6,9,bad,toward_good,False
baseline[good=below],baseline/2,7,9,bad,toward_bad,False
baseline[good=below],baseline/2,8,9,bad,,True
baseline[good=above],baseline/3,0,22,bad,toward_good,False
baseline[good=above],baseline/3,1,22,bad,toward_good,False
baseline[good=above],baseline/3,2,22,bad,toward_bad,False
baseline[good=above],baseline/3,3,22,bad,toward_good,False
baseline[good=above],baseline/3,4,22,bad,toward_good,False
baseline[good=above],baseline/3,5,22,bad,toward_bad,False
baseline[good=above],baseline/3,6,22,bad,toward_good,False
baseline[good=above],baseline/3,7,22,bad,toward_bad,False
baseline[good=above],baseline/3,8,22,bad,toward_bad,False
baseline[good=above],baseline/3,9,22,bad,toward_good,False
baseline[good=above],baseline/3,10,22,bad,toward_bad,False
baseline[good=above],baseline/3,11,22,bad,toward_bad,False
baseline[good=above],baseline/3,12,22,bad,toward_bad,False
baseline[good=above],baseline/3,13,22,bad,toward_bad,False
baseline[good=above],baseline/3,14,22,bad,toward_bad,False
baseline[good=above],baseline/3,15,22,bad,toward_good,False
baseline[good=above],baseline/3,16,22,bad,toward_bad,False
baseline[good=above],baseline/3,17,22,bad,toward_bad,False
baseline[good=above],baseline/3,18,22,bad,toward_good,False
baseline[good=above],baseline/3,19,22,bad,toward_bad,False
baseline[good=above],baseline/3,20,22,bad,toward_good,False
baseline[good=above],baseline/3,21,22,bad,,True
baseline[good=below],baseline/3,0,22,good,toward_bad,False
baseline[good=below],baseline/3,1,22,good,toward_bad,False
baseline[good=below],baseline/3,2,22,good,toward_good,False
baseline[good=below],baseline/3,3,22,good,toward_bad,False
baseline[good=below],baseline/3,4,22,good,toward_bad,False
baseline[good=below],baseline/3,5,22,good,toward_good,False
baseline[good=below],baseline/3,6,22,good,toward_bad,False
baseline[good=below],baseline/3,7,22,good,toward_good,False
baseline[good=below],baseline/3,8,22,good,toward_good,False
baseline[good=below],baseline/3,9,22,good,toward_bad,False
baseline[good=below],baseline/3,10,22,good,toward_good,False
baseline[good=below],baseline/3,11,22,good,toward_good,False
baseline[good=below],baseline/3,12,22,good,toward_good,False
baseline[good=below],baseline/3,13,22,good,toward_good,False
baseline[good=below],baseline/3,14,22,good,toward_good,False
baseline[good=below],baseline/3,15,22,good,toward_bad,False
baseline[good=below],baseline/3,16,22,good,toward_good,False
baseline[good=below],baseline/3,17,22,good,toward_good,False
baseline[good=below],baseline/3,18,22,good,toward_bad,False
baseline[good=below],baseline/3,19,22,good,toward_good,False
baseline[good=below],baseline/3,20,22,good,toward_bad,False
baseline[good=below],baseline/3,21,22,good,,True
baseline[good=above],baseline/4,0,10,good,toward_good,False
baseline[good=above],baseline/4,1,10,good,toward_good,False
baseline[good=above],baseline/4,2,10,good,toward_bad,False
baseline[good=above],baseline/4,3,10,good,toward_bad,False
baseline[good=above],baseline/4,4,10,good,toward_good,False
baseline[good=above],baseline/4,5,10,good,toward_bad,False
baseline[good=above],baseline/4,6,10,good,toward_bad,False
baseline[good=above],baseline/4,7,10,good,toward_bad,False
baseline[good=above],baseline/4,8,10,good,toward_good,False
baseline[good=above],baseline/4,9,10,good,,True
baseline[good=below],baseline/4,0,10,bad,toward_bad,False
baseline[good=below],baseline/4,1,10,bad,toward_bad,False
baseline[good=below],baseline/4,2,10,bad,toward_good,False
baseline[good=below],baseline/4,3,10,bad,toward_good,False
baseline[good=below],baseline/4,4,10,bad,toward_bad,False
baseline[good=below],baseline/4,5,10,bad,toward_good,False
baseline[good=below],baseline/4,6,10,bad,toward_good,False
baseline[good=below],baseline/4,7,10,bad,toward_good,False
baseline[good=below],baseline/4,8,10,bad,toward_bad,False
baseline[good=below],baseline/4,9,10,bad,,True
baseline[good=above],baseline/5,0,7,bad,toward_bad,False
baseline[good=above],baseline/5,1,7,bad,toward_bad,False
baseline[good=above],baseline/5,2,7,bad,toward_good,False
baseline[good=above],baseline/5,3,7,bad,toward_good,False
baseline[good=above],baseline/5,4,7,bad,toward_bad,False
baseline[good=above],baseline/5,5,7,bad,toward_good,False
baseline[good=above],baseline/5,6,7,bad,,True
baseline[good=below],baseline/5,0,7,good,toward_good,False
baseline[good=below],baseline/5,1,7,good,toward_good,False
baseline[good=below],baseline/5,2,7,good,toward_bad,False
baseline[good=below],baseline/5,3,7,good,toward_bad,False
baseline[good=below],baseline/5,4,7,good,toward_good,False
baseline[good=below],baseline/5,5,7,good,toward_bad,False
baseline[good=below],baseline/5,6,7,good,,True
baseline[good=above],baseline/6,0,20,bad,toward_good,False
baseline[good=above],baseline/6,1,20,bad,toward_bad,False
baseline[good=above],baseline/6,2,20,bad,toward_good,False
baseline[good=above],baseline/6,3,20,bad,toward_good,False
baseline[good=above],baseline/6,4,20,bad,toward_bad,False
baseline[good=above],baseline/6,5,20,bad,toward_bad,False
baseline[good=above],baseline/6,6,20,bad,toward_good,False
baseline[good=above],baseline/6,7,20,bad,toward_good,False
baseline[good=above],baseline/6,8,20,bad,toward_bad,False
baseline[good=above],baseline/6,9,20,bad,toward_bad,False
baseline[good=above],baseline/6,10,20,bad,toward_good,False
baseline[good=above],baseline/6,11,20,bad,toward_bad,False
baseline[good=above],baseline/6,12,20,bad,toward_bad,False
baseline[good=above],baseline/6,13,20,bad,toward_good,False
baseline[good=above],baseline/6,14,20,bad,toward_bad,False
baseline[good=above],baseline/6,15,20,bad,toward_bad,False
baseline[good=above],baseline/6,16,20,bad,toward_good,False
baseline[good=above],baseline/6,17,20,bad,toward_bad,False
baseline[good=above],baseline/6,18,20,bad,toward_good,False
baseline[good=above],baseline/6,19,20,bad,,True
baseline[good=below],baseline/6,0,20,good,toward_bad,False
baseline[good=below],baseline/6,1,20,good,toward_good,False
baseline[good=below],baseline/6,2,20,good,toward_bad,False
baseline[good=below],baseline/6,3,20,good,toward_bad,False
baseline[good=below],baseline/6,4,20,good,toward_good,False
baseline[good=below],baseline/6,5,20,good,toward_good,False
baseline[good=below],baseline/6,6,20,good,toward_bad,False
baseline[good=below],baseline/6,7,20,good,toward_bad,False
baseline[good=below],baseline/6,8,20,good,toward_good,False
baseline[good=below],baseline/6,9,20,good,toward_good,False
baseline[good=below],baseline/6,10,20,good,toward_bad,False
baseline[good=below],baseline/6,11,20,good,toward_good,False
baseline[good=below],baseline/6,12,20,good,toward_good,False
baseline[good=below],baseline/6,13,20,good,toward_bad,False
baseline[good=below],baseline/6,14,20,good,toward_good,False
baseline[good=below],baseline/6,15,20,good,toward_good,False
baseline[good=below],baseline/6,16,20,good,toward_bad,False
baseline[good=below],baseline/6,17,20,good,toward_good,False
baseline[good=below],baseline/6,18,20,good,toward_bad,False
baseline[good=below],baseline/6,19,20,good,,True
baseline[good=above],baseline/7,0,19,good,toward_bad,False
baseline[good=above],baseline/7,1,19,good,toward_bad,False
baseline[good=above],baseline/7,2,19,good,toward_bad,False
baseline[good=above],baseline/7,3,19,good,toward_good,False
baseline[good=above],baseline/7,4,19,good,toward_good,False
baseline[good=above],baseline/7,5,19,good,toward_good,False
baseline[good=above],baseline/7,6,19,good,toward_bad,False
baseline[good=above],baseline/7,7,19,good,toward_good,False
baseline[good=above],baseline/7,8,19,good,toward_bad,False
baseline[good=above],baseline/7,9,19,good,toward_bad,False
baseline[good=above],baseline/7,10,19,good,toward_good,False
baseline[good=above],baseline/7,11,19,good,toward_bad,False
baseline[good=above],baseline/7,12,19,good,toward_good,False
baseline[good=above],baseline/7,13,19,good,toward_good,False
baseline[good=above],baseline/7,14,19,good,toward_bad,False
baseline[good=above],baseline/7,15,19,good,toward_good,False
baseline[good=above],baseline/7,16,19,good,toward_good,False
baseline[good=above],baseline/7,17,19,good,toward_bad,False
baseline[good=above],baseline/7,18,19,good,,True
baseline[good=below],baseline/7,0,19,bad,toward_good,False
baseline[good=below],baseline/7,1,19,bad,toward_good,False
baseline[good=below],baseline/7,2,19,bad,toward_good,False
baseline[good=below],baseline/7,3,19,bad,toward_bad,False
baseline[good=below],baseline/7,4,19,bad,toward_bad,False
baseline[good=below],baseline/7,5,19,bad,toward_bad,False
baseline[good=below],baseline/7,6,19,bad,toward_good,False
baseline[good=below],baseline/7,7,19,bad,toward_bad,False
baseline[good=below],baseline/7,8,19,bad,toward_good,False
baseline[good=below],baseline/7,9,19,bad,toward_good,False
baseline[good=below],baseline/7,10,19,bad,toward_bad,False
baseline[good=below],baseline/7,11,19,bad,toward_good,False
baseline[good=below],baseline/7,12,19,bad,toward_bad,False
baseline[good=below],baseline/7,13,19,bad,toward_bad,False
baseline[good=below],baseline/7,14,19,bad,toward_good,False
baseline[good=below],baseline/7,15,19,bad,toward_bad,False
baseline[good=below],baseline/7,16,19,bad,toward_bad,False
baseline[good=below],baseline/7,17,19,bad,toward_good,False
baseline[good=below],baseline/7,18,19,bad,,True
baseline[good=above],baseline/8,0,12,bad,toward_bad,False
baseline[good=above],baseline/8,1,12,bad,toward_good,False
baseline[good=above],baseline/8,2,12,bad,toward_good,False
baseline[good=above],baseline/8,3,12,bad,toward_good,False
baseline[good=above],baseline/8,4,12,bad,toward_bad,False
baseline[good=above],baseline/8,5,12,bad,toward_good,False
baseline[good=above],baseline/8,6,12,bad,toward_bad,False
baseline[good=above],baseline/8,7,12,bad,toward_bad,False
baseline[good=above],baseline/8,8,12,bad,toward_good,False
baseline[good=above],baseline/8,9,12,bad,toward_good,False
baseline[good=above],baseline/8,10,12,bad,toward_good,False
baseline[good=above],baseline/8,11,12,bad,,True
baseline[good=below],baseline/8,0,12,good,toward_good,False
baseline[good=below],baseline/8,1,12,good,toward_bad,False
baseline[good=below],baseline/8,2,12,good,toward_bad,False
baseline[good=below],baseline/8,3,12,good,toward_bad,False
baseline[good=below],baseline/8,4,12,good,toward_good,False
baseline[good=below],baseline/8,5,12,good,toward_bad,False
baseline[good=below],baseline/8,6,12,good,toward_good,False
baseline[good=below],baseline/8,7,12,good,toward_good,False
baseline[good=below],baseline/8,8,12,good,toward_bad,False
baseline[good=below],baseline/8,9,12,good,toward_bad,False
baseline[good=below],baseline/8,10,12,good,toward_bad,False
baseline[good=below],baseline/8,11,12,good,,True
baseline[good=above],baseline/9,0,1,good,,True
baseline[good=below],baseline/9,0,1,bad,,True
baseline[good=above],baseline/10,0,25,bad,toward_good,False
baseline[good=above],baseline/10,1,25,bad,toward_good,False
baseline[good=above],baseline/10,2,25,bad,toward_bad,False
baseline[good=above],baseline/10,3,25,bad,toward_good,False
baseline[good=above],baseline/10,4,25,bad,toward_good,False
baseline[good=above],baseline/10,5,25,good,toward_bad,False
baseline[good=above],baseline/10,6,25,bad,toward_bad,False
baseline[good=above],baseline/10,7,25,bad,toward_good,False
baseline[good=above],baseline/10,8,25,bad,toward_bad,False
baseline[good=above],baseline/10,9,25,bad,toward_bad,False
baseline[good=above],baseline/10,10,25,bad,toward_good,False
baseline[good=above],baseline/10,11,25,bad,toward_bad,False
baseline[good=above],baseline/10,12,25,bad,toward_bad,False
baseline[good=above],baseline/10,13,25,bad,toward_good,False
baseline[good=above],baseline/10,14,25,bad,toward_good,False
baseline[good=above],baseline/10,15,25,bad,toward_bad,False
baseline[good=above],baseline/10,16,25,bad,same,False
baseline[good=above],baseline/10,17,25,bad,toward_good,False
baseline[good=above],baseline/10,18,25,bad,toward_bad,False
baseline[good=above],baseline/10,19,25,bad,toward_good,False
baseline[good=above],baseline/10,20,25,bad,toward_bad,False
baseline[good=above],baseline/10,21,25,bad,toward_good,False
baseline[good=above],baseline/10,22,25,bad,toward_bad,False
baseline[good=above],baseline/10,23,25,bad,toward_good,False
baseline[good=above],baseline/10,24,25,bad,,True
baseline[good=below],baseline/10,0,25,good,toward_bad,False
baseline[good=below],baseline/10,1,25,good,toward_bad,False
baseline[good=below],baseline/10,2,25,good,toward_good,False
baseline[good=below],baseline/10,3,25,good,toward_bad,False
baseline[good=below],baseline/10,4,25,good,toward_bad,False
baseline[good=below],baseline/10,5,25,bad,toward_good,False
baseline[good=below],baseline/10,6,25,good,toward_good,False
baseline[good=below],baseline/10,7,25,good,toward_bad,False
baseline[good=below],baseline/10,8,25,good,toward_good,False
baseline[good=below],baseline/10,9,25,good,toward_good,False
baseline[good=below],baseline/10,10,25,good,toward_bad,False
baseline[good=below],baseline/10,11,25,good,toward_good,False
baseline[good=below],baseline/10,12,25,good,toward_good,False
baseline[good=below],baseline/10,13,25,good,toward_bad,False
baseline[good=below],baseline/10,14,25,good,toward_bad,False
baseline[good=below],baseline/10,15,25,good,toward_good,False
baseline[good=below],baseline/10,16,25,good,same,False
baseline[good=below],baseline/10,17,25,good,toward_bad,False
baseline[good=below],baseline/10,18,25,good,toward_good,False
baseline[good=below],baseline/10,19,25,good,toward_bad,False
baseline[good=below],baseline/10,20,25,good,toward_good,False
baseline[good=below],baseline/10,21,25,good,toward_bad,False
baseline[good=below],baseline/10,22,25,good,toward_good,False
baseline[good=below],baseline/10,23,25,good,toward_bad,False
baseline[good=below],baseline/10,24,25,good,,True
baseline[good=above],baseline/11,0,1,bad,,True
baseline[good=below],baseline/11,0,1,good,,True
baseline[good=above],baseline/12,0,29,good,toward_good,False
baseline[good=above],baseline/12,1,29,good,toward_bad,False
baseline[good=above],baseline/12,2,29,good,toward_good,False
baseline[good=above],baseline/12,3,29,good,toward_good,False
baseline[good=above],baseline/12,4,29,good,toward_bad,False
baseline[good=above],baseline/12,5,29,good,toward_good,False
baseline[good=above],baseline/12,6,29,good,toward_good,False
baseline[good=above],baseline/12,7,29,good,toward_good,False
baseline[good=above],baseline/12,8,29,good,toward_good,False
baseline[good=above],baseline/12,9,29,good,toward_bad,False
baseline[good=above],baseline/12,10,29,good,toward_good,False
baseline[good=above],baseline/12,11,29,good,toward_bad,False
baseline[good=above],baseline/12,12,29,good,toward_good,False
baseline[good=above],baseline/12,13,29,good,toward_bad,False
baseline[good=above],baseline/12,14,29,good,toward_good,False
baseline[good=above],baseline/12,15,29,good,toward_bad,False
baseline[good=above],baseline/12,16,29,good,toward_good,False
baseline[good=above],baseline/12,17,29,good,toward_good,False
baseline[good=above],baseline/12,18,29,good,toward_good,False
baseline[good=above],baseline/12,19,29,good,toward_good,False
baseline[good=above],baseline/12,20,29,good,toward_bad,False
baseline[good=above],baseline/12,21,29,good,toward_good,False
baseline[good=above],baseline/12,22,29,good,toward_bad,False
baseline[good=above],baseline/12,23,29,good,toward_bad,False
baseline[good=above],baseline/12,24,29,good,toward_bad,False
baseline[good=above],baseline/12,25,29,good,toward_good,False
baseline[good=above],baseline/12,26,29,good,toward_bad,False
baseline[good=above],baseline/12,27,29,good,toward_good,False
baseline[good=above],baseline/12,28,29,good,,True
baseline[good=below],baseline/12,0,29,bad,toward_bad,False
baseline[good=below],baseline/12,1,29,bad,toward_good,False
baseline[good=below],baseline/12,2,29,bad,toward_bad,False
baseline[good=below],baseline/12,3,29,bad,toward_bad,False
baseline[good=below],baseline/12,4,29,bad,toward_good,False
baseline[good=below],baseline/12,5,29,bad,toward_bad,False
baseline[good=below],baseline/12,6,29,bad,toward_bad,False
baseline[good=below],baseline/12,7,29,bad,toward_bad,False
baseline[good=below],baseline/12,8,29,bad,toward_bad,False
baseline[good=below],baseline/12,9,29,bad,toward_good,False
baseline[good=below],baseline/12,10,29,bad,toward_bad,False
baseline[good=below],baseline/12,11,29,bad,toward_good,False
baseline[good=below],baseline/12,12,29,bad,toward_bad,False
baseline[good=below],baseline/12,13,29,bad,toward_good,False
baseline[good=below],baseline/12,14,29,bad,toward_bad,False
baseline[good=below],baseline/12,15,29,bad,toward_good,False
baseline[good=below],baseline/12,16,29,bad,toward_bad,False
baseline[good=below],baseline/12,17,29,bad,toward_bad,False
baseline[good=below],baseline/12,18,29,bad,toward_bad,False
baseline[good=below],baseline/12,19,29,bad,toward_bad,False
baseline[good=below],baseline/12,20,29,bad,toward_good,False
baseline[good=below],baseline/12,21,29,bad,toward_bad,False
baseline[good=below],baseline/12,22,29,bad,toward_good,False
baseline[good=below],baseline/12,23,29,bad,toward_good,False
baseline[good=below],baseline/12,24,29,bad,toward_good,False
baseline[good=below],baseline/12,25,29,bad,toward_bad,False
baseline[good=below],baseline/12,26,29,bad,toward_good,False
baseline[good=below],baseline/12,27,29,bad,toward_bad,False
baseline[good=below],baseline/12,28,29,bad,,True
baseline[good=above],baseline/14,0,26,bad,toward_good,False
baseline[good=above],baseline/14,1,26,bad,toward_bad,False
baseline[good=above],baseline/14,2,26,bad,toward_bad,False
baseline[good=above],baseline/14,3,26,bad,toward_good,False
baseline[good=above],baseline/14,4,26,bad,toward_good,False
baseline[good=above],baseline/14,5,26,bad,toward_bad,False
baseline[good=above],baseline/14,6,26,bad,toward_good,False
baseline[good=above],baseline/14,7,26,bad,toward_bad,False
baseline[good=above],baseline/14,8,26,bad,toward_bad,False
baseline[good=above],baseline/14,9,26,bad,toward_bad,False
baseline[good=above],baseline/14,10,26,bad,toward_good,False
baseline[good=above],baseline/14,11,26,bad,toward_bad,False
baseline[good=above],baseline/14,12,26,bad,toward_bad,False
baseline[good=above],baseline/14,13,26,bad,toward_good,False
baseline[good=above],baseline/14,14,26,bad,toward_bad,False
baseline[good=above],baseline/14,15,26,bad,toward_bad,False
baseline[good=above],baseline/14,16,26,bad,toward_good,False
baseline[good=above],baseline/14,17,26,bad,toward_good,False
baseline[good=above],baseline/14,18,26,bad,toward_good,False
baseline[good=above],baseline/14,19,26,bad,toward_bad,False
baseline[good=above],baseline/14,20,26,bad,toward_good,False
baseline[good=above],baseline/14,21,26,bad,toward_good,False
baseline[good=above],baseline/14,22,26,bad,toward_bad,False
baseline[good=above],baseline/14,23,26,bad,toward_good,False
baseline[good=above],baseline/14,24,26,bad,toward_bad,False
baseline[good=above],baseline/14,25,26,bad,,True
baseline[good=below],baseline/14,0,26,good,toward_bad,False
baseline[good=below],baseline/14,1,26,good,toward_good,False
baseline[good=below],baseline/14,2,26,good,toward_good,False
baseline[good=below],baseline/14,3,26,good,toward_bad,False
baseline[good=below],baseline/14,4,26,good,toward_bad,False
baseline[good=below],baseline/14,5,26,good,toward_good,False
baseline[good=below],baseline/14,6,26,good,toward_bad,False
baseline[good=below],baseline/14,7,26,good,toward_good,False
baseline[good=below],baseline/14,8,26,good,toward_good,False
baseline[good=below],baseline/14,9,26,good,toward_good,False
baseline[good=below],baseline/14,10,26,good,toward_bad,False
baseline[good=below],baseline/14,11,26,good,toward_good,False
baseline[good=below],baseline/14,12,26,good,toward_good,False
baseline[good=below],baseline/14,13,26,good,toward_bad,False
baseline[good=below],baseline/14,14,26,good,toward_good,False
baseline[good=below],baseline/14,15,26,good,toward_good,False
baseline[good=below],baseline/14,16,26,good,toward_bad,False
baseline[good=below],baseline/14,17,26,good,toward_bad,False
baseline[good=below],baseline/14,18,26,good,toward_bad,False
baseline[good=below],baseline/14,19,26,good,toward_good,False
baseline[good=below],baseline/14,20,26,good,toward_bad,False
baseline[good=below],baseline/14,21,26,good,toward_bad,False
baseline[good=below],baseline/14,22,26,good,toward_good,False
baseline[good=below],baseline/14,23,26,good,toward_bad,False
baseline[good=below],baseline/14,24,26,good,toward_good,False
baseline[good=below],baseline/14,25,26,good,,True
baseline[good=above],baseline/15,0,12,bad,toward_good,False
baseline[good=above],baseline/15,1,12,good,toward_bad,False
baseline[good=above],baseline/15,2,12,bad,toward_good,False
baseline[good=above],baseline/15,3,12,bad,toward_good,False
baseline[good=above],baseline/15,4,12,bad,toward_good,False
baseline[good=above],baseline/15,5,12,good,toward_bad,False
baseline[good=above],baseline/15,6,12,bad,toward_bad,False
baseline[good=above],baseline/15,7,12,bad,toward_good,False
baseline[good=above],baseline/15,8,12,bad,toward_good,False
baseline[good=above],baseline/15,9,12,bad,toward_good,False
baseline[good=above],baseline/15,10,12,bad,toward_good,False
baseline[good=above],baseline/15,11,12,bad,,True
baseline[good=below],baseline/15,0,12,good,toward_bad,False
baseline[good=below],baseline/15,1,12,bad,toward_good,False
baseline[good=below],baseline/15,2,12,good,toward_bad,False
baseline[good=below],baseline/15,3,12,good,toward_bad,False
baseline[good=below],baseline/15,4,12,good,toward_bad,False
baseline[good=below],baseline/15,5,12,bad,toward_good,False
baseline[good=below],baseline/15,6,12,good,toward_good,False
baseline[good=below],baseline/15,7,12,good,toward_bad,False
baseline[good=below],baseline/15,8,12,good,toward_bad,False
baseline[good=below],baseline/15,9,12,good,toward_bad,False
baseline[good=below],baseline/15,10,12,good,toward_bad,False
baseline[good=below],baseline/15,11,12,good,,True
baseline[good=above],baseline/16,0,6,bad,toward_good,False
baseline[good=above],baseline/16,1,6,bad,toward_good,False
baseline[good=above],baseline/16,2,6,bad,toward_bad,False
baseline[good=above],baseline/16,3,6,bad,toward_bad,False
baseline[good=above],baseline/16,4,6,bad,same,False
baseline[good=above],baseline/16,5,6,bad,,True
baseline[good=below],baseline/16,0,6,good,toward_bad,False
baseline[good=below],baseline/16,1,6,good,toward_bad,False
baseline[good=below],baseline/16,2,6,good,toward_good,False
baseline[good=below],baseline/16,3,6,good,toward_good,False
baseline[good=below],baseline/16,4,6,good,same,False
baseline[good=below],baseline/16,5,6,good,,True
baseline[good=above],baseline/17,0,1,good,,True
baseline[good=below],baseline/17,0,1,bad,,True
baseline[good=above],baseline/18,0,44,bad,toward_good,False
baseline[good=above],baseline/18,1,44,good,toward_bad,False
baseline[good=above],baseline/18,2,44,good,toward_bad,False
baseline[good=above],baseline/18,3,44,good,toward_bad,False
baseline[good=above],baseline/18,4,44,good,toward_good,False
baseline[good=above],baseline/18,5,44,good,toward_good,False
baseline[good=above],baseline/18,6,44,good,toward_good,False
baseline[good=above],baseline/18,7,44,good,toward_bad,False
baseline[good=above],baseline/18,8,44,good,toward_good,False
baseline[good=above],baseline/18,9,44,good,toward_good,False
baseline[good=above],baseline/18,10,44,good,toward_bad,False
baseline[good=above],baseline/18,11,44,good,toward_good,False
baseline[good=above],baseline/18,12,44,good,toward_bad,False
baseline[good=above],baseline/18,13,44,good,toward_good,False
baseline[good=above],baseline/18,14,44,good,toward_bad,False
baseline[good=above],baseline/18,15,44,good,toward_good,False
baseline[good=above],baseline/18,16,44,good,toward_bad,False
baseline[good=above],baseline/18,17,44,good,toward_good,False
baseline[good=above],baseline/18,18,44,good,toward_bad,False
baseline[good=above],baseline/18,19,44,good,same,False
baseline[good=above],baseline/18,20,44,good,toward_bad,False
baseline[good=above],baseline/18,21,44,good,toward_good,False
baseline[good=above],baseline/18,22,44,good,toward_good,False
baseline[good=above],baseline/18,23,44,good,toward_bad,False
baseline[good=above],baseline/18,24,44,good,toward_good,False
baseline[good=above],baseline/18,25,44,good,toward_good,False
baseline[good=above],baseline/18,26,44,good,toward_good,False
baseline[good=above],baseline/18,27,44,good,toward_bad,False
baseline[good=above],baseline/18,28,44,good,toward_bad,False
baseline[good=above],baseline/18,29,44,good,toward_good,False
baseline[good=above],baseline/18,30,44,good,toward_good,False
baseline[good=above],baseline/18,31,44,good,toward_bad,False
baseline[good=above],baseline/18,32,44,good,toward_good,False
baseline[good=above],baseline/18,33,44,good,toward_bad,False
baseline[good=above],baseline/18,34,44,good,toward_bad,False
baseline[good=above],baseline/18,35,44,good,same,False
baseline[good=above],baseline/18,36,44,good,toward_good,False
baseline[good=above],baseline/18,37,44,good,toward_bad,False
baseline[good=above],baseline/18,38,44,good,toward_good,False
baseline[good=above],baseline/18,39,44,good,toward_good,False
baseline[good=above],baseline/18,40,44,good,toward_good,False
baseline[good=above],baseline/18,41,44,good,toward_bad,False
baseline[good=above],baseline/18,42,44,good,toward_bad,False
baseline[good=above],baseline/18,43,44,good,,True
baseline[good=below],baseline/18,0,44,good,toward_bad,False
baseline[good=below],baseline/18,1,44,bad,toward_good,False
baseline[good=below],baseline/18,2,44,bad,toward_good,False
baseline[good=below],baseline/18,3,44,bad,toward_good,False
baseline[good=below],baseline/18,4,44,bad,toward_bad,False
baseline[good=below],baseline/18,5,44,bad,toward_bad,False
baseline[good=below],baseline/18,6,44,bad,toward_bad,False
baseline[good=below],baseline/18,7,44,bad,toward_good,False
baseline[good=below],baseline/18,8,44,bad,toward_bad,False
baseline[good=below],baseline/18,9,44,bad,toward_bad,False
baseline[good=below],baseline/18,10,44,bad,toward_good,False
baseline[good=below],baseline/18,11,44,bad,toward_bad,False
baseline[good=below],baseline/18,12,44,bad,toward_good,False
baseline[good=below],baseline/18,13,44,bad,toward_bad,False
baseline[good=below],baseline/18,14,44,bad,toward_good,False
baseline[good=below],baseline/18,15,44,bad,toward_bad,False
baseline[good=below],baseline/18,16,44,bad,toward_good,False
baseline[good=below],baseline/18,17,44,bad,toward_bad,False
baseline[good=below],baseline/18,18,44,bad,toward_good,False
baseline[good=below],baseline/18,19,44,bad,same,False
baseline[good=below],baseline/18,20,44,bad,toward_good,False
baseline[good=below],baseline/18,21,44,bad,toward_bad,False
baseline[good=below],baseline/18,22,44,bad,toward_bad,False
baseline[good=below],baseline/18,23,44,bad,toward_good,False
baseline[good=below],baseline/18,24,44,bad,toward_bad,False
baseline[good=below],baseline/18,25,44,bad,toward_bad,False
baseline[good=below],baseline/18,26,44,bad,toward_bad,False
baseline[good=below],baseline/18,27,44,bad,toward_good,False
baseline[good=below],baseline/18,28,44,bad,toward_good,False
baseline[good=below],baseline/18,29,44,bad,toward_bad,False
baseline[good=below],baseline/18,30,44,bad,toward_bad,False
baseline[good=below],baseline/18,31,44,bad,toward_good,False
baseline[good=below],baseline/18,32,44,bad,toward_bad,False
baseline[good=below],baseline/18,33,44,bad,toward_good,False
baseline[good=below],baseline/18,34,44,bad,toward_good,False
baseline[good=below],baseline/18,35,44,bad,same,False
baseline[good=below],baseline/18,36,44,bad,toward_bad,False
baseline[good=below],baseline/18,37,44,bad,toward_good,False
baseline[good=below],baseline/18,38,44,bad,toward_bad,False
baseline[good=below],baseline/18,39,44,bad,toward_bad,False
baseline[good=below],baseline/18,40,44,bad,toward_bad,False
baseline[good=below],baseline/18,41,44,bad,toward_good,False
baseline[good=below],baseline/18,42,44,bad,toward_good,False
baseline[good=below],baseline/18,43,44,bad,,True
baseline[good=above],baseline/19,0,10,bad,toward_bad,False
baseline[good=above],baseline/19,1,10,bad,toward_bad,False
baseline[good=above],baseline/19,2,10,bad,toward_good,False
baseline[good=above],baseline/19,3,10,bad,toward_good,False
baseline[good=above],baseline/19,4,10,bad,toward_bad,False
baseline[good=above],baseline/19,5,10,bad,toward_good,False
baseline[good=above],baseline/19,6,10,bad,toward_good,False
baseline[good=above],baseline/19,7,10,bad,toward_good,False
baseline[good=above],baseline/19,8,10,bad,toward_bad,False
baseline[good=above],baseline/19,9,10,bad,,True
baseline[good=below],baseline/19,0,10,good,toward_good,False
baseline[good=below],baseline/19,1,10,good,toward_good,False
baseline[good=below],baseline/19,2,10,good,toward_bad,False
baseline[good=below],baseline/19,3,10,good,toward_bad,False
baseline[good=below],baseline/19,4,10,good,toward_good,False
baseline[good=below],baseline/19,5,10,good,toward_bad,False
baseline[good=below],baseline/19,6,10,good,toward_bad,False
baseline[good=below],baseline/19,7,10,good,toward_bad,False
baseline[good=below],baseline/19,8,10,good,toward_good,False
baseline[good=below],baseline/19,9,10,good,,True
baseline[good=above],baseline/21,0,8,bad,toward_bad,False
baseline[good=above],baseline/21,1,8,bad,toward_bad,False
baseline[good=above],baseline/21,2,8,bad,toward_good,False
baseline[good=above],baseline/21,3,8,bad,toward_good,False
baseline[good=above],baseline/21,4,8,bad,toward_good,False
baseline[good=above],baseline/21,5,8,bad,toward_good,False
baseline[good=above],baseline/21,6,8,bad,toward_bad,False
baseline[good=above],baseline/21,7,8,bad,,True
baseline[good=below],baseline/21,0,8,good,toward_good,False
baseline[good=below],baseline/21,1,8,good,toward_good,False
baseline[good=below],baseline/21,2,8,good,toward_bad,False
baseline[good=below],baseline/21,3,8,good,toward_bad,False
baseline[good=below],baseline/21,4,8,good,toward_bad,False
baseline[good=below],baseline/21,5,8,good,toward_bad,False
baseline[good=below],baseline/21,6,8,good,toward_good,False
baseline[good=below],baseline/21,7,8,good,,True
baseline[good=above],baseline/23,0,21,bad,toward_good,False
baseline[good=above],baseline/23,1,21,good,toward_good,False
baseline[good=above],baseline/23,2,21,good,toward_bad,False
baseline[good=above],baseline/23,3,21,good,toward_good,False
baseline[good=above],baseline/23,4,21,good,toward_bad,False
baseline[good=above],baseline/23,5,21,good,toward_good,False
baseline[good=above],baseline/23,6,21,good,toward_bad,False
baseline[good=above],baseline/23,7,21,good,toward_good,False
baseline[good=above],baseline/23,8,21,good,toward_bad,False
baseline[good=above],baseline/23,9,21,good,toward_good,False
baseline[good=above],baseline/23,10,21,good,toward_good,False
baseline[good=above],baseline/23,11,21,good,toward_bad,False
baseline[good=above],baseline/23,12,21,good,toward_good,False
baseline[good=above],baseline/23,13,21,good,toward_good,False
baseline[good=above],baseline/23,14,21,good,toward_bad,False
baseline[good=above],baseline/23,15,21,good,toward_good,False
baseline[good=above],baseline/23,16,21,good,toward_bad,False
baseline[good=above],baseline/23,17,21,good,toward_bad,False
baseline[good=above],baseline/23,18,21,good,toward_good,False
baseline[good=above],baseline/23,19,21,good,toward_bad,False
baseline[good=above],baseline/23,20,21,good,,True
baseline[good=below],baseline/23,0,21,good,toward_bad,False
baseline[good=below],baseline/23,1,21,bad,toward_bad,False
baseline[good=below],baseline/23,2,21,bad,toward_good,False
baseline[good=below],baseline/23,3,21,bad,toward_bad,False
baseline[good=below],baseline/23,4,21,bad,toward_good,False
baseline[good=below],baseline/23,5,21,bad,toward_bad,False
baseline[good=below],baseline/23,6,21,bad,toward_good,False
baseline[good=below],baseline/23,7,21,bad,toward_bad,False
baseline[good=below],baseline/23,8,21,bad,toward_good,False
baseline[good=below],baseline/23,9,21,bad,toward_bad,False
baseline[good=below],baseline/23,10,21,bad,toward_bad,False
baseline[good=below],baseline/23,11,21,bad,toward_good,False
baseline[good=below],baseline/23,12,21,bad,toward_bad,False
baseline[good=below],baseline/23,13,21,bad,toward_bad,False
baseline[good=below],baseline/23,14,21,bad,toward_good,False
baseline[good=below],baseline/23,15,21,bad,toward_bad,False
baseline[good=below],baseline/23,16,21,bad,toward_good,False
baseline[good=below],baseline/23,17,21,bad,toward_good,False
baseline[good=below],baseline/23,18,21,bad,toward_bad,False
baseline[good=below],baseline/23,19,21,bad,toward_good,False
baseline[good=below],baseline/23,20,21,bad,,True
baseline[good=above],baseline/25,0,7,good,toward_bad,False
baseline[good=above],baseline/25,1,7,good,toward_bad,False
baseline[good=above],baseline/25,2,7,good,toward_good,False
baseline[good=above],baseline/25,3,7,good,toward_bad,False
baseline[good=above],baseline/25,4,7,good,toward_bad,False
baseline[good=above],baseline/25,5,7,good,toward_good,False
baseline[good=above],baseline/25,6,7,good,,True
baseline[good=below],baseline/25,0,7,bad,toward_good,False
baseline[good=below],baseline/25,1,7,bad,toward_good,False
baseline[good=below],baseline/25,2,7,bad,toward_bad,False
baseline[good=below],baseline/25,3,7,bad,toward_good,False
baseline[good=below],baseline/25,4,7,bad,toward_good,False
baseline[good=below],baseline/25,5,7,bad,toward_bad,False
baseline[good=below],baseline/25,6,7,bad,,True
baseline[good=above],baseline/26,0,11,bad,toward_bad,False
baseline[good=above],baseline/26,1,11,bad,toward_good,False
baseline[good=above],baseline/26,2,11,bad,toward_good,False
baseline[good=above],baseline/26,3,11,bad,toward_bad,False
baseline[good=above],baseline/26,4,11,bad,toward_bad,False
baseline[good=above],baseline/26,5,11,bad,toward_good,False
baseline[good=above],baseline/26,6,11,bad,toward_bad,False
baseline[good=above],baseline/26,7,11,bad,toward_bad,False
baseline[good=above],baseline/26,8,11,bad,toward_good,False
baseline[good=above],baseline/26,9,11,bad,toward_bad,False
baseline[good=above],baseline/26,10,11,bad,,True
baseline[good=below],baseline/26,0,11,good,toward_good,False
baseline[good=below],baseline/26,1,11,good,toward_bad,False
baseline[good=below],baseline/26,2,11,good,toward_bad,False
baseline[good=below],baseline/26,3,11,good,toward_good,False
baseline[good=below],baseline/26,4,11,good,toward_good,False
baseline[good=below],baseline/26,5,11,good,toward_bad,False
baseline[good=below],baseline/26,6,11,good,toward_good,False
baseline[good=below],baseline/26,7,11,good,toward_good,False
baseline[good=below],baseline/26,8,11,good,toward_bad,False
baseline[good=below],baseline/26,9,11,good,toward_good,False
baseline[good=below],baseline/26,10,11,good,,True
baseline[good=above],baseline/28,0,31,bad,toward_good,False
baseline[good=above],baseline/28,1,31,bad,toward_good,False
baseline[good=above],baseline/28,2,31,bad,toward_bad,False
baseline[good=above],baseline/28,3,31,bad,toward_bad,False
baseline[good=above],baseline/28,4,31,bad,toward_good,False
baseline[good=above],baseline/28,5,31,bad,toward_good,False
baseline[good=above],baseline/28,6,31,bad,toward_bad,False
baseline[good=above],baseline/28,7,31,bad,toward_bad,False
baseline[good=above],baseline/28,8,31,bad,toward_bad,False
baseline[good=above],baseline/28,9,31,bad,toward_good,False
baseline[good=above],baseline/28,10,31,bad,toward_good,False
baseline[good=above],baseline/28,11,31,bad,toward_good,False
baseline[good=above],baseline/28,12,31,bad,toward_bad,False
baseline[good=above],baseline/28,13,31,bad,toward_good,False
baseline[good=above],baseline/28,14,31,bad,toward_good,False
baseline[good=above],baseline/28,15,31,bad,toward_bad,False
baseline[good=above],baseline/28,16,31,bad,toward_good,False
baseline[good=above],baseline/28,17,31,bad,toward_good,False
baseline[good=above],baseline/28,18,31,bad,toward_bad,False
baseline[good=above],baseline/28,19,31,bad,toward_good,False
baseline[good=above],baseline/28,20,31,bad,toward_good,False
baseline[good=above],baseline/28,21,31,bad,same,False
baseline[good=above],baseline/28,22,31,bad,toward_bad,False
baseline[good=above],baseline/28,23,31,bad,toward_good,False
baseline[good=above],baseline/28,24,31,bad,toward_bad,False
baseline[good=above],baseline/28,25,31,bad,toward_bad,False
baseline[good=above],baseline/28,26,31,bad,same,False
baseline[good=above],baseline/28,27,31,bad,toward_good,False
baseline[good=above],baseline/28,28,31,bad,toward_bad,False
baseline[good=above],baseline/28,29,31,bad,toward_bad,False
baseline[good=above],baseline/28,30,31,bad,,True
baseline[good=below],baseline/28,0,31,good,toward_bad,False
baseline[good=below],baseline/28,1,31,good,toward_bad,False
baseline[good=below],baseline/28,2,31,good,toward_good,False
baseline[good=below],baseline/28,3,31,good,toward_good,False
baseline[good=below],baseline/28,4,31,good,toward_bad,False
baseline[good=below],baseline/28,5,31,good,toward_bad,False
baseline[good=below],baseline/28,6,31,good,toward_good,False
baseline[good=below],baseline/28,7,31,good,toward_good,False
baseline[good=below],baseline/28,8,31,good,toward_good,False
baseline[good=below],baseline/28,9,31,good,toward_bad,False
baseline[good=below],baseline/28,10,31,good,toward_bad,False
baseline[good=below],baseline/28,11,31,good,toward_bad,False
baseline[good=below],baseline/28,12,31,good,toward_good,False
baseline[good=below],baseline/28,13,31,good,toward_bad,False
baseline[good=below],baseline/28,14,31,good,toward_bad,False
baseline[good=below],baseline/28,15,31,good,toward_good,False
baseline[good=below],baseline/28,16,31,good,toward_bad,False
baseline[good=below],baseline/28,17,31,good,toward_bad,False
baseline[good=below],baseline/28,18,31,good,toward_good,False
baseline[good=below],baseline/28,19,31,good,toward_bad,False
baseline[good=below],baseline/28,20,31,good,toward_bad,False
baseline[good=below],baseline/28,21,31,good,same,False
baseline[good=below],baseline/28,22,31,good,toward_good,False
baseline[good=below],baseline/28,23,31,good,toward_bad,False
baseline[good=below],baseline/28,24,31,good,toward_good,False
baseline[good=below],baseline/28,25,31,good,toward_good,False
baseline[good=below],baseline/28,26,31,good,same,False
baseline[good=below],baseline/28,27,31,good,toward_bad,False
baseline[good=below],baseline/28,28,31,good,toward_good,False
baseline[good=below],baseline/28,29,31,good,toward_good,False
baseline[good=below],baseline/28,30,31,good,,True
baseline[good=above],baseline/30,0,17,bad,toward_good,False
baseline[good=above],baseline/30,1,17,good,toward_bad,False
baseline[good=above],baseline/30,2,17,bad,toward_bad,False
baseline[good=above],baseline/30,3,17,bad,toward_good,False
baseline[good=above],baseline/30,4,17,bad,toward_bad,False
baseline[good=above],baseline/30,5,17,bad,toward_good,False
baseline[good=above],baseline/30,6,17,bad,toward_bad,False
baseline[good=above],baseline/30,7,17,bad,toward_good,False
baseline[good=above],baseline/30,8,17,bad,toward_bad,False
baseline[good=above],baseline/30,9,17,bad,toward_bad,False
baseline[good=above],baseline/30,10,17,bad,toward_good,False
baseline[good=above],baseline/30,11,17,bad,toward_bad,False
baseline[good=above],baseline/30,12,17,bad,toward_bad,False
baseline[good=above],baseline/30,13,17,bad,toward_good,False
baseline[good=above],baseline/30,14,17,bad,toward_bad,False
baseline[good=above],baseline/30,15,17,bad,toward_good,False
baseline[good=above],baseline/30,16,17,bad,,True
baseline[good=below],baseline/30,0,17,good,toward_bad,False
baseline[good=below],baseline/30,1,17,bad,toward_good,False
baseline[good=below],baseline/30,2,17,good,toward_good,False
baseline[good=below],baseline/30,3,17,good,toward_bad,False
baseline[good=below],baseline/30,4,17,good,toward_good,False
baseline[good=below],baseline/30,5,17,good,toward_bad,False
baseline[good=below],baseline/30,6,17,good,toward_good,False
baseline[good=below],baseline/30,7,17,good,toward_bad,False
baseline[good=below],baseline/30,8,17,good,toward_good,False
baseline[good=below],baseline/30,9,17,good,toward_good,False
baseline[good=below],baseline/30,10,17,good,toward_bad,False
baseline[good=below],baseline/30,11,17,good,toward_good,False
baseline[good=below],baseline/30,12,17,good,toward_good,False
baseline[good=below],baseline/30,13,17,good,toward_bad,False
baseline[good=below],baseline/30,14,17,good,toward_good,False
baseline[good=below],baseline/30,15,17,good,toward_bad,False
baseline[good=below],baseline/30,16,17,good,,True
baseline[good=above],baseline/32,0,2,good,toward_good,False
baseline[good=above],baseline/32,1,2,good,,True
baseline[good=below],baseline/32,0,2,bad,toward_bad,False
baseline[good=below],baseline/32,1,2,bad,,True
baseline[good=above],baseline/33,0,17,bad,toward_bad,False
baseline[good=above],baseline/33,1,17,bad,toward_bad,False
baseline[good=above],baseline/33,2,17,bad,toward_good,False
baseline[good=above],baseline/33,3,17,bad,toward_bad,False
baseline[good=above],baseline/33,4,17,bad,toward_bad,False
baseline[good=above],baseline/33,5,17,bad,toward_good,False
baseline[good=above],baseline/33,6,17,bad,toward_bad,False
baseline[good=above],baseline/33,7,17,bad,toward_bad,False
baseline[good=above],baseline/33,8,17,bad,toward_good,False
baseline[good=above],baseline/33,9,17,bad,toward_bad,False
baseline[good=above],baseline/33,10,17,bad,toward_bad,False
baseline[good=above],baseline/33,11,17,bad,toward_good,False
baseline[good=above],baseline/33,12,17,bad,toward_bad,False
baseline[good=above],baseline/33,13,17,bad,toward_good,False
baseline[good=above],baseline/33,14,17,bad,toward_bad,False
baseline[good=above],baseline/33,15,17,bad,toward_bad,False
baseline[good=above],baseline/33,16,17,bad,,True
baseline[good=below],baseline/33,0,17,good,toward_good,False
baseline[good=below],baseline/33,1,17,good,toward_good,False
baseline[good=below],baseline/33,2,17,good,toward_bad,False
baseline[good=below],baseline/33,3,17,good,toward_good,False
baseline[good=below],baseline/33,4,17,good,toward_good,False
baseline[good=below],baseline/33,5,17,good,toward_bad,False
baseline[good=below],baseline/33,6,17,good,toward_good,False
baseline[good=below],baseline/33,7,17,good,toward_good,False
baseline[good=below],baseline/33,8,17,good,toward_bad,False
baseline[good=below],baseline/33,9,17,good,toward_good,False
baseline[good=below],baseline/33,10,17,good,toward_good,False
baseline[good=below],baseline/33,11,17,good,toward_bad,False
baseline[good=below],baseline/33,12,17,good,toward_good,False
baseline[good=below],baseline/33,13,17,good,toward_bad,False
baseline[good=below],baseline/33,14,17,good,toward_good,False
baseline[good=below],baseline/33,15,17,good,toward_good,False
baseline[good=below],baseline/33,16,17,good,,True
baseline[good=above],baseline/34,0,8,good,toward_bad,False
baseline[good=above],baseline/34,1,8,good,toward_good,False
baseline[good=above],baseline/34,2,8,good,toward_good,False
baseline[good=above],baseline/34,3,8,good,toward_good,False
baseline[good=above],baseline/34,4,8,good,toward_bad,False
baseline[good=above],baseline/34,5,8,good,toward_good,False
baseline[good=above],baseline/34,6,8,good,toward_bad,False
baseline[good=above],baseline/34,7,8,good,,True
baseline[good=below],baseline/34,0,8,bad,toward_good,False
baseline[good=below],baseline/34,1,8,bad,toward_bad,False
baseline[good=below],baseline/34,2,8,bad,toward_bad,False
baseline[good=below],baseline/34,3,8,bad,toward_bad,False
baseline[good=below],baseline/34,4,8,bad,toward_good,False
baseline[good=below],baseline/34,5,8,bad,toward_bad,False
baseline[good=below],baseline/34,6,8,bad,toward_good,False
baseline[good=below],baseline/34,7,8,bad,,True
baseline[good=above],baseline/35,0,11,good,toward_good,False
baseline[good=above],baseline/35,1,11,good,toward_good,False
baseline[good=above],baseline/35,2,11,good,toward_bad,False
baseline[good=above],baseline/35,3,11,good,toward_good,False
baseline[good=above],baseline/35,4,11,good,toward_good,False
baseline[good=above],baseline/35,5,11,good,toward_bad,False
baseline[good=above],baseline/35,6,11,good,toward_good,False
baseline[good=above],baseline/35,7,11,good,toward_bad,False
baseline[good=above],baseline/35,8,11,good,toward_bad,False
baseline[good=above],baseline/35,9,11,good,toward_good,False
baseline[good=above],baseline/35,10,11,good,,True
baseline[good=below],baseline/35,0,11,bad,toward_bad,False
baseline[good=below],baseline/35,1,11,bad,toward_bad,False
baseline[good=below],baseline/35,2,11,bad,toward_good,False
baseline[good=below],baseline/35,3,11,bad,toward_bad,False
baseline[good=below],baseline/35,4,11,bad,toward_bad,False
baseline[good=below],baseline/35,5,11,bad,toward_good,False
baseline[good=below],baseline/35,6,11,bad,toward_bad,False
baseline[good=below],baseline/35,7,11,bad,toward_good,False
baseline[good=below],baseline/35,8,11,bad,toward_good,False
baseline[good=below],baseline/35,9,11,bad,toward_bad,False
baseline[good=below],baseline/35,10,11,bad,,True
baseline[good=above],baseline/36,0,15,bad,toward_bad,False
baseline[good=above],baseline/36,1,15,bad,toward_bad,False
baseline[good=above],baseline/36,2,15,bad,toward_bad,False
baseline[good=above],baseline/36,3,15,bad,toward_bad,False
baseline[good=above],baseline/36,4,15,bad,toward_bad,False
baseline[good=above],baseline/36,5,15,bad,toward_bad,False
baseline[good=above],baseline/36,6,15,bad,toward_bad,False
baseline[good=above],baseline/36,7,15,bad,toward_good,False
baseline[good=above],baseline/36,8,15,bad,toward_bad,False
baseline[good=above],baseline/36,9,15,bad,toward_bad,False
baseline[good=above],baseline/36,10,15,bad,toward_good,False
baseline[good=above],baseline/36,11,15,bad,toward_bad,False
baseline[good=above],baseline/36,12,15,bad,toward_bad,False
baseline[good=above],baseline/36,13,15,bad,toward_good,False
baseline[good=above],baseline/36,14,15,bad,,True
baseline[good=below],baseline/36,0,15,good,toward_good,False
baseline[good=below],baseline/36,1,15,good,toward_good,False
baseline[good=below],baseline/36,2,15,good,toward_good,False
baseline[good=below],baseline/36,3,15,good,toward_good,False
baseline[good=below],baseline/36,4,15,good,toward_good,False
baseline[good=below],baseline/36,5,15,good,toward_good,False
baseline[good=below],baseline/36,6,15,good,toward_good,False
baseline[good=below],baseline/36,7,15,good,toward_bad,False
baseline[good=below],baseline/36,8,15,good,toward_good,False
baseline[good=below],baseline/36,9,15,good,toward_good,False
baseline[good=below],baseline/36,10,15,good,toward_bad,False
baseline[good=below],baseline/36,11,15,good,toward_good,False
baseline[good=below],baseline/36,12,15,good,toward_good,False
baseline[good=below],baseline/36,13,15,good,toward_bad,False
baseline[good=below],baseline/36,14,15,good,,True
baseline[good=above],baseline/37,0,21,good,toward_bad,False
baseline[good=above],baseline/37,1,21,good,toward_good,False
baseline[good=above],baseline/37,2,21,good,toward_good,False
baseline[good=above],baseline/37,3,21,good,toward_good,False
baseline[good=above],baseline/37,4,21,good,toward_bad,False
baseline[good=above],baseline/37,5,21,good,toward_bad,False
baseline[good=above],baseline/37,6,21,good,toward_bad,False
baseline[good=above],baseline/37,7,21,good,toward_good,False
baseline[good=above],baseline/37,8,21,good,toward_good,False
baseline[good=above],baseline/37,9,21,good,toward_bad,False
baseline[good=above],baseline/37,10,21,good,toward_bad,False
baseline[good=above],baseline/37,11,21,good,toward_good,False
baseline[good=above],baseline/37,12,21,good,toward_good,False
baseline[good=above],baseline/37,13,21,good,toward_good,False
baseline[good=above],baseline/37,14,21,good,toward_bad,False
baseline[good=above],baseline/37,15,21,good,toward_good,False
baseline[good=above],baseline/37,16,21,good,toward_bad,False
baseline[good=above],baseline/37,17,21,good,toward_good,False
baseline[good=above],baseline/37,18,21,good,toward_bad,False
baseline[good=above],baseline/37,19,21,good,toward_good,False
baseline[good=above],baseline/37,20,21,good,,True
baseline[good=below],baseline/37,0,21,bad,toward_good,False
baseline[good=below],baseline/37,1,21,bad,toward_bad,False
baseline[good=below],baseline/37,2,21,bad,toward_bad,False
baseline[good=below],baseline/37,3,21,bad,toward_bad,False
baseline[good=below],baseline/37,4,21,bad,toward_good,False
baseline[good=below],baseline/37,5,21,bad,toward_good,False
baseline[good=below],baseline/37,6,21,bad,toward_good,False
baseline[good=below],baseline/37,7,21,bad,toward_bad,False
baseline[good=below],baseline/37,8,21,bad,toward_bad,False
baseline[good=below],baseline/37,9,21,bad,toward_good,False
baseline[good=below],baseline/37,10,21,bad,toward_good,False
baseline[good=below],baseline/37,11,21,bad,toward_bad,False
baseline[good=below],baseline/37,12,21,bad,toward_bad,False
baseline[good=below],baseline/37,13,21,bad,toward_bad,False
baseline[good=below],baseline/37,14,21,bad,toward_good,False
baseline[good=below],baseline/37,15,21,bad,toward_bad,False
baseline[good=below],baseline/37,16,21,bad,toward_good,False
baseline[good=below],baseline/37,17,21,bad,toward_bad,False
baseline[good=below],baseline/37,18,21,bad,toward_good,False
baseline[good=below],baseline/37,19,21,bad,toward_bad,False
baseline[good=below],baseline/37,20,21,bad,,True
baseline[good=above],baseline/38,0,23,bad,toward_good,False
baseline[good=above],baseline/38,1,23,bad,toward_bad,False
baseline[good=above],baseline/38,2,23,bad,toward_good,False
baseline[good=above],baseline/38,3,23,bad,toward_bad,False
baseline[good=above],baseline/38,4,23,bad,toward_bad,False
baseline[good=above],baseline/38,5,23,bad,toward_good,False
baseline[good=above],baseline/38,6,23,bad,toward_bad,False
baseline[good=above],baseline/38,7,23,bad,toward_bad,False
baseline[good=above],baseline/38,8,23,bad,toward_good,False
baseline[good=above],baseline/38,9,23,bad,toward_bad,False
baseline[good=above],baseline/38,10,23,bad,toward_good,False
baseline[good=above],baseline/38,11,23,bad,toward_bad,False
baseline[good=above],baseline/38,12,23,bad,toward_good,False
baseline[good=above],baseline/38,13,23,bad,toward_bad,False
baseline[good=above],baseline/38,14,23,bad,toward_bad,False
baseline[good=above],baseline/38,15,23,bad,toward_good,False
baseline[good=above],baseline/38,16,23,bad,toward_good,False
baseline[good=above],baseline/38,17,23,bad,toward_bad,False
baseline[good=above],baseline/38,18,23,bad,toward_good,False
baseline[good=above],baseline/38,19,23,bad,toward_good,False
baseline[good=above],baseline/38,20,23,bad,toward_bad,False
baseline[good=above],baseline/38,21,23,bad,toward_good,False
baseline[good=above],baseline/38,22,23,bad,,True
baseline[good=below],baseline/38,0,23,good,toward_bad,False
baseline[good=below],baseline/38,1,23,good,toward_good,False
baseline[good=below],baseline/38,2,23,good,toward_bad,False
baseline[good=below],baseline/38,3,23,good,toward_good,False
baseline[good=below],baseline/38,4,23,good,toward_good,False
baseline[good=below],baseline/38,5,23,good,toward_bad,False
baseline[good=below],baseline/38,6,23,good,toward_good,False
baseline[good=below],baseline/38,7,23,good,toward_good,False
baseline[good=below],baseline/38,8,23,good,toward_bad,False
baseline[good=below],baseline/38,9,23,good,toward_good,False
baseline[good=below],baseline/38,10,23,good,toward_bad,False
baseline[good=below],baseline/38,11,23,good,toward_good,False
baseline[good=below],baseline/38,12,23,good,toward_bad,False
baseline[good=below],baseline/38,13,23,good,toward_good,False
baseline[good=below],baseline/38,14,23,good,toward_good,False
baseline[good=below],baseline/38,15,23,good,toward_bad,False
baseline[good=below],baseline/38,16,23,good,toward_bad,False
baseline[good=below],baseline/38,17,23,good,toward_good,False
baseline[good=below],baseline/38,18,23,good,toward_bad,False
baseline[good=below],baseline/38,19,23,good,toward_bad,False
baseline[good=below],baseline/38,20,23,good,toward_good,False
baseline[good=below],baseline/38,21,23,good,toward_bad,False
baseline[good=below],baseline/38,22,23,good,,True
baseline[good=above],baseline/39,0,11,good,toward_good,False
baseline[good=above],baseline/39,1,11,good,toward_good,False
baseline[good=above],baseline/39,2,11,good,toward_good,False
baseline[good=above],baseline/39,3,11,good,toward_bad,False
baseline[good=above],baseline/39,4,11,good,toward_bad,False
baseline[good=above],baseline/39,5,11,good,toward_good,False
baseline[good=above],baseline/39,6,11,good,toward_good,False
baseline[good=above],baseline/39,7,11,good,toward_bad,False
baseline[good=above],baseline/39,8,11,good,toward_good,False
baseline[good=above],baseline/39,9,11,good,toward_good,False
baseline[good=above],baseline/39,10,11,good,,True
baseline[good=below],baseline/39,0,11,bad,toward_bad,False
baseline[good=below],baseline/39,1,11,bad,toward_bad,False
baseline[good=below],baseline/39,2,11,bad,toward_bad,False
baseline[good=below],baseline/39,3,11,bad,toward_good,False
baseline[good=below],baseline/39,4,11,bad,toward_good,False
baseline[good=below],baseline/39,5,11,bad,toward_bad,False
baseline[good=below],baseline/39,6,11,bad,toward_bad,False
baseline[good=below],baseline/39,7,11,bad,toward_good,False
baseline[good=below],baseline/39,8,11,bad,toward_bad,False
baseline[good=below],baseline/39,9,11,bad,toward_bad,False
baseline[good=below],baseline/39,10,11,bad,,True
baseline[good=above],baseline/42,0,26,bad,toward_good,False
baseline[good=above],baseline/42,1,26,bad,toward_bad,False
baseline[good=above],baseline/42,2,26,bad,toward_good,False
baseline[good=above],baseline/42,3,26,good,toward_bad,False
baseline[good=above],baseline/42,4,26,bad,toward_good,False
baseline[good=above],baseline/42,5,26,good,toward_good,False
baseline[good=above],baseline/42,6,26,good,toward_bad,False
baseline[good=above],baseline/42,7,26,bad,toward_bad,False
baseline[good=above],baseline/42,8,26,bad,toward_bad,False
baseline[good=above],baseline/42,9,26,bad,toward_good,False
baseline[good=above],baseline/42,10,26,bad,toward_good,False
baseline[good=above],baseline/42,11,26,good,toward_bad,False
baseline[good=above],baseline/42,12,26,bad,toward_bad,False
baseline[good=above],baseline/42,13,26,bad,toward_bad,False
baseline[good=above],baseline/42,14,26,bad,toward_bad,False
baseline[good=above],baseline/42,15,26,bad,toward_good,False
baseline[good=above],baseline/42,16,26,bad,toward_good,False
baseline[good=above],baseline/42,17,26,bad,toward_bad,False
baseline[good=above],baseline/42,18,26,bad,toward_good,False
baseline[good=above],baseline/42,19,26,good,toward_bad,False
baseline[good=above],baseline/42,20,26,bad,toward_bad,False
baseline[good=above],baseline/42,21,26,bad,toward_bad,False
baseline[good=above],baseline/42,22,26,bad,toward_bad,False
baseline[good=above],baseline/42,23,26,bad,toward_good,False
baseline[good=above],baseline/42,24,26,bad,toward_bad,False
baseline[good=above],baseline/42,25,26,bad,,True
baseline[good=below],baseline/42,0,26,good,toward_bad,False
baseline[good=below],baseline/42,1,26,good,toward_good,False
baseline[good=below],baseline/42,2,26,good,toward_bad,False
baseline[good=below],baseline/42,3,26,bad,toward_good,False
baseline[good=below],baseline/42,4,26,good,toward_bad,False
baseline[good=below],baseline/42,5,26,bad,toward_bad,False
baseline[good=below],baseline/42,6,26,bad,toward_good,False
baseline[good=below],baseline/42,7,26,good,toward_good,False
baseline[good=below],baseline/42,8,26,good,toward_good,False
baseline[good=below],baseline/42,9,26,good,toward_bad,False
baseline[good=below],baseline/42,10,26,good,toward_bad,False
baseline[good=below],baseline/42,11,26,bad,toward_good,False
baseline[good=below],baseline/42,12,26,good,toward_good,False
baseline[good=below],baseline/42,13,26,good,toward_good,False
baseline[good=below],baseline/42,14,26,good,toward_good,False
baseline[good=below],baseline/42,15,26,good,toward_bad,False
baseline[good=below],baseline/42,16,26,good,toward_bad,False
baseline[good=below],baseline/42,17,26,good,toward_good,False
baseline[good=below],baseline/42,18,26,good,toward_bad,False
baseline[good=below],baseline/42,19,26,bad,toward_good,False
baseline[good=below],baseline/42,20,26,good,toward_good,False
baseline[good=below],baseline/42,21,26,good,toward_good,False
baseline[good=below],baseline/42,22,26,good,toward_good,False
baseline[good=below],baseline/42,23,26,good,toward_bad,False
baseline[good=below],baseline/42,24,26,good,toward_good,False
baseline[good=below],baseline/42,25,26,good,,True
baseline[good=above],baseline/45,0,26,bad,toward_bad,False
baseline[good=above],baseline/45,1,26,bad,toward_good,False
baseline[good=above],baseline/45,2,26,bad,toward_good,False
baseline[good=above],baseline/45,3,26,bad,toward_good,False
baseline[good=above],baseline/45,4,26,bad,toward_good,False
baseline[good=above],baseline/45,5,26,bad,toward_bad,False
baseline[good=above],baseline/45,6,26,bad,toward_bad,False
baseline[good=above],baseline/45,7,26,bad,toward_good,False
baseline[good=above],baseline/45,8,26,bad,toward_good,False
baseline[good=above],baseline/45,9,26,bad,toward_bad,False
baseline[good=above],baseline/45,10,26,bad,toward_good,False
baseline[good=above],baseline/45,11,26,bad,toward_bad,False
baseline[good=above],baseline/45,12,26,bad,toward_bad,False
baseline[good=above],baseline/45,13,26,bad,toward_bad,False
baseline[good=above],baseline/45,14,26,bad,toward_good,False
baseline[good=above],baseline/45,15,26,bad,toward_bad,False
baseline[good=above],baseline/45,16,26,bad,toward_good,False
baseline[good=above],baseline/45,17,26,bad,toward_good,False
baseline[good=above],baseline/45,18,26,bad,toward_good,False
baseline[good=above],baseline/45,19,26,bad,toward_good,False
baseline[good=above],baseline/45,20,26,bad,toward_bad,False
baseline[good=above],baseline/45,21,26,bad,toward_bad,False
baseline[good=above],baseline/45,22,26,bad,toward_good,False
baseline[good=above],baseline/45,23,26,bad,toward_good,False
baseline[good=above],baseline/45,24,26,bad,toward_bad,False
baseline[good=above],baseline/45,25,26,bad,,True
baseline[good=below],baseline/45,0,26,good,toward_good,False
baseline[good=below],baseline/45,1,26,good,toward_bad,False
baseline[good=below],baseline/45,2,26,good,toward_bad,False
baseline[good=below],baseline/45,3,26,good,toward_bad,False
baseline[good=below],baseline/45,4,26,good,toward_bad,False
baseline[good=below],baseline/45,5,26,good,toward_good,False
baseline[good=below],baseline/45,6,26,good,toward_good,False
baseline[good=below],baseline/45,7,26,good,toward_bad,False
baseline[good=below],baseline/45,8,26,good,toward_bad,False
baseline[good=below],baseline/45,9,26,good,toward_good,False
baseline[good=below],baseline/45,10,26,good,toward_bad,False
baseline[good=below],baseline/45,11,26,good,toward_good,False
baseline[good=below],baseline/45,12,26,good,toward_good,False
baseline[good=below],baseline/45,13,26,good,toward_good,False
baseline[good=below],baseline/45,14,26,good,toward_bad,False
baseline[good=below],baseline/45,15,26,good,toward_good,False
baseline[good=below],baseline/45,16,26,good,toward_bad,False
baseline[good=below],baseline/45,17,26,good,toward_bad,False
baseline[good=below],baseline/45,18,26,good,toward_bad,False
baseline[good=below],baseline/45,19,26,good,toward_bad,False
baseline[good=below],baseline/45,20,26,good,toward_good,False
baseline[good=below],baseline/45,21,26,good,toward_good,False
baseline[good=below],baseline/45,22,26,good,toward_bad,False
baseline[good=below],baseline/45,23,26,good,toward_bad,False
baseline[good=below],baseline/45,24,26,good,toward_good,False
baseline[good=below],baseline/45,25,26,good,,True
baseline[good=above],baseline/47,0,9,bad,toward_good,False
baseline[good=above],baseline/47,1,9,bad,toward_bad,False
baseline[good=above],baseline/47,2,9,bad,toward_good,False
baseline[good=above],baseline/47,3,9,bad,toward_bad,False
baseline[good=above],baseline/47,4,9,bad,toward_good,False
baseline[good=above],baseline/47,5,9,bad,toward_bad,False
baseline[good=above],baseline/47,6,9,bad,toward_good,False
baseline[good=above],baseline/47,7,9,bad,toward_good,False
baseline[good=above],baseline/47,8,9,bad,,True
baseline[good=below],baseline/47,0,9,good,toward_bad,False
baseline[good=below],baseline/47,1,9,good,toward_good,False
baseline[good=below],baseline/47,2,9,good,toward_bad,False
baseline[good=below],baseline/47,3,9,good,toward_good,False
baseline[good=below],baseline/47,4,9,good,toward_bad,False
baseline[good=below],baseline/47,5,9,good,toward_good,False
baseline[good=below],baseline/47,6,9,good,toward_bad,False
baseline[good=below],baseline/47,7,9,good,toward_bad,False
baseline[good=below],baseline/47,8,9,good,,True
baseline[good=above],baseline/50,0,24,good,toward_good,False
baseline[good=above],baseline/50,1,24,good,toward_good,False
baseline[good=above],baseline/50,2,24,good,toward_bad,False
baseline[good=above],baseline/50,3,24,good,toward_good,False
baseline[good=above],baseline/50,4,24,good,toward_good,False
baseline[good=above],baseline/50,5,24,good,toward_bad,False
baseline[good=above],baseline/50,6,24,good,toward_bad,False
baseline[good=above],baseline/50,7,24,good,toward_good,False
baseline[good=above],baseline/50,8,24,good,toward_bad,False
baseline[good=above],baseline/50,9,24,good,toward_bad,False
baseline[good=above],baseline/50,10,24,good,toward_good,False
baseline[good=above],baseline/50,11,24,good,toward_bad,False
baseline[good=above],baseline/50,12,24,good,toward_good,False
baseline[good=above],baseline/50,13,24,good,toward_bad,False
baseline[good=above],baseline/50,14,24,good,toward_good,False
baseline[good=above],baseline/50,15,24,good,toward_good,False
baseline[good=above],baseline/50,16,24,good,toward_bad,False
baseline[good=above],baseline/50,17,24,good,toward_good,False
baseline[good=above],baseline/50,18,24,good,toward_bad,False
baseline[good=above],baseline/50,19,24,good,toward_bad,False
baseline[good=above],baseline/50,20,24,good,toward_good,False
baseline[good=above],baseline/50,21,24,good,toward_bad,False
baseline[good=above],baseline/50,22,24,good,toward_good,False
baseline[good=above],baseline/50,23,24,good,,True
baseline[good=below],baseline/50,0,24,bad,toward_bad,False
baseline[good=below],baseline/50,1,24,bad,toward_bad,False
baseline[good=below],baseline/50,2,24,bad,toward_good,False
baseline[good=below],baseline/50,3,24,bad,toward_bad,False
baseline[good=below],baseline/50,4,24,bad,toward_bad,False
baseline[good=below],baseline/50,5,24,bad,toward_good,False
baseline[good=below],baseline/50,6,24,bad,toward_good,False
baseline[good=below],baseline/50,7,24,bad,toward_bad,False
baseline[good=below],baseline/50,8,24,bad,toward_good,False
baseline[good=below],baseline/50,9,24,bad,toward_good,False
baseline[good=below],baseline/50,10,24,bad,toward_bad,False
baseline[good=below],baseline/50,11,24,bad,toward_good,False
baseline[good=below],baseline/50,12,24,bad,toward_bad,False
baseline[good=below],baseline/50,13,24,bad,toward_good,False
baseline[good=below],baseline/50,14,24,bad,toward_bad,False
baseline[good=below],baseline/50,15,24,bad,toward_bad,False
baseline[good=below],baseline/50,16,24,bad,toward_good,False
baseline[good=below],baseline/50,17,24,bad,toward_bad,False
baseline[good=below],baseline/50,18,24,bad,toward_good,False
baseline[good=below],baseline/50,19,24,bad,toward_good,False
baseline[good=below],baseline/50,20,24,bad,toward_bad,False
baseline[good=below],baseline/50,21,24,bad,toward_good,False
baseline[good=below],baseline/50,22,24,bad,toward_bad,False
baseline[good=below],baseline/50,23,24,bad,,True
baseline[good=above],baseline/51,0,6,good,toward_good,False
baseline[good=above],baseline/51,1,6,good,toward_good,False
baseline[good=above],baseline/51,2,6,good,toward_good,False
baseline[good=above],baseline/51,3,6,good,toward_bad,False
baseline[good=above],baseline/51,4,6,good,toward_bad,False
baseline[good=above],baseline/51,5,6,good,,True
baseline[good=below],baseline/51,0,6,bad,toward_bad,False
baseline[good=below],baseline/51,1,6,bad,toward_bad,False
baseline[good=below],baseline/51,2,6,bad,toward_bad,False
baseline[good=below],baseline/51,3,6,bad,toward_good,False
baseline[good=below],baseline/51,4,6,bad,toward_good,False
baseline[good=below],baseline/51,5,6,bad,,True
baseline[good=above],baseline/52,0,16,bad,toward_good,False
baseline[good=above],baseline/52,1,16,bad,toward_bad,False
baseline[good=above],baseline/52,2,16,bad,toward_good,False
baseline[good=above],baseline/52,3,16,bad,toward_good,False
baseline[good=above],baseline/52,4,16,bad,toward_bad,False
baseline[good=above],baseline/52,5,16,bad,toward_good,False
baseline[good=above],baseline/52,6,16,bad,toward_bad,False
baseline[good=above],baseline/52,7,16,bad,toward_good,False
baseline[good=above],baseline/52,8,16,bad,toward_good,False
baseline[good=above],baseline/52,9,16,bad,toward_good,False
baseline[good=above],baseline/52,10,16,bad,toward_bad,False
baseline[good=above],baseline/52,11,16,bad,toward_bad,False
baseline[good=above],baseline/52,12,16,bad,toward_good,False
baseline[good=above],baseline/52,13,16,bad,toward_bad,False
baseline[good=above],baseline/52,14,16,bad,toward_good,False
baseline[good=above],baseline/52,15,16,bad,,True
baseline[good=below],baseline/52,0,16,good,toward_bad,False
baseline[good=below],baseline/52,1,16,good,toward_good,False
baseline[good=below],baseline/52,2,16,good,toward_bad,False
baseline[good=below],baseline/52,3,16,good,toward_bad,False
baseline[good=below],baseline/52,4,16,good,toward_good,False
baseline[good=below],baseline/52,5,16,good,toward_bad,False
baseline[good=below],baseline/52,6,16,good,toward_good,False
baseline[good=below],baseline/52,7,16,good,toward_bad,False
baseline[good=below],baseline/52,8,16,good,toward_bad,False
baseline[good=below],baseline/52,9,16,good,toward_bad,False
baseline[good=below],baseline/52,10,16,good,toward_good,False
baseline[good=below],baseline/52,11,16,good,toward_good,False
baseline[good=below],baseline/52,12,16,good,toward_bad,False
baseline[good=below],baseline/52,13,16,good,toward_good,False
baseline[good=below],baseline/52,14,16,good,toward_bad,False
baseline[good=below],baseline/52,15,16,good,,True
baseline[good=above],baseline/53,0,24,bad,toward_good,False
baseline[good=above],baseline/53,1,24,good,toward_bad,False
baseline[good=above],baseline/53,2,24,bad,toward_good,False
baseline[good=above],baseline/53,3,24,good,toward_bad,False
baseline[good=above],baseline/53,4,24,bad,toward_good,False
baseline[good=above],baseline/53,5,24,good,toward_good,False
baseline[good=above],baseline/53,6,24,good,toward_bad,False
baseline[good=above],baseline/53,7,24,good,toward_good,False
baseline[good=above],baseline/53,8,24,good,toward_bad,False
baseline[good=above],baseline/53,9,24,bad,toward_good,False
baseline[good=above],baseline/53,10,24,good,toward_good,False
baseline[good=above],baseline/53,11,24,good,toward_bad,False
baseline[good=above],baseline/53,12,24,bad,toward_good,False
baseline[good=above],baseline/53,13,24,good,toward_good,False
baseline[good=above],baseline/53,14,24,good,toward_good,False
baseline[good=above],baseline/53,15,24,good,toward_bad,False
baseline[good=above],baseline/53,16,24,good,toward_good,False
baseline[good=above],baseline/53,17,24,good,toward_bad,False
baseline[good=above],baseline/53,18,24,bad,toward_good,False
baseline[good=above],baseline/53,19,24,good,same,False
baseline[good=above],baseline/53,20,24,good,toward_bad,False
baseline[good=above],baseline/53,21,24,good,toward_good,False
baseline[good=above],baseline/53,22,24,good,toward_bad,False
baseline[good=above],baseline/53,23,24,good,,True
baseline[good=below],baseline/53,0,24,good,toward_bad,False
baseline[good=below],baseline/53,1,24,bad,toward_good,False
baseline[good=below],baseline/53,2,24,good,toward_bad,False
baseline[good=below],baseline/53,3,24,bad,toward_good,False
baseline[good=below],baseline/53,4,24,good,toward_bad,False
baseline[good=below],baseline/53,5,24,bad,toward_bad,False
baseline[good=below],baseline/53,6,24,bad,toward_good,False
baseline[good=below],baseline/53,7,24,bad,toward_bad,False
baseline[good=below],baseline/53,8,24,bad,toward_good,False
baseline[good=below],baseline/53,9,24,good,toward_bad,False
baseline[good=below],baseline/53,10,24,bad,toward_bad,False
baseline[good=below],baseline/53,11,24,bad,toward_good,False
baseline[good=below],baseline/53,12,24,good,toward_bad,False
baseline[good=below],baseline/53,13,24,bad,toward_bad,False
baseline[good=below],baseline/53,14,24,bad,toward_bad,False
baseline[good=below],baseline/53,15,24,bad,toward_good,False
baseline[good=below],baseline/53,16,24,bad,toward_bad,False
baseline[good=below],baseline/53,17,24,bad,toward_good,False
baseline[good=below],baseline/53,18,24,good,toward_bad,False
baseline[good=below],baseline/53,19,24,bad,same,False
baseline[good=below],baseline/53,20,24,bad,toward_good,False
baseline[good=below],baseline/53,21,24,bad,toward_bad,False
baseline[good=below],baseline/53,22,24,bad,toward_good,False
baseline[good=below],baseline/53,23,24,bad,,True
baseline[good=above],baseline/54,0,33,bad,toward_good,False
baseline[good=above],baseline/54,1,33,bad,toward_good,False
baseline[good=above],baseline/54,2,33,good,toward_bad,False
baseline[good=above],baseline/54,3,33,bad,toward_good,False
baseline[good=above],baseline/54,4,33,bad,toward_bad,False
baseline[good=above],baseline/54,5,33,bad,toward_good,False
baseline[good=above],baseline/54,6,33,bad,toward_bad,False
baseline[good=above],baseline/54,7,33,bad,toward_bad,False
baseline[good=above],baseline/54,8,33,bad,toward_good,False
baseline[good=above],baseline/54,9,33,bad,toward_bad,False
baseline[good=above],baseline/54,10,33,bad,toward_good,False
baseline[good=above],baseline/54,11,33,bad,toward_good,False
baseline[good=above],baseline/54,12,33,bad,toward_bad,False
baseline[good=above],baseline/54,13,33,bad,toward_good,False
baseline[good=above],baseline/54,14,33,bad,toward_bad,False
baseline[good=above],baseline/54,15,33,bad,toward_bad,False
baseline[good=above],baseline/54,16,33,bad,toward_good,False
baseline[good=above],baseline/54,17,33,bad,toward_bad,False
baseline[good=above],baseline/54,18,33,bad,toward_bad,False
baseline[good=above],baseline/54,19,33,bad,toward_good,False
baseline[good=above],baseline/54,20,33,bad,toward_good,False
baseline[good=above],baseline/54,21,33,bad,toward_bad,False
baseline[good=above],baseline/54,22,33,bad,toward_good,False
baseline[good=above],baseline/54,23,33,bad,toward_good,False
baseline[good=above],baseline/54,24,33,bad,toward_bad,False
baseline[good=above],baseline/54,25,33,bad,toward_good,False
baseline[good=above],baseline/54,26,33,bad,toward_good,False
baseline[good=above],baseline/54,27,33,bad,toward_good,False
baseline[good=above],baseline/54,28,33,bad,toward_bad,False
baseline[good=above],baseline/54,29,33,bad,toward_bad,False
baseline[good=above],baseline/54,30,33,bad,toward_good,False
baseline[good=above],baseline/54,31,33,bad,toward_bad,False
baseline[good=above],baseline/54,32,33,bad,,True
baseline[good=below],baseline/54,0,33,good,toward_bad,False
baseline[good=below],baseline/54,1,33,good,toward_bad,False
baseline[good=below],baseline/54,2,33,bad,toward_good,False
baseline[good=below],baseline/54,3,33,good,toward_bad,False
baseline[good=below],baseline/54,4,33,good,toward_good,False
baseline[good=below],baseline/54,5,33,good,toward_bad,False
baseline[good=below],baseline/54,6,33,good,toward_good,False
baseline[good=below],baseline/54,7,33,good,toward_good,False
baseline[good=below],baseline/54,8,33,good,toward_bad,False
baseline[good=below],baseline/54,9,33,good,toward_good,False
baseline[good=below],baseline/54,10,33,good,toward_bad,False
baseline[good=below],baseline/54,11,33,good,toward_bad,False
baseline[good=below],baseline/54,12,33,good,toward_good,False
baseline[good=below],baseline/54,13,33,good,toward_bad,False
baseline[good=below],baseline/54,14,33,good,toward_good,False
baseline[good=below],baseline/54,15,33,good,toward_good,False
baseline[good=below],baseline/54,16,33,good,toward_bad,False
baseline[good=below],baseline/54,17,33,good,toward_good,False
baseline[good=below],baseline/54,18,33,good,toward_good,False
baseline[good=below],baseline/54,19,33,good,toward_bad,False
baseline[good=below],baseline/54,20,33,good,toward_bad,False
baseline[good=below],baseline/54,21,33,good,toward_good,False
baseline[good=below],baseline/54,22,33,good,toward_bad,False
baseline[good=below],baseline/54,23,33,good,toward_bad,False
baseline[good=below],baseline/54,24,33,good,toward_good,False
baseline[good=below],baseline/54,25,33,good,toward_bad,False
baseline[good=below],baseline/54,26,33,good,toward_bad,False
baseline[good=below],baseline/54,27,33,good,toward_bad,False
baseline[good=below],baseline/54,28,33,good,toward_good,False
baseline[good=below],baseline/54,29,33,good,toward_good,False
baseline[good=below],baseline/54,30,33,good,toward_bad,False
baseline[good=below],baseline/54,31,33,good,toward_good,False
baseline[good=below],baseline/54,32,33,good,,True
baseline[good=above],baseline/55,0,4,bad,toward_bad,False
baseline[good=above],baseline/55,1,4,bad,toward_bad,False
baseline[good=above],baseline/55,2,4,bad,toward_good,False
baseline[good=above],baseline/55,3,4,bad,,True
baseline[good=below],baseline/55,0,4,good,toward_good,False
baseline[good=below],baseline/55,1,4,good,toward_good,False
baseline[good=below],baseline/55,2,4,good,toward_bad,False
baseline[good=below],baseline/55,3,4,good,,True
baseline[good=above],baseline/56,0,41,good,toward_good,False
baseline[good=above],baseline/56,1,41,good,toward_bad,False
baseline[good=above],baseline/56,2,41,good,toward_good,False
baseline[good=above],baseline/56,3,41,good,toward_bad,False
baseline[good=above],baseline/56,4,41,good,toward_good,False
baseline[good=above],baseline/56,5,41,good,toward_good,False
baseline[good=above],baseline/56,6,41,good,toward_good,False
baseline[good=above],baseline/56,7,41,good,toward_good,False
baseline[good=above],baseline/56,8,41,good,toward_bad,False
baseline[good=above],baseline/56,9,41,good,toward_good,False
baseline[good=above],baseline/56,10,41,good,toward_good,False
baseline[good=above],baseline/56,11,41,good,toward_bad,False
baseline[good=above],baseline/56,12,41,good,toward_good,False
baseline[good=above],baseline/56,13,41,good,toward_bad,False
baseline[good=above],baseline/56,14,41,good,toward_good,False
baseline[good=above],baseline/56,15,41,good,toward_good,False
baseline[good=above],baseline/56,16,41,good,toward_bad,False
baseline[good=above],baseline/56,17,41,good,toward_good,False
baseline[good=above],baseline/56,18,41,good,toward_good,False
baseline[good=above],baseline/56,19,41,good,toward_bad,False
baseline[good=above],baseline/56,20,41,good,toward_good,False
baseline[good=above],baseline/56,21,41,good,toward_good,False
baseline[good=above],baseline/56,22,41,good,toward_bad,False
baseline[good=above],baseline/56,23,41,good,toward_bad,False
baseline[good=above],baseline/56,24,41,good,toward_bad,False
baseline[good=above],baseline/56,25,41,bad,toward_good,False
baseline[good=above],baseline/56,26,41,good,toward_bad,False
baseline[good=above],baseline/56,27,41,good,toward_bad,False
baseline[good=above],baseline/56,28,41,good,toward_good,False
baseline[good=above],baseline/56,29,41,good,toward_good,False
baseline[good=above],baseline/56,30,41,good,toward_bad,False
baseline[good=above],baseline/56,31,41,good,toward_good,False
baseline[good=above],baseline/56,32,41,good,toward_good,False
baseline[good=above],baseline/56,33,41,good,toward_bad,False
baseline[good=above],baseline/56,34,41,good,toward_bad,False
baseline[good=above],baseline/56,35,41,good,toward_good,False
baseline[good=above],baseline/56,36,41,good,toward_good,False
baseline[good=above],baseline/56,37,41,good,toward_bad,False
baseline[good=above],baseline/56,38,41,good,toward_bad,False
baseline[good=above],baseline/56,39,41,good,toward_good,False
baseline[good=above],baseline/56,40,41,good,,True
baseline[good=below],baseline/56,0,41,bad,toward_bad,False
baseline[good=below],baseline/56,1,41,bad,toward_good,False
baseline[good=below],baseline/56,2,41,bad,toward_bad,False
baseline[good=below],baseline/56,3,41,bad,toward_good,False
baseline[good=below],baseline/56,4,41,bad,toward_bad,False
baseline[good=below],baseline/56,5,41,bad,toward_bad,False
baseline[good=below],baseline/56,6,41,bad,toward_bad,False
baseline[good=below],baseline/56,7,41,bad,toward_bad,False
baseline[good=below],baseline/56,8,41,bad,toward_good,False
baseline[good=below],baseline/56,9,41,bad,toward_bad,False
baseline[good=below],baseline/56,10,41,bad,toward_bad,False
baseline[good=below],baseline/56,11,41,bad,toward_good,False
baseline[good=below],baseline/56,12,41,bad,toward_bad,False
baseline[good=below],baseline/56,13,41,bad,toward_good,False
baseline[good=below],baseline/56,14,41,bad,toward_bad,False
baseline[good=below],baseline/56,15,41,bad,toward_bad,False
baseline[good=below],baseline/56,16,41,bad,toward_good,False
baseline[good=below],baseline/56,17,41,bad,toward_bad,False
baseline[good=below],baseline/56,18,41,bad,toward_bad,False
baseline[good=below],baseline/56,19,41,bad,toward_good,False
baseline[good=below],baseline/56,20,41,bad,toward_bad,False
baseline[good=below],baseline/56,21,41,bad,toward_bad,False
baseline[good=below],baseline/56,22,41,bad,toward_good,False
baseline[good=below],baseline/56,23,41,bad,toward_good,False
baseline[good=below],baseline/56,24,41,bad,toward_good,False
baseline[good=below],baseline/56,25,41,good,toward_bad,False
baseline[good=below],baseline/56,26,41,bad,toward_good,False
baseline[good=below],baseline/56,27,41,bad,toward_good,False
baseline[good=below],baseline/56,28,41,bad,toward_bad,False
baseline[good=below],baseline/56,29,41,bad,toward_bad,False
baseline[good=below],baseline/56,30,41,bad,toward_good,False
baseline[good=below],baseline/56,31,41,bad,toward_bad,False
baseline[good=below],baseline/56,32,41,bad,toward_bad,False
baseline[good=below],baseline/56,33,41,bad,toward_good,False
baseline[good=below],baseline/56,34,41,bad,toward_good,False
baseline[good=below],baseline/56,35,41,bad,toward_bad,False
baseline[good=below],baseline/56,36,41,bad,toward_bad,False
baseline[good=below],baseline/56,37,41,bad,toward_good,False
baseline[good=below],baseline/56,38,41,bad,toward_good,False
baseline[good=below],baseline/56,39,41,bad,toward_bad,False
baseline[good=below],baseline/56,40,41,bad,,True
baseline[good=above],baseline/57,0,1,bad,,True
baseline[good=below],baseline/57,0,1,good,,True
baseline[good=above],baseline/58,0,1,bad,,True
baseline[good=below],baseline/58,0,1,good,,True
baseline[good=above],baseline/59,0,8,good,toward_good,False
baseline[good=above],baseline/59,1,8,good,toward_bad,False
baseline[good=above],baseline/59,2,8,good,toward_good,False
baseline[good=above],baseline/59,3,8,good,toward_good,False
baseline[good=above],baseline/59,4,8,good,toward_good,False
baseline[good=above],baseline/59,5,8,good,toward_bad,False
baseline[good=above],baseline/59,6,8,good,toward_good,False
baseline[good=above],baseline/59,7,8,good,,True
baseline[good=below],baseline/59,0,8,bad,toward_bad,False
baseline[good=below],baseline/59,1,8,bad,toward_good,False
baseline[good=below],baseline/59,2,8,bad,toward_bad,False
baseline[good=below],baseline/59,3,8,bad,toward_bad,False
baseline[good=below],baseline/59,4,8,bad,toward_bad,False
baseline[good=below],baseline/59,5,8,bad,toward_good,False
baseline[good=below],baseline/59,6,8,bad,toward_bad,False
baseline[good=below],baseline/59,7,8,bad,,True
baseline[good=above],baseline/60,0,5,good,toward_bad,False
baseline[good=above],baseline/60,1,5,good,toward_bad,False
baseline[good=above],baseline/60,2,5,good,toward_good,False
baseline[good=above],baseline/60,3,5,good,toward_good,False
baseline[good=above],baseline/60,4,5,good,,True
baseline[good=below],baseline/60,0,5,bad,toward_good,False
baseline[good=below],baseline/60,1,5,bad,toward_good,False
baseline[good=below],baseline/60,2,5,bad,toward_bad,False
baseline[good=below],baseline/60,3,5,bad,toward_bad,False
baseline[good=below],baseline/60,4,5,bad,,True
baseline[good=above],baseline/62,0,9,bad,toward_good,False
baseline[good=above],baseline/62,1,9,bad,toward_good,False
baseline[good=above],baseline/62,2,9,bad,toward_good,False
baseline[good=above],baseline/62,3,9,bad,toward_bad,False
baseline[good=above],baseline/62,4,9,bad,toward_good,False
baseline[good=above],baseline/62,5,9,bad,toward_bad,False
baseline[good=above],baseline/62,6,9,bad,toward_good,False
baseline[good=above],baseline/62,7,9,bad,toward_bad,False
baseline[good=above],baseline/62,8,9,bad,,True
baseline[good=below],baseline/62,0,9,good,toward_bad,False
baseline[good=below],baseline/62,1,9,good,toward_bad,False
baseline[good=below],baseline/62,2,9,good,toward_bad,False
baseline[good=below],baseline/62,3,9,good,toward_good,False
baseline[good=below],baseline/62,4,9,good,toward_bad,False
baseline[good=below],baseline/62,5,9,good,toward_good,False
baseline[good=below],baseline/62,6,9,good,toward_bad,False
baseline[good=below],baseline/62,7,9,good,toward_good,False
baseline[good=below],baseline/62,8,9,good,,True
baseline[good=above],baseline/64,0,32,good,toward_bad,False
baseline[good=above],baseline/64,1,32,good,toward_good,False
baseline[good=above],baseline/64,2,32,good,toward_good,False
baseline[good=above],baseline/64,3,32,good,toward_bad,False
baseline[good=above],baseline/64,4,32,bad,toward_good,False
baseline[good=above],baseline/64,5,32,good,toward_bad,False
baseline[good=above],baseline/64,6,32,bad,toward_good,False
baseline[good=above],baseline/64,7,32,bad,toward_bad,False
baseline[good=above],baseline/64,8,32,bad,toward_good,False
baseline[good=above],baseline/64,9,32,good,toward_good,False
baseline[good=above],baseline/64,10,32,good,toward_bad,False
baseline[good=above],baseline/64,11,32,bad,toward_good,False
baseline[good=above],baseline/64,12,32,bad,toward_good,False
baseline[good=above],baseline/64,13,32,good,toward_bad,False
baseline[good=above],baseline/64,14,32,bad,toward_bad,False
baseline[good=above],baseline/64,15,32,bad,toward_good,False
baseline[good=above],baseline/64,16,32,bad,toward_good,False
baseline[good=above],baseline/64,17,32,good,toward_bad,False
baseline[good=above],baseline/64,18,32,bad,toward_good,False
baseline[good=above],baseline/64,19,32,bad,toward_bad,False
baseline[good=above],baseline/64,20,32,bad,toward_good,False
baseline[good=above],baseline/64,21,32,bad,toward_bad,False
baseline[good=above],baseline/64,22,32,bad,toward_bad,False
baseline[good=above],baseline/64,23,32,bad,toward_good,False
baseline[good=above],baseline/64,24,32,good,toward_bad,False
baseline[good=above],baseline/64,25,32,good,toward_good,False
baseline[good=above],baseline/64,26,32,good,toward_bad,False
baseline[good=above],baseline/64,27,32,good,toward_bad,False
baseline[good=above],baseline/64,28,32,bad,toward_good,False
baseline[good=above],baseline/64,29,32,bad,toward_bad,False
baseline[good=above],baseline/64,30,32,bad,toward_good,False
baseline[good=above],baseline/64,31,32,bad,,True
baseline[good=below],baseline/64,0,32,bad,toward_good,False
baseline[good=below],baseline/64,1,32,bad,toward_bad,False
baseline[good=below],baseline/64,2,32,bad,toward_bad,False
baseline[good=below],baseline/64,3,32,bad,toward_good,False
baseline[good=below],baseline/64,4,32,good,toward_bad,False
baseline[good=below],baseline/64,5,32,bad,toward_good,False
baseline[good=below],baseline/64,6,32,good,toward_bad,False
baseline[good=below],baseline/64,7,32,good,toward_good,False
baseline[good=below],baseline/64,8,32,good,toward_bad,False
baseline[good=below],baseline/64,9,32,bad,toward_bad,False
baseline[good=below],baseline/64,10,32,bad,toward_good,False
baseline[good=below],baseline/64,11,32,good,toward_bad,False
baseline[good=below],baseline/64,12,32,good,toward_bad,False
baseline[good=below],baseline/64,13,32,bad,toward_good,False
baseline[good=below],baseline/64,14,32,good,toward_good,False
baseline[good=below],baseline/64,15,32,good,toward_bad,False
baseline[good=below],baseline/64,16,32,good,toward_bad,False
baseline[good=below],baseline/64,17,32,bad,toward_good,False
baseline[good=below],baseline/64,18,32,good,toward_bad,False
baseline[good=below],baseline/64,19,32,good,toward_good,False
baseline[good=below],baseline/64,20,32,good,toward_bad,False
baseline[good=below],baseline/64,21,32,good,toward_good,False
baseline[good=below],baseline/64,22,32,good,toward_good,False
baseline[good=below],baseline/64,23,32,good,toward_bad,False
baseline[good=below],baseline/64,24,32,bad,toward_good,False
baseline[good=below],baseline/64,25,32,bad,toward_bad,False
baseline[good=below],baseline/64,26,32,bad,toward_good,False
baseline[good=below],baseline/64,27,32,bad,toward_good,False
baseline[good=below],baseline/64,28,32,good,toward_bad,False
baseline[good=below],baseline/64,29,32,good,toward_good,False
baseline[good=below],baseline/64,30,32,good,toward_bad,False
baseline[good=below],baseline/64,31,32,good,,True
baseline[good=above],baseline/65,0,42,good,toward_bad,False
baseline[good=above],baseline/65,1,42,good,toward_good,False
baseline[good=above],baseline/65,2,42,good,toward_good,False
baseline[good=above],baseline/65,3,42,good,toward_good,False
baseline[good=above],baseline/65,4,42,good,toward_bad,False
baseline[good=above],baseline/65,5,42,good,toward_bad,False
baseline[good=above],baseline/65,6,42,bad,toward_good,False
baseline[good=above],baseline/65,7,42,good,toward_bad,False
baseline[good=above],baseline/65,8,42,good,toward_good,False
baseline[good=above],baseline/65,9,42,good,toward_bad,False
baseline[good=above],baseline/65,10,42,good,toward_bad,False
baseline[good=above],baseline/65,11,42,good,toward_good,False
baseline[good=above],baseline/65,12,42,good,toward_good,False
baseline[good=above],baseline/65,13,42,good,toward_good,False
baseline[good=above],baseline/65,14,42,good,toward_bad,False
baseline[good=above],baseline/65,15,42,good,toward_good,False
baseline[good=above],baseline/65,16,42,good,toward_bad,False
baseline[good=above],baseline/65,17,42,good,toward_good,False
baseline[good=above],baseline/65,18,42,good,toward_bad,False
baseline[good=above],baseline/65,19,42,good,same,False
baseline[good=above],baseline/65,20,42,good,toward_good,False
baseline[good=above],baseline/65,21,42,good,toward_good,False
baseline[good=above],baseline/65,22,42,good,toward_bad,False
baseline[good=above],baseline/65,23,42,good,toward_bad,False
baseline[good=above],baseline/65,24,42,good,toward_good,False
baseline[good=above],baseline/65,25,42,good,toward_good,False
baseline[good=above],baseline/65,26,42,good,toward_good,False
baseline[good=above],baseline/65,27,42,good,toward_bad,False
baseline[good=above],baseline/65,28,42,good,toward_good,False
baseline[good=above],baseline/65,29,42,good,toward_bad,False
baseline[good=above],baseline/65,30,42,good,toward_good,False
baseline[good=above],baseline/65,31,42,good,toward_bad,False
baseline[good=above],baseline/65,32,42,good,toward_good,False
baseline[good=above],baseline/65,33,42,good,toward_bad,False
baseline[good=above],baseline/65,34,42,good,toward_good,False
baseline[good=above],baseline/65,35,42,good,toward_bad,False
baseline[good=above],baseline/65,36,42,good,toward_good,False
baseline[good=above],baseline/65,37,42,good,toward_bad,False
baseline[good=above],baseline/65,38,42,good,toward_good,False
baseline[good=above],baseline/65,39,42,good,toward_bad,False
baseline[good=above],baseline/65,40,42,good,toward_good,False
baseline[good=above],baseline/65,41,42,good,,True
baseline[good=below],baseline/65,0,42,bad,toward_good,False
baseline[good=below],baseline/65,1,42,bad,toward_bad,False
baseline[good=below],baseline/65,2,42,bad,toward_bad,False
baseline[good=below],baseline/65,3,42,bad,toward_bad,False
baseline[good=below],baseline/65,4,42,bad,toward_good,False
baseline[good=below],baseline/65,5,42,bad,toward_good,False
baseline[good=below],baseline/65,6,42,good,toward_bad,False
baseline[good=below],baseline/65,7,42,bad,toward_good,False
baseline[good=below],baseline/65,8,42,bad,toward_bad,False
baseline[good=below],baseline/65,9,42,bad,toward_good,False
baseline[good=below],baseline/65,10,42,bad,toward_good,False
baseline[good=below],baseline/65,11,42,bad,toward_bad,False
baseline[good=below],baseline/65,12,42,bad,toward_bad,False
baseline[good=below],baseline/65,13,42,bad,toward_bad,False
baseline[good=below],baseline/65,14,42,bad,toward_good,False
baseline[good=below],baseline/65,15,42,bad,toward_bad,False
baseline[good=below],baseline/65,16,42,bad,toward_good,False
baseline[good=below],baseline/65,17,42,bad,toward_bad,False
baseline[good=below],baseline/65,18,42,bad,toward_good,False
baseline[good=below],baseline/65,19,42,bad,same,False
baseline[good=below],baseline/65,20,42,bad,toward_bad,False
baseline[good=below],baseline/65,21,42,bad,toward_bad,False
baseline[good=below],baseline/65,22,42,bad,toward_good,False
baseline[good=below],baseline/65,23,42,bad,toward_good,False
baseline[good=below],baseline/65,24,42,bad,toward_bad,False
baseline[good=below],baseline/65,25,42,bad,toward_bad,False
baseline[good=below],baseline/65,26,42,bad,toward_bad,False
baseline[good=below],baseline/65,27,42,bad,toward_good,False
baseline[good=below],baseline/65,28,42,bad,toward_bad,False
baseline[good=below],baseline/65,29,42,bad,toward_good,False
baseline[good=below],baseline/65,30,42,bad,toward_bad,False
baseline[good=below],baseline/65,31,42,bad,toward_good,False
baseline[good=below],baseline/65,32,42,bad,toward_bad,False
baseline[good=below],baseline/65,33,42,bad,toward_good,False
baseline[good=below],baseline/65,34,42,bad,toward_bad,False
baseline[good=below],baseline/65,35,42,bad,toward_good,False
baseline[good=below],baseline/65,36,42,bad,toward_bad,False
baseline[good=below],baseline/65,37,42,bad,toward_good,False
baseline[good=below],baseline/65,38,42,bad,toward_bad,False
baseline[good=below],baseline/65,39,42,bad,toward_good,False
baseline[good=below],baseline/65,40,42,bad,toward_bad,False
baseline[good=below],baseline/65,41,42,bad,,True
baseline[good=above],baseline/67,0,33,bad,toward_good,False
baseline[good=above],baseline/67,1,33,bad,toward_bad,False
baseline[good=above],baseline/67,2,33,bad,toward_bad,False
baseline[good=above],baseline/67,3,33,bad,toward_good,False
baseline[good=above],baseline/67,4,33,bad,toward_bad,False
baseline[good=above],baseline/67,5,33,bad,toward_bad,False
baseline[good=above],baseline/67,6,33,bad,toward_good,False
baseline[good=above],baseline/67,7,33,bad,toward_good,False
baseline[good=above],baseline/67,8,33,bad,toward_bad,False
baseline[good=above],baseline/67,9,33,bad,toward_bad,False
baseline[good=above],baseline/67,10,33,bad,toward_good,False
baseline[good=above],baseline/67,11,33,bad,toward_good,False
baseline[good=above],baseline/67,12,33,bad,toward_bad,False
baseline[good=above],baseline/67,13,33,bad,toward_bad,False
baseline[good=above],baseline/67,14,33,bad,toward_good,False
baseline[good=above],baseline/67,15,33,bad,toward_bad,False
baseline[good=above],baseline/67,16,33,bad,toward_bad,False
baseline[good=above],baseline/67,17,33,bad,toward_good,False
baseline[good=above],baseline/67,18,33,bad,toward_bad,False
baseline[good=above],baseline/67,19,33,bad,toward_good,False
baseline[good=above],baseline/67,20,33,bad,toward_bad,False
baseline[good=above],baseline/67,21,33,bad,toward_good,False
baseline[good=above],baseline/67,22,33,bad,toward_good,False
baseline[good=above],baseline/67,23,33,bad,toward_good,False
baseline[good=above],baseline/67,24,33,bad,toward_good,False
baseline[good=above],baseline/67,25,33,bad,toward_bad,False
baseline[good=above],baseline/67,26,33,bad,toward_bad,False
baseline[good=above],baseline/67,27,33,bad,toward_good,False
baseline[good=above],baseline/67,28,33,bad,toward_bad,False
baseline[good=above],baseline/67,29,33,bad,toward_bad,False
baseline[good=above],baseline/67,30,33,bad,toward_bad,False
baseline[good=above],baseline/67,31,33,bad,toward_good,False
baseline[good=above],baseline/67,32,33,bad,,True
baseline[good=below],baseline/67,0,33,good,toward_bad,False
baseline[good=below],baseline/67,1,33,good,toward_good,False
baseline[good=below],baseline/67,2,33,good,toward_good,False
baseline[good=below],baseline/67,3,33,good,toward_bad,False
baseline[good=below],baseline/67,4,33,good,toward_good,False
baseline[good=below],baseline/67,5,33,good,toward_good,False
baseline[good=below],baseline/67,6,33,good,toward_bad,False
baseline[good=below],baseline/67,7,33,good,toward_bad,False
baseline[good=below],baseline/67,8,33,good,toward_good,False
baseline[good=below],baseline/67,9,33,good,toward_good,False
baseline[good=below],baseline/67,10,33,good,toward_bad,False
baseline[good=below],baseline/67,11,33,good,toward_bad,False
baseline[good=below],baseline/67,12,33,good,toward_good,False
baseline[good=below],baseline/67,13,33,good,toward_good,False
baseline[good=below],baseline/67,14,33,good,toward_bad,False
baseline[good=below],baseline/67,15,33,good,toward_good,False
baseline[good=below],baseline/67,16,33,good,toward_good,False
baseline[good=below],baseline/67,17,33,good,toward_bad,False
baseline[good=below],baseline/67,18,33,good,toward_good,False
baseline[good=below],baseline/67,19,33,good,toward_bad,False
baseline[good=below],baseline/67,20,33,good,toward_good,False
baseline[good=below],baseline/67,21,33,good,toward_bad,False
baseline[good=below],baseline/67,22,33,good,toward_bad,False
baseline[good=below],baseline/67,23,33,good,toward_bad,False
baseline[good=below],baseline/67,24,33,good,toward_bad,False
baseline[good=below],baseline/67,25,33,good,toward_good,False
baseline[good=below],baseline/67,26,33,good,toward_good,False
baseline[good=below],baseline/67,27,33,good,toward_bad,False
baseline[good=below],baseline/67,28,33,good,toward_good,False
baseline[good=below],baseline/67,29,33,good,toward_good,False
baseline[good=below],baseline/67,30,33,good,toward_good,False
baseline[good=below],baseline/67,31,33,good,toward_bad,False
baseline[good=below],baseline/67,32,33,good,,True
baseline[good=above],baseline/69,0,8,good,toward_good,False
baseline[good=above],baseline/69,1,8,good,toward_good,False
baseline[good=above],baseline/69,2,8,good,toward_good,False
baseline[good=above],baseline/69,3,8,good,toward_bad,False
baseline[good=above],baseline/69,4,8,good,toward_bad,False
baseline[good=above],baseline/69,5,8,good,toward_bad,False
baseline[good=above],baseline/69,6,8,good,toward_bad,False
baseline[good=above],baseline/69,7,8,good,,True
baseline[good=below],baseline/69,0,8,bad,toward_bad,False
baseline[good=below],baseline/69,1,8,bad,toward_bad,False
baseline[good=below],baseline/69,2,8,bad,toward_bad,False
baseline[good=below],baseline/69,3,8,bad,toward_good,False
baseline[good=below],baseline/69,4,8,bad,toward_good,False
baseline[good=below],baseline/69,5,8,bad,toward_good,False
baseline[good=below],baseline/69,6,8,bad,toward_good,False
baseline[good=below],baseline/69,7,8,bad,,True
baseline[good=above],baseline/70,0,17,good,toward_good,False
baseline[good=above],baseline/70,1,17,good,toward_bad,False
baseline[good=above],baseline/70,2,17,good,toward_good,False
baseline[good=above],baseline/70,3,17,good,toward_good,False
baseline[good=above],baseline/70,4,17,good,toward_good,False
baseline[good=above],baseline/70,5,17,good,toward_bad,False
baseline[good=above],baseline/70,6,17,good,toward_good,False
baseline[good=above],baseline/70,7,17,good,toward_good,False
baseline[good=above],baseline/70,8,17,good,toward_bad,False
baseline[good=above],baseline/70,9,17,good,toward_bad,False
baseline[good=above],baseline/70,10,17,good,toward_good,False
baseline[good=above],baseline/70,11,17,good,toward_good,False
baseline[good=above],baseline/70,12,17,good,toward_bad,False
baseline[good=above],baseline/70,13,17,good,toward_good,False
baseline[good=above],baseline/70,14,17,good,toward_bad,False
baseline[good=above],baseline/70,15,17,good,toward_bad,False
baseline[good=above],baseline/70,16,17,good,,True
baseline[good=below],baseline/70,0,17,bad,toward_bad,False
baseline[good=below],baseline/70,1,17,bad,toward_good,False
baseline[good=below],baseline/70,2,17,bad,toward_bad,False
baseline[good=below],baseline/70,3,17,bad,toward_bad,False
baseline[good=below],baseline/70,4,17,bad,toward_bad,False
baseline[good=below],baseline/70,5,17,bad,toward_good,False
baseline[good=below],baseline/70,6,17,bad,toward_bad,False
baseline[good=below],baseline/70,7,17,bad,toward_bad,False
baseline[good=below],baseline/70,8,17,bad,toward_good,False
baseline[good=below],baseline/70,9,17,bad,toward_good,False
baseline[good=below],baseline/70,10,17,bad,toward_bad,False
baseline[good=below],baseline/70,11,17,bad,toward_bad,False
baseline[good=below],baseline/70,12,17,bad,toward_good,False
baseline[good=below],baseline/70,13,17,bad,toward_bad,False
baseline[good=below],baseline/70,14,17,bad,toward_good,False
baseline[good=below],baseline/70,15,17,bad,toward_good,False
baseline[good=below],baseline/70,16,17,bad,,True
baseline[good=above],baseline/73,0,37,bad,toward_bad,False
baseline[good=above],baseline/73,1,37,bad,toward_good,False
baseline[good=above],baseline/73,2,37,bad,toward_good,False
baseline[good=above],baseline/73,3,37,bad,toward_bad,False
baseline[good=above],baseline/73,4,37,bad,toward_bad,False
baseline[good=above],baseline/73,5,37,bad,toward_good,False
baseline[good=above],baseline/73,6,37,bad,toward_bad,False
baseline[good=above],baseline/73,7,37,bad,toward_good,False
baseline[good=above],baseline/73,8,37,bad,toward_bad,False
baseline[good=above],baseline/73,9,37,bad,toward_bad,False
baseline[good=above],baseline/73,10,37,bad,toward_good,False
baseline[good=above],baseline/73,11,37,bad,toward_good,False
baseline[good=above],baseline/73,12,37,bad,toward_bad,False
baseline[good=above],baseline/73,13,37,bad,toward_good,False
baseline[good=above],baseline/73,14,37,bad,toward_good,False
baseline[good=above],baseline/73,15,37,bad,toward_bad,False
baseline[good=above],baseline/73,16,37,bad,toward_good,False
baseline[good=above],baseline/73,17,37,bad,toward_bad,False
baseline[good=above],baseline/73,18,37,bad,toward_bad,False
baseline[good=above],baseline/73,19,37,bad,toward_bad,False
baseline[good=above],baseline/73,20,37,bad,toward_good,False
baseline[good=above],baseline/73,21,37,bad,toward_good,False
baseline[good=above],baseline/73,22,37,bad,toward_good,False
baseline[good=above],baseline/73,23,37,bad,toward_bad,False
baseline[good=above],baseline/73,24,37,bad,toward_good,False
baseline[good=above],baseline/73,25,37,bad,toward_bad,False
baseline[good=above],baseline/73,26,37,bad,toward_good,False
baseline[good=above],baseline/73,27,37,bad,toward_good,False
baseline[good=above],baseline/73,28,37,bad,toward_good,False
baseline[good=above],baseline/73,29,37,bad,toward_bad,False
baseline[good=above],baseline/73,30,37,bad,toward_bad,False
baseline[good=above],baseline/73,31,37,bad,toward_good,False
baseline[good=above],baseline/73,32,37,bad,toward_bad,False
baseline[good=above],baseline/73,33,37,bad,toward_bad,False
baseline[good=above],baseline/73,34,37,bad,toward_good,False
baseline[good=above],baseline/73,35,37,bad,toward_bad,False
baseline[good=above],baseline/73,36,37,bad,,True
baseline[good=below],baseline/73,0,37,good,toward_good,False
baseline[good=below],baseline/73,1,37,good,toward_bad,False
baseline[good=below],baseline/73,2,37,good,toward_bad,False
baseline[good=below],baseline/73,3,37,good,toward_good,False
baseline[good=below],baseline/73,4,37,good,toward_good,False
baseline[good=below],baseline/73,5,37,good,toward_bad,False
baseline[good=below],baseline/73,6,37,good,toward_good,False
baseline[good=below],baseline/73,7,37,good,toward_bad,False
baseline[good=below],baseline/73,8,37,good,toward_good,False
baseline[good=below],baseline/73,9,37,good,toward_good,False
baseline[good=below],baseline/73,10,37,good,toward_bad,False
baseline[good=below],baseline/73,11,37,good,toward_bad,False
baseline[good=below],baseline/73,12,37,good,toward_good,False
baseline[good=below],baseline/73,13,37,good,toward_bad,False
baseline[good=below],baseline/73,14,37,good,toward_bad,False
baseline[good=below],baseline/73,15,37,good,toward_good,False
baseline[good=below],baseline/73,16,37,good,toward_bad,False
baseline[good=below],baseline/73,17,37,good,toward_good,False
baseline[good=below],baseline/73,18,37,good,toward_good,False
baseline[good=below],baseline/73,19,37,good,toward_good,False
baseline[good=below],baseline/73,20,37,good,toward_bad,False
baseline[good=below],baseline/73,21,37,good,toward_bad,False
baseline[good=below],baseline/73,22,37,good,toward_bad,False
baseline[good=below],baseline/73,23,37,good,toward_good,False
baseline[good=below],baseline/73,24,37,good,toward_bad,False
baseline[good=below],baseline/73,25,37,good,toward_good,False
baseline[good=below],baseline/73,26,37,good,toward_bad,False
baseline[good=below],baseline/73,27,37,good,toward_bad,False
baseline[good=below],baseline/73,28,37,good,toward_bad,False
baseline[good=below],baseline/73,29,37,good,toward_good,False
baseline[good=below],baseline/73,30,37,good,toward_good,False
baseline[good=below],baseline/73,31,37,good,toward_bad,False
baseline[good=below],baseline/73,32,37,good,toward_good,False
baseline[good=below],baseline/73,33,37,good,toward_good,False
baseline[good=below],baseline/73,34,37,good,toward_bad,False
baseline[good=below],baseline/73,35,37,good,toward_good,False
baseline[good=below],baseline/73,36,37,good,,True
baseline[good=above],baseline/74,0,4,bad,toward_good,False
baseline[good=above],baseline/74,1,4,bad,toward_good,False
baseline[good=above],baseline/74,2,4,bad,toward_good,False
baseline[good=above],baseline/74,3,4,bad,,True
baseline[good=below],baseline/74,0,4,good,toward_bad,False
baseline[good=below],baseline/74,1,4,good,toward_bad,False
baseline[good=below],baseline/74,2,4,good,toward_bad,False
baseline[good=below],baseline/74,3,4,good,,True
baseline[good=above],baseline/76,0,7,bad,toward_good,False
baseline[good=above],baseline/76,1,7,bad,toward_good,False
baseline[good=above],baseline/76,2,7,bad,toward_bad,False
baseline[good=above],baseline/76,3,7,bad,toward_good,False
baseline[good=above],baseline/76,4,7,bad,toward_bad,False
baseline[good=above],baseline/76,5,7,bad,toward_bad,False
baseline[good=above],baseline/76,6,7,bad,,True
baseline[good=below],baseline/76,0,7,good,toward_bad,False
baseline[good=below],baseline/76,1,7,good,toward_bad,False
baseline[good=below],baseline/76,2,7,good,toward_good,False
baseline[good=below],baseline/76,3,7,good,toward_bad,False
baseline[good=below],baseline/76,4,7,good,toward_good,False
baseline[good=below],baseline/76,5,7,good,toward_good,False
baseline[good=below],baseline/76,6,7,good,,True
baseline[good=above],baseline/78,0,1,good,,True
baseline[good=below],baseline/78,0,1,bad,,True
baseline[good=above],baseline/79,0,1,bad,,True
baseline[good=below],baseline/79,0,1,good,,True
baseline[good=above],baseline/80,0,18,bad,toward_bad,False
baseline[good=above],baseline/80,1,18,bad,toward_good,False
baseline[good=above],baseline/80,2,18,bad,toward_bad,False
baseline[good=above],baseline/80,3,18,bad,toward_good,False
baseline[good=above],baseline/80,4,18,bad,toward_bad,False
baseline[good=above],baseline/80,5,18,bad,toward_good,False
baseline[good=above],baseline/80,6,18,bad,toward_good,False
baseline[good=above],baseline/80,7,18,bad,toward_bad,False
baseline[good=above],baseline/80,8,18,bad,toward_good,False
baseline[good=above],baseline/80,9,18,bad,toward_bad,False
baseline[good=above],baseline/80,10,18,bad,toward_good,False
baseline[good=above],baseline/80,11,18,bad,toward_good,False
baseline[good=above],baseline/80,12,18,bad,toward_bad,False
baseline[good=above],baseline/80,13,18,bad,toward_good,False
baseline[good=above],baseline/80,14,18,bad,toward_bad,False
baseline[good=above],baseline/80,15,18,bad,toward_good,False
baseline[good=above],baseline/80,16,18,bad,toward_bad,False
baseline[good=above],baseline/80,17,18,bad,,True
baseline[good=below],baseline/80,0,18,good,toward_good,False
baseline[good=below],baseline/80,1,18,good,toward_bad,False
baseline[good=below],baseline/80,2,18,good,toward_good,False
baseline[good=below],baseline/80,3,18,good,toward_bad,False
baseline[good=below],baseline/80,4,18,good,toward_good,False
baseline[good=below],baseline/80,5,18,good,toward_bad,False
baseline[good=below],baseline/80,6,18,good,toward_bad,False
baseline[good=below],baseline/80,7,18,good,toward_good,False
baseline[good=below],baseline/80,8,18,good,toward_bad,False
baseline[good=below],baseline/80,9,18,good,toward_good,False
baseline[good=below],baseline/80,10,18,good,toward_bad,False
baseline[good=below],baseline/80,11,18,good,toward_bad,False
baseline[good=below],baseline/80,12,18,good,toward_good,False
baseline[good=below],baseline/80,13,18,good,toward_bad,False
baseline[good=below],baseline/80,14,18,good,toward_good,False
baseline[good=below],baseline/80,15,18,good,toward_bad,False
baseline[good=below],baseline/80,16,18,good,toward_good,False
baseline[good=below],baseline/80,17,18,good,,True
baseline[good=above],baseline/82,0,9,bad,toward_bad,False
baseline[good=above],baseline/82,1,9,bad,toward_good,False
baseline[good=above],baseline/82,2,9,bad,toward_good,False
baseline[good=above],baseline/82,3,9,bad,toward_bad,False
baseline[good=above],baseline/82,4,9,bad,toward_good,False
baseline[good=above],baseline/82,5,9,bad,toward_good,False
baseline[good=above],baseline/82,6,9,bad,toward_bad,False
baseline[good=above],baseline/82,7,9,bad,toward_good,False
baseline[good=above],baseline/82,8,9,bad,,True
baseline[good=below],baseline/82,0,9,good,toward_good,False
baseline[good=below],baseline/82,1,9,good,toward_bad,False
baseline[good=below],baseline/82,2,9,good,toward_bad,False
baseline[good=below],baseline/82,3,9,good,toward_good,False
baseline[good=below],baseline/82,4,9,good,toward_bad,False
baseline[good=below],baseline/82,5,9,good,toward_bad,False
baseline[good=below],baseline/82,6,9,good,toward_good,False
baseline[good=below],baseline/82,7,9,good,toward_bad,False
baseline[good=below],baseline/82,8,9,good,,True
baseline[good=above],baseline/83,0,5,bad,toward_bad,False
baseline[good=above],baseline/83,1,5,bad,toward_bad,False
baseline[good=above],baseline/83,2,5,bad,toward_bad,False
baseline[good=above],baseline/83,3,5,bad,toward_bad,False
baseline[good=above],baseline/83,4,5,bad,,True
baseline[good=below],baseline/83,0,5,good,toward_good,False
baseline[good=below],baseline/83,1,5,good,toward_good,False
baseline[good=below],baseline/83,2,5,good,toward_good,False
baseline[good=below],baseline/83,3,5,good,toward_good,False
baseline[good=below],baseline/83,4,5,good,,True
baseline[good=above],baseline/84,0,5,good,toward_good,False
baseline[good=above],baseline/84,1,5,good,toward_good,False
baseline[good=above],baseline/84,2,5,good,toward_bad,False
baseline[good=above],baseline/84,3,5,good,toward_good,False
baseline[good=above],baseline/84,4,5,good,,True
baseline[good=below],baseline/84,0,5,bad,toward_bad,False
baseline[good=below],baseline/84,1,5,bad,toward_bad,False
baseline[good=below],baseline/84,2,5,bad,toward_good,False
baseline[good=below],baseline/84,3,5,bad,toward_bad,False
baseline[good=below],baseline/84,4,5,bad,,True
baseline[good=above],baseline/86,0,14,good,toward_bad,False
baseline[good=above],baseline/86,1,14,good,toward_bad,False
baseline[good=above],baseline/86,2,14,good,toward_good,False
baseline[good=above],baseline/86,3,14,good,toward_good,False
baseline[good=above],baseline/86,4,14,good,toward_bad,False
baseline[good=above],baseline/86,5,14,good,toward_bad,False
baseline[good=above],baseline/86,6,14,good,toward_good,False
baseline[good=above],baseline/86,7,14,good,toward_good,False
baseline[good=above],baseline/86,8,14,good,toward_bad,False
baseline[good=above],baseline/86,9,14,good,toward_good,False
baseline[good=above],baseline/86,10,14,good,toward_good,False
baseline[good=above],baseline/86,11,14,good,toward_bad,False
baseline[good=above],baseline/86,12,14,good,toward_good,False
baseline[good=above],baseline/86,13,14,good,,True
baseline[good=below],baseline/86,0,14,bad,toward_good,False
baseline[good=below],baseline/86,1,14,bad,toward_good,False
baseline[good=below],baseline/86,2,14,bad,toward_bad,False
baseline[good=below],baseline/86,3,14,bad,toward_bad,False
baseline[good=below],baseline/86,4,14,bad,toward_good,False
baseline[good=below],baseline/86,5,14,bad,toward_good,False
baseline[good=below],baseline/86,6,14,bad,toward_bad,False
baseline[good=below],baseline/86,7,14,bad,toward_bad,False
baseline[good=below],baseline/86,8,14,bad,toward_good,False
baseline[good=below],baseline/86,9,14,bad,toward_bad,False
baseline[good=below],baseline/86,10,14,bad,toward_bad,False
baseline[good=below],baseline/86,11,14,bad,toward_good,False
baseline[good=below],baseline/86,12,14,bad,toward_bad,False
baseline[good=below],baseline/86,13,14,bad,,True
baseline[good=above],baseline/88,0,4,good,toward_bad,False
baseline[good=above],baseline/88,1,4,good,toward_good,False
baseline[good=above],baseline/88,2,4,good,toward_bad,False
baseline[good=above],baseline/88,3,4,good,,True
baseline[good=below],baseline/88,0,4,bad,toward_good,False
baseline[good=below],baseline/88,1,4,bad,toward_bad,False
baseline[good=below],baseline/88,2,4,bad,toward_good,False
baseline[good=below],baseline/88,3,4,bad,,True
baseline[good=above],baseline/89,0,1,bad,,True
baseline[good=below],baseline/89,0,1,good,,True
baseline[good=above],baseline/90,0,5,bad,toward_bad,False
baseline[good=above],baseline/90,1,5,bad,toward_good,False
baseline[good=above],baseline/90,2,5,bad,toward_bad,False
baseline[good=above],baseline/90,3,5,bad,toward_bad,False
baseline[good=above],baseline/90,4,5,bad,,True
baseline[good=below],baseline/90,0,5,good,toward_good,False
baseline[good=below],baseline/90,1,5,good,toward_bad,False
baseline[good=below],baseline/90,2,5,good,toward_good,False
baseline[good=below],baseline/90,3,5,good,toward_good,False
baseline[good=below],baseline/90,4,5,good,,True
baseline[good=above],baseline/93,0,30,good,toward_good,False
baseline[good=above],baseline/93,1,30,good,toward_bad,False
baseline[good=above],baseline/93,2,30,good,toward_good,False
baseline[good=above],baseline/93,3,30,good,toward_bad,False
baseline[good=above],baseline/93,4,30,good,toward_bad,False
baseline[good=above],baseline/93,5,30,good,toward_bad,False
baseline[good=above],baseline/93,6,30,good,toward_good,False
baseline[good=above],baseline/93,7,30,good,toward_good,False
baseline[good=above],baseline/93,8,30,good,toward_bad,False
baseline[good=above],baseline/93,9,30,good,toward_good,False
baseline[good=above],baseline/93,10,30,good,toward_bad,False
baseline[good=above],baseline/93,11,30,good,toward_good,False
baseline[good=above],baseline/93,12,30,good,toward_bad,False
baseline[good=above],baseline/93,13,30,good,toward_good,False
baseline[good=above],baseline/93,14,30,good,toward_bad,False
baseline[good=above],baseline/93,15,30,good,toward_good,False
baseline[good=above],baseline/93,16,30,good,toward_good,False
baseline[good=above],baseline/93,17,30,good,toward_bad,False
baseline[good=above],baseline/93,18,30,good,toward_good,False
baseline[good=above],baseline/93,19,30,good,toward_bad,False
baseline[good=above],baseline/93,20,30,good,toward_good,False
baseline[good=above],baseline/93,21,30,good,toward_bad,False
baseline[good=above],baseline/93,22,30,good,toward_good,False
baseline[good=above],baseline/93,23,30,good,toward_bad,False
baseline[good=above],baseline/93,24,30,good,toward_good,False
baseline[good=above],baseline/93,25,30,good,toward_bad,False
baseline[good=above],baseline/93,26,30,good,toward_good,False
baseline[good=above],baseline/93,27,30,good,toward_good,False
baseline[good=above],baseline/93,28,30,good,toward_bad,False
baseline[good=above],baseline/93,29,30,good,,True
baseline[good=below],baseline/93,0,30,bad,toward_bad,False
baseline[good=below],baseline/93,1,30,bad,toward_good,False
baseline[good=below],baseline/93,2,30,bad,toward_bad,False
baseline[good=below],baseline/93,3,30,bad,toward_good,False
baseline[good=below],baseline/93,4,30,bad,toward_good,False
baseline[good=below],baseline/93,5,30,bad,toward_good,False
baseline[good=below],baseline/93,6,30,bad,toward_bad,False
baseline[good=below],baseline/93,7,30,bad,toward_bad,False
baseline[good=below],baseline/93,8,30,bad,toward_good,False
baseline[good=below],baseline/93,9,30,bad,toward_bad,False
baseline[good=below],baseline/93,10,30,bad,toward_good,False
baseline[good=below],baseline/93,11,30,bad,toward_bad,False
baseline[good=below],baseline/93,12,30,bad,toward_good,False
baseline[good=below],baseline/93,13,30,bad,toward_bad,False
baseline[good=below],baseline/93,14,30,bad,toward_good,False
baseline[good=below],baseline/93,15,30,bad,toward_bad,False
baseline[good=below],baseline/93,16,30,bad,toward_bad,False
baseline[good=below],baseline/93,17,30,bad,toward_good,False
baseline[good=below],baseline/93,18,30,bad,toward_bad,False
baseline[good=below],baseline/93,19,30,bad,toward_good,False
baseline[good=below],baseline/93,20,30,bad,toward_bad,False
baseline[good=below],baseline/93,21,30,bad,toward_good,False
baseline[good=below],baseline/93,22,30,bad,toward_bad,False
baseline[good=below],baseline/93,23,30,bad,toward_good,False
baseline[good=below],baseline/93,24,30,bad,toward_bad,False
baseline[good=below],baseline/93,25,30,bad,toward_good,False
baseline[good=below],baseline/93,26,30,bad,toward_bad,False
baseline[good=below],baseline/93,27,30,bad,toward_bad,False
baseline[good=below],baseline/93,28,30,bad,toward_good,False
baseline[good=below],baseline/93,29,30,bad,,True
baseline[good=above],baseline/94,0,7,good,toward_bad,False
baseline[good=above],baseline/94,1,7,good,toward_good,False
baseline[good=above],baseline/94,2,7,good,toward_good,False
baseline[good=above],baseline/94,3,7,good,toward_bad,False
baseline[good=above],baseline/94,4,7,good,toward_good,False
baseline[good=above],baseline/94,5,7,good,toward_bad,False
baseline[good=above],baseline/94,6,7,good,,True
baseline[good=below],baseline/94,0,7,bad,toward_good,False
baseline[good=below],baseline/94,1,7,bad,toward_bad,False
baseline[good=below],baseline/94,2,7,bad,toward_bad,False
baseline[good=below],baseline/94,3,7,bad,toward_good,False
baseline[good=below],baseline/94,4,7,bad,toward_bad,False
baseline[good=below],baseline/94,5,7,bad,toward_good,False
baseline[good=below],baseline/94,6,7,bad,,True
baseline[good=above],baseline/97,0,31,bad,toward_bad,False
baseline[good=above],baseline/97,1,31,bad,toward_good,False
baseline[good=above],baseline/97,2,31,bad,toward_good,False
baseline[good=above],baseline/97,3,31,bad,toward_good,False
baseline[good=above],baseline/97,4,31,bad,toward_bad,False
baseline[good=above],baseline/97,5,31,bad,toward_good,False
baseline[good=above],baseline/97,6,31,bad,toward_bad,False
baseline[good=above],baseline/97,7,31,bad,toward_bad,False
baseline[good=above],baseline/97,8,31,bad,toward_bad,False
baseline[good=above],baseline/97,9,31,bad,toward_good,False
baseline[good=above],baseline/97,10,31,bad,toward_bad,False
baseline[good=above],baseline/97,11,31,bad,toward_bad,False
baseline[good=above],baseline/97,12,31,bad,toward_good,False
baseline[good=above],baseline/97,13,31,bad,toward_good,False
baseline[good=above],baseline/97,14,31,bad,toward_good,False
baseline[good=above],baseline/97,15,31,bad,toward_bad,False
baseline[good=above],baseline/97,16,31,bad,toward_bad,False
baseline[good=above],baseline/97,17,31,bad,toward_good,False
baseline[good=above],baseline/97,18,31,bad,toward_good,False
baseline[good=above],baseline/97,19,31,bad,toward_good,False
baseline[good=above],baseline/97,20,31,bad,toward_bad,False
baseline[good=above],baseline/97,21,31,bad,toward_bad,False
baseline[good=above],baseline/97,22,31,bad,toward_good,False
baseline[good=above],baseline/97,23,31,bad,toward_bad,False
baseline[good=above],baseline/97,24,31,bad,toward_good,False
baseline[good=above],baseline/97,25,31,bad,toward_bad,False
baseline[good=above],baseline/97,26,31,bad,toward_good,False
baseline[good=above],baseline/97,27,31,bad,toward_bad,False
baseline[good=above],baseline/97,28,31,bad,toward_bad,False
baseline[good=above],baseline/97,29,31,bad,toward_good,False
baseline[good=above],baseline/97,30,31,bad,,True
baseline[good=below],baseline/97,0,31,good,toward_good,False
baseline[good=below],baseline/97,1,31,good,toward_bad,False
baseline[good=below],baseline/97,2,31,good,toward_bad,False
baseline[good=below],baseline/97,3,31,good,toward_bad,False
baseline[good=below],baseline/97,4,31,good,toward_good,False
baseline[good=below],baseline/97,5,31,good,toward_bad,False
baseline[good=below],baseline/97,6,31,good,toward_good,False
baseline[good=below],baseline/97,7,31,good,toward_good,False
baseline[good=below],baseline/97,8,31,good,toward_good,False
baseline[good=below],baseline/97,9,31,good,toward_bad,False
baseline[good=below],baseline/97,10,31,good,toward_good,False
baseline[good=below],baseline/97,11,31,good,toward_good,False
baseline[good=below],baseline/97,12,31,good,toward_bad,False
baseline[good=below],baseline/97,13,31,good,toward_bad,False
baseline[good=below],baseline/97,14,31,good,toward_bad,False
baseline[good=below],baseline/97,15,31,good,toward_good,False
baseline[good=below],baseline/97,16,31,good,toward_good,False
baseline[good=below],baseline/97,17,31,good,toward_bad,False
baseline[good=below],baseline/97,18,31,good,toward_bad,False
baseline[good=below],baseline/97,19,31,good,toward_bad,False
baseline[good=below],baseline/97,20,31,good,toward_good,False
baseline[good=below],baseline/97,21,31,good,toward_good,False
baseline[good=below],baseline/97,22,31,good,toward_bad,False
baseline[good=below],baseline/97,23,31,good,toward_good,False
baseline[good=below],baseline/97,24,31,good,toward_bad,False
baseline[good=below],baseline/97,25,31,good,toward_good,False
baseline[good=below],baseline/97,26,31,good,toward_bad,False
baseline[good=below],baseline/97,27,31,good,toward_good,False
baseline[good=below],baseline/97,28,31,good,toward_good,False
baseline[good=below],baseline/97,29,31,good,toward_bad,False
baseline[good=below],baseline/97,30,31,good,,True
below_good,below_good/0,0,9,good,toward_bad,False
below_good,below_good/0,1,9,good,toward_bad,False
below_good,below_good/0,2,9,good,toward_good,False
below_good,below_good/0,3,9,good,toward_bad,False
below_good,below_good/0,4,9,good,toward_bad,False
below_good,below_good/0,5,9,good,toward_good,False
below_good,below_good/0,6,9,good,toward_good,False
below_good,below_good/0,7,9,good,toward_bad,False
below_good,below_good/0,8,9,good,,True
below_good,below_good/1,0,1,good,,True
below_good,below_good/2,0,1,good,,True
below_good,below_good/3,0,11,good,toward_good,False
below_good,below_good/3,1,11,good,toward_good,False
below_good,below_good/3,2,11,good,toward_bad,False
below_good,below_good/3,3,11,bad,toward_good,False
below_good,below_good/3,4,11,good,toward_bad,False
below_good,below_good/3,5,11,good,toward_bad,False
below_good,below_good/3,6,11,good,toward_good,False
below_good,below_good/3,7,11,good,toward_bad,False
below_good,below_good/3,8,11,good,toward_good,False
below_good,below_good/3,9,11,good,toward_good,False
below_good,below_good/3,10,11,good,,True
below_good,below_good/4,0,7,good,toward_bad,False
below_good,below_good/4,1,7,good,toward_bad,False
below_good,below_good/4,2,7,bad,toward_good,False
below_good,below_good/4,3,7,good,toward_bad,False
below_good,below_good/4,4,7,good,toward_bad,False
below_good,below_good/4,5,7,good,toward_good,False
below_good,below_good/4,6,7,good,,True
below_good,below_good/5,0,1,good,,True
below_good,below_good/6,0,14,good,toward_bad,False
below_good,below_good/6,1,14,good,toward_good,False
below_good,below_good/6,2,14,good,toward_bad,False
below_good,below_good/6,3,14,good,toward_good,False
below_good,below_good/6,4,14,good,toward_bad,False
below_good,below_good/6,5,14,good,toward_good,False
below_good,below_good/6,6,14,good,toward_bad,False
below_good,below_good/6,7,14,good,toward_good,False
below_good,below_good/6,8,14,good,toward_bad,False
below_good,below_good/6,9,14,good,toward_bad,False
below_good,below_good/6,10,14,good,toward_good,False
below_good,below_good/6,11,14,good,toward_good,False
below_good,below_good/6,12,14,good,toward_bad,False
below_good,below_good/6,13,14,good,,True
below_good,below_good/7,0,27,bad,toward_good,False
below_good,below_good/7,1,27,bad,toward_good,False
below_good,below_good/7,2,27,bad,toward_bad,False
below_good,below_good/7,3,27,bad,toward_good,False
below_good,below_good/7,4,27,good,toward_good,False
below_good,below_good/7,5,27,good,toward_bad,False
below_good,below_good/7,6,27,good,toward_bad,False
below_good,below_good/7,7,27,good,toward_good,False
below_good,below_good/7,8,27,good,toward_bad,False
below_good,below_good/7,9,27,good,toward_good,False
below_good,below_good/7,10,27,good,toward_good,False
below_good,below_good/7,11,27,good,toward_bad,False
below_good,below_good/7,12,27,bad,toward_good,False
below_good,below_good/7,13,27,good,toward_bad,False
below_good,below_good/7,14,27,good,toward_good,False
below_good,below_good/7,15,27,good,toward_bad,False
below_good,below_good/7,16,27,bad,toward_good,False
below_good,below_good/7,17,27,good,toward_good,False
below_good,below_good/7,18,27,good,toward_bad,False
below_good,below_good/7,19,27,bad,toward_good,False
below_good,below_good/7,20,27,good,toward_bad,False
below_good,below_good/7,21,27,good,toward_good,False
below_good,below_good/7,22,27,good,toward_good,False
below_good,below_good/7,23,27,good,toward_bad,False
below_good,below_good/7,24,27,good,toward_bad,False
below_good,below_good/7,25,27,bad,toward_good,False
below_good,below_good/7,26,27,good,,True
below_good,below_good/8,0,7,bad,toward_good,False
below_good,below_good/8,1,7,bad,toward_good,False
below_good,below_good/8,2,7,bad,toward_good,False
below_good,below_good/8,3,7,bad,toward_good,False
below_good,below_good/8,4,7,bad,toward_good,False
below_good,below_good/8,5,7,good,toward_good,False
below_good,below_good/8,6,7,good,,True
below_good,below_good/9,0,1,good,,True
below_good,below_good/10,0,1,bad,,True
below_good,below_good/11,0,13,good,toward_bad,False
below_good,below_good/11,1,13,good,toward_good,False
below_good,below_good/11,2,13,good,toward_bad,False
below_good,below_good/11,3,13,good,toward_good,False
below_good,below_good/11,4,13,good,toward_bad,False
below_good,below_good/11,5,13,good,toward_bad,False
below_good,below_good/11,6,13,good,toward_bad,False
below_good,below_good/11,7,13,good,toward_good,False
below_good,below_good/11,8,13,good,toward_bad,False
below_good,below_good/11,9,13,good,toward_good,False
below_good,below_good/11,10,13,good,toward_bad,False
below_good,below_good/11,11,13,good,toward_good,False
below_good,below_good/11,12,13,good,,True
below_good,below_good/12,0,11,bad,toward_bad,False
below_good,below_good/12,1,11,bad,toward_good,False
below_good,below_good/12,2,11,bad,toward_good,False
below_good,below_good/12,3,11,bad,toward_bad,False
below_good,below_good/12,4,11,bad,toward_good,False
below_good,below_good/12,5,11,bad,toward_bad,False
below_good,below_good/12,6,11,bad,toward_bad,False
below_good,below_good/12,7,11,bad,toward_good,False
below_good,below_good/12,8,11,bad,toward_bad,False
below_good,below_good/12,9,11,bad,toward_bad,False
below_good,below_good/12,10,11,bad,,True
below_good,below_good/13,0,16,bad,toward_good,False
below_good,below_good/13,1,16,good,toward_bad,False
below_good,below_good/13,2,16,bad,toward_bad,False
below_good,below_good/13,3,16,bad,toward_bad,False
below_good,below_good/13,4,16,bad,toward_bad,False
below_good,below_good/13,5,16,bad,toward_good,False
below_good,below_good/13,6,16,bad,toward_good,False
below_good,below_good/13,7,16,bad,toward_bad,False
below_good,below_good/13,8,16,bad,toward_good,False
below_good,below_good/13,9,16,bad,toward_bad,False
below_good,below_good/13,10,16,bad,toward_good,False
below_good,below_good/13,11,16,bad,toward_bad,False
below_good,below_good/13,12,16,bad,toward_bad,False
below_good,below_good/13,13,16,bad,toward_good,False
below_good,below_good/13,14,16,bad,toward_bad,False
below_good,below_good/13,15,16,bad,,True
below_good,below_good/14,0,1,bad,,True
below_good,below_good/15,0,5,bad,toward_good,False
below_good,below_good/15,1,5,bad,toward_good,False
below_good,below_good/15,2,5,bad,toward_good,False
below_good,below_good/15,3,5,bad,toward_good,False
below_good,below_good/15,4,5,bad,,True
below_good,below_good/16,0,12,good,toward_bad,False
below_good,below_good/16,1,12,good,toward_bad,False
below_good,below_good/16,2,12,good,toward_good,False
below_good,below_good/16,3,12,good,toward_bad,False
below_good,below_good/16,4,12,good,toward_bad,False
below_good,below_good/16,5,12,good,toward_good,False
below_good,below_good/16,6,12,good,toward_good,False
below_good,below_good/16,7,12,good,toward_bad,False
below_good,below_good/16,8,12,good,toward_good,False
below_good,below_good/16,9,12,good,toward_good,False
below_good,below_good/16,10,12,good,toward_bad,False
below_good,below_good/16,11,12,good,,True
below_good,below_good/17,0,3,good,toward_good,False
below_good,below_good/17,1,3,good,toward_good,False
below_good,below_good/17,2,3,good,,True
below_good,below_good/18,0,12,good,toward_good,False
below_good,below_good/18,1,12,good,toward_good,False
below_good,below_good/18,2,12,good,toward_good,False
below_good,below_good/18,3,12,good,toward_bad,False
below_good,below_good/18,4,12,good,toward_bad,False
below_good,below_good/18,5,12,good,toward_good,False
below_good,below_good/18,6,12,good,toward_bad,False
below_good,below_good/18,7,12,good,toward_bad,False
below_good,below_good/18,8,12,good,toward_bad,False
below_good,below_good/18,9,12,good,toward_bad,False
below_good,below_good/18,10,12,good,toward_good,False
below_good,below_good/18,11,12,good,,True
below_good,below_good/19,0,10,good,toward_bad,False
below_good,below_good/19,1,10,good,toward_good,False
below_good,below_good/19,2,10,good,toward_bad,False
below_good,below_good/19,3,10,good,toward_good,False
below_good,below_good/19,4,10,good,toward_bad,False
below_good,below_good/19,5,10,good,toward_bad,False
below_good,below_good/19,6,10,good,toward_good,False
below_good,below_good/19,7,10,good,toward_bad,False
below_good,below_good/19,8,10,good,toward_good,False
below_good,below_good/19,9,10,good,,True
below_good,below_good/20,0,19,bad,toward_good,False
below_good,below_good/20,1,19,bad,toward_bad,False
below_good,below_good/20,2,19,bad,toward_good,False
below_good,below_good/20,3,19,bad,toward_bad,False
below_good,below_good/20,4,19,bad,toward_good,False
below_good,below_good/20,5,19,bad,toward_good,False
below_good,below_good/20,6,19,bad,toward_bad,False
below_good,below_good/20,7,19,bad,toward_good,False
below_good,below_good/20,8,19,bad,toward_good,False
below_good,below_good/20,9,19,bad,toward_good,False
below_good,below_good/20,10,19,bad,toward_good,False
below_good,below_good/20,11,19,bad,toward_bad,False
below_good,below_good/20,12,19,bad,toward_bad,False
below_good,below_good/20,13,19,bad,toward_good,False
below_good,below_good/20,14,19,bad,toward_bad,False
below_good,below_good/20,15,19,bad,toward_bad,False
below_good,below_good/20,16,19,bad,toward_bad,False
below_good,below_good/20,17,19,bad,toward_good,False
below_good,below_good/20,18,19,bad,,True
below_good,below_good/21,0,1,good,,True
below_good,below_good/22,0,4,bad,toward_bad,False
below_good,below_good/22,1,4,bad,toward_good,False
below_good,below_good/22,2,4,bad,toward_bad,False
below_good,below_good/22,3,4,bad,,True
below_good,below_good/23,0,3,good,toward_good,False
below_good,below_good/23,1,3,good,toward_bad,False
below_good,below_good/23,2,3,good,,True
below_good,below_good/24,0,13,bad,toward_good,False
below_good,below_good/24,1,13,bad,toward_bad,False
below_good,below_good/24,2,13,bad,toward_good,False
below_good,below_good/24,3,13,bad,toward_bad,False
below_good,below_good/24,4,13,bad,toward_good,False
below_good,below_good/24,5,13,good,toward_bad,False
below_good,below_good/24,6,13,bad,toward_good,False
below_good,below_good/24,7,13,bad,toward_good,False
below_good,below_good/24,8,13,bad,toward_good,False
below_good,below_good/24,9,13,bad,toward_bad,False
below_good,below_good/24,10,13,bad,toward_good,False
below_good,below_good/24,11,13,bad,toward_good,False
below_good,below_good/24,12,13,bad,,True
below_good,below_good/25,0,1,good,,True
below_good,below_good/26,0,1,bad,,True
below_good,below_good/27,0,5,good,toward_bad,False
below_good,below_good/27,1,5,bad,toward_good,False
below_good,below_good/27,2,5,good,toward_bad,False
below_good,below_good/27,3,5,bad,toward_good,False
below_good,below_good/27,4,5,bad,,True
below_good,below_good/28,0,1,good,,True
below_good,below_good/29,0,18,bad,toward_good,False
below_good,below_good/29,1,18,bad,toward_bad,False
below_good,below_good/29,2,18,bad,toward_good,False
below_good,below_good/29,3,18,bad,toward_good,False
below_good,below_good/29,4,18,bad,toward_good,False
below_good,below_good/29,5,18,bad,toward_good,False
below_good,below_good/29,6,18,bad,toward_good,False
below_good,below_good/29,7,18,good,toward_bad,False
below_good,below_good/29,8,18,bad,toward_good,False
below_good,below_good/29,9,18,bad,toward_good,False
below_good,below_good/29,10,18,bad,toward_good,False
below_good,below_good/29,11,18,bad,toward_good,False
below_good,below_good/29,12,18,bad,toward_bad,False
below_good,below_good/29,13,18,bad,toward_good,False
below_good,below_good/29,14,18,bad,toward_bad,False
below_good,below_good/29,15,18,bad,toward_good,False
below_good,below_good/29,16,18,bad,toward_good,False
below_good,below_good/29,17,18,bad,,True
below_good,below_good/30,0,1,bad,,True
below_good,below_good/31,0,6,bad,toward_bad,False
below_good,below_good/31,1,6,bad,toward_good,False
below_good,below_good/31,2,6,bad,toward_good,False
below_good,below_good/31,3,6,good,toward_bad,False
below_good,below_good/31,4,6,good,toward_bad,False
below_good,below_good/31,5,6,good,,True
below_good,below_good/32,0,5,bad,toward_bad,False
below_good,below_good/32,1,5,bad,toward_good,False
below_good,below_good/32,2,5,bad,toward_good,False
below_good,below_good/32,3,5,good,toward_bad,False
below_good,below_good/32,4,5,good,,True
below_good,below_good/33,0,1,bad,,True
below_good,below_good/34,0,1,good,,True
below_good,below_good/37,0,47,bad,toward_good,False
below_good,below_good/37,1,47,bad,toward_good,False
below_good,below_good/37,2,47,good,toward_bad,False
below_good,below_good/37,3,47,bad,toward_bad,False
below_good,below_good/37,4,47,bad,toward_good,False
below_good,below_good/37,5,47,good,toward_bad,False
below_good,below_good/37,6,47,bad,toward_good,False
below_good,below_good/37,7,47,bad,toward_good,False
below_good,below_good/37,8,47,good,toward_bad,False
below_good,below_good/37,9,47,good,toward_bad,False
below_good,below_good/37,10,47,good,toward_bad,False
below_good,below_good/37,11,47,bad,toward_good,False
below_good,below_good/37,12,47,good,toward_bad,False
below_good,below_good/37,13,47,good,toward_good,False
below_good,below_good/37,14,47,good,toward_bad,False
below_good,below_good/37,15,47,bad,toward_good,False
below_good,below_good/37,16,47,good,toward_good,False
below_good,below_good/37,17,47,good,toward_good,False
below_good,below_good/37,18,47,good,toward_bad,False
below_good,below_good/37,19,47,good,toward_good,False
below_good,below_good/37,20,47,good,toward_good,False
below_good,below_good/37,21,47,good,toward_bad,False
below_good,below_good/37,22,47,good,toward_good,False
below_good,below_good/37,23,47,good,toward_bad,False
below_good,below_good/37,24,47,good,toward_good,False
below_good,below_good/37,25,47,good,toward_good,False
below_good,below_good/37,26,47,good,toward_bad,False
below_good,below_good/37,27,47,bad,toward_good,False
below_good,below_good/37,28,47,good,toward_bad,False
below_good,below_good/37,29,47,bad,toward_good,False
below_good,below_good/37,30,47,good,toward_bad,False
below_good,below_good/37,31,47,good,toward_bad,False
below_good,below_good/37,32,47,good,toward_good,False
below_good,below_good/37,33,47,good,toward_bad,False
below_good,below_good/37,34,47,good,toward_bad,False
below_good,below_good/37,35,47,good,toward_good,False
below_good,below_good/37,36,47,good,toward_bad,False
below_good,below_good/37,37,47,good,toward_good,False
below_good,below_good/37,38,47,good,toward_bad,False
below_good,below_good/37,39,47,good,toward_bad,False
below_good,below_good/37,40,47,good,toward_bad,False
below_good,below_good/37,41,47,good,toward_bad,False
below_good,below_good/37,42,47,good,toward_good,False
below_good,below_good/37,43,47,good,toward_bad,False
below_good,below_good/37,44,47,good,toward_good,False
below_good,below_good/37,45,47,good,toward_bad,False
below_good,below_good/37,46,47,good,,True
below_good,below_good/38,0,1,good,,True
below_good,below_good/39,0,8,good,toward_bad,False
below_good,below_good/39,1,8,bad,toward_bad,False
below_good,below_good/39,2,8,bad,toward_good,False
below_good,below_good/39,3,8,bad,toward_good,False
below_good,below_good/39,4,8,good,toward_bad,False
below_good,below_good/39,5,8,bad,toward_good,False
below_good,below_good/39,6,8,bad,toward_good,False
below_good,below_good/39,7,8,good,,True
below_good,below_good/41,0,13,bad,toward_good,False
below_good,below_good/41,1,13,bad,toward_good,False
below_good,below_good/41,2,13,bad,toward_good,False
below_good,below_good/41,3,13,bad,toward_good,False
below_good,below_good/41,4,13,bad,toward_bad,False
below_good,below_good/41,5,13,bad,toward_bad,False
below_good,below_good/41,6,13,bad,toward_bad,False
below_good,below_good/41,7,13,bad,toward_good,False
below_good,below_good/41,8,13,bad,toward_good,False
below_good,below_good/41,9,13,bad,toward_good,False
below_good,below_good/41,10,13,bad,toward_bad,False
below_good,below_good/41,11,13,bad,toward_bad,False
below_good,below_good/41,12,13,bad,,True
below_good,below_good/42,0,6,good,toward_bad,False
below_good,below_good/42,1,6,good,toward_good,False
below_good,below_good/42,2,6,good,toward_good,False
below_good,below_good/42,3,6,good,toward_bad,False
below_good,below_good/42,4,6,good,toward_bad,False
below_good,below_good/42,5,6,good,,True
below_good,below_good/44,0,18,bad,toward_good,False
below_good,below_good/44,1,18,good,toward_bad,False
below_good,below_good/44,2,18,bad,toward_good,False
below_good,below_good/44,3,18,good,toward_good,False
below_good,below_good/44,4,18,good,toward_good,False
below_good,below_good/44,5,18,good,toward_good,False
below_good,below_good/44,6,18,good,toward_good,False
below_good,below_good/44,7,18,good,toward_bad,False
below_good,below_good/44,8,18,good,toward_bad,False
below_good,below_good/44,9,18,bad,toward_good,False
below_good,below_good/44,10,18,good,toward_good,False
below_good,below_good/44,11,18,good,toward_bad,False
below_good,below_good/44,12,18,bad,toward_good,False
below_good,below_good/44,13,18,bad,toward_good,False
below_good,below_good/44,14,18,good,toward_bad,False
below_good,below_good/44,15,18,bad,toward_good,False
below_good,below_good/44,16,18,good,toward_bad,False
below_good,below_good/44,17,18,good,,True
below_good,below_good/45,0,14,good,toward_bad,False
below_good,below_good/45,1,14,good,toward_good,False
below_good,below_good/45,2,14,good,toward_bad,False
below_good,below_good/45,3,14,good,toward_good,False
below_good,below_good/45,4,14,good,toward_bad,False
below_good,below_good/45,5,14,good,toward_bad,False
below_good,below_good/45,6,14,good,toward_good,False
below_good,below_good/45,7,14,good,toward_good,False
below_good,below_good/45,8,14,good,toward_bad,False
below_good,below_good/45,9,14,good,toward_bad,False
below_good,below_good/45,10,14,good,toward_good,False
below_good,below_good/45,11,14,good,toward_good,False
below_good,below_good/45,12,14,good,toward_bad,False
below_good,below_good/45,13,14,good,,True
below_good,below_good/46,0,3,bad,toward_good,False
below_good,below_good/46,1,3,good,toward_good,False
below_good,below_good/46,2,3,good,,True
below_good,below_good/47,0,1,good,,True
below_good,below_good/48,0,1,bad,,True
below_good,below_good/49,0,1,good,,True
below_good,below_good/52,0,3,good,toward_bad,False
below_good,below_good/52,1,3,good,toward_good,False
below_good,below_good/52,2,3,good,,True
below_good,below_good/53,0,21,good,toward_bad,False
below_good,below_good/53,1,21,good,toward_good,False
below_good,below_good/53,2,21,good,toward_bad,False
below_good,below_good/53,3,21,good,toward_good,False
below_good,below_good/53,4,21,good,toward_good,False
below_good,below_good/53,5,21,good,toward_bad,False
below_good,below_good/53,6,21,good,toward_bad,False
below_good,below_good/53,7,21,good,toward_good,False
below_good,below_good/53,8,21,good,toward_good,False
below_good,below_good/53,9,21,good,toward_bad,False
below_good,below_good/53,10,21,good,toward_bad,False
below_good,below_good/53,11,21,good,toward_good,False
below_good,below_good/53,12,21,good,toward_good,False
below_good,below_good/53,13,21,good,toward_bad,False
below_good,below_good/53,14,21,good,toward_good,False
below_good,below_good/53,15,21,good,toward_good,False
below_good,below_good/53,16,21,good,toward_bad,False
below_good,below_good/53,17,21,good,toward_good,False
below_good,below_good/53,18,21,good,toward_bad,False
below_good,below_good/53,19,21,good,toward_bad,False
below_good,below_good/53,20,21,good,,True
below_good,below_good/54,0,2,good,toward_bad,False
below_good,below_good/54,1,2,good,,True
below_good,below_good/55,0,1,good,,True
below_good,below_good/56,0,1,bad,,True
below_good,below_good/57,0,7,good,toward_bad,False
below_good,below_good/57,1,7,good,toward_bad,False
below_good,below_good/57,2,7,good,toward_good,False
below_good,below_good/57,3,7,good,toward_bad,False
below_good,below_good/57,4,7,good,toward_bad,False
below_good,below_good/57,5,7,good,toward_bad,False
below_good,below_good/57,6,7,good,,True
below_good,below_good/58,0,1,good,,True
below_good,below_good/59,0,3,bad,toward_good,False
below_good,below_good/59,1,3,bad,toward_good,False
below_good,below_good/59,2,3,good,,True
below_good,below_good/60,0,1,good,,True
below_good,below_good/61,0,28,good,toward_bad,False
below_good,below_good/61,1,28,good,toward_bad,False
below_good,below_good/61,2,28,good,toward_good,False
below_good,below_good/61,3,28,good,toward_bad,False
below_good,below_good/61,4,28,good,toward_good,False
below_good,below_good/61,5,28,good,toward_bad,False
below_good,below_good/61,6,28,good,toward_good,False
below_good,below_good/61,7,28,good,toward_good,False
below_good,below_good/61,8,28,good,toward_bad,False
below_good,below_good/61,9,28,good,toward_bad,False
below_good,below_good/61,10,28,good,toward_good,False
below_good,below_good/61,11,28,good,toward_bad,False
below_good,below_good/61,12,28,good,toward_good,False
below_good,below_good/61,13,28,good,toward_good,False
below_good,below_good/61,14,28,good,toward_good,False
below_good,below_good/61,15,28,good,toward_bad,False
below_good,below_good/61,16,28,good,toward_good,False
below_good,below_good/61,17,28,good,toward_bad,False
below_good,below_good/61,18,28,good,toward_bad,False
below_good,below_good/61,19,28,good,toward_bad,False
below_good,below_good/61,20,28,good,toward_good,False
below_good,below_good/61,21,28,good,toward_good,False
below_good,below_good/61,22,28,good,toward_bad,False
below_good,below_good/61,23,28,good,toward_bad,False
below_good,below_good/61,24,28,good,toward_bad,False
below_good,below_good/61,25,28,good,toward_good,False
below_good,below_good/61,26,28,good,toward_bad,False
below_good,below_good/61,27,28,good,,True
below_good,below_good/62,0,4,good,toward_bad,False
below_good,below_good/62,1,4,good,toward_good,False
below_good,below_good/62,2,4,good,toward_good,False
below_good,below_good/62,3,4,good,,True
below_good,below_good/63,0,31,bad,toward_good,False
below_good,below_good/63,1,31,bad,toward_bad,False
below_good,below_good/63,2,31,bad,toward_good,False
below_good,below_good/63,3,31,bad,toward_good,False
below_good,below_good/63,4,31,good,toward_bad,False
below_good,below_good/63,5,31,bad,toward_good,False
below_good,below_good/63,6,31,bad,toward_bad,False
below_good,below_good/63,7,31,bad,toward_bad,False
below_good,below_good/63,8,31,bad,toward_good,False
below_good,below_good/63,9,31,bad,toward_bad,False
below_good,below_good/63,10,31,bad,toward_good,False
below_good,below_good/63,11,31,bad,toward_bad,False
below_good,below_good/63,12,31,bad,toward_good,False
below_good,below_good/63,13,31,bad,toward_bad,False
below_good,below_good/63,14,31,bad,toward_bad,False
below_good,below_good/63,15,31,bad,toward_good,False
below_good,below_good/63,16,31,bad,toward_good,False
below_good,below_good/63,17,31,bad,toward_bad,False
below_good,below_good/63,18,31,bad,toward_bad,False
below_good,below_good/63,19,31,bad,toward_good,False
below_good,below_good/63,20,31,bad,toward_good,False
below_good,below_good/63,21,31,bad,toward_bad,False
below_good,below_good/63,22,31,bad,toward_bad,False
below_good,below_good/63,23,31,bad,toward_good,False
below_good,below_good/63,24,31,bad,toward_good,False
below_good,below_good/63,25,31,bad,toward_bad,False
below_good,below_good/63,26,31,bad,toward_good,False
below_good,below_good/63,27,31,bad,toward_good,False
below_good,below_good/63,28,31,good,toward_good,False
below_good,below_good/63,29,31,good,toward_bad,False
below_good,below_good/63,30,31,good,,True
below_good,below_good/64,0,8,good,toward_bad,False
below_good,below_good/64,1,8,good,toward_bad,False
below_good,below_good/64,2,8,good,toward_bad,False
below_good,below_good/64,3,8,good,toward_bad,False
below_good,below_good/64,4,8,good,toward_bad,False
below_good,below_good/64,5,8,good,toward_bad,False
below_good,below_good/64,6,8,good,toward_good,False
below_good,below_good/64,7,8,good,,True
below_good,below_good/65,0,1,good,,True
below_good,below_good/66,0,1,good,,True
below_good,below_good/67,0,40,good,toward_bad,False
below_good,below_good/67,1,40,good,toward_bad,False
below_good,below_good/67,2,40,good,toward_good,False
below_good,below_good/67,3,40,good,toward_bad,False
below_good,below_good/67,4,40,good,toward_bad,False
below_good,below_good/67,5,40,bad,toward_good,False
below_good,below_good/67,6,40,good,toward_bad,False
below_good,below_good/67,7,40,bad,toward_good,False
below_good,below_good/67,8,40,good,toward_bad,False
below_good,below_good/67,9,40,good,toward_good,False
below_good,below_good/67,10,40,good,toward_bad,False
below_good,below_good/67,11,40,good,toward_bad,False
below_good,below_good/67,12,40,good,toward_good,False
below_good,below_good/67,13,40,good,toward_bad,False
below_good,below_good/67,14,40,good,toward_good,False
below_good,below_good/67,15,40,good,toward_bad,False
below_good,below_good/67,16,40,good,toward_good,False
below_good,below_good/67,17,40,good,toward_bad,False
below_good,below_good/67,18,40,good,toward_good,False
below_good,below_good/67,19,40,good,toward_bad,False
below_good,below_good/67,20,40,bad,toward_good,False
below_good,below_good/67,21,40,good,toward_bad,False
below_good,below_good/67,22,40,good,toward_good,False
below_good,below_good/67,23,40,good,toward_good,False
below_good,below_good/67,24,40,good,toward_bad,False
below_good,below_good/67,25,40,good,toward_good,False
below_good,below_good/67,26,40,good,toward_bad,False
below_good,below_good/67,27,40,good,toward_bad,False
below_good,below_good/67,28,40,good,toward_bad,False
below_good,below_good/67,29,40,good,toward_bad,False
below_good,below_good/67,30,40,good,toward_bad,False
below_good,below_good/67,31,40,good,toward_bad,False
below_good,below_good/67,32,40,good,toward_good,False
below_good,below_good/67,33,40,good,toward_good,False
below_good,below_good/67,34,40,good,toward_good,False
below_good,below_good/67,35,40,good,toward_good,False
below_good,below_good/67,36,40,good,toward_bad,False
below_good,below_good/67,37,40,good,toward_bad,False
below_good,below_good/67,38,40,good,toward_bad,False
below_good,below_good/67,39,40,good,,True
below_good,below_good/68,0,1,good,,True
below_good,below_good/69,0,5,good,toward_bad,False
below_good,below_good/69,1,5,good,toward_bad,False
below_good,below_good/69,2,5,bad,toward_good,False
below_good,below_good/69,3,5,good,toward_good,False
below_good,below_good/69,4,5,good,,True
below_good,below_good/70,0,6,good,toward_bad,False
below_good,below_good/70,1,6,bad,toward_good,False
below_good,below_good/70,2,6,good,toward_bad,False
below_good,below_good/70,3,6,good,toward_bad,False
below_good,below_good/70,4,6,good,toward_good,False
below_good,below_good/70,5,6,good,,True
below_good,below_good/71,0,1,bad,,True
below_good,below_good/72,0,1,bad,,True
below_good,below_good/73,0,1,good,,True
below_good,below_good/74,0,5,bad,toward_good,False
below_good,below_good/74,1,5,bad,toward_good,False
below_good,below_good/74,2,5,good,toward_bad,False
below_good,below_good/74,3,5,bad,toward_good,False
below_good,below_good/74,4,5,good,,True
below_good,below_good/75,0,1,good,,True
below_good,below_good/76,0,2,good,toward_bad,False
below_good,below_good/76,1,2,good,,True
below_good,below_good/77,0,5,bad,toward_good,False
below_good,below_good/77,1,5,good,toward_good,False
below_good,below_good/77,2,5,good,toward_bad,False
below_good,below_good/77,3,5,good,toward_bad,False
below_good,below_good/77,4,5,good,,True
below_good,below_good/78,0,19,bad,toward_good,False
below_good,below_good/78,1,19,bad,toward_good,False
below_good,below_good/78,2,19,bad,toward_bad,False
below_good,below_good/78,3,19,bad,toward_good,False
below_good,below_good/78,4,19,good,toward_good,False
below_good,below_good/78,5,19,good,toward_bad,False
below_good,below_good/78,6,19,bad,toward_good,False
below_good,below_good/78,7,19,good,toward_good,False
below_good,below_good/78,8,19,good,toward_bad,False
below_good,below_good/78,9,19,bad,toward_good,False
below_good,below_good/78,10,19,bad,toward_good,False
below_good,below_good/78,11,19,good,toward_good,False
below_good,below_good/78,12,19,good,toward_good,False
below_good,below_good/78,13,19,good,toward_bad,False
below_good,below_good/78,14,19,bad,toward_good,False
below_good,below_good/78,15,19,bad,toward_good,False
below_good,below_good/78,16,19,good,toward_good,False
below_good,below_good/78,17,19,good,toward_bad,False
below_good,below_good/78,18,19,good,,True
below_good,below_good/79,0,10,good,toward_bad,False
below_good,below_good/79,1,10,good,toward_bad,False
below_good,below_good/79,2,10,good,toward_good,False
below_good,below_good/79,3,10,good,toward_good,False
below_good,below_good/79,4,10,good,toward_bad,False
below_good,below_good/79,5,10,good,toward_bad,False
below_good,below_good/79,6,10,good,toward_bad,False
below_good,below_good/79,7,10,good,toward_good,False
below_good,below_good/79,8,10,good,toward_good,False
below_good,below_good/79,9,10,good,,True
below_good,below_good/80,0,1,good,,True
below_good,below_good/82,0,23,good,toward_good,False
below_good,below_good/82,1,23,good,toward_bad,False
below_good,below_good/82,2,23,bad,toward_good,False
below_good,below_good/82,3,23,bad,toward_good,False
below_good,below_good/82,4,23,bad,toward_good,False
below_good,below_good/82,5,23,good,toward_bad,False
below_good,below_good/82,6,23,good,toward_bad,False
below_good,below_good/82,7,23,bad,toward_good,False
below_good,below_good/82,8,23,good,toward_bad,False
below_good,below_good/82,9,23,good,toward_bad,False
below_good,below_good/82,10,23,bad,toward_good,False
below_good,below_good/82,11,23,good,toward_good,False
below_good,below_good/82,12,23,good,toward_good,False
below_good,below_good/82,13,23,good,toward_bad,False
below_good,below_good/82,14,23,good,toward_bad,False
below_good,below_good/82,15,23,good,toward_good,False
below_good,below_good/82,16,23,good,toward_bad,False
below_good,below_good/82,17,23,good,toward_bad,False
below_good,below_good/82,18,23,bad,toward_good,False
below_good,below_good/82,19,23,good,toward_bad,False
below_good,below_good/82,20,23,good,toward_bad,False
below_good,below_good/82,21,23,good,toward_bad,False
below_good,below_good/82,22,23,good,,True
below_good,below_good/83,0,3,good,toward_good,False
below_good,below_good/83,1,3,good,toward_bad,False
below_good,below_good/83,2,3,good,,True
below_good,below_good/84,0,15,bad,toward_good,False
below_good,below_good/84,1,15,good,toward_bad,False
below_good,below_good/84,2,15,good,toward_bad,False
below_good,below_good/84,3,15,good,toward_bad,False
below_good,below_good/84,4,15,good,toward_bad,False
below_good,below_good/84,5,15,good,toward_good,False
below_good,below_good/84,6,15,good,toward_bad,False
below_good,below_good/84,7,15,good,toward_bad,False
below_good,below_good/84,8,15,good,toward_bad,False
below_good,below_good/84,9,15,good,toward_good,False
below_good,below_good/84,10,15,good,toward_good,False
below_good,below_good/84,11,15,good,toward_good,False
below_good,below_good/84,12,15,good,toward_bad,False
below_good,below_good/84,13,15,good,toward_bad,False
below_good,below_good/84,14,15,good,,True
below_good,below_good/85,0,8,good,toward_bad,False
below_good,below_good/85,1,8,good,toward_good,False
below_good,below_good/85,2,8,good,toward_good,False
below_good,below_good/85,3,8,good,toward_bad,False
below_good,below_good/85,4,8,good,toward_good,False
below_good,below_good/85,5,8,good,toward_bad,False
below_good,below_good/85,6,8,good,toward_bad,False
below_good,below_good/85,7,8,good,,True
below_good,below_good/86,0,1,bad,,True
below_good,below_good/87,0,1,bad,,True
below_good,below_good/88,0,12,bad,toward_bad,False
below_good,below_good/88,1,12,bad,toward_good,False
below_good,below_good/88,2,12,bad,toward_good,False
below_good,below_good/88,3,12,bad,toward_good,False
below_good,below_good/88,4,12,good,toward_bad,False
below_good,below_good/88,5,12,bad,toward_good,False
below_good,below_good/88,6,12,bad,toward_bad,False
below_good,below_good/88,7,12,bad,toward_bad,False
below_good,below_good/88,8,12,bad,toward_good,False
below_good,below_good/88,9,12,bad,toward_good,False
below_good,below_good/88,10,12,bad,toward_good,False
below_good,below_good/88,11,12,good,,True
below_good,below_good/89,0,18,bad,toward_bad,False
below_good,below_good/89,1,18,bad,toward_good,False
below_good,below_good/89,2,18,bad,toward_good,False
below_good,below_good/89,3,18,bad,toward_bad,False
below_good,below_good/89,4,18,bad,toward_bad,False
below_good,below_good/89,5,18,bad,toward_bad,False
below_good,below_good/89,6,18,bad,toward_good,False
below_good,below_good/89,7,18,bad,toward_bad,False
below_good,below_good/89,8,18,bad,toward_bad,False
below_good,below_good/89,9,18,bad,toward_good,False
below_good,below_good/89,10,18,bad,toward_bad,False
below_good,below_good/89,11,18,bad,toward_good,False
below_good,below_good/89,12,18,bad,toward_bad,False
below_good,below_good/89,13,18,bad,toward_good,False
below_good,below_good/89,14,18,bad,toward_good,False
below_good,below_good/89,15,18,bad,toward_good,False
below_good,below_good/89,16,18,bad,toward_bad,False
below_good,below_good/89,17,18,bad,,True
below_good,below_good/91,0,1,good,,True
below_good,below_good/92,0,9,bad,toward_bad,False
below_good,below_good/92,1,9,bad,toward_good,False
below_good,below_good/92,2,9,bad,toward_good,False
below_good,below_good/92,3,9,bad,toward_good,False
below_good,below_good/92,4,9,bad,toward_bad,False
below_good,below_good/92,5,9,bad,toward_good,False
below_good,below_good/92,6,9,bad,toward_good,False
below_good,below_good/92,7,9,good,toward_good,False
below_good,below_good/92,8,9,good,,True
below_good,below_good/93,0,1,good,,True
below_good,below_good/94,0,21,good,toward_bad,False
below_good,below_good/94,1,21,good,toward_good,False
below_good,below_good/94,2,21,good,toward_good,False
below_good,below_good/94,3,21,good,toward_bad,False
below_good,below_good/94,4,21,good,toward_good,False
below_good,below_good/94,5,21,good,toward_bad,False
below_good,below_good/94,6,21,good,toward_bad,False
below_good,below_good/94,7,21,good,toward_good,False
below_good,below_good/94,8,21,good,toward_bad,False
below_good,below_good/94,9,21,good,toward_good,False
below_good,below_good/94,10,21,good,toward_bad,False
below_good,below_good/94,11,21,good,toward_bad,False
below_good,below_good/94,12,21,good,toward_good,False
below_good,below_good/94,13,21,good,toward_good,False
below_good,below_good/94,14,21,good,toward_bad,False
below_good,below_good/94,15,21,good,toward_good,False
below_good,below_good/94,16,21,good,toward_bad,False
below_good,below_good/94,17,21,good,toward_bad,False
below_good,below_good/94,18,21,good,toward_bad,False
below_good,below_good/94,19,21,good,toward_good,False
below_good,below_good/94,20,21,good,,True
below_good,below_good/95,0,1,good,,True
below_good,below_good/96,0,17,bad,toward_good,False
below_good,below_good/96,1,17,bad,toward_bad,False
below_good,below_good/96,2,17,bad,toward_bad,False
below_good,below_good/96,3,17,bad,toward_good,False
below_good,below_good/96,4,17,good,toward_bad,False
below_good,below_good/96,5,17,bad,toward_bad,False
below_good,below_good/96,6,17,bad,toward_good,False
below_good,below_good/96,7,17,bad,toward_good,False
below_good,below_good/96,8,17,bad,toward_bad,False
below_good,below_good/96,9,17,bad,toward_good,False
below_good,below_good/96,10,17,bad,toward_bad,False
below_good,below_good/96,11,17,bad,toward_good,False
below_good,below_good/96,12,17,bad,toward_bad,False
below_good,below_good/96,13,17,bad,toward_bad,False
below_good,below_good/96,14,17,bad,toward_good,False
below_good,below_good/96,15,17,bad,toward_good,False
below_good,below_good/96,16,17,bad,,True
below_good,below_good/97,0,1,good,,True
below_good,below_good/98,0,1,bad,,True
below_good,below_good/99,0,1,good,,True
above_good,above_good/0,0,1,good,,True
above_good,above_good/2,0,22,bad,toward_good,False
above_good,above_good/2,1,22,bad,toward_good,False
above_good,above_good/2,2,22,bad,toward_good,False
above_good,above_good/2,3,22,bad,toward_bad,False
above_good,above_good/2,4,22,bad,toward_good,False
above_good,above_good/2,5,22,bad,toward_good,False
above_good,above_good/2,6,22,bad,toward_good,False
above_good,above_good/2,7,22,bad,toward_bad,False
above_good,above_good/2,8,22,bad,toward_bad,False
above_good,above_good/2,9,22,bad,toward_good,False
above_good,above_good/2,10,22,bad,toward_good,False
above_good,above_good/2,11,22,bad,toward_good,False
above_good,above_good/2,12,22,bad,toward_bad,False
above_good,above_good/2,13,22,bad,toward_bad,False
above_good,above_good/2,14,22,bad,toward_bad,False
above_good,above_good/2,15,22,bad,toward_bad,False
above_good,above_good/2,16,22,bad,toward_good,False
above_good,above_good/2,17,22,bad,toward_good,False
above_good,above_good/2,18,22,bad,toward_good,False
above_good,above_good/2,19,22,bad,toward_good,False
above_good,above_good/2,20,22,bad,toward_bad,False
above_good,above_good/2,21,22,bad,,True
above_good,above_good/3,0,18,good,toward_bad,False
above_good,above_good/3,1,18,good,toward_good,False
above_good,above_good/3,2,18,good,toward_bad,False
above_good,above_good/3,3,18,good,toward_bad,False
above_good,above_good/3,4,18,good,toward_good,False
above_good,above_good/3,5,18,good,toward_bad,False
above_good,above_good/3,6,18,good,toward_bad,False
above_good,above_good/3,7,18,good,toward_bad,False
above_good,above_good/3,8,18,good,toward_good,False
above_good,above_good/3,9,18,good,toward_good,False
above_good,above_good/3,10,18,good,toward_bad,False
above_good,above_good/3,11,18,bad,toward_good,False
above_good,above_good/3,12,18,good,toward_good,False
above_good,above_good/3,13,18,good,toward_bad,False
above_good,above_good/3,14,18,good,toward_good,False
above_good,above_good/3,15,18,good,toward_bad,False
above_good,above_good/3,16,18,good,toward_bad,False
above_good,above_good/3,17,18,good,,True
above_good,above_good/4,0,6,bad,toward_good,False
above_good,above_good/4,1,6,bad,toward_good,False
above_good,above_good/4,2,6,bad,toward_good,False
above_good,above_good/4,3,6,bad,toward_good,False
above_good,above_good/4,4,6,good,toward_good,False
above_good,above_good/4,5,6,good,,True
above_good,above_good/5,0,1,good,,True
above_good,above_good/6,0,1,good,,True
above_good,above_good/7,0,19,bad,toward_good,False
above_good,above_good/7,1,19,good,toward_bad,False
above_good,above_good/7,2,19,bad,toward_good,False
above_good,above_good/7,3,19,good,toward_bad,False
above_good,above_good/7,4,19,bad,toward_good,False
above_good,above_good/7,5,19,good,toward_bad,False
above_good,above_good/7,6,19,bad,toward_good,False
above_good,above_good/7,7,19,good,toward_bad,False
above_good,above_good/7,8,19,bad,toward_good,False
above_good,above_good/7,9,19,good,toward_bad,False
above_good,above_good/7,10,19,bad,toward_good,False
above_good,above_good/7,11,19,bad,toward_good,False
above_good,above_good/7,12,19,bad,toward_good,False
above_good,above_good/7,13,19,good,toward_bad,False
above_good,above_good/7,14,19,bad,toward_bad,False
above_good,above_good/7,15,19,bad,toward_good,False
above_good,above_good/7,16,19,bad,toward_good,False
above_good,above_good/7,17,19,bad,toward_good,False
above_good,above_good/7,18,19,good,,True
above_good,above_good/8,0,1,good,,True
above_good,above_good/9,0,1,good,,True
above_good,above_good/11,0,2,bad,toward_good,False
above_good,above_good/11,1,2,good,,True
above_good,above_good/12,0,2,good,toward_good,False
above_good,above_good/12,1,2,good,,True
above_good,above_good/13,0,8,good,toward_bad,False
above_good,above_good/13,1,8,good,toward_bad,False
above_good,above_good/13,2,8,good,toward_good,False
above_good,above_good/13,3,8,good,toward_bad,False
above_good,above_good/13,4,8,good,toward_bad,False
above_good,above_good/13,5,8,good,toward_good,False
above_good,above_good/13,6,8,good,toward_good,False
above_good,above_good/13,7,8,good,,True
above_good,above_good/14,0,1,good,,True
above_good,above_good/15,0,1,good,,True
above_good,above_good/16,0,5,good,toward_good,False
above_good,above_good/16,1,5,good,toward_good,False
above_good,above_good/16,2,5,good,toward_bad,False
above_good,above_good/16,3,5,good,toward_bad,False
above_good,above_good/16,4,5,good,,True
above_good,above_good/17,0,6,good,toward_bad,False
above_good,above_good/17,1,6,good,toward_good,False
above_good,above_good/17,2,6,good,toward_bad,False
above_good,above_good/17,3,6,good,toward_good,False
above_good,above_good/17,4,6,good,toward_good,False
above_good,above_good/17,5,6,good,,True
above_good,above_good/18,0,1,good,,True
above_good,above_good/19,0,4,good,toward_bad,False
above_good,above_good/19,1,4,good,toward_good,False
above_good,above_good/19,2,4,good,toward_bad,False
above_good,above_good/19,3,4,good,,True
above_good,above_good/20,0,3,good,toward_bad,False
above_good,above_good/20,1,3,good,toward_good,False
above_good,above_good/20,2,3,good,,True
above_good,above_good/21,0,2,bad,toward_good,False
above_good,above_good/21,1,2,good,,True
above_good,above_good/22,0,21,bad,toward_good,False
above_good,above_good/22,1,21,bad,toward_bad,False
above_good,above_good/22,2,21,bad,toward_good,False
above_good,above_good/22,3,21,bad,toward_bad,False
above_good,above_good/22,4,21,bad,toward_good,False
above_good,above_good/22,5,21,bad,toward_bad,False
above_good,above_good/22,6,21,bad,toward_good,False
above_good,above_good/22,7,21,bad,toward_bad,False
above_good,above_good/22,8,21,bad,toward_bad,False
above_good,above_good/22,9,21,bad,toward_good,False
above_good,above_good/22,10,21,bad,toward_good,False
above_good,above_good/22,11,21,bad,toward_bad,False
above_good,above_good/22,12,21,bad,toward_good,False
above_good,above_good/22,13,21,bad,toward_bad,False
above_good,above_good/22,14,21,bad,toward_good,False
above_good,above_good/22,15,21,bad,toward_bad,False
above_good,above_good/22,16,21,bad,toward_bad,False
above_good,above_good/22,17,21,bad,toward_good,False
above_good,above_good/22,18,21,bad,toward_good,False
above_good,above_good/22,19,21,bad,toward_bad,False
above_good,above_good/22,20,21,bad,,True
above_good,above_good/23,0,1,good,,True
above_good,above_good/24,0,35,bad,toward_bad,False
above_good,above_good/24,1,35,bad,toward_good,False
above_good,above_good/24,2,35,bad,toward_good,False
above_good,above_good/24,3,35,bad,toward_good,False
above_good,above_good/24,4,35,good,toward_bad,False
above_good,above_good/24,5,35,good,toward_bad,False
above_good,above_good/24,6,35,bad,toward_good,False
above_good,above_good/24,7,35,bad,toward_good,False
above_good,above_good/24,8,35,bad,toward_good,False
above_good,above_good/24,9,35,bad,toward_good,False
above_good,above_good/24,10,35,good,toward_bad,False
above_good,above_good/24,11,35,bad,toward_bad,False
above_good,above_good/24,12,35,bad,toward_good,False
above_good,above_good/24,13,35,bad,toward_good,False
above_good,above_good/24,14,35,bad,toward_bad,False
above_good,above_good/24,15,35,bad,toward_good,False
above_good,above_good/24,16,35,bad,toward_good,False
above_good,above_good/24,17,35,bad,toward_good,False
above_good,above_good/24,18,35,good,toward_bad,False
above_good,above_good/24,19,35,bad,toward_good,False
above_good,above_good/24,20,35,bad,toward_bad,False
above_good,above_good/24,21,35,bad,toward_good,False
above_good,above_good/24,22,35,bad,toward_good,False
above_good,above_good/24,23,35,bad,toward_good,False
above_good,above_good/24,24,35,bad,toward_bad,False
above_good,above_good/24,25,35,bad,toward_good,False
above_good,above_good/24,26,35,bad,toward_bad,False
above_good,above_good/24,27,35,bad,toward_good,False
above_good,above_good/24,28,35,bad,toward_bad,False
above_good,above_good/24,29,35,bad,toward_bad,False
above_good,above_good/24,30,35,bad,toward_good,False
above_good,above_good/24,31,35,bad,toward_good,False
above_good,above_good/24,32,35,bad,toward_bad,False
above_good,above_good/24,33,35,bad,toward_good,False
above_good,above_good/24,34,35,bad,,True
above_good,above_good/26,0,7,good,toward_bad,False
above_good,above_good/26,1,7,good,toward_bad,False
above_good,above_good/26,2,7,good,toward_good,False
above_good,above_good/26,3,7,good,toward_good,False
above_good,above_good/26,4,7,good,toward_good,False
above_good,above_good/26,5,7,good,toward_good,False
above_good,above_good/26,6,7,good,,True
above_good,above_good/27,0,22,good,toward_good,False
above_good,above_good/27,1,22,good,toward_good,False
above_good,above_good/27,2,22,good,toward_bad,False
above_good,above_good/27,3,22,good,toward_bad,False
above_good,above_good/27,4,22,bad,toward_good,False
above_good,above_good/27,5,22,good,toward_bad,False
above_good,above_good/27,6,22,good,toward_good,False
above_good,above_good/27,7,22,good,toward_good,False
above_good,above_good/27,8,22,good,toward_bad,False
above_good,above_good/27,9,22,good,toward_good,False
above_good,above_good/27,10,22,good,toward_bad,False
above_good,above_good/27,11,22,bad,toward_good,False
above_good,above_good/27,12,22,good,toward_good,False
above_good,above_good/27,13,22,good,toward_good,False
above_good,above_good/27,14,22,good,toward_good,False
above_good,above_good/27,15,22,good,toward_good,False
above_good,above_good/27,16,22,good,toward_bad,False
above_good,above_good/27,17,22,good,toward_bad,False
above_good,above_good/27,18,22,good,toward_good,False
above_good,above_good/27,19,22,good,toward_bad,False
above_good,above_good/27,20,22,good,toward_good,False
above_good,above_good/27,21,22,good,,True
above_good,above_good/28,0,7,good,toward_bad,False
above_good,above_good/28,1,7,bad,toward_good,False
above_good,above_good/28,2,7,bad,toward_good,False
above_good,above_good/28,3,7,good,toward_good,False
above_good,above_good/28,4,7,good,toward_bad,False
above_good,above_good/28,5,7,good,toward_good,False
above_good,above_good/28,6,7,good,,True
above_good,above_good/29,0,3,good,toward_bad,False
above_good,above_good/29,1,3,bad,toward_bad,False
above_good,above_good/29,2,3,bad,,True
above_good,above_good/30,0,1,good,,True
above_good,above_good/31,0,4,good,toward_good,False
above_good,above_good/31,1,4,good,toward_good,False
above_good,above_good/31,2,4,good,toward_bad,False
above_good,above_good/31,3,4,good,,True
above_good,above_good/32,0,1,good,,True
above_good,above_good/33,0,1,good,,True
above_good,above_good/34,0,5,good,toward_bad,False
above_good,above_good/34,1,5,good,toward_good,False
above_good,above_good/34,2,5,good,toward_good,False
above_good,above_good/34,3,5,good,toward_bad,False
above_good,above_good/34,4,5,good,,True
above_good,above_good/35,0,2,bad,toward_good,False
above_good,above_good/35,1,2,good,,True
above_good,above_good/36,0,4,good,toward_good,False
above_good,above_good/36,1,4,good,toward_bad,False
above_good,above_good/36,2,4,good,toward_good,False
above_good,above_good/36,3,4,good,,True
above_good,above_good/37,0,4,bad,toward_good,False
above_good,above_good/37,1,4,bad,toward_good,False
above_good,above_good/37,2,4,bad,toward_good,False
above_good,above_good/37,3,4,good,,True
above_good,above_good/38,0,15,good,toward_bad,False
above_good,above_good/38,1,15,good,toward_good,False
above_good,above_good/38,2,15,good,toward_bad,False
above_good,above_good/38,3,15,good,toward_good,False
above_good,above_good/38,4,15,good,toward_good,False
above_good,above_good/38,5,15,good,toward_bad,False
above_good,above_good/38,6,15,good,toward_good,False
above_good,above_good/38,7,15,good,toward_bad,False
above_good,above_good/38,8,15,good,toward_good,False
above_good,above_good/38,9,15,good,toward_good,False
above_good,above_good/38,10,15,good,toward_bad,False
above_good,above_good/38,11,15,good,toward_bad,False
above_good,above_good/38,12,15,good,toward_bad,False
above_good,above_good/38,13,15,good,toward_good,False
above_good,above_good/38,14,15,good,,True
above_good,above_good/39,0,1,good,,True
above_good,above_good/40,0,23,bad,toward_good,False
above_good,above_good/40,1,23,bad,toward_bad,False
above_good,above_good/40,2,23,bad,toward_good,False
above_good,above_good/40,3,23,bad,toward_good,False
above_good,above_good/40,4,23,bad,toward_bad,False
above_good,above_good/40,5,23,bad,toward_bad,False
above_good,above_good/40,6,23,bad,toward_good,False
above_good,above_good/40,7,23,bad,toward_good,False
above_good,above_good/40,8,23,bad,toward_good,False
above_good,above_good/40,9,23,bad,toward_bad,False
above_good,above_good/40,10,23,bad,toward_good,False
above_good,above_good/40,11,23,bad,toward_good,False
above_good,above_good/40,12,23,bad,toward_bad,False
above_good,above_good/40,13,23,bad,toward_good,False
above_good,above_good/40,14,23,bad,toward_bad,False
above_good,above_good/40,15,23,bad,toward_good,False
above_good,above_good/40,16,23,bad,toward_good,False
above_good,above_good/40,17,23,bad,toward_bad,False
above_good,above_good/40,18,23,bad,toward_bad,False
above_good,above_good/40,19,23,bad,toward_good,False
above_good,above_good/40,20,23,bad,toward_good,False
above_good,above_good/40,21,23,bad,toward_bad,False
above_good,above_good/40,22,23,bad,,True
above_good,above_good/41,0,3,good,toward_bad,False
above_good,above_good/41,1,3,good,toward_good,False
above_good,above_good/41,2,3,good,,True
above_good,above_good/42,0,1,bad,,True
above_good,above_good/44,0,20,good,toward_bad,False
above_good,above_good/44,1,20,good,toward_bad,False
above_good,above_good/44,2,20,good,toward_bad,False
above_good,above_good/44,3,20,good,toward_good,False
above_good,above_good/44,4,20,good,toward_bad,False
above_good,above_good/44,5,20,good,toward_bad,False
above_good,above_good/44,6,20,good,toward_good,False
above_good,above_good/44,7,20,good,toward_bad,False
above_good,above_good/44,8,20,good,toward_bad,False
above_good,above_good/44,9,20,good,toward_good,False
above_good,above_good/44,10,20,good,toward_good,False
above_good,above_good/44,11,20,good,toward_good,False
above_good,above_good/44,12,20,good,toward_bad,False
above_good,above_good/44,13,20,good,toward_good,False
above_good,above_good/44,14,20,good,toward_bad,False
above_good,above_good/44,15,20,good,toward_good,False
above_good,above_good/44,16,20,good,toward_bad,False
above_good,above_good/44,17,20,good,toward_good,False
above_good,above_good/44,18,20,good,toward_bad,False
above_good,above_good/44,19,20,good,,True
above_good,above_good/45,0,1,good,,True
above_good,above_good/46,0,1,good,,True
above_good,above_good/48,0,1,good,,True
above_good,above_good/49,0,6,good,toward_good,False
above_good,above_good/49,1,6,good,toward_bad,False
above_good,above_good/49,2,6,good,toward_bad,False
above_good,above_good/49,3,6,bad,toward_good,False
above_good,above_good/49,4,6,good,toward_good,False
above_good,above_good/49,5,6,good,,True
above_good,above_good/50,0,10,bad,toward_good,False
above_good,above_good/50,1,10,bad,toward_good,False
above_good,above_good/50,2,10,bad,toward_good,False
above_good,above_good/50,3,10,bad,toward_good,False
above_good,above_good/50,4,10,good,toward_good,False
above_good,above_good/50,5,10,good,toward_good,False
above_good,above_good/50,6,10,good,toward_good,False
above_good,above_good/50,7,10,good,toward_bad,False
above_good,above_good/50,8,10,good,toward_bad,False
above_good,above_good/50,9,10,good,,True
above_good,above_good/51,0,17,good,toward_bad,False
above_good,above_good/51,1,17,good,toward_good,False
above_good,above_good/51,2,17,good,toward_bad,False
above_good,above_good/51,3,17,bad,toward_good,False
above_good,above_good/51,4,17,good,toward_good,False
above_good,above_good/51,5,17,good,toward_good,False
above_good,above_good/51,6,17,good,toward_bad,False
above_good,above_good/51,7,17,good,toward_good,False
above_good,above_good/51,8,17,good,toward_bad,False
above_good,above_good/51,9,17,good,toward_good,False
above_good,above_good/51,10,17,good,toward_bad,False
above_good,above_good/51,11,17,good,toward_good,False
above_good,above_good/51,12,17,good,toward_bad,False
above_good,above_good/51,13,17,good,toward_good,False
above_good,above_good/51,14,17,good,toward_bad,False
above_good,above_good/51,15,17,good,toward_bad,False
above_good,above_good/51,16,17,good,,True
above_good,above_good/52,0,6,good,toward_good,False
above_good,above_good/52,1,6,good,toward_good,False
above_good,above_good/52,2,6,good,toward_bad,False
above_good,above_good/52,3,6,good,toward_good,False
above_good,above_good/52,4,6,good,toward_good,False
above_good,above_good/52,5,6,good,,True
above_good,above_good/53,0,2,bad,toward_good,False
above_good,above_good/53,1,2,good,,True
above_good,above_good/54,0,18,good,toward_bad,False
above_good,above_good/54,1,18,good,toward_good,False
above_good,above_good/54,2,18,good,toward_bad,False
above_good,above_good/54,3,18,good,toward_good,False
above_good,above_good/54,4,18,good,toward_good,False
above_good,above_good/54,5,18,good,toward_bad,False
above_good,above_good/54,6,18,good,toward_bad,False
above_good,above_good/54,7,18,good,toward_good,False
above_good,above_good/54,8,18,good,toward_good,False
above_good,above_good/54,9,18,good,toward_good,False
above_good,above_good/54,10,18,good,toward_good,False
above_good,above_good/54,11,18,good,toward_bad,False
above_good,above_good/54,12,18,good,toward_bad,False
above_good,above_good/54,13,18,good,toward_good,False
above_good,above_good/54,14,18,good,toward_good,False
above_good,above_good/54,15,18,good,toward_good,False
above_good,above_good/54,16,18,good,toward_bad,False
above_good,above_good/54,17,18,good,,True
above_good,above_good/55,0,1,good,,True
above_good,above_good/56,0,1,good,,True
above_good,above_good/58,0,1,good,,True
above_good,above_good/59,0,1,bad,,True
above_good,above_good/60,0,10,bad,toward_bad,False
above_good,above_good/60,1,10,bad,toward_good,False
above_good,above_good/60,2,10,bad,toward_bad,False
above_good,above_good/60,3,10,bad,toward_good,False
above_good,above_good/60,4,10,bad,toward_good,False
above_good,above_good/60,5,10,bad,toward_bad,False
above_good,above_good/60,6,10,bad,toward_good,False
above_good,above_good/60,7,10,bad,toward_good,False
above_good,above_good/60,8,10,bad,toward_bad,False
above_good,above_good/60,9,10,bad,,True
above_good,above_good/61,0,1,good,,True
above_good,above_good/62,0,1,good,,True
above_good,above_good/63,0,8,good,toward_good,False
above_good,above_good/63,1,8,good,toward_bad,False
above_good,above_good/63,2,8,good,toward_bad,False
above_good,above_good/63,3,8,good,toward_good,False
above_good,above_good/63,4,8,good,toward_bad,False
above_good,above_good/63,5,8,good,toward_bad,False
above_good,above_good/63,6,8,good,toward_bad,False
above_good,above_good/63,7,8,good,,True
above_good,above_good/64,0,2,good,toward_bad,False
above_good,above_good/64,1,2,good,,True
above_good,above_good/66,0,1,good,,True
above_good,above_good/67,0,1,good,,True
above_good,above_good/68,0,2,good,toward_bad,False
above_good,above_good/68,1,2,good,,True
above_good,above_good/69,0,30,bad,toward_bad,False
above_good,above_good/69,1,30,bad,toward_good,False
above_good,above_good/69,2,30,bad,toward_good,False
above_good,above_good/69,3,30,bad,toward_bad,False
above_good,above_good/69,4,30,bad,toward_good,False
above_good,above_good/69,5,30,bad,toward_good,False
above_good,above_good/69,6,30,bad,toward_bad,False
above_good,above_good/69,7,30,bad,toward_good,False
above_good,above_good/69,8,30,bad,toward_good,False
above_good,above_good/69,9,30,good,toward_bad,False
above_good,above_good/69,10,30,bad,toward_good,False
above_good,above_good/69,11,30,bad,toward_bad,False
above_good,above_good/69,12,30,bad,toward_good,False
above_good,above_good/69,13,30,bad,toward_good,False
above_good,above_good/69,14,30,good,toward_bad,False
above_good,above_good/69,15,30,bad,toward_bad,False
above_good,above_good/69,16,30,bad,toward_bad,False
above_good,above_good/69,17,30,bad,toward_good,False
above_good,above_good/69,18,30,good,toward_bad,False
above_good,above_good/69,19,30,bad,toward_good,False
above_good,above_good/69,20,30,good,toward_bad,False
above_good,above_good/69,21,30,bad,toward_good,False
above_good,above_good/69,22,30,bad,toward_good,False
above_good,above_good/69,23,30,bad,toward_bad,False
above_good,above_good/69,24,30,bad,toward_bad,False
above_good,above_good/69,25,30,bad,toward_good,False
above_good,above_good/69,26,30,bad,toward_good,False
above_good,above_good/69,27,30,bad,toward_bad,False
above_good,above_good/69,28,30,bad,toward_bad,False
above_good,above_good/69,29,30,bad,,True
above_good,above_good/70,0,4,good,toward_bad,False
above_good,above_good/70,1,4,good,toward_bad,False
above_good,above_good/70,2,4,good,toward_bad,False
above_good,above_good/70,3,4,good,,True
above_good,above_good/71,0,6,bad,toward_good,False
above_good,above_good/71,1,6,bad,toward_bad,False
above_good,above_good/71,2,6,bad,toward_good,False
above_good,above_good/71,3,6,bad,toward_good,False
above_good,above_good/71,4,6,bad,toward_bad,False
above_good,above_good/71,5,6,bad,,True
above_good,above_good/72,0,11,good,toward_good,False
above_good,above_good/72,1,11,good,toward_bad,False
above_good,above_good/72,2,11,good,toward_bad,False
above_good,above_good/72,3,11,bad,toward_good,False
above_good,above_good/72,4,11,good,toward_bad,False
above_good,above_good/72,5,11,bad,toward_good,False
above_good,above_good/72,6,11,good,toward_good,False
above_good,above_good/72,7,11,good,toward_bad,False
above_good,above_good/72,8,11,good,toward_good,False
above_good,above_good/72,9,11,good,toward_bad,False
above_good,above_good/72,10,11,good,,True
above_good,above_good/73,0,1,good,,True
above_good,above_good/74,0,18,bad,toward_good,False
above_good,above_good/74,1,18,good,toward_bad,False
above_good,above_good/74,2,18,good,toward_bad,False
above_good,above_good/74,3,18,good,toward_good,False
above_good,above_good/74,4,18,good,toward_good,False
above_good,above_good/74,5,18,good,toward_bad,False
above_good,above_good/74,6,18,good,toward_good,False
above_good,above_good/74,7,18,good,toward_good,False
above_good,above_good/74,8,18,good,toward_bad,False
above_good,above_good/74,9,18,bad,toward_good,False
above_good,above_good/74,10,18,good,toward_bad,False
above_good,above_good/74,11,18,bad,toward_good,False
above_good,above_good/74,12,18,good,toward_bad,False
above_good,above_good/74,13,18,good,toward_good,False
above_good,above_good/74,14,18,good,toward_good,False
above_good,above_good/74,15,18,good,toward_bad,False
above_good,above_good/74,16,18,bad,toward_good,False
above_good,above_good/74,17,18,good,,True
above_good,above_good/75,0,22,good,toward_good,False
above_good,above_good/75,1,22,good,toward_bad,False
above_good,above_good/75,2,22,good,toward_bad,False
above_good,above_good/75,3,22,good,toward_bad,False
above_good,above_good/75,4,22,good,toward_good,False
above_good,above_good/75,5,22,good,toward_good,False
above_good,above_good/75,6,22,good,toward_bad,False
above_good,above_good/75,7,22,good,toward_good,False
above_good,above_good/75,8,22,good,toward_good,False
above_good,above_good/75,9,22,good,toward_bad,False
above_good,above_good/75,10,22,good,toward_good,False
above_good,above_good/75,11,22,good,toward_good,False
above_good,above_good/75,12,22,good,toward_good,False
above_good,above_good/75,13,22,good,toward_good,False
above_good,above_good/75,14,22,good,toward_bad,False
above_good,above_good/75,15,22,good,toward_good,False
above_good,above_good/75,16,22,good,toward_good,False
above_good,above_good/75,17,22,good,toward_bad,False
above_good,above_good/75,18,22,good,toward_good,False
above_good,above_good/75,19,22,good,toward_bad,False
above_good,above_good/75,20,22,good,toward_good,False
above_good,above_good/75,21,22,good,,True
above_good,above_good/76,0,19,good,toward_bad,False
above_good,above_good/76,1,19,good,toward_good,False
above_good,above_good/76,2,19,good,toward_bad,False
above_good,above_good/76,3,19,good,toward_good,False
above_good,above_good/76,4,19,good,toward_good,False
above_good,above_good/76,5,19,good,toward_good,False
above_good,above_good/76,6,19,good,toward_bad,False
above_good,above_good/76,7,19,good,toward_bad,False
above_good,above_good/76,8,19,good,toward_good,False
above_good,above_good/76,9,19,good,toward_bad,False
above_good,above_good/76,10,19,good,toward_good,False
above_good,above_good/76,11,19,good,toward_bad,False
above_good,above_good/76,12,19,good,toward_bad,False
above_good,above_good/76,13,19,good,toward_good,False
above_good,above_good/76,14,19,good,toward_bad,False
above_good,above_good/76,15,19,good,toward_good,False
above_good,above_good/76,16,19,good,toward_bad,False
above_good,above_good/76,17,19,good,toward_good,False
above_good,above_good/76,18,19,good,,True
above_good,above_good/77,0,5,good,toward_bad,False
above_good,above_good/77,1,5,good,toward_bad,False
above_good,above_good/77,2,5,good,toward_good,False
above_good,above_good/77,3,5,good,toward_bad,False
above_good,above_good/77,4,5,good,,True
above_good,above_good/78,0,4,bad,toward_good,False
above_good,above_good/78,1,4,good,toward_bad,False
above_good,above_good/78,2,4,good,toward_good,False
above_good,above_good/78,3,4,good,,True
above_good,above_good/79,0,17,good,toward_bad,False
above_good,above_good/79,1,17,bad,toward_good,False
above_good,above_good/79,2,17,bad,toward_good,False
above_good,above_good/79,3,17,good,toward_bad,False
above_good,above_good/79,4,17,good,toward_bad,False
above_good,above_good/79,5,17,good,toward_good,False
above_good,above_good/79,6,17,good,toward_good,False
above_good,above_good/79,7,17,good,toward_bad,False
above_good,above_good/79,8,17,good,toward_bad,False
above_good,above_good/79,9,17,good,toward_good,False
above_good,above_good/79,10,17,good,toward_good,False
above_good,above_good/79,11,17,good,toward_good,False
above_good,above_good/79,12,17,good,toward_good,False
above_good,above_good/79,13,17,good,toward_bad,False
above_good,above_good/79,14,17,good,toward_good,False
above_good,above_good/79,15,17,good,toward_good,False
above_good,above_good/79,16,17,good,,True
above_good,above_good/80,0,1,good,,True
above_good,above_good/81,0,10,good,toward_bad,False
above_good,above_good/81,1,10,good,toward_bad,False
above_good,above_good/81,2,10,bad,toward_good,False
above_good,above_good/81,3,10,good,toward_good,False
above_good,above_good/81,4,10,good,toward_bad,False
above_good,above_good/81,5,10,good,toward_bad,False
above_good,above_good/81,6,10,good,toward_good,False
above_good,above_good/81,7,10,good,toward_bad,False
above_good,above_good/81,8,10,good,toward_good,False
above_good,above_good/81,9,10,good,,True
above_good,above_good/82,0,1,good,,True
above_good,above_good/84,0,1,bad,,True
above_good,above_good/85,0,1,good,,True
above_good,above_good/86,0,29,bad,toward_good,False
above_good,above_good/86,1,29,bad,toward_bad,False
above_good,above_good/86,2,29,bad,toward_good,False
above_good,above_good/86,3,29,bad,toward_bad,False
above_good,above_good/86,4,29,bad,toward_good,False
above_good,above_good/86,5,29,bad,toward_good,False
above_good,above_good/86,6,29,good,toward_bad,False
above_good,above_good/86,7,29,bad,toward_good,False
above_good,above_good/86,8,29,bad,toward_good,False
above_good,above_good/86,9,29,good,toward_bad,False
above_good,above_good/86,10,29,good,toward_good,False
above_good,above_good/86,11,29,good,toward_bad,False
above_good,above_good/86,12,29,good,toward_bad,False
above_good,above_good/86,13,29,bad,toward_good,False
above_good,above_good/86,14,29,good,toward_bad,False
above_good,above_good/86,15,29,good,toward_good,False
above_good,above_good/86,16,29,good,toward_bad,False
above_good,above_good/86,17,29,good,toward_bad,False
above_good,above_good/86,18,29,bad,toward_bad,False
above_good,above_good/86,19,29,bad,toward_good,False
above_good,above_good/86,20,29,good,toward_good,False
above_good,above_good/86,21,29,good,toward_bad,False
above_good,above_good/86,22,29,good,toward_bad,False
above_good,above_good/86,23,29,good,toward_good,False
above_good,above_good/86,24,29,good,toward_good,False
above_good,above_good/86,25,29,good,toward_bad,False
above_good,above_good/86,26,29,good,toward_bad,False
above_good,above_good/86,27,29,good,toward_good,False
above_good,above_good/86,28,29,good,,True
above_good,above_good/87,0,1,bad,,True
above_good,above_good/88,0,4,good,toward_bad,False
above_good,above_good/88,1,4,good,toward_bad,False
above_good,above_good/88,2,4,good,toward_good,False
above_good,above_good/88,3,4,good,,True
above_good,above_good/89,0,1,good,,True
above_good,above_good/90,0,1,good,,True
above_good,above_good/92,0,1,good,,True
above_good,above_good/93,0,17,good,toward_bad,False
above_good,above_good/93,1,17,good,toward_good,False
above_good,above_good/93,2,17,good,toward_bad,False
above_good,above_good/93,3,17,good,toward_bad,False
above_good,above_good/93,4,17,bad,toward_good,False
above_good,above_good/93,5,17,good,toward_bad,False
above_good,above_good/93,6,17,good,toward_good,False
above_good,above_good/93,7,17,good,toward_bad,False
above_good,above_good/93,8,17,good,toward_good,False
above_good,above_good/93,9,17,good,toward_bad,False
above_good,above_good/93,10,17,good,toward_good,False
above_good,above_good/93,11,17,good,toward_bad,False
above_good,above_good/93,12,17,good,toward_bad,False
above_good,above_good/93,13,17,good,toward_good,False
above_good,above_good/93,14,17,good,toward_bad,False
above_good,above_good/93,15,17,good,toward_good,False
above_good,above_good/93,16,17,good,,True
above_good,above_good/94,0,8,good,toward_good,False
above_good,above_good/94,1,8,good,toward_bad,False
above_good,above_good/94,2,8,good,toward_bad,False
above_good,above_good/94,3,8,good,toward_bad,False
above_good,above_good/94,4,8,good,toward_bad,False
above_good,above_good/94,5,8,good,toward_good,False
above_good,above_good/94,6,8,good,toward_bad,False
above_good,above_good/94,7,8,good,,True
above_good,above_good/95,0,5,bad,toward_good,False
above_good,above_good/95,1,5,bad,toward_good,False
above_good,above_good/95,2,5,good,toward_bad,False
above_good,above_good/95,3,5,good,toward_good,False
above_good,above_good/95,4,5,good,,True
above_good,above_good/96,0,13,good,toward_bad,False
above_good,above_good/96,1,13,bad,toward_good,False
above_good,above_good/96,2,13,good,toward_good,False
above_good,above_good/96,3,13,good,toward_good,False
above_good,above_good/96,4,13,good,toward_good,False
above_good,above_good/96,5,13,good,toward_good,False
above_good,above_good/96,6,13,good,toward_bad,False
above_good,above_good/96,7,13,good,toward_good,False
above_good,above_good/96,8,13,good,toward_bad,False
above_good,above_good/96,9,13,good,toward_good,False
above_good,above_good/96,10,13,good,toward_bad,False
above_good,above_good/96,11,13,good,toward_bad,False
above_good,above_good/96,12,13,good,,True
above_good,above_good/97,0,6,good,toward_bad,False
above_good,above_good/97,1,6,good,toward_good,False
above_good,above_good/97,2,6,good,toward_good,False
above_good,above_good/97,3,6,good,toward_bad,False
above_good,above_good/97,4,6,good,toward_bad,False
above_good,above_good/97,5,6,good,,True
above_good,above_good/98,0,1,good,,True
above_good,above_good/99,0,9,bad,toward_good,False
above_good,above_good/99,1,9,bad,toward_bad,False
above_good,above_good/99,2,9,bad,toward_good,False
above_good,above_good/99,3,9,bad,toward_good,False
above_good,above_good/99,4,9,bad,toward_good,False
above_good,above_good/99,5,9,bad,toward_bad,False
above_good,above_good/99,6,9,bad,toward_good,False
above_good,above_good/99,7,9,good,toward_bad,False
above_good,above_good/99,8,9,good,,True
