group,rollout,t,K,side,move,is_last
baseline[good=above],baseline/0,0,10,bad,toward_good,False
baseline[good=above],baseline/0,1,10,bad,toward_good,False
baseline[good=above],baseline/0,2,10,bad,toward_good,False
baseline[good=above],baseline/0,3,10,bad,toward_bad,False
baseline[good=above],baseline/0,4,10,bad,toward_bad,False
baseline[good=above],baseline/0,5,10,bad,toward_good,False
baseline[good=above],baseline/0,6,10,bad,toward_bad,False
baseline[good=above],baseline/0,7,10,bad,toward_bad,False
baseline[good=above],baseline/0,8,10,bad,toward_good,False
baseline[good=above],baseline/0,9,10,bad,,True
baseline[good=below],baseline/0,0,10,good,toward_bad,False
baseline[good=below],baseline/0,1,10,good,toward_bad,False
baseline[good=below],baseline/0,2,10,good,toward_bad,False
baseline[good=below],baseline/0,3,10,good,toward_good,False
baseline[good=below],baseline/0,4,10,good,toward_good,False
baseline[good=below],baseline/0,5,10,good,toward_bad,False
baseline[good=below],baseline/0,6,10,good,toward_good,False
baseline[good=below],baseline/0,7,10,good,toward_good,False
baseline[good=below],baseline/0,8,10,good,toward_bad,False
baseline[good=below],baseline/0,9,10,good,,True
baseline[good=above],baseline/1,0,16,bad,toward_good,False
baseline[good=above],baseline/1,1,16,bad,same,False
baseline[good=above],baseline/1,2,16,bad,toward_good,False
baseline[good=above],baseline/1,3,16,bad,toward_bad,False
baseline[good=above],baseline/1,4,16,bad,toward_bad,False
baseline[good=above],baseline/1,5,16,bad,toward_good,False
baseline[good=above],baseline/1,6,16,bad,toward_good,False
baseline[good=above],baseline/1,7,16,bad,same,False
baseline[good=above],baseline/1,8,16,bad,toward_bad,False
baseline[good=above],baseline/1,9,16,bad,toward_good,False
baseline[good=above],baseline/1,10,16,bad,toward_bad,False
baseline[good=above],baseline/1,11,16,bad,toward_good,False
baseline[good=above],baseline/1,12,16,bad,toward_good,False
baseline[good=above],baseline/1,13,16,bad,toward_bad,False
baseline[good=above],baseline/1,14,16,bad,toward_good,False
baseline[good=above],baseline/1,15,16,bad,,True
baseline[good=below],baseline/1,0,16,good,toward_bad,False
baseline[good=below],baseline/1,1,16,good,same,False
baseline[good=below],baseline/1,2,16,good,toward_bad,False
baseline[good=below],baseline/1,3,16,good,toward_good,False
baseline[good=below],baseline/1,4,16,good,toward_good,False
baseline[good=below],baseline/1,5,16,good,toward_bad,False
baseline[good=below],baseline/1,6,16,good,toward_bad,False
baseline[good=below],baseline/1,7,16,good,same,False
baseline[good=below],baseline/1,8,16,good,toward_good,False
baseline[good=below],baseline/1,9,16,good,toward_bad,False
baseline[good=below],baseline/1,10,16,good,toward_good,False
baseline[good=below],baseline/1,11,16,good,toward_bad,False
baseline[good=below],baseline/1,12,16,good,toward_bad,False
baseline[good=below],baseline/1,13,16,good,toward_good,False
baseline[good=below],baseline/1,14,16,good,toward_bad,False
baseline[good=below],baseline/1,15,16,good,,True
baseline[good=above],baseline/2,0,12,bad,toward_good,False
baseline[good=above],baseline/2,1,12,bad,toward_bad,False
baseline[good=above],baseline/2,2,12,bad,toward_good,False
baseline[good=above],baseline/2,3,12,bad,toward_bad,False
baseline[good=above],baseline/2,4,12,bad,toward_good,False
baseline[good=above],baseline/2,5,12,bad,toward_bad,False
baseline[good=above],baseline/2,6,12,bad,toward_good,False
baseline[good=above],baseline/2,7,12,bad,toward_bad,False
baseline[good=above],baseline/2,8,12,bad,toward_bad,False
baseline[good=above],baseline/2,9,12,bad,toward_good,False
baseline[good=above],baseline/2,10,12,bad,toward_bad,False
baseline[good=above],baseline/2,11,12,bad,,True
baseline[good=below],baseline/2,0,12,good,toward_bad,False
baseline[good=below],baseline/2,1,12,good,toward_good,False
baseline[good=below],baseline/2,2,12,good,toward_bad,False
baseline[good=below],baseline/2,3,12,good,toward_good,False
baseline[good=below],baseline/2,4,12,good,toward_bad,False
baseline[good=below],baseline/2,5,12,good,toward_good,False
baseline[good=below],baseline/2,6,12,good,toward_bad,False
baseline[good=below],baseline/2,7,12,good,toward_good,False
baseline[good=below],baseline/2,8,12,good,toward_good,False
baseline[good=below],baseline/2,9,12,good,toward_bad,False
baseline[good=below],baseline/2,10,12,good,toward_good,False
baseline[good=below],baseline/2,11,12,good,,True
baseline[good=above],baseline/3,0,15,bad,toward_good,False
baseline[good=above],baseline/3,1,15,bad,toward_good,False
baseline[good=above],baseline/3,2,15,bad,toward_bad,False
baseline[good=above],baseline/3,3,15,bad,toward_good,False
baseline[good=above],baseline/3,4,15,bad,toward_bad,False
baseline[good=above],baseline/3,5,15,bad,toward_good,False
baseline[good=above],baseline/3,6,15,bad,toward_bad,False
baseline[good=above],baseline/3,7,15,bad,toward_bad,False
baseline[good=above],baseline/3,8,15,bad,toward_good,False
baseline[good=above],baseline/3,9,15,bad,toward_bad,False
baseline[good=above],baseline/3,10,15,bad,toward_good,False
baseline[good=above],baseline/3,11,15,bad,toward_good,False
baseline[good=above],baseline/3,12,15,bad,toward_bad,False
baseline[good=above],baseline/3,13,15,bad,toward_good,False
baseline[good=above],baseline/3,14,15,bad,,True
baseline[good=below],baseline/3,0,15,good,toward_bad,False
baseline[good=below],baseline/3,1,15,good,toward_bad,False
baseline[good=below],baseline/3,2,15,good,toward_good,False
baseline[good=below],baseline/3,3,15,good,toward_bad,False
baseline[good=below],baseline/3,4,15,good,toward_good,False
baseline[good=below],baseline/3,5,15,good,toward_bad,False
baseline[good=below],baseline/3,6,15,good,toward_good,False
baseline[good=below],baseline/3,7,15,good,toward_good,False
baseline[good=below],baseline/3,8,15,good,toward_bad,False
baseline[good=below],baseline/3,9,15,good,toward_good,False
baseline[good=below],baseline/3,10,15,good,toward_bad,False
baseline[good=below],baseline/3,11,15,good,toward_bad,False
baseline[good=below],baseline/3,12,15,good,toward_good,False
baseline[good=below],baseline/3,13,15,good,toward_bad,False
baseline[good=below],baseline/3,14,15,good,,True
baseline[good=above],baseline/4,0,21,bad,toward_good,False
baseline[good=above],baseline/4,1,21,bad,toward_bad,False
baseline[good=above],baseline/4,2,21,bad,toward_bad,False
baseline[good=above],baseline/4,3,21,bad,toward_bad,False
baseline[good=above],baseline/4,4,21,bad,toward_good,False
baseline[good=above],baseline/4,5,21,bad,toward_good,False
baseline[good=above],baseline/4,6,21,bad,toward_bad,False
baseline[good=above],baseline/4,7,21,bad,toward_good,False
baseline[good=above],baseline/4,8,21,bad,toward_bad,False
baseline[good=above],baseline/4,9,21,bad,toward_good,False
baseline[good=above],baseline/4,10,21,bad,toward_good,False
baseline[good=above],baseline/4,11,21,bad,toward_bad,False
baseline[good=above],baseline/4,12,21,bad,toward_bad,False
baseline[good=above],baseline/4,13,21,bad,toward_bad,False
baseline[good=above],baseline/4,14,21,bad,toward_bad,False
baseline[good=above],baseline/4,15,21,bad,toward_good,False
baseline[good=above],baseline/4,16,21,bad,toward_good,False
baseline[good=above],baseline/4,17,21,bad,toward_bad,False
baseline[good=above],baseline/4,18,21,bad,toward_good,False
baseline[good=above],baseline/4,19,21,bad,toward_good,False
baseline[good=above],baseline/4,20,21,bad,,True
baseline[good=below],baseline/4,0,21,good,toward_bad,False
baseline[good=below],baseline/4,1,21,good,toward_good,False
baseline[good=below],baseline/4,2,21,good,toward_good,False
baseline[good=below],baseline/4,3,21,good,toward_good,False
baseline[good=below],baseline/4,4,21,good,toward_bad,False
baseline[good=below],baseline/4,5,21,good,toward_bad,False
baseline[good=below],baseline/4,6,21,good,toward_good,False
baseline[good=below],baseline/4,7,21,good,toward_bad,False
baseline[good=below],baseline/4,8,21,good,toward_good,False
baseline[good=below],baseline/4,9,21,good,toward_bad,False
baseline[good=below],baseline/4,10,21,good,toward_bad,False
baseline[good=below],baseline/4,11,21,good,toward_good,False
baseline[good=below],baseline/4,12,21,good,toward_good,False
baseline[good=below],baseline/4,13,21,good,toward_good,False
baseline[good=below],baseline/4,14,21,good,toward_good,False
baseline[good=below],baseline/4,15,21,good,toward_bad,False
baseline[good=below],baseline/4,16,21,good,toward_bad,False
baseline[good=below],baseline/4,17,21,good,toward_good,False
baseline[good=below],baseline/4,18,21,good,toward_bad,False
baseline[good=below],baseline/4,19,21,good,toward_bad,False
baseline[good=below],baseline/4,20,21,good,,True
baseline[good=above],baseline/5,0,16,bad,toward_bad,False
baseline[good=above],baseline/5,1,16,bad,toward_good,False
baseline[good=above],baseline/5,2,16,bad,toward_good,False
baseline[good=above],baseline/5,3,16,bad,toward_bad,False
baseline[good=above],baseline/5,4,16,bad,toward_bad,False
baseline[good=above],baseline/5,5,16,bad,toward_good,False
baseline[good=above],baseline/5,6,16,bad,toward_good,False
baseline[good=above],baseline/5,7,16,bad,toward_bad,False
baseline[good=above],baseline/5,8,16,bad,toward_bad,False
baseline[good=above],baseline/5,9,16,bad,toward_good,False
baseline[good=above],baseline/5,10,16,bad,toward_good,False
baseline[good=above],baseline/5,11,16,bad,toward_bad,False
baseline[good=above],baseline/5,12,16,bad,toward_good,False
baseline[good=above],baseline/5,13,16,bad,toward_bad,False
baseline[good=above],baseline/5,14,16,bad,toward_bad,False
baseline[good=above],baseline/5,15,16,bad,,True
baseline[good=below],baseline/5,0,16,good,toward_good,False
baseline[good=below],baseline/5,1,16,good,toward_bad,False
baseline[good=below],baseline/5,2,16,good,toward_bad,False
baseline[good=below],baseline/5,3,16,good,toward_good,False
baseline[good=below],baseline/5,4,16,good,toward_good,False
baseline[good=below],baseline/5,5,16,good,toward_bad,False
baseline[good=below],baseline/5,6,16,good,toward_bad,False
baseline[good=below],baseline/5,7,16,good,toward_good,False
baseline[good=below],baseline/5,8,16,good,toward_good,False
baseline[good=below],baseline/5,9,16,good,toward_bad,False
baseline[good=below],baseline/5,10,16,good,toward_bad,False
baseline[good=below],baseline/5,11,16,good,toward_good,False
baseline[good=below],baseline/5,12,16,good,toward_bad,False
baseline[good=below],baseline/5,13,16,good,toward_good,False
baseline[good=below],baseline/5,14,16,good,toward_good,False
baseline[good=below],baseline/5,15,16,good,,True
baseline[good=above],baseline/6,0,3,good,toward_bad,False
baseline[good=above],baseline/6,1,3,good,toward_bad,False
baseline[good=above],baseline/6,2,3,good,,True
baseline[good=below],baseline/6,0,3,bad,toward_good,False
baseline[good=below],baseline/6,1,3,bad,toward_good,False
baseline[good=below],baseline/6,2,3,bad,,True
baseline[good=above],baseline/8,0,5,bad,toward_good,False
baseline[good=above],baseline/8,1,5,bad,toward_good,False
baseline[good=above],baseline/8,2,5,bad,toward_bad,False
baseline[good=above],baseline/8,3,5,bad,toward_good,False
baseline[good=above],baseline/8,4,5,bad,,True
baseline[good=below],baseline/8,0,5,good,toward_bad,False
baseline[good=below],baseline/8,1,5,good,toward_bad,False
baseline[good=below],baseline/8,2,5,good,toward_good,False
baseline[good=below],baseline/8,3,5,good,toward_bad,False
baseline[good=below],baseline/8,4,5,good,,True
baseline[good=above],baseline/9,0,27,bad,toward_good,False
baseline[good=above],baseline/9,1,27,bad,toward_bad,False
baseline[good=above],baseline/9,2,27,bad,toward_bad,False
baseline[good=above],baseline/9,3,27,bad,toward_good,False
baseline[good=above],baseline/9,4,27,bad,toward_good,False
baseline[good=above],baseline/9,5,27,bad,toward_bad,False
baseline[good=above],baseline/9,6,27,bad,toward_good,False
baseline[good=above],baseline/9,7,27,bad,toward_bad,False
baseline[good=above],baseline/9,8,27,bad,toward_good,False
baseline[good=above],baseline/9,9,27,bad,toward_bad,False
baseline[good=above],baseline/9,10,27,bad,toward_good,False
baseline[good=above],baseline/9,11,27,bad,toward_good,False
baseline[good=above],baseline/9,12,27,bad,toward_bad,False
baseline[good=above],baseline/9,13,27,bad,toward_bad,False
baseline[good=above],baseline/9,14,27,bad,toward_good,False
baseline[good=above],baseline/9,15,27,bad,toward_bad,False
baseline[good=above],baseline/9,16,27,bad,toward_bad,False
baseline[good=above],baseline/9,17,27,bad,toward_good,False
baseline[good=above],baseline/9,18,27,bad,toward_good,False
baseline[good=above],baseline/9,19,27,bad,toward_good,False
baseline[good=above],baseline/9,20,27,bad,toward_bad,False
baseline[good=above],baseline/9,21,27,bad,toward_bad,False
baseline[good=above],baseline/9,22,27,bad,toward_bad,False
baseline[good=above],baseline/9,23,27,bad,toward_bad,False
baseline[good=above],baseline/9,24,27,bad,toward_good,False
baseline[good=above],baseline/9,25,27,bad,toward_good,False
baseline[good=above],baseline/9,26,27,bad,,True
baseline[good=below],baseline/9,0,27,good,toward_bad,False
baseline[good=below],baseline/9,1,27,good,toward_good,False
baseline[good=below],baseline/9,2,27,good,toward_good,False
baseline[good=below],baseline/9,3,27,good,toward_bad,False
baseline[good=below],baseline/9,4,27,good,toward_bad,False
baseline[good=below],baseline/9,5,27,good,toward_good,False
baseline[good=below],baseline/9,6,27,good,toward_bad,False
baseline[good=below],baseline/9,7,27,good,toward_good,False
baseline[good=below],baseline/9,8,27,good,toward_bad,False
baseline[good=below],baseline/9,9,27,good,toward_good,False
baseline[good=below],baseline/9,10,27,good,toward_bad,False
baseline[good=below],baseline/9,11,27,good,toward_bad,False
baseline[good=below],baseline/9,12,27,good,toward_good,False
baseline[good=below],baseline/9,13,27,good,toward_good,False
baseline[good=below],baseline/9,14,27,good,toward_bad,False
baseline[good=below],baseline/9,15,27,good,toward_good,False
baseline[good=below],baseline/9,16,27,good,toward_good,False
baseline[good=below],baseline/9,17,27,good,toward_bad,False
baseline[good=below],baseline/9,18,27,good,toward_bad,False
baseline[good=below],baseline/9,19,27,good,toward_bad,False
baseline[good=below],baseline/9,20,27,good,toward_good,False
baseline[good=below],baseline/9,21,27,good,toward_good,False
baseline[good=below],baseline/9,22,27,good,toward_good,False
baseline[good=below],baseline/9,23,27,good,toward_good,False
baseline[good=below],baseline/9,24,27,good,toward_bad,False
baseline[good=below],baseline/9,25,27,good,toward_bad,False
baseline[good=below],baseline/9,26,27,good,,True
baseline[good=above],baseline/10,0,8,good,toward_bad,False
baseline[good=above],baseline/10,1,8,bad,toward_bad,False
baseline[good=above],baseline/10,2,8,bad,toward_bad,False
baseline[good=above],baseline/10,3,8,bad,toward_bad,False
baseline[good=above],baseline/10,4,8,bad,toward_good,False
baseline[good=above],baseline/10,5,8,bad,toward_bad,False
baseline[good=above],baseline/10,6,8,bad,toward_bad,False
baseline[good=above],baseline/10,7,8,bad,,True
baseline[good=below],baseline/10,0,8,bad,toward_good,False
baseline[good=below],baseline/10,1,8,good,toward_good,False
baseline[good=below],baseline/10,2,8,good,toward_good,False
baseline[good=below],baseline/10,3,8,good,toward_good,False
baseline[good=below],baseline/10,4,8,good,toward_bad,False
baseline[good=below],baseline/10,5,8,good,toward_good,False
baseline[good=below],baseline/10,6,8,good,toward_good,False
baseline[good=below],baseline/10,7,8,good,,True
baseline[good=above],baseline/11,0,12,bad,toward_good,False
baseline[good=above],baseline/11,1,12,bad,toward_good,False
baseline[good=above],baseline/11,2,12,bad,toward_good,False
baseline[good=above],baseline/11,3,12,bad,toward_bad,False
baseline[good=above],baseline/11,4,12,bad,toward_good,False
baseline[good=above],baseline/11,5,12,bad,toward_bad,False
baseline[good=above],baseline/11,6,12,bad,toward_good,False
baseline[good=above],baseline/11,7,12,bad,toward_bad,False
baseline[good=above],baseline/11,8,12,bad,toward_good,False
baseline[good=above],baseline/11,9,12,bad,toward_good,False
baseline[good=above],baseline/11,10,12,bad,toward_bad,False
baseline[good=above],baseline/11,11,12,bad,,True
baseline[good=below],baseline/11,0,12,good,toward_bad,False
baseline[good=below],baseline/11,1,12,good,toward_bad,False
baseline[good=below],baseline/11,2,12,good,toward_bad,False
baseline[good=below],baseline/11,3,12,good,toward_good,False
baseline[good=below],baseline/11,4,12,good,toward_bad,False
baseline[good=below],baseline/11,5,12,good,toward_good,False
baseline[good=below],baseline/11,6,12,good,toward_bad,False
baseline[good=below],baseline/11,7,12,good,toward_good,False
baseline[good=below],baseline/11,8,12,good,toward_bad,False
baseline[good=below],baseline/11,9,12,good,toward_bad,False
baseline[good=below],baseline/11,10,12,good,toward_good,False
baseline[good=below],baseline/11,11,12,good,,True
baseline[good=above],baseline/14,0,6,bad,toward_bad,False
baseline[good=above],baseline/14,1,6,bad,toward_bad,False
baseline[good=above],baseline/14,2,6,bad,toward_bad,False
baseline[good=above],baseline/14,3,6,bad,toward_good,False
baseline[good=above],baseline/14,4,6,bad,toward_good,False
baseline[good=above],baseline/14,5,6,bad,,True
baseline[good=below],baseline/14,0,6,good,toward_good,False
baseline[good=below],baseline/14,1,6,good,toward_good,False
baseline[good=below],baseline/14,2,6,good,toward_good,False
baseline[good=below],baseline/14,3,6,good,toward_bad,False
baseline[good=below],baseline/14,4,6,good,toward_bad,False
baseline[good=below],baseline/14,5,6,good,,True
baseline[good=above],baseline/15,0,12,bad,toward_bad,False
baseline[good=above],baseline/15,1,12,bad,toward_good,False
baseline[good=above],baseline/15,2,12,bad,toward_bad,False
baseline[good=above],baseline/15,3,12,bad,toward_good,False
baseline[good=above],baseline/15,4,12,bad,toward_bad,False
baseline[good=above],baseline/15,5,12,bad,toward_bad,False
baseline[good=above],baseline/15,6,12,bad,toward_bad,False
baseline[good=above],baseline/15,7,12,bad,toward_good,False
baseline[good=above],baseline/15,8,12,bad,toward_good,False
baseline[good=above],baseline/15,9,12,bad,toward_good,False
baseline[good=above],baseline/15,10,12,bad,toward_bad,False
baseline[good=above],baseline/15,11,12,bad,,True
baseline[good=below],baseline/15,0,12,good,toward_good,False
baseline[good=below],baseline/15,1,12,good,toward_bad,False
baseline[good=below],baseline/15,2,12,good,toward_good,False
baseline[good=below],baseline/15,3,12,good,toward_bad,False
baseline[good=below],baseline/15,4,12,good,toward_good,False
baseline[good=below],baseline/15,5,12,good,toward_good,False
baseline[good=below],baseline/15,6,12,good,toward_good,False
baseline[good=below],baseline/15,7,12,good,toward_bad,False
baseline[good=below],baseline/15,8,12,good,toward_bad,False
baseline[good=below],baseline/15,9,12,good,toward_bad,False
baseline[good=below],baseline/15,10,12,good,toward_good,False
baseline[good=below],baseline/15,11,12,good,,True
baseline[good=above],baseline/16,0,6,good,toward_bad,False
baseline[good=above],baseline/16,1,6,good,toward_bad,False
baseline[good=above],baseline/16,2,6,good,toward_good,False
baseline[good=above],baseline/16,3,6,good,toward_bad,False
baseline[good=above],baseline/16,4,6,good,toward_good,False
baseline[good=above],baseline/16,5,6,good,,True
baseline[good=below],baseline/16,0,6,bad,toward_good,False
baseline[good=below],baseline/16,1,6,bad,toward_good,False
baseline[good=below],baseline/16,2,6,bad,toward_bad,False
baseline[good=below],baseline/16,3,6,bad,toward_good,False
baseline[good=below],baseline/16,4,6,bad,toward_bad,False
baseline[good=below],baseline/16,5,6,bad,,True
baseline[good=above],baseline/17,0,2,bad,toward_good,False
baseline[good=above],baseline/17,1,2,bad,,True
baseline[good=below],baseline/17,0,2,good,toward_bad,False
baseline[good=below],baseline/17,1,2,good,,True
baseline[good=above],baseline/19,0,30,bad,toward_bad,False
baseline[good=above],baseline/19,1,30,bad,toward_bad,False
baseline[good=above],baseline/19,2,30,bad,toward_good,False
baseline[good=above],baseline/19,3,30,bad,toward_good,False
baseline[good=above],baseline/19,4,30,bad,toward_bad,False
baseline[good=above],baseline/19,5,30,bad,toward_bad,False
baseline[good=above],baseline/19,6,30,bad,toward_good,False
baseline[good=above],baseline/19,7,30,bad,toward_good,False
baseline[good=above],baseline/19,8,30,bad,toward_bad,False
baseline[good=above],baseline/19,9,30,bad,toward_good,False
baseline[good=above],baseline/19,10,30,bad,toward_bad,False
baseline[good=above],baseline/19,11,30,bad,toward_good,False
baseline[good=above],baseline/19,12,30,bad,toward_good,False
baseline[good=above],baseline/19,13,30,bad,toward_bad,False
baseline[good=above],baseline/19,14,30,bad,toward_bad,False
baseline[good=above],baseline/19,15,30,bad,toward_good,False
baseline[good=above],baseline/19,16,30,bad,toward_bad,False
baseline[good=above],baseline/19,17,30,bad,toward_bad,False
baseline[good=above],baseline/19,18,30,bad,toward_bad,False
baseline[good=above],baseline/19,19,30,bad,toward_bad,False
baseline[good=above],baseline/19,20,30,bad,toward_good,False
baseline[good=above],baseline/19,21,30,bad,toward_bad,False
baseline[good=above],baseline/19,22,30,bad,toward_good,False
baseline[good=above],baseline/19,23,30,bad,toward_bad,False
baseline[good=above],baseline/19,24,30,bad,toward_good,False
baseline[good=above],baseline/19,25,30,bad,toward_bad,False
baseline[good=above],baseline/19,26,30,bad,toward_bad,False
baseline[good=above],baseline/19,27,30,bad,toward_bad,False
baseline[good=above],baseline/19,28,30,bad,toward_bad,False
baseline[good=above],baseline/19,29,30,bad,,True
baseline[good=below],baseline/19,0,30,good,toward_good,False
baseline[good=below],baseline/19,1,30,good,toward_good,False
baseline[good=below],baseline/19,2,30,good,toward_bad,False
baseline[good=below],baseline/19,3,30,good,toward_bad,False
baseline[good=below],baseline/19,4,30,good,toward_good,False
baseline[good=below],baseline/19,5,30,good,toward_good,False
baseline[good=below],baseline/19,6,30,good,toward_bad,False
baseline[good=below],baseline/19,7,30,good,toward_bad,False
baseline[good=below],baseline/19,8,30,good,toward_good,False
baseline[good=below],baseline/19,9,30,good,toward_bad,False
baseline[good=below],baseline/19,10,30,good,toward_good,False
baseline[good=below],baseline/19,11,30,good,toward_bad,False
baseline[good=below],baseline/19,12,30,good,toward_bad,False
baseline[good=below],baseline/19,13,30,good,toward_good,False
baseline[good=below],baseline/19,14,30,good,toward_good,False
baseline[good=below],baseline/19,15,30,good,toward_bad,False
baseline[good=below],baseline/19,16,30,good,toward_good,False
baseline[good=below],baseline/19,17,30,good,toward_good,False
baseline[good=below],baseline/19,18,30,good,toward_good,False
baseline[good=below],baseline/19,19,30,good,toward_good,False
baseline[good=below],baseline/19,20,30,good,toward_bad,False
baseline[good=below],baseline/19,21,30,good,toward_good,False
baseline[good=below],baseline/19,22,30,good,toward_bad,False
baseline[good=below],baseline/19,23,30,good,toward_good,False
baseline[good=below],baseline/19,24,30,good,toward_bad,False
baseline[good=below],baseline/19,25,30,good,toward_good,False
baseline[good=below],baseline/19,26,30,good,toward_good,False
baseline[good=below],baseline/19,27,30,good,toward_good,False
baseline[good=below],baseline/19,28,30,good,toward_good,False
baseline[good=below],baseline/19,29,30,good,,True
baseline[good=above],baseline/20,0,10,bad,toward_bad,False
baseline[good=above],baseline/20,1,10,bad,toward_good,False
baseline[good=above],baseline/20,2,10,bad,toward_bad,False
baseline[good=above],baseline/20,3,10,bad,toward_bad,False
baseline[good=above],baseline/20,4,10,bad,toward_good,False
baseline[good=above],baseline/20,5,10,bad,toward_bad,False
baseline[good=above],baseline/20,6,10,bad,toward_good,False
baseline[good=above],baseline/20,7,10,bad,toward_good,False
baseline[good=above],baseline/20,8,10,bad,toward_good,False
baseline[good=above],baseline/20,9,10,bad,,True
baseline[good=below],baseline/20,0,10,good,toward_good,False
baseline[good=below],baseline/20,1,10,good,toward_bad,False
baseline[good=below],baseline/20,2,10,good,toward_good,False
baseline[good=below],baseline/20,3,10,good,toward_good,False
baseline[good=below],baseline/20,4,10,good,toward_bad,False
baseline[good=below],baseline/20,5,10,good,toward_good,False
baseline[good=below],baseline/20,6,10,good,toward_bad,False
baseline[good=below],baseline/20,7,10,good,toward_bad,False
baseline[good=below],baseline/20,8,10,good,toward_bad,False
baseline[good=below],baseline/20,9,10,good,,True
baseline[good=above],baseline/23,0,14,bad,toward_good,False
baseline[good=above],baseline/23,1,14,bad,toward_bad,False
baseline[good=above],baseline/23,2,14,bad,toward_good,False
baseline[good=above],baseline/23,3,14,bad,toward_bad,False
baseline[good=above],baseline/23,4,14,bad,toward_good,False
baseline[good=above],baseline/23,5,14,bad,toward_bad,False
baseline[good=above],baseline/23,6,14,bad,toward_bad,False
baseline[good=above],baseline/23,7,14,bad,toward_good,False
baseline[good=above],baseline/23,8,14,bad,toward_good,False
baseline[good=above],baseline/23,9,14,bad,toward_bad,False
baseline[good=above],baseline/23,10,14,bad,toward_good,False
baseline[good=above],baseline/23,11,14,bad,toward_bad,False
baseline[good=above],baseline/23,12,14,bad,toward_good,False
baseline[good=above],baseline/23,13,14,bad,,True
baseline[good=below],baseline/23,0,14,good,toward_bad,False
baseline[good=below],baseline/23,1,14,good,toward_good,False
baseline[good=below],baseline/23,2,14,good,toward_bad,False
baseline[good=below],baseline/23,3,14,good,toward_good,False
baseline[good=below],baseline/23,4,14,good,toward_bad,False
baseline[good=below],baseline/23,5,14,good,toward_good,False
baseline[good=below],baseline/23,6,14,good,toward_good,False
baseline[good=below],baseline/23,7,14,good,toward_bad,False
baseline[good=below],baseline/23,8,14,good,toward_bad,False
baseline[good=below],baseline/23,9,14,good,toward_good,False
baseline[good=below],baseline/23,10,14,good,toward_bad,False
baseline[good=below],baseline/23,11,14,good,toward_good,False
baseline[good=below],baseline/23,12,14,good,toward_bad,False
baseline[good=below],baseline/23,13,14,good,,True
baseline[good=above],baseline/24,0,19,bad,toward_bad,False
baseline[good=above],baseline/24,1,19,bad,toward_bad,False
baseline[good=above],baseline/24,2,19,bad,toward_good,False
baseline[good=above],baseline/24,3,19,bad,toward_bad,False
baseline[good=above],baseline/24,4,19,bad,toward_bad,False
baseline[good=above],baseline/24,5,19,bad,toward_bad,False
baseline[good=above],baseline/24,6,19,bad,toward_good,False
baseline[good=above],baseline/24,7,19,bad,toward_good,False
baseline[good=above],baseline/24,8,19,bad,toward_bad,False
baseline[good=above],baseline/24,9,19,bad,toward_bad,False
baseline[good=above],baseline/24,10,19,bad,toward_good,False
baseline[good=above],baseline/24,11,19,bad,toward_bad,False
baseline[good=above],baseline/24,12,19,bad,toward_bad,False
baseline[good=above],baseline/24,13,19,bad,toward_bad,False
baseline[good=above],baseline/24,14,19,bad,toward_good,False
baseline[good=above],baseline/24,15,19,bad,toward_bad,False
baseline[good=above],baseline/24,16,19,bad,toward_good,False
baseline[good=above],baseline/24,17,19,bad,toward_bad,False
baseline[good=above],baseline/24,18,19,bad,,True
baseline[good=below],baseline/24,0,19,good,toward_good,False
baseline[good=below],baseline/24,1,19,good,toward_good,False
baseline[good=below],baseline/24,2,19,good,toward_bad,False
baseline[good=below],baseline/24,3,19,good,toward_good,False
baseline[good=below],baseline/24,4,19,good,toward_good,False
baseline[good=below],baseline/24,5,19,good,toward_good,False
baseline[good=below],baseline/24,6,19,good,toward_bad,False
baseline[good=below],baseline/24,7,19,good,toward_bad,False
baseline[good=below],baseline/24,8,19,good,toward_good,False
baseline[good=below],baseline/24,9,19,good,toward_good,False
baseline[good=below],baseline/24,10,19,good,toward_bad,False
baseline[good=below],baseline/24,11,19,good,toward_good,False
baseline[good=below],baseline/24,12,19,good,toward_good,False
baseline[good=below],baseline/24,13,19,good,toward_good,False
baseline[good=below],baseline/24,14,19,good,toward_bad,False
baseline[good=below],baseline/24,15,19,good,toward_good,False
baseline[good=below],baseline/24,16,19,good,toward_bad,False
baseline[good=below],baseline/24,17,19,good,toward_good,False
baseline[good=below],baseline/24,18,19,good,,True
baseline[good=above],baseline/25,0,16,bad,toward_good,False
baseline[good=above],baseline/25,1,16,bad,toward_good,False
baseline[good=above],baseline/25,2,16,bad,toward_bad,False
baseline[good=above],baseline/25,3,16,bad,toward_bad,False
baseline[good=above],baseline/25,4,16,bad,toward_good,False
baseline[good=above],baseline/25,5,16,bad,toward_bad,False
baseline[good=above],baseline/25,6,16,bad,toward_bad,False
baseline[good=above],baseline/25,7,16,bad,toward_bad,False
baseline[good=above],baseline/25,8,16,bad,toward_good,False
baseline[good=above],baseline/25,9,16,bad,toward_good,False
baseline[good=above],baseline/25,10,16,bad,toward_bad,False
baseline[good=above],baseline/25,11,16,bad,toward_bad,False
baseline[good=above],baseline/25,12,16,bad,toward_bad,False
baseline[good=above],baseline/25,13,16,bad,toward_bad,False
baseline[good=above],baseline/25,14,16,bad,toward_bad,False
baseline[good=above],baseline/25,15,16,bad,,True
baseline[good=below],baseline/25,0,16,good,toward_bad,False
baseline[good=below],baseline/25,1,16,good,toward_bad,False
baseline[good=below],baseline/25,2,16,good,toward_good,False
baseline[good=below],baseline/25,3,16,good,toward_good,False
baseline[good=below],baseline/25,4,16,good,toward_bad,False
baseline[good=below],baseline/25,5,16,good,toward_good,False
baseline[good=below],baseline/25,6,16,good,toward_good,False
baseline[good=below],baseline/25,7,16,good,toward_good,False
baseline[good=below],baseline/25,8,16,good,toward_bad,False
baseline[good=below],baseline/25,9,16,good,toward_bad,False
baseline[good=below],baseline/25,10,16,good,toward_good,False
baseline[good=below],baseline/25,11,16,good,toward_good,False
baseline[good=below],baseline/25,12,16,good,toward_good,False
baseline[good=below],baseline/25,13,16,good,toward_good,False
baseline[good=below],baseline/25,14,16,good,toward_good,False
baseline[good=below],baseline/25,15,16,good,,True
baseline[good=above],baseline/26,0,12,bad,toward_good,False
baseline[good=above],baseline/26,1,12,bad,toward_bad,False
baseline[good=above],baseline/26,2,12,bad,toward_good,False
baseline[good=above],baseline/26,3,12,bad,toward_bad,False
baseline[good=above],baseline/26,4,12,bad,toward_bad,False
baseline[good=above],baseline/26,5,12,bad,toward_good,False
baseline[good=above],baseline/26,6,12,bad,toward_good,False
baseline[good=above],baseline/26,7,12,bad,toward_bad,False
baseline[good=above],baseline/26,8,12,bad,toward_bad,False
baseline[good=above],baseline/26,9,12,bad,toward_good,False
baseline[good=above],baseline/26,10,12,bad,toward_good,False
baseline[good=above],baseline/26,11,12,bad,,True
baseline[good=below],baseline/26,0,12,good,toward_bad,False
baseline[good=below],baseline/26,1,12,good,toward_good,False
baseline[good=below],baseline/26,2,12,good,toward_bad,False
baseline[good=below],baseline/26,3,12,good,toward_good,False
baseline[good=below],baseline/26,4,12,good,toward_good,False
baseline[good=below],baseline/26,5,12,good,toward_bad,False
baseline[good=below],baseline/26,6,12,good,toward_bad,False
baseline[good=below],baseline/26,7,12,good,toward_good,False
baseline[good=below],baseline/26,8,12,good,toward_good,False
baseline[good=below],baseline/26,9,12,good,toward_bad,False
baseline[good=below],baseline/26,10,12,good,toward_bad,False
baseline[good=below],baseline/26,11,12,good,,True
baseline[good=above],baseline/27,0,25,bad,toward_good,False
baseline[good=above],baseline/27,1,25,bad,toward_good,False
baseline[good=above],baseline/27,2,25,bad,toward_bad,False
baseline[good=above],baseline/27,3,25,bad,toward_bad,False
baseline[good=above],baseline/27,4,25,bad,toward_good,False
baseline[good=above],baseline/27,5,25,bad,toward_good,False
baseline[good=above],baseline/27,6,25,bad,toward_bad,False
baseline[good=above],baseline/27,7,25,bad,toward_good,False
baseline[good=above],baseline/27,8,25,bad,toward_bad,False
baseline[good=above],baseline/27,9,25,bad,toward_good,False
baseline[good=above],baseline/27,10,25,bad,toward_good,False
baseline[good=above],baseline/27,11,25,bad,toward_good,False
baseline[good=above],baseline/27,12,25,bad,toward_good,False
baseline[good=above],baseline/27,13,25,bad,toward_bad,False
baseline[good=above],baseline/27,14,25,bad,toward_bad,False
baseline[good=above],baseline/27,15,25,bad,toward_good,False
baseline[good=above],baseline/27,16,25,bad,toward_bad,False
baseline[good=above],baseline/27,17,25,bad,toward_good,False
baseline[good=above],baseline/27,18,25,bad,toward_good,False
baseline[good=above],baseline/27,19,25,bad,toward_bad,False
baseline[good=above],baseline/27,20,25,bad,toward_bad,False
baseline[good=above],baseline/27,21,25,bad,toward_bad,False
baseline[good=above],baseline/27,22,25,bad,toward_good,False
baseline[good=above],baseline/27,23,25,bad,toward_good,False
baseline[good=above],baseline/27,24,25,bad,,True
baseline[good=below],baseline/27,0,25,good,toward_bad,False
baseline[good=below],baseline/27,1,25,good,toward_bad,False
baseline[good=below],baseline/27,2,25,good,toward_good,False
baseline[good=below],baseline/27,3,25,good,toward_good,False
baseline[good=below],baseline/27,4,25,good,toward_bad,False
baseline[good=below],baseline/27,5,25,good,toward_bad,False
baseline[good=below],baseline/27,6,25,good,toward_good,False
baseline[good=below],baseline/27,7,25,good,toward_bad,False
baseline[good=below],baseline/27,8,25,good,toward_good,False
baseline[good=below],baseline/27,9,25,good,toward_bad,False
baseline[good=below],baseline/27,10,25,good,toward_bad,False
baseline[good=below],baseline/27,11,25,good,toward_bad,False
baseline[good=below],baseline/27,12,25,good,toward_bad,False
baseline[good=below],baseline/27,13,25,good,toward_good,False
baseline[good=below],baseline/27,14,25,good,toward_good,False
baseline[good=below],baseline/27,15,25,good,toward_bad,False
baseline[good=below],baseline/27,16,25,good,toward_good,False
baseline[good=below],baseline/27,17,25,good,toward_bad,False
baseline[good=below],baseline/27,18,25,good,toward_bad,False
baseline[good=below],baseline/27,19,25,good,toward_good,False
baseline[good=below],baseline/27,20,25,good,toward_good,False
baseline[good=below],baseline/27,21,25,good,toward_good,False
baseline[good=below],baseline/27,22,25,good,toward_bad,False
baseline[good=below],baseline/27,23,25,good,toward_bad,False
baseline[good=below],baseline/27,24,25,good,,True
baseline[good=above],baseline/28,0,20,bad,toward_good,False
baseline[good=above],baseline/28,1,20,bad,toward_good,False
baseline[good=above],baseline/28,2,20,bad,toward_good,False
baseline[good=above],baseline/28,3,20,bad,toward_good,False
baseline[good=above],baseline/28,4,20,bad,toward_bad,False
baseline[good=above],baseline/28,5,20,bad,toward_bad,False
baseline[good=above],baseline/28,6,20,bad,toward_bad,False
baseline[good=above],baseline/28,7,20,bad,toward_good,False
baseline[good=above],baseline/28,8,20,bad,toward_bad,False
baseline[good=above],baseline/28,9,20,bad,toward_good,False
baseline[good=above],baseline/28,10,20,bad,toward_good,False
baseline[good=above],baseline/28,11,20,bad,toward_bad,False
baseline[good=above],baseline/28,12,20,bad,toward_bad,False
baseline[good=above],baseline/28,13,20,bad,toward_good,False
baseline[good=above],baseline/28,14,20,bad,toward_bad,False
baseline[good=above],baseline/28,15,20,bad,toward_good,False
baseline[good=above],baseline/28,16,20,bad,toward_good,False
baseline[good=above],baseline/28,17,20,bad,toward_good,False
baseline[good=above],baseline/28,18,20,bad,toward_bad,False
baseline[good=above],baseline/28,19,20,bad,,True
baseline[good=below],baseline/28,0,20,good,toward_bad,False
baseline[good=below],baseline/28,1,20,good,toward_bad,False
baseline[good=below],baseline/28,2,20,good,toward_bad,False
baseline[good=below],baseline/28,3,20,good,toward_bad,False
baseline[good=below],baseline/28,4,20,good,toward_good,False
baseline[good=below],baseline/28,5,20,good,toward_good,False
baseline[good=below],baseline/28,6,20,good,toward_good,False
baseline[good=below],baseline/28,7,20,good,toward_bad,False
baseline[good=below],baseline/28,8,20,good,toward_good,False
baseline[good=below],baseline/28,9,20,good,toward_bad,False
baseline[good=below],baseline/28,10,20,good,toward_bad,False
baseline[good=below],baseline/28,11,20,good,toward_good,False
baseline[good=below],baseline/28,12,20,good,toward_good,False
baseline[good=below],baseline/28,13,20,good,toward_bad,False
baseline[good=below],baseline/28,14,20,good,toward_good,False
baseline[good=below],baseline/28,15,20,good,toward_bad,False
baseline[good=below],baseline/28,16,20,good,toward_bad,False
baseline[good=below],baseline/28,17,20,good,toward_bad,False
baseline[good=below],baseline/28,18,20,good,toward_good,False
baseline[good=below],baseline/28,19,20,good,,True
baseline[good=above],baseline/29,0,12,bad,toward_bad,False
baseline[good=above],baseline/29,1,12,bad,toward_good,False
baseline[good=above],baseline/29,2,12,bad,toward_bad,False
baseline[good=above],baseline/29,3,12,bad,toward_bad,False
baseline[good=above],baseline/29,4,12,bad,toward_bad,False
baseline[good=above],baseline/29,5,12,bad,toward_good,False
baseline[good=above],baseline/29,6,12,bad,toward_bad,False
baseline[good=above],baseline/29,7,12,bad,toward_good,False
baseline[good=above],baseline/29,8,12,bad,toward_bad,False
baseline[good=above],baseline/29,9,12,bad,toward_bad,False
baseline[good=above],baseline/29,10,12,bad,toward_good,False
baseline[good=above],baseline/29,11,12,bad,,True
baseline[good=below],baseline/29,0,12,good,toward_good,False
baseline[good=below],baseline/29,1,12,good,toward_bad,False
baseline[good=below],baseline/29,2,12,good,toward_good,False
baseline[good=below],baseline/29,3,12,good,toward_good,False
baseline[good=below],baseline/29,4,12,good,toward_good,False
baseline[good=below],baseline/29,5,12,good,toward_bad,False
baseline[good=below],baseline/29,6,12,good,toward_good,False
baseline[good=below],baseline/29,7,12,good,toward_bad,False
baseline[good=below],baseline/29,8,12,good,toward_good,False
baseline[good=below],baseline/29,9,12,good,toward_good,False
baseline[good=below],baseline/29,10,12,good,toward_bad,False
baseline[good=below],baseline/29,11,12,good,,True
baseline[good=above],baseline/30,0,10,bad,toward_bad,False
baseline[good=above],baseline/30,1,10,bad,toward_bad,False
baseline[good=above],baseline/30,2,10,bad,toward_good,False
baseline[good=above],baseline/30,3,10,bad,toward_good,False
baseline[good=above],baseline/30,4,10,bad,toward_good,False
baseline[good=above],baseline/30,5,10,bad,toward_bad,False
baseline[good=above],baseline/30,6,10,bad,toward_bad,False
baseline[good=above],baseline/30,7,10,bad,toward_bad,False
baseline[good=above],baseline/30,8,10,bad,toward_good,False
baseline[good=above],baseline/30,9,10,bad,,True
baseline[good=below],baseline/30,0,10,good,toward_good,False
baseline[good=below],baseline/30,1,10,good,toward_good,False
baseline[good=below],baseline/30,2,10,good,toward_bad,False
baseline[good=below],baseline/30,3,10,good,toward_bad,False
baseline[good=below],baseline/30,4,10,good,toward_bad,False
baseline[good=below],baseline/30,5,10,good,toward_good,False
baseline[good=below],baseline/30,6,10,good,toward_good,False
baseline[good=below],baseline/30,7,10,good,toward_good,False
baseline[good=below],baseline/30,8,10,good,toward_bad,False
baseline[good=below],baseline/30,9,10,good,,True
baseline[good=above],baseline/31,0,18,good,toward_bad,False
baseline[good=above],baseline/31,1,18,good,toward_good,False
baseline[good=above],baseline/31,2,18,good,toward_good,False
baseline[good=above],baseline/31,3,18,good,toward_good,False
baseline[good=above],baseline/31,4,18,good,toward_bad,False
baseline[good=above],baseline/31,5,18,good,toward_good,False
baseline[good=above],baseline/31,6,18,good,toward_good,False
baseline[good=above],baseline/31,7,18,good,toward_bad,False
baseline[good=above],baseline/31,8,18,good,toward_good,False
baseline[good=above],baseline/31,9,18,good,toward_bad,False
baseline[good=above],baseline/31,10,18,bad,toward_good,False
baseline[good=above],baseline/31,11,18,bad,toward_good,False
baseline[good=above],baseline/31,12,18,bad,toward_good,False
baseline[good=above],baseline/31,13,18,bad,toward_good,False
baseline[good=above],baseline/31,14,18,good,toward_good,False
baseline[good=above],baseline/31,15,18,good,toward_good,False
baseline[good=above],baseline/31,16,18,good,toward_bad,False
baseline[good=above],baseline/31,17,18,good,,True
baseline[good=below],baseline/31,0,18,bad,toward_good,False
baseline[good=below],baseline/31,1,18,bad,toward_bad,False
baseline[good=below],baseline/31,2,18,bad,toward_bad,False
baseline[good=below],baseline/31,3,18,bad,toward_bad,False
baseline[good=below],baseline/31,4,18,bad,toward_good,False
baseline[good=below],baseline/31,5,18,bad,toward_bad,False
baseline[good=below],baseline/31,6,18,bad,toward_bad,False
baseline[good=below],baseline/31,7,18,bad,toward_good,False
baseline[good=below],baseline/31,8,18,bad,toward_bad,False
baseline[good=below],baseline/31,9,18,bad,toward_good,False
baseline[good=below],baseline/31,10,18,good,toward_bad,False
baseline[good=below],baseline/31,11,18,good,toward_bad,False
baseline[good=below],baseline/31,12,18,good,toward_bad,False
baseline[good=below],baseline/31,13,18,good,toward_bad,False
baseline[good=below],baseline/31,14,18,bad,toward_bad,False
baseline[good=below],baseline/31,15,18,bad,toward_bad,False
baseline[good=below],baseline/31,16,18,bad,toward_good,False
baseline[good=below],baseline/31,17,18,bad,,True
baseline[good=above],baseline/32,0,19,bad,toward_bad,False
baseline[good=above],baseline/32,1,19,bad,toward_bad,False
baseline[good=above],baseline/32,2,19,bad,toward_bad,False
baseline[good=above],baseline/32,3,19,bad,toward_bad,False
baseline[good=above],baseline/32,4,19,bad,toward_good,False
baseline[good=above],baseline/32,5,19,bad,toward_good,False
baseline[good=above],baseline/32,6,19,bad,toward_bad,False
baseline[good=above],baseline/32,7,19,bad,toward_bad,False
baseline[good=above],baseline/32,8,19,bad,toward_good,False
baseline[good=above],baseline/32,9,19,bad,toward_bad,False
baseline[good=above],baseline/32,10,19,bad,toward_good,False
baseline[good=above],baseline/32,11,19,bad,toward_good,False
baseline[good=above],baseline/32,12,19,bad,toward_bad,False
baseline[good=above],baseline/32,13,19,bad,toward_good,False
baseline[good=above],baseline/32,14,19,bad,toward_good,False
baseline[good=above],baseline/32,15,19,bad,toward_bad,False
baseline[good=above],baseline/32,16,19,bad,toward_good,False
baseline[good=above],baseline/32,17,19,bad,toward_bad,False
baseline[good=above],baseline/32,18,19,bad,,True
baseline[good=below],baseline/32,0,19,good,toward_good,False
baseline[good=below],baseline/32,1,19,good,toward_good,False
baseline[good=below],baseline/32,2,19,good,toward_good,False
baseline[good=below],baseline/32,3,19,good,toward_good,False
baseline[good=below],baseline/32,4,19,good,toward_bad,False
baseline[good=below],baseline/32,5,19,good,toward_bad,False
baseline[good=below],baseline/32,6,19,good,toward_good,False
baseline[good=below],baseline/32,7,19,good,toward_good,False
baseline[good=below],baseline/32,8,19,good,toward_bad,False
baseline[good=below],baseline/32,9,19,good,toward_good,False
baseline[good=below],baseline/32,10,19,good,toward_bad,False
baseline[good=below],baseline/32,11,19,good,toward_bad,False
baseline[good=below],baseline/32,12,19,good,toward_good,False
baseline[good=below],baseline/32,13,19,good,toward_bad,False
baseline[good=below],baseline/32,14,19,good,toward_bad,False
baseline[good=below],baseline/32,15,19,good,toward_good,False
baseline[good=below],baseline/32,16,19,good,toward_bad,False
baseline[good=below],baseline/32,17,19,good,toward_good,False
baseline[good=below],baseline/32,18,19,good,,True
baseline[good=above],baseline/34,0,25,bad,toward_good,False
baseline[good=above],baseline/34,1,25,bad,toward_bad,False
baseline[good=above],baseline/34,2,25,bad,toward_good,False
baseline[good=above],baseline/34,3,25,bad,toward_bad,False
baseline[good=above],baseline/34,4,25,bad,toward_bad,False
baseline[good=above],baseline/34,5,25,bad,toward_bad,False
baseline[good=above],baseline/34,6,25,bad,toward_bad,False
baseline[good=above],baseline/34,7,25,bad,toward_bad,False
baseline[good=above],baseline/34,8,25,bad,toward_bad,False
baseline[good=above],baseline/34,9,25,bad,toward_good,False
baseline[good=above],baseline/34,10,25,bad,toward_bad,False
baseline[good=above],baseline/34,11,25,bad,toward_bad,False
baseline[good=above],baseline/34,12,25,bad,toward_good,False
baseline[good=above],baseline/34,13,25,bad,toward_good,False
baseline[good=above],baseline/34,14,25,bad,toward_good,False
baseline[good=above],baseline/34,15,25,bad,toward_good,False
baseline[good=above],baseline/34,16,25,bad,toward_bad,False
baseline[good=above],baseline/34,17,25,bad,toward_bad,False
baseline[good=above],baseline/34,18,25,bad,toward_good,False
baseline[good=above],baseline/34,19,25,bad,toward_bad,False
baseline[good=above],baseline/34,20,25,bad,toward_good,False
baseline[good=above],baseline/34,21,25,bad,toward_bad,False
baseline[good=above],baseline/34,22,25,bad,toward_bad,False
baseline[good=above],baseline/34,23,25,bad,toward_good,False
baseline[good=above],baseline/34,24,25,bad,,True
baseline[good=below],baseline/34,0,25,good,toward_bad,False
baseline[good=below],baseline/34,1,25,good,toward_good,False
baseline[good=below],baseline/34,2,25,good,toward_bad,False
baseline[good=below],baseline/34,3,25,good,toward_good,False
baseline[good=below],baseline/34,4,25,good,toward_good,False
baseline[good=below],baseline/34,5,25,good,toward_good,False
baseline[good=below],baseline/34,6,25,good,toward_good,False
baseline[good=below],baseline/34,7,25,good,toward_good,False
baseline[good=below],baseline/34,8,25,good,toward_good,False
baseline[good=below],baseline/34,9,25,good,toward_bad,False
baseline[good=below],baseline/34,10,25,good,toward_good,False
baseline[good=below],baseline/34,11,25,good,toward_good,False
baseline[good=below],baseline/34,12,25,good,toward_bad,False
baseline[good=below],baseline/34,13,25,good,toward_bad,False
baseline[good=below],baseline/34,14,25,good,toward_bad,False
baseline[good=below],baseline/34,15,25,good,toward_bad,False
baseline[good=below],baseline/34,16,25,good,toward_good,False
baseline[good=below],baseline/34,17,25,good,toward_good,False
baseline[good=below],baseline/34,18,25,good,toward_bad,False
baseline[good=below],baseline/34,19,25,good,toward_good,False
baseline[good=below],baseline/34,20,25,good,toward_bad,False
baseline[good=below],baseline/34,21,25,good,toward_good,False
baseline[good=below],baseline/34,22,25,good,toward_good,False
baseline[good=below],baseline/34,23,25,good,toward_bad,False
baseline[good=below],baseline/34,24,25,good,,True
baseline[good=above],baseline/36,0,9,bad,toward_good,False
baseline[good=above],baseline/36,1,9,bad,toward_bad,False
baseline[good=above],baseline/36,2,9,bad,toward_good,False
baseline[good=above],baseline/36,3,9,bad,toward_good,False
baseline[good=above],baseline/36,4,9,bad,toward_good,False
baseline[good=above],baseline/36,5,9,bad,toward_bad,False
baseline[good=above],baseline/36,6,9,bad,toward_bad,False
baseline[good=above],baseline/36,7,9,bad,toward_bad,False
baseline[good=above],baseline/36,8,9,bad,,True
baseline[good=below],baseline/36,0,9,good,toward_bad,False
baseline[good=below],baseline/36,1,9,good,toward_good,False
baseline[good=below],baseline/36,2,9,good,toward_bad,False
baseline[good=below],baseline/36,3,9,good,toward_bad,False
baseline[good=below],baseline/36,4,9,good,toward_bad,False
baseline[good=below],baseline/36,5,9,good,toward_good,False
baseline[good=below],baseline/36,6,9,good,toward_good,False
baseline[good=below],baseline/36,7,9,good,toward_good,False
baseline[good=below],baseline/36,8,9,good,,True
baseline[good=above],baseline/37,0,25,bad,toward_good,False
baseline[good=above],baseline/37,1,25,bad,toward_good,False
baseline[good=above],baseline/37,2,25,bad,toward_bad,False
baseline[good=above],baseline/37,3,25,bad,toward_good,False
baseline[good=above],baseline/37,4,25,bad,toward_bad,False
baseline[good=above],baseline/37,5,25,bad,toward_good,False
baseline[good=above],baseline/37,6,25,bad,toward_good,False
baseline[good=above],baseline/37,7,25,bad,toward_good,False
baseline[good=above],baseline/37,8,25,bad,toward_good,False
baseline[good=above],baseline/37,9,25,bad,toward_bad,False
baseline[good=above],baseline/37,10,25,bad,toward_bad,False
baseline[good=above],baseline/37,11,25,bad,toward_good,False
baseline[good=above],baseline/37,12,25,bad,toward_bad,False
baseline[good=above],baseline/37,13,25,bad,toward_good,False
baseline[good=above],baseline/37,14,25,bad,toward_good,False
baseline[good=above],baseline/37,15,25,bad,toward_good,False
baseline[good=above],baseline/37,16,25,bad,toward_bad,False
baseline[good=above],baseline/37,17,25,bad,toward_bad,False
baseline[good=above],baseline/37,18,25,bad,toward_good,False
baseline[good=above],baseline/37,19,25,bad,toward_good,False
baseline[good=above],baseline/37,20,25,bad,toward_bad,False
baseline[good=above],baseline/37,21,25,bad,toward_good,False
baseline[good=above],baseline/37,22,25,bad,toward_good,False
baseline[good=above],baseline/37,23,25,bad,toward_good,False
baseline[good=above],baseline/37,24,25,bad,,True
baseline[good=below],baseline/37,0,25,good,toward_bad,False
baseline[good=below],baseline/37,1,25,good,toward_bad,False
baseline[good=below],baseline/37,2,25,good,toward_good,False
baseline[good=below],baseline/37,3,25,good,toward_bad,False
baseline[good=below],baseline/37,4,25,good,toward_good,False
baseline[good=below],baseline/37,5,25,good,toward_bad,False
baseline[good=below],baseline/37,6,25,good,toward_bad,False
baseline[good=below],baseline/37,7,25,good,toward_bad,False
baseline[good=below],baseline/37,8,25,good,toward_bad,False
baseline[good=below],baseline/37,9,25,good,toward_good,False
baseline[good=below],baseline/37,10,25,good,toward_good,False
baseline[good=below],baseline/37,11,25,good,toward_bad,False
baseline[good=below],baseline/37,12,25,good,toward_good,False
baseline[good=below],baseline/37,13,25,good,toward_bad,False
baseline[good=below],baseline/37,14,25,good,toward_bad,False
baseline[good=below],baseline/37,15,25,good,toward_bad,False
baseline[good=below],baseline/37,16,25,good,toward_good,False
baseline[good=below],baseline/37,17,25,good,toward_good,False
baseline[good=below],baseline/37,18,25,good,toward_bad,False
baseline[good=below],baseline/37,19,25,good,toward_bad,False
baseline[good=below],baseline/37,20,25,good,toward_good,False
baseline[good=below],baseline/37,21,25,good,toward_bad,False
baseline[good=below],baseline/37,22,25,good,toward_bad,False
baseline[good=below],baseline/37,23,25,good,toward_bad,False
baseline[good=below],baseline/37,24,25,good,,True
baseline[good=above],baseline/38,0,10,good,toward_good,False
baseline[good=above],baseline/38,1,10,good,toward_bad,False
baseline[good=above],baseline/38,2,10,bad,toward_bad,False
baseline[good=above],baseline/38,3,10,bad,toward_bad,False
baseline[good=above],baseline/38,4,10,bad,toward_good,False
baseline[good=above],baseline/38,5,10,bad,toward_good,False
baseline[good=above],baseline/38,6,10,bad,toward_good,False
baseline[good=above],baseline/38,7,10,bad,toward_bad,False
baseline[good=above],baseline/38,8,10,bad,toward_good,False
baseline[good=above],baseline/38,9,10,bad,,True
baseline[good=below],baseline/38,0,10,bad,toward_bad,False
baseline[good=below],baseline/38,1,10,bad,toward_good,False
baseline[good=below],baseline/38,2,10,good,toward_good,False
baseline[good=below],baseline/38,3,10,good,toward_good,False
baseline[good=below],baseline/38,4,10,good,toward_bad,False
baseline[good=below],baseline/38,5,10,good,toward_bad,False
baseline[good=below],baseline/38,6,10,good,toward_bad,False
baseline[good=below],baseline/38,7,10,good,toward_good,False
baseline[good=below],baseline/38,8,10,good,toward_bad,False
baseline[good=below],baseline/38,9,10,good,,True
baseline[good=above],baseline/39,0,19,bad,toward_good,False
baseline[good=above],baseline/39,1,19,bad,toward_bad,False
baseline[good=above],baseline/39,2,19,bad,toward_good,False
baseline[good=above],baseline/39,3,19,bad,toward_good,False
baseline[good=above],baseline/39,4,19,bad,toward_bad,False
baseline[good=above],baseline/39,5,19,bad,toward_bad,False
baseline[good=above],baseline/39,6,19,bad,toward_good,False
baseline[good=above],baseline/39,7,19,bad,toward_bad,False
baseline[good=above],baseline/39,8,19,bad,toward_good,False
baseline[good=above],baseline/39,9,19,bad,toward_bad,False
baseline[good=above],baseline/39,10,19,bad,toward_good,False
baseline[good=above],baseline/39,11,19,bad,toward_bad,False
baseline[good=above],baseline/39,12,19,bad,toward_good,False
baseline[good=above],baseline/39,13,19,bad,toward_bad,False
baseline[good=above],baseline/39,14,19,bad,toward_good,False
baseline[good=above],baseline/39,15,19,bad,toward_bad,False
baseline[good=above],baseline/39,16,19,bad,toward_good,False
baseline[good=above],baseline/39,17,19,bad,toward_bad,False
baseline[good=above],baseline/39,18,19,bad,,True
baseline[good=below],baseline/39,0,19,good,toward_bad,False
baseline[good=below],baseline/39,1,19,good,toward_good,False
baseline[good=below],baseline/39,2,19,good,toward_bad,False
baseline[good=below],baseline/39,3,19,good,toward_bad,False
baseline[good=below],baseline/39,4,19,good,toward_good,False
baseline[good=below],baseline/39,5,19,good,toward_good,False
baseline[good=below],baseline/39,6,19,good,toward_bad,False
baseline[good=below],baseline/39,7,19,good,toward_good,False
baseline[good=below],baseline/39,8,19,good,toward_bad,False
baseline[good=below],baseline/39,9,19,good,toward_good,False
baseline[good=below],baseline/39,10,19,good,toward_bad,False
baseline[good=below],baseline/39,11,19,good,toward_good,False
baseline[good=below],baseline/39,12,19,good,toward_bad,False
baseline[good=below],baseline/39,13,19,good,toward_good,False
baseline[good=below],baseline/39,14,19,good,toward_bad,False
baseline[good=below],baseline/39,15,19,good,toward_good,False
baseline[good=below],baseline/39,16,19,good,toward_bad,False
baseline[good=below],baseline/39,17,19,good,toward_good,False
baseline[good=below],baseline/39,18,19,good,,True
baseline[good=above],baseline/40,0,36,bad,toward_bad,False
baseline[good=above],baseline/40,1,36,bad,toward_good,False
baseline[good=above],baseline/40,2,36,bad,toward_bad,False
baseline[good=above],baseline/40,3,36,bad,toward_bad,False
baseline[good=above],baseline/40,4,36,bad,toward_good,False
baseline[good=above],baseline/40,5,36,bad,toward_good,False
baseline[good=above],baseline/40,6,36,bad,toward_good,False
baseline[good=above],baseline/40,7,36,bad,toward_bad,False
baseline[good=above],baseline/40,8,36,bad,toward_good,False
baseline[good=above],baseline/40,9,36,bad,toward_bad,False
baseline[good=above],baseline/40,10,36,bad,toward_bad,False
baseline[good=above],baseline/40,11,36,bad,toward_good,False
baseline[good=above],baseline/40,12,36,bad,toward_bad,False
baseline[good=above],baseline/40,13,36,bad,toward_good,False
baseline[good=above],baseline/40,14,36,bad,toward_good,False
baseline[good=above],baseline/40,15,36,bad,toward_good,False
baseline[good=above],baseline/40,16,36,bad,toward_good,False
baseline[good=above],baseline/40,17,36,bad,toward_bad,False
baseline[good=above],baseline/40,18,36,bad,toward_good,False
baseline[good=above],baseline/40,19,36,bad,toward_bad,False
baseline[good=above],baseline/40,20,36,bad,toward_good,False
baseline[good=above],baseline/40,21,36,bad,toward_good,False
baseline[good=above],baseline/40,22,36,bad,toward_good,False
baseline[good=above],baseline/40,23,36,bad,toward_bad,False
baseline[good=above],baseline/40,24,36,bad,toward_bad,False
baseline[good=above],baseline/40,25,36,bad,toward_good,False
baseline[good=above],baseline/40,26,36,bad,toward_good,False
baseline[good=above],baseline/40,27,36,bad,toward_bad,False
baseline[good=above],baseline/40,28,36,bad,toward_good,False
baseline[good=above],baseline/40,29,36,bad,same,False
baseline[good=above],baseline/40,30,36,bad,toward_bad,False
baseline[good=above],baseline/40,31,36,bad,toward_good,False
baseline[good=above],baseline/40,32,36,bad,toward_bad,False
baseline[good=above],baseline/40,33,36,bad,toward_good,False
baseline[good=above],baseline/40,34,36,bad,toward_bad,False
baseline[good=above],baseline/40,35,36,bad,,True
baseline[good=below],baseline/40,0,36,good,toward_good,False
baseline[good=below],baseline/40,1,36,good,toward_bad,False
baseline[good=below],baseline/40,2,36,good,toward_good,False
baseline[good=below],baseline/40,3,36,good,toward_good,False
baseline[good=below],baseline/40,4,36,good,toward_bad,False
baseline[good=below],baseline/40,5,36,good,toward_bad,False
baseline[good=below],baseline/40,6,36,good,toward_bad,False
baseline[good=below],baseline/40,7,36,good,toward_good,False
baseline[good=below],baseline/40,8,36,good,toward_bad,False
baseline[good=below],baseline/40,9,36,good,toward_good,False
baseline[good=below],baseline/40,10,36,good,toward_good,False
baseline[good=below],baseline/40,11,36,good,toward_bad,False
baseline[good=below],baseline/40,12,36,good,toward_good,False
baseline[good=below],baseline/40,13,36,good,toward_bad,False
baseline[good=below],baseline/40,14,36,good,toward_bad,False
baseline[good=below],baseline/40,15,36,good,toward_bad,False
baseline[good=below],baseline/40,16,36,good,toward_bad,False
baseline[good=below],baseline/40,17,36,good,toward_good,False
baseline[good=below],baseline/40,18,36,good,toward_bad,False
baseline[good=below],baseline/40,19,36,good,toward_good,False
baseline[good=below],baseline/40,20,36,good,toward_bad,False
baseline[good=below],baseline/40,21,36,good,toward_bad,False
baseline[good=below],baseline/40,22,36,good,toward_bad,False
baseline[good=below],baseline/40,23,36,good,toward_good,False
baseline[good=below],baseline/40,24,36,good,toward_good,False
baseline[good=below],baseline/40,25,36,good,toward_bad,False
baseline[good=below],baseline/40,26,36,good,toward_bad,False
baseline[good=below],baseline/40,27,36,good,toward_good,False
baseline[good=below],baseline/40,28,36,good,toward_bad,False
baseline[good=below],baseline/40,29,36,good,same,False
baseline[good=below],baseline/40,30,36,good,toward_good,False
baseline[good=below],baseline/40,31,36,good,toward_bad,False
baseline[good=below],baseline/40,32,36,good,toward_good,False
baseline[good=below],baseline/40,33,36,good,toward_bad,False
baseline[good=below],baseline/40,34,36,good,toward_good,False
baseline[good=below],baseline/40,35,36,good,,True
baseline[good=above],baseline/41,0,2,bad,toward_good,False
baseline[good=above],baseline/41,1,2,bad,,True
baseline[good=below],baseline/41,0,2,good,toward_bad,False
baseline[good=below],baseline/41,1,2,good,,True
baseline[good=above],baseline/42,0,2,bad,toward_good,False
baseline[good=above],baseline/42,1,2,bad,,True
baseline[good=below],baseline/42,0,2,good,toward_bad,False
baseline[good=below],baseline/42,1,2,good,,True
baseline[good=above],baseline/44,0,26,bad,toward_good,False
baseline[good=above],baseline/44,1,26,bad,toward_bad,False
baseline[good=above],baseline/44,2,26,bad,toward_bad,False
baseline[good=above],baseline/44,3,26,bad,toward_bad,False
baseline[good=above],baseline/44,4,26,bad,toward_good,False
baseline[good=above],baseline/44,5,26,bad,toward_bad,False
baseline[good=above],baseline/44,6,26,bad,toward_bad,False
baseline[good=above],baseline/44,7,26,bad,toward_good,False
baseline[good=above],baseline/44,8,26,bad,toward_bad,False
baseline[good=above],baseline/44,9,26,bad,toward_good,False
baseline[good=above],baseline/44,10,26,bad,toward_good,False
baseline[good=above],baseline/44,11,26,bad,toward_good,False
baseline[good=above],baseline/44,12,26,bad,toward_good,False
baseline[good=above],baseline/44,13,26,bad,toward_good,False
baseline[good=above],baseline/44,14,26,bad,toward_good,False
baseline[good=above],baseline/44,15,26,bad,toward_bad,False
baseline[good=above],baseline/44,16,26,bad,toward_bad,False
baseline[good=above],baseline/44,17,26,bad,toward_good,False
baseline[good=above],baseline/44,18,26,bad,toward_good,False
baseline[good=above],baseline/44,19,26,bad,toward_bad,False
baseline[good=above],baseline/44,20,26,bad,toward_good,False
baseline[good=above],baseline/44,21,26,bad,toward_bad,False
baseline[good=above],baseline/44,22,26,bad,toward_good,False
baseline[good=above],baseline/44,23,26,bad,toward_bad,False
baseline[good=above],baseline/44,24,26,bad,toward_bad,False
baseline[good=above],baseline/44,25,26,bad,,True
baseline[good=below],baseline/44,0,26,good,toward_bad,False
baseline[good=below],baseline/44,1,26,good,toward_good,False
baseline[good=below],baseline/44,2,26,good,toward_good,False
baseline[good=below],baseline/44,3,26,good,toward_good,False
baseline[good=below],baseline/44,4,26,good,toward_bad,False
baseline[good=below],baseline/44,5,26,good,toward_good,False
baseline[good=below],baseline/44,6,26,good,toward_good,False
baseline[good=below],baseline/44,7,26,good,toward_bad,False
baseline[good=below],baseline/44,8,26,good,toward_good,False
baseline[good=below],baseline/44,9,26,good,toward_bad,False
baseline[good=below],baseline/44,10,26,good,toward_bad,False
baseline[good=below],baseline/44,11,26,good,toward_bad,False
baseline[good=below],baseline/44,12,26,good,toward_bad,False
baseline[good=below],baseline/44,13,26,good,toward_bad,False
baseline[good=below],baseline/44,14,26,good,toward_bad,False
baseline[good=below],baseline/44,15,26,good,toward_good,False
baseline[good=below],baseline/44,16,26,good,toward_good,False
baseline[good=below],baseline/44,17,26,good,toward_bad,False
baseline[good=below],baseline/44,18,26,good,toward_bad,False
baseline[good=below],baseline/44,19,26,good,toward_good,False
baseline[good=below],baseline/44,20,26,good,toward_bad,False
baseline[good=below],baseline/44,21,26,good,toward_good,False
baseline[good=below],baseline/44,22,26,good,toward_bad,False
baseline[good=below],baseline/44,23,26,good,toward_good,False
baseline[good=below],baseline/44,24,26,good,toward_good,False
baseline[good=below],baseline/44,25,26,good,,True
baseline[good=above],baseline/45,0,22,bad,toward_bad,False
baseline[good=above],baseline/45,1,22,bad,toward_bad,False
baseline[good=above],baseline/45,2,22,bad,toward_good,False
baseline[good=above],baseline/45,3,22,bad,toward_good,False
baseline[good=above],baseline/45,4,22,bad,toward_bad,False
baseline[good=above],baseline/45,5,22,bad,toward_good,False
baseline[good=above],baseline/45,6,22,bad,toward_good,False
baseline[good=above],baseline/45,7,22,bad,toward_bad,False
baseline[good=above],baseline/45,8,22,bad,toward_good,False
baseline[good=above],baseline/45,9,22,bad,toward_good,False
baseline[good=above],baseline/45,10,22,bad,toward_bad,False
baseline[good=above],baseline/45,11,22,bad,toward_good,False
baseline[good=above],baseline/45,12,22,bad,toward_bad,False
baseline[good=above],baseline/45,13,22,bad,toward_bad,False
baseline[good=above],baseline/45,14,22,bad,toward_good,False
baseline[good=above],baseline/45,15,22,bad,toward_good,False
baseline[good=above],baseline/45,16,22,bad,toward_good,False
baseline[good=above],baseline/45,17,22,bad,toward_bad,False
baseline[good=above],baseline/45,18,22,bad,toward_bad,False
baseline[good=above],baseline/45,19,22,bad,toward_bad,False
baseline[good=above],baseline/45,20,22,bad,toward_good,False
baseline[good=above],baseline/45,21,22,bad,,True
baseline[good=below],baseline/45,0,22,good,toward_good,False
baseline[good=below],baseline/45,1,22,good,toward_good,False
baseline[good=below],baseline/45,2,22,good,toward_bad,False
baseline[good=below],baseline/45,3,22,good,toward_bad,False
baseline[good=below],baseline/45,4,22,good,toward_good,False
baseline[good=below],baseline/45,5,22,good,toward_bad,False
baseline[good=below],baseline/45,6,22,good,toward_bad,False
baseline[good=below],baseline/45,7,22,good,toward_good,False
baseline[good=below],baseline/45,8,22,good,toward_bad,False
baseline[good=below],baseline/45,9,22,good,toward_bad,False
baseline[good=below],baseline/45,10,22,good,toward_good,False
baseline[good=below],baseline/45,11,22,good,toward_bad,False
baseline[good=below],baseline/45,12,22,good,toward_good,False
baseline[good=below],baseline/45,13,22,good,toward_good,False
baseline[good=below],baseline/45,14,22,good,toward_bad,False
baseline[good=below],baseline/45,15,22,good,toward_bad,False
baseline[good=below],baseline/45,16,22,good,toward_bad,False
baseline[good=below],baseline/45,17,22,good,toward_good,False
baseline[good=below],baseline/45,18,22,good,toward_good,False
baseline[good=below],baseline/45,19,22,good,toward_good,False
baseline[good=below],baseline/45,20,22,good,toward_bad,False
baseline[good=below],baseline/45,21,22,good,,True
baseline[good=above],baseline/47,0,8,good,toward_good,False
baseline[good=above],baseline/47,1,8,good,toward_bad,False
baseline[good=above],baseline/47,2,8,good,toward_bad,False
baseline[good=above],baseline/47,3,8,good,toward_bad,False
baseline[good=above],baseline/47,4,8,good,toward_good,False
baseline[good=above],baseline/47,5,8,good,toward_bad,False
baseline[good=above],baseline/47,6,8,good,toward_good,False
baseline[good=above],baseline/47,7,8,good,,True
baseline[good=below],baseline/47,0,8,bad,toward_bad,False
baseline[good=below],baseline/47,1,8,bad,toward_good,False
baseline[good=below],baseline/47,2,8,bad,toward_good,False
baseline[good=below],baseline/47,3,8,bad,toward_good,False
baseline[good=below],baseline/47,4,8,bad,toward_bad,False
baseline[good=below],baseline/47,5,8,bad,toward_good,False
baseline[good=below],baseline/47,6,8,bad,toward_bad,False
baseline[good=below],baseline/47,7,8,bad,,True
baseline[good=above],baseline/48,0,27,bad,toward_good,False
baseline[good=above],baseline/48,1,27,bad,toward_bad,False
baseline[good=above],baseline/48,2,27,bad,toward_good,False
baseline[good=above],baseline/48,3,27,bad,toward_good,False
baseline[good=above],baseline/48,4,27,bad,toward_bad,False
baseline[good=above],baseline/48,5,27,bad,toward_bad,False
baseline[good=above],baseline/48,6,27,bad,toward_good,False
baseline[good=above],baseline/48,7,27,bad,toward_bad,False
baseline[good=above],baseline/48,8,27,bad,toward_bad,False
baseline[good=above],baseline/48,9,27,bad,toward_good,False
baseline[good=above],baseline/48,10,27,bad,toward_good,False
baseline[good=above],baseline/48,11,27,bad,toward_good,False
baseline[good=above],baseline/48,12,27,bad,toward_good,False
baseline[good=above],baseline/48,13,27,bad,toward_good,False
baseline[good=above],baseline/48,14,27,bad,toward_good,False
baseline[good=above],baseline/48,15,27,bad,toward_bad,False
baseline[good=above],baseline/48,16,27,bad,toward_bad,False
baseline[good=above],baseline/48,17,27,bad,toward_good,False
baseline[good=above],baseline/48,18,27,bad,toward_good,False
baseline[good=above],baseline/48,19,27,bad,toward_bad,False
baseline[good=above],baseline/48,20,27,bad,toward_good,False
baseline[good=above],baseline/48,21,27,bad,toward_bad,False
baseline[good=above],baseline/48,22,27,bad,toward_bad,False
baseline[good=above],baseline/48,23,27,bad,toward_bad,False
baseline[good=above],baseline/48,24,27,bad,toward_good,False
baseline[good=above],baseline/48,25,27,bad,toward_bad,False
baseline[good=above],baseline/48,26,27,bad,,True
baseline[good=below],baseline/48,0,27,good,toward_bad,False
baseline[good=below],baseline/48,1,27,good,toward_good,False
baseline[good=below],baseline/48,2,27,good,toward_bad,False
baseline[good=below],baseline/48,3,27,good,toward_bad,False
baseline[good=below],baseline/48,4,27,good,toward_good,False
baseline[good=below],baseline/48,5,27,good,toward_good,False
baseline[good=below],baseline/48,6,27,good,toward_bad,False
baseline[good=below],baseline/48,7,27,good,toward_good,False
baseline[good=below],baseline/48,8,27,good,toward_good,False
baseline[good=below],baseline/48,9,27,good,toward_bad,False
baseline[good=below],baseline/48,10,27,good,toward_bad,False
baseline[good=below],baseline/48,11,27,good,toward_bad,False
baseline[good=below],baseline/48,12,27,good,toward_bad,False
baseline[good=below],baseline/48,13,27,good,toward_bad,False
baseline[good=below],baseline/48,14,27,good,toward_bad,False
baseline[good=below],baseline/48,15,27,good,toward_good,False
baseline[good=below],baseline/48,16,27,good,toward_good,False
baseline[good=below],baseline/48,17,27,good,toward_bad,False
baseline[good=below],baseline/48,18,27,good,toward_bad,False
baseline[good=below],baseline/48,19,27,good,toward_good,False
baseline[good=below],baseline/48,20,27,good,toward_bad,False
baseline[good=below],baseline/48,21,27,good,toward_good,False
baseline[good=below],baseline/48,22,27,good,toward_good,False
baseline[good=below],baseline/48,23,27,good,toward_good,False
baseline[good=below],baseline/48,24,27,good,toward_bad,False
baseline[good=below],baseline/48,25,27,good,toward_good,False
baseline[good=below],baseline/48,26,27,good,,True
baseline[good=above],baseline/50,0,11,good,toward_good,False
baseline[good=above],baseline/50,1,11,good,toward_bad,False
baseline[good=above],baseline/50,2,11,good,toward_good,False
baseline[good=above],baseline/50,3,11,good,toward_good,False
baseline[good=above],baseline/50,4,11,good,toward_bad,False
baseline[good=above],baseline/50,5,11,good,toward_good,False
baseline[good=above],baseline/50,6,11,good,toward_good,False
baseline[good=above],baseline/50,7,11,good,toward_bad,False
baseline[good=above],baseline/50,8,11,good,toward_good,False
baseline[good=above],baseline/50,9,11,good,toward_good,False
baseline[good=above],baseline/50,10,11,good,,True
baseline[good=below],baseline/50,0,11,bad,toward_bad,False
baseline[good=below],baseline/50,1,11,bad,toward_good,False
baseline[good=below],baseline/50,2,11,bad,toward_bad,False
baseline[good=below],baseline/50,3,11,bad,toward_bad,False
baseline[good=below],baseline/50,4,11,bad,toward_good,False
baseline[good=below],baseline/50,5,11,bad,toward_bad,False
baseline[good=below],baseline/50,6,11,bad,toward_bad,False
baseline[good=below],baseline/50,7,11,bad,toward_good,False
baseline[good=below],baseline/50,8,11,bad,toward_bad,False
baseline[good=below],baseline/50,9,11,bad,toward_bad,False
baseline[good=below],baseline/50,10,11,bad,,True
baseline[good=above],baseline/52,0,8,good,toward_bad,False
baseline[good=above],baseline/52,1,8,good,toward_good,False
baseline[good=above],baseline/52,2,8,good,toward_good,False
baseline[good=above],baseline/52,3,8,good,toward_bad,False
baseline[good=above],baseline/52,4,8,good,toward_bad,False
baseline[good=above],baseline/52,5,8,bad,toward_good,False
baseline[good=above],baseline/52,6,8,good,toward_good,False
baseline[good=above],baseline/52,7,8,good,,True
baseline[good=below],baseline/52,0,8,bad,toward_good,False
baseline[good=below],baseline/52,1,8,bad,toward_bad,False
baseline[good=below],baseline/52,2,8,bad,toward_bad,False
baseline[good=below],baseline/52,3,8,bad,toward_good,False
baseline[good=below],baseline/52,4,8,bad,toward_good,False
baseline[good=below],baseline/52,5,8,good,toward_bad,False
baseline[good=below],baseline/52,6,8,bad,toward_bad,False
baseline[good=below],baseline/52,7,8,bad,,True
baseline[good=above],baseline/53,0,6,bad,toward_good,False
baseline[good=above],baseline/53,1,6,bad,toward_good,False
baseline[good=above],baseline/53,2,6,bad,toward_bad,False
baseline[good=above],baseline/53,3,6,bad,toward_bad,False
baseline[good=above],baseline/53,4,6,bad,toward_bad,False
baseline[good=above],baseline/53,5,6,bad,,True
baseline[good=below],baseline/53,0,6,good,toward_bad,False
baseline[good=below],baseline/53,1,6,good,toward_bad,False
baseline[good=below],baseline/53,2,6,good,toward_good,False
baseline[good=below],baseline/53,3,6,good,toward_good,False
baseline[good=below],baseline/53,4,6,good,toward_good,False
baseline[good=below],baseline/53,5,6,good,,True
baseline[good=above],baseline/54,0,7,bad,toward_good,False
baseline[good=above],baseline/54,1,7,bad,toward_good,False
baseline[good=above],baseline/54,2,7,bad,toward_bad,False
baseline[good=above],baseline/54,3,7,bad,toward_good,False
baseline[good=above],baseline/54,4,7,bad,toward_good,False
baseline[good=above],baseline/54,5,7,bad,toward_bad,False
baseline[good=above],baseline/54,6,7,bad,,True
baseline[good=below],baseline/54,0,7,good,toward_bad,False
baseline[good=below],baseline/54,1,7,good,toward_bad,False
baseline[good=below],baseline/54,2,7,good,toward_good,False
baseline[good=below],baseline/54,3,7,good,toward_bad,False
baseline[good=below],baseline/54,4,7,good,toward_bad,False
baseline[good=below],baseline/54,5,7,good,toward_good,False
baseline[good=below],baseline/54,6,7,good,,True
baseline[good=above],baseline/57,0,27,good,toward_bad,False
baseline[good=above],baseline/57,1,27,good,toward_good,False
baseline[good=above],baseline/57,2,27,good,toward_good,False
baseline[good=above],baseline/57,3,27,good,toward_good,False
baseline[good=above],baseline/57,4,27,good,toward_bad,False
baseline[good=above],baseline/57,5,27,good,toward_bad,False
baseline[good=above],baseline/57,6,27,good,toward_bad,False
baseline[good=above],baseline/57,7,27,good,toward_bad,False
baseline[good=above],baseline/57,8,27,good,toward_bad,False
baseline[good=above],baseline/57,9,27,good,toward_bad,False
baseline[good=above],baseline/57,10,27,good,toward_bad,False
baseline[good=above],baseline/57,11,27,good,toward_good,False
baseline[good=above],baseline/57,12,27,good,toward_bad,False
baseline[good=above],baseline/57,13,27,good,toward_good,False
baseline[good=above],baseline/57,14,27,good,toward_bad,False
baseline[good=above],baseline/57,15,27,good,toward_bad,False
baseline[good=above],baseline/57,16,27,good,toward_bad,False
baseline[good=above],baseline/57,17,27,good,toward_good,False
baseline[good=above],baseline/57,18,27,good,toward_bad,False
baseline[good=above],baseline/57,19,27,good,toward_bad,False
baseline[good=above],baseline/57,20,27,good,toward_bad,False
baseline[good=above],baseline/57,21,27,good,toward_bad,False
baseline[good=above],baseline/57,22,27,good,toward_bad,False
baseline[good=above],baseline/57,23,27,good,toward_good,False
baseline[good=above],baseline/57,24,27,good,toward_good,False
baseline[good=above],baseline/57,25,27,good,toward_good,False
baseline[good=above],baseline/57,26,27,good,,True
baseline[good=below],baseline/57,0,27,bad,toward_good,False
baseline[good=below],baseline/57,1,27,bad,toward_bad,False
baseline[good=below],baseline/57,2,27,bad,toward_bad,False
baseline[good=below],baseline/57,3,27,bad,toward_bad,False
baseline[good=below],baseline/57,4,27,bad,toward_good,False
baseline[good=below],baseline/57,5,27,bad,toward_good,False
baseline[good=below],baseline/57,6,27,bad,toward_good,False
baseline[good=below],baseline/57,7,27,bad,toward_good,False
baseline[good=below],baseline/57,8,27,bad,toward_good,False
baseline[good=below],baseline/57,9,27,bad,toward_good,False
baseline[good=below],baseline/57,10,27,bad,toward_good,False
baseline[good=below],baseline/57,11,27,bad,toward_bad,False
baseline[good=below],baseline/57,12,27,bad,toward_good,False
baseline[good=below],baseline/57,13,27,bad,toward_bad,False
baseline[good=below],baseline/57,14,27,bad,toward_good,False
baseline[good=below],baseline/57,15,27,bad,toward_good,False
baseline[good=below],baseline/57,16,27,bad,toward_good,False
baseline[good=below],baseline/57,17,27,bad,toward_bad,False
baseline[good=below],baseline/57,18,27,bad,toward_good,False
baseline[good=below],baseline/57,19,27,bad,toward_good,False
baseline[good=below],baseline/57,20,27,bad,toward_good,False
baseline[good=below],baseline/57,21,27,bad,toward_good,False
baseline[good=below],baseline/57,22,27,bad,toward_good,False
baseline[good=below],baseline/57,23,27,bad,toward_bad,False
baseline[good=below],baseline/57,24,27,bad,toward_bad,False
baseline[good=below],baseline/57,25,27,bad,toward_bad,False
baseline[good=below],baseline/57,26,27,bad,,True
baseline[good=above],baseline/58,0,7,bad,toward_good,False
baseline[good=above],baseline/58,1,7,bad,toward_good,False
baseline[good=above],baseline/58,2,7,bad,toward_bad,False
baseline[good=above],baseline/58,3,7,bad,toward_good,False
baseline[good=above],baseline/58,4,7,bad,toward_bad,False
baseline[good=above],baseline/58,5,7,bad,toward_good,False
baseline[good=above],baseline/58,6,7,bad,,True
baseline[good=below],baseline/58,0,7,good,toward_bad,False
baseline[good=below],baseline/58,1,7,good,toward_bad,False
baseline[good=below],baseline/58,2,7,good,toward_good,False
baseline[good=below],baseline/58,3,7,good,toward_bad,False
baseline[good=below],baseline/58,4,7,good,toward_good,False
baseline[good=below],baseline/58,5,7,good,toward_bad,False
baseline[good=below],baseline/58,6,7,good,,True
baseline[good=above],baseline/59,0,23,good,toward_good,False
baseline[good=above],baseline/59,1,23,good,toward_good,False
baseline[good=above],baseline/59,2,23,good,toward_bad,False
baseline[good=above],baseline/59,3,23,good,toward_good,False
baseline[good=above],baseline/59,4,23,good,toward_bad,False
baseline[good=above],baseline/59,5,23,good,toward_bad,False
baseline[good=above],baseline/59,6,23,good,toward_good,False
baseline[good=above],baseline/59,7,23,good,toward_bad,False
baseline[good=above],baseline/59,8,23,good,toward_good,False
baseline[good=above],baseline/59,9,23,good,toward_bad,False
baseline[good=above],baseline/59,10,23,good,toward_good,False
baseline[good=above],baseline/59,11,23,good,toward_bad,False
baseline[good=above],baseline/59,12,23,good,toward_bad,False
baseline[good=above],baseline/59,13,23,good,toward_good,False
baseline[good=above],baseline/59,14,23,good,same,False
baseline[good=above],baseline/59,15,23,good,toward_good,False
baseline[good=above],baseline/59,16,23,good,toward_bad,False
baseline[good=above],baseline/59,17,23,good,toward_good,False
baseline[good=above],baseline/59,18,23,good,toward_bad,False
baseline[good=above],baseline/59,19,23,good,toward_bad,False
baseline[good=above],baseline/59,20,23,good,toward_good,False
baseline[good=above],baseline/59,21,23,good,toward_bad,False
baseline[good=above],baseline/59,22,23,good,,True
baseline[good=below],baseline/59,0,23,bad,toward_bad,False
baseline[good=below],baseline/59,1,23,bad,toward_bad,False
baseline[good=below],baseline/59,2,23,bad,toward_good,False
baseline[good=below],baseline/59,3,23,bad,toward_bad,False
baseline[good=below],baseline/59,4,23,bad,toward_good,False
baseline[good=below],baseline/59,5,23,bad,toward_good,False
baseline[good=below],baseline/59,6,23,bad,toward_bad,False
baseline[good=below],baseline/59,7,23,bad,toward_good,False
baseline[good=below],baseline/59,8,23,bad,toward_bad,False
baseline[good=below],baseline/59,9,23,bad,toward_good,False
baseline[good=below],baseline/59,10,23,bad,toward_bad,False
baseline[good=below],baseline/59,11,23,bad,toward_good,False
baseline[good=below],baseline/59,12,23,bad,toward_good,False
baseline[good=below],baseline/59,13,23,bad,toward_bad,False
baseline[good=below],baseline/59,14,23,bad,same,False
baseline[good=below],baseline/59,15,23,bad,toward_bad,False
baseline[good=below],baseline/59,16,23,bad,toward_good,False
baseline[good=below],baseline/59,17,23,bad,toward_bad,False
baseline[good=below],baseline/59,18,23,bad,toward_good,False
baseline[good=below],baseline/59,19,23,bad,toward_good,False
baseline[good=below],baseline/59,20,23,bad,toward_bad,False
baseline[good=below],baseline/59,21,23,bad,toward_good,False
baseline[good=below],baseline/59,22,23,bad,,True
baseline[good=above],baseline/60,0,24,bad,toward_good,False
baseline[good=above],baseline/60,1,24,bad,toward_good,False
baseline[good=above],baseline/60,2,24,bad,toward_bad,False
baseline[good=above],baseline/60,3,24,bad,toward_bad,False
baseline[good=above],baseline/60,4,24,bad,toward_good,False
baseline[good=above],baseline/60,5,24,bad,toward_good,False
baseline[good=above],baseline/60,6,24,bad,toward_bad,False
baseline[good=above],baseline/60,7,24,bad,toward_good,False
baseline[good=above],baseline/60,8,24,bad,toward_good,False
baseline[good=above],baseline/60,9,24,bad,toward_bad,False
baseline[good=above],baseline/60,10,24,bad,toward_good,False
baseline[good=above],baseline/60,11,24,bad,toward_good,False
baseline[good=above],baseline/60,12,24,bad,toward_good,False
baseline[good=above],baseline/60,13,24,bad,toward_good,False
baseline[good=above],baseline/60,14,24,bad,toward_bad,False
baseline[good=above],baseline/60,15,24,bad,toward_good,False
baseline[good=above],baseline/60,16,24,bad,toward_bad,False
baseline[good=above],baseline/60,17,24,bad,toward_bad,False
baseline[good=above],baseline/60,18,24,bad,toward_good,False
baseline[good=above],baseline/60,19,24,bad,toward_bad,False
baseline[good=above],baseline/60,20,24,bad,toward_bad,False
baseline[good=above],baseline/60,21,24,bad,toward_good,False
baseline[good=above],baseline/60,22,24,bad,toward_bad,False
baseline[good=above],baseline/60,23,24,bad,,True
baseline[good=below],baseline/60,0,24,good,toward_bad,False
baseline[good=below],baseline/60,1,24,good,toward_bad,False
baseline[good=below],baseline/60,2,24,good,toward_good,False
baseline[good=below],baseline/60,3,24,good,toward_good,False
baseline[good=below],baseline/60,4,24,good,toward_bad,False
baseline[good=below],baseline/60,5,24,good,toward_bad,False
baseline[good=below],baseline/60,6,24,good,toward_good,False
baseline[good=below],baseline/60,7,24,good,toward_bad,False
baseline[good=below],baseline/60,8,24,good,toward_bad,False
baseline[good=below],baseline/60,9,24,good,toward_good,False
baseline[good=below],baseline/60,10,24,good,toward_bad,False
baseline[good=below],baseline/60,11,24,good,toward_bad,False
baseline[good=below],baseline/60,12,24,good,toward_bad,False
baseline[good=below],baseline/60,13,24,good,toward_bad,False
baseline[good=below],baseline/60,14,24,good,toward_good,False
baseline[good=below],baseline/60,15,24,good,toward_bad,False
baseline[good=below],baseline/60,16,24,good,toward_good,False
baseline[good=below],baseline/60,17,24,good,toward_good,False
baseline[good=below],baseline/60,18,24,good,toward_bad,False
baseline[good=below],baseline/60,19,24,good,toward_good,False
baseline[good=below],baseline/60,20,24,good,toward_good,False
baseline[good=below],baseline/60,21,24,good,toward_bad,False
baseline[good=below],baseline/60,22,24,good,toward_good,False
baseline[good=below],baseline/60,23,24,good,,True
baseline[good=above],baseline/61,0,13,bad,toward_bad,False
baseline[good=above],baseline/61,1,13,bad,toward_good,False
baseline[good=above],baseline/61,2,13,bad,toward_bad,False
baseline[good=above],baseline/61,3,13,bad,toward_good,False
baseline[good=above],baseline/61,4,13,bad,toward_bad,False
baseline[good=above],baseline/61,5,13,bad,toward_good,False
baseline[good=above],baseline/61,6,13,bad,toward_good,False
baseline[good=above],baseline/61,7,13,bad,toward_good,False
baseline[good=above],baseline/61,8,13,bad,toward_bad,False
baseline[good=above],baseline/61,9,13,bad,toward_good,False
baseline[good=above],baseline/61,10,13,bad,toward_bad,False
baseline[good=above],baseline/61,11,13,bad,toward_good,False
baseline[good=above],baseline/61,12,13,bad,,True
baseline[good=below],baseline/61,0,13,good,toward_good,False
baseline[good=below],baseline/61,1,13,good,toward_bad,False
baseline[good=below],baseline/61,2,13,good,toward_good,False
baseline[good=below],baseline/61,3,13,good,toward_bad,False
baseline[good=below],baseline/61,4,13,good,toward_good,False
baseline[good=below],baseline/61,5,13,good,toward_bad,False
baseline[good=below],baseline/61,6,13,good,toward_bad,False
baseline[good=below],baseline/61,7,13,good,toward_bad,False
baseline[good=below],baseline/61,8,13,good,toward_good,False
baseline[good=below],baseline/61,9,13,good,toward_bad,False
baseline[good=below],baseline/61,10,13,good,toward_good,False
baseline[good=below],baseline/61,11,13,good,toward_bad,False
baseline[good=below],baseline/61,12,13,good,,True
baseline[good=above],baseline/62,0,1,bad,,True
baseline[good=below],baseline/62,0,1,good,,True
baseline[good=above],baseline/63,0,6,good,toward_good,False
baseline[good=above],baseline/63,1,6,good,toward_good,False
baseline[good=above],baseline/63,2,6,good,toward_good,False
baseline[good=above],baseline/63,3,6,good,toward_bad,False
baseline[good=above],baseline/63,4,6,good,toward_bad,False
baseline[good=above],baseline/63,5,6,good,,True
baseline[good=below],baseline/63,0,6,bad,toward_bad,False
baseline[good=below],baseline/63,1,6,bad,toward_bad,False
baseline[good=below],baseline/63,2,6,bad,toward_bad,False
baseline[good=below],baseline/63,3,6,bad,toward_good,False
baseline[good=below],baseline/63,4,6,bad,toward_good,False
baseline[good=below],baseline/63,5,6,bad,,True
baseline[good=above],baseline/67,0,20,bad,toward_good,False
baseline[good=above],baseline/67,1,20,bad,toward_bad,False
baseline[good=above],baseline/67,2,20,bad,toward_bad,False
baseline[good=above],baseline/67,3,20,bad,toward_good,False
baseline[good=above],baseline/67,4,20,bad,toward_good,False
baseline[good=above],baseline/67,5,20,bad,toward_good,False
baseline[good=above],baseline/67,6,20,bad,toward_bad,False
baseline[good=above],baseline/67,7,20,bad,toward_good,False
baseline[good=above],baseline/67,8,20,bad,toward_good,False
baseline[good=above],baseline/67,9,20,bad,toward_bad,False
baseline[good=above],baseline/67,10,20,bad,toward_bad,False
baseline[good=above],baseline/67,11,20,bad,toward_good,False
baseline[good=above],baseline/67,12,20,bad,toward_bad,False
baseline[good=above],baseline/67,13,20,bad,toward_good,False
baseline[good=above],baseline/67,14,20,bad,toward_bad,False
baseline[good=above],baseline/67,15,20,bad,toward_bad,False
baseline[good=above],baseline/67,16,20,bad,toward_bad,False
baseline[good=above],baseline/67,17,20,bad,toward_good,False
baseline[good=above],baseline/67,18,20,bad,toward_bad,False
baseline[good=above],baseline/67,19,20,bad,,True
baseline[good=below],baseline/67,0,20,good,toward_bad,False
baseline[good=below],baseline/67,1,20,good,toward_good,False
baseline[good=below],baseline/67,2,20,good,toward_good,False
baseline[good=below],baseline/67,3,20,good,toward_bad,False
baseline[good=below],baseline/67,4,20,good,toward_bad,False
baseline[good=below],baseline/67,5,20,good,toward_bad,False
baseline[good=below],baseline/67,6,20,good,toward_good,False
baseline[good=below],baseline/67,7,20,good,toward_bad,False
baseline[good=below],baseline/67,8,20,good,toward_bad,False
baseline[good=below],baseline/67,9,20,good,toward_good,False
baseline[good=below],baseline/67,10,20,good,toward_good,False
baseline[good=below],baseline/67,11,20,good,toward_bad,False
baseline[good=below],baseline/67,12,20,good,toward_good,False
baseline[good=below],baseline/67,13,20,good,toward_bad,False
baseline[good=below],baseline/67,14,20,good,toward_good,False
baseline[good=below],baseline/67,15,20,good,toward_good,False
baseline[good=below],baseline/67,16,20,good,toward_good,False
baseline[good=below],baseline/67,17,20,good,toward_bad,False
baseline[good=below],baseline/67,18,20,good,toward_good,False
baseline[good=below],baseline/67,19,20,good,,True
baseline[good=above],baseline/68,0,17,good,toward_bad,False
baseline[good=above],baseline/68,1,17,good,toward_good,False
baseline[good=above],baseline/68,2,17,good,toward_good,False
baseline[good=above],baseline/68,3,17,good,toward_bad,False
baseline[good=above],baseline/68,4,17,good,toward_good,False
baseline[good=above],baseline/68,5,17,good,toward_bad,False
baseline[good=above],baseline/68,6,17,good,toward_good,False
baseline[good=above],baseline/68,7,17,good,toward_good,False
baseline[good=above],baseline/68,8,17,good,toward_bad,False
baseline[good=above],baseline/68,9,17,good,toward_good,False
baseline[good=above],baseline/68,10,17,good,same,False
baseline[good=above],baseline/68,11,17,good,toward_bad,False
baseline[good=above],baseline/68,12,17,good,toward_good,False
baseline[good=above],baseline/68,13,17,good,toward_bad,False
baseline[good=above],baseline/68,14,17,good,toward_good,False
baseline[good=above],baseline/68,15,17,good,toward_bad,False
baseline[good=above],baseline/68,16,17,good,,True
baseline[good=below],baseline/68,0,17,bad,toward_good,False
baseline[good=below],baseline/68,1,17,bad,toward_bad,False
baseline[good=below],baseline/68,2,17,bad,toward_bad,False
baseline[good=below],baseline/68,3,17,bad,toward_good,False
baseline[good=below],baseline/68,4,17,bad,toward_bad,False
baseline[good=below],baseline/68,5,17,bad,toward_good,False
baseline[good=below],baseline/68,6,17,bad,toward_bad,False
baseline[good=below],baseline/68,7,17,bad,toward_bad,False
baseline[good=below],baseline/68,8,17,bad,toward_good,False
baseline[good=below],baseline/68,9,17,bad,toward_bad,False
baseline[good=below],baseline/68,10,17,bad,same,False
baseline[good=below],baseline/68,11,17,bad,toward_good,False
baseline[good=below],baseline/68,12,17,bad,toward_bad,False
baseline[good=below],baseline/68,13,17,bad,toward_good,False
baseline[good=below],baseline/68,14,17,bad,toward_bad,False
baseline[good=below],baseline/68,15,17,bad,toward_good,False
baseline[good=below],baseline/68,16,17,bad,,True
baseline[good=above],baseline/71,0,10,bad,toward_good,False
baseline[good=above],baseline/71,1,10,bad,toward_good,False
baseline[good=above],baseline/71,2,10,bad,toward_good,False
baseline[good=above],baseline/71,3,10,bad,toward_bad,False
baseline[good=above],baseline/71,4,10,bad,toward_good,False
baseline[good=above],baseline/71,5,10,bad,toward_bad,False
baseline[good=above],baseline/71,6,10,bad,toward_bad,False
baseline[good=above],baseline/71,7,10,bad,toward_bad,False
baseline[good=above],baseline/71,8,10,bad,toward_good,False
baseline[good=above],baseline/71,9,10,bad,,True
baseline[good=below],baseline/71,0,10,good,toward_bad,False
baseline[good=below],baseline/71,1,10,good,toward_bad,False
baseline[good=below],baseline/71,2,10,good,toward_bad,False
baseline[good=below],baseline/71,3,10,good,toward_good,False
baseline[good=below],baseline/71,4,10,good,toward_bad,False
baseline[good=below],baseline/71,5,10,good,toward_good,False
baseline[good=below],baseline/71,6,10,good,toward_good,False
baseline[good=below],baseline/71,7,10,good,toward_good,False
baseline[good=below],baseline/71,8,10,good,toward_bad,False
baseline[good=below],baseline/71,9,10,good,,True
baseline[good=above],baseline/72,0,2,good,toward_bad,False
baseline[good=above],baseline/72,1,2,good,,True
baseline[good=below],baseline/72,0,2,bad,toward_good,False
baseline[good=below],baseline/72,1,2,bad,,True
baseline[good=above],baseline/73,0,22,good,toward_good,False
baseline[good=above],baseline/73,1,22,good,toward_good,False
baseline[good=above],baseline/73,2,22,good,toward_bad,False
baseline[good=above],baseline/73,3,22,good,toward_good,False
baseline[good=above],baseline/73,4,22,good,toward_bad,False
baseline[good=above],baseline/73,5,22,good,toward_bad,False
baseline[good=above],baseline/73,6,22,good,toward_good,False
baseline[good=above],baseline/73,7,22,good,toward_bad,False
baseline[good=above],baseline/73,8,22,good,toward_bad,False
baseline[good=above],baseline/73,9,22,good,toward_good,False
baseline[good=above],baseline/73,10,22,good,toward_good,False
baseline[good=above],baseline/73,11,22,good,toward_bad,False
baseline[good=above],baseline/73,12,22,good,toward_good,False
baseline[good=above],baseline/73,13,22,good,toward_good,False
baseline[good=above],baseline/73,14,22,good,toward_good,False
baseline[good=above],baseline/73,15,22,good,toward_bad,False
baseline[good=above],baseline/73,16,22,good,toward_good,False
baseline[good=above],baseline/73,17,22,good,toward_bad,False
baseline[good=above],baseline/73,18,22,good,toward_good,False
baseline[good=above],baseline/73,19,22,good,toward_good,False
baseline[good=above],baseline/73,20,22,good,toward_bad,False
baseline[good=above],baseline/73,21,22,good,,True
baseline[good=below],baseline/73,0,22,bad,toward_bad,False
baseline[good=below],baseline/73,1,22,bad,toward_bad,False
baseline[good=below],baseline/73,2,22,bad,toward_good,False
baseline[good=below],baseline/73,3,22,bad,toward_bad,False
baseline[good=below],baseline/73,4,22,bad,toward_good,False
baseline[good=below],baseline/73,5,22,bad,toward_good,False
baseline[good=below],baseline/73,6,22,bad,toward_bad,False
baseline[good=below],baseline/73,7,22,bad,toward_good,False
baseline[good=below],baseline/73,8,22,bad,toward_good,False
baseline[good=below],baseline/73,9,22,bad,toward_bad,False
baseline[good=below],baseline/73,10,22,bad,toward_bad,False
baseline[good=below],baseline/73,11,22,bad,toward_good,False
baseline[good=below],baseline/73,12,22,bad,toward_bad,False
baseline[good=below],baseline/73,13,22,bad,toward_bad,False
baseline[good=below],baseline/73,14,22,bad,toward_bad,False
baseline[good=below],baseline/73,15,22,bad,toward_good,False
baseline[good=below],baseline/73,16,22,bad,toward_bad,False
baseline[good=below],baseline/73,17,22,bad,toward_good,False
baseline[good=below],baseline/73,18,22,bad,toward_bad,False
baseline[good=below],baseline/73,19,22,bad,toward_bad,False
baseline[good=below],baseline/73,20,22,bad,toward_good,False
baseline[good=below],baseline/73,21,22,bad,,True
baseline[good=above],baseline/74,0,17,good,toward_bad,False
baseline[good=above],baseline/74,1,17,good,toward_good,False
baseline[good=above],baseline/74,2,17,good,toward_bad,False
baseline[good=above],baseline/74,3,17,good,toward_bad,False
baseline[good=above],baseline/74,4,17,good,toward_good,False
baseline[good=above],baseline/74,5,17,good,toward_bad,False
baseline[good=above],baseline/74,6,17,good,toward_good,False
baseline[good=above],baseline/74,7,17,good,toward_bad,False
baseline[good=above],baseline/74,8,17,good,toward_good,False
baseline[good=above],baseline/74,9,17,good,toward_good,False
baseline[good=above],baseline/74,10,17,good,toward_good,False
baseline[good=above],baseline/74,11,17,good,toward_bad,False
baseline[good=above],baseline/74,12,17,good,toward_bad,False
baseline[good=above],baseline/74,13,17,good,toward_good,False
baseline[good=above],baseline/74,14,17,good,toward_good,False
baseline[good=above],baseline/74,15,17,good,toward_bad,False
baseline[good=above],baseline/74,16,17,good,,True
baseline[good=below],baseline/74,0,17,bad,toward_good,False
baseline[good=below],baseline/74,1,17,bad,toward_bad,False
baseline[good=below],baseline/74,2,17,bad,toward_good,False
baseline[good=below],baseline/74,3,17,bad,toward_good,False
baseline[good=below],baseline/74,4,17,bad,toward_bad,False
baseline[good=below],baseline/74,5,17,bad,toward_good,False
baseline[good=below],baseline/74,6,17,bad,toward_bad,False
baseline[good=below],baseline/74,7,17,bad,toward_good,False
baseline[good=below],baseline/74,8,17,bad,toward_bad,False
baseline[good=below],baseline/74,9,17,bad,toward_bad,False
baseline[good=below],baseline/74,10,17,bad,toward_bad,False
baseline[good=below],baseline/74,11,17,bad,toward_good,False
baseline[good=below],baseline/74,12,17,bad,toward_good,False
baseline[good=below],baseline/74,13,17,bad,toward_bad,False
baseline[good=below],baseline/74,14,17,bad,toward_bad,False
baseline[good=below],baseline/74,15,17,bad,toward_good,False
baseline[good=below],baseline/74,16,17,bad,,True
baseline[good=above],baseline/75,0,5,good,toward_bad,False
baseline[good=above],baseline/75,1,5,good,toward_good,False
baseline[good=above],baseline/75,2,5,good,toward_good,False
baseline[good=above],baseline/75,3,5,good,toward_bad,False
baseline[good=above],baseline/75,4,5,good,,True
baseline[good=below],baseline/75,0,5,bad,toward_good,False
baseline[good=below],baseline/75,1,5,bad,toward_bad,False
baseline[good=below],baseline/75,2,5,bad,toward_bad,False
baseline[good=below],baseline/75,3,5,bad,toward_good,False
baseline[good=below],baseline/75,4,5,bad,,True
baseline[good=above],baseline/76,0,4,good,toward_good,False
baseline[good=above],baseline/76,1,4,good,toward_bad,False
baseline[good=above],baseline/76,2,4,good,toward_bad,False
baseline[good=above],baseline/76,3,4,good,,True
baseline[good=below],baseline/76,0,4,bad,toward_bad,False
baseline[good=below],baseline/76,1,4,bad,toward_good,False
baseline[good=below],baseline/76,2,4,bad,toward_good,False
baseline[good=below],baseline/76,3,4,bad,,True
baseline[good=above],baseline/78,0,17,bad,toward_bad,False
baseline[good=above],baseline/78,1,17,bad,toward_bad,False
baseline[good=above],baseline/78,2,17,bad,toward_good,False
baseline[good=above],baseline/78,3,17,bad,toward_bad,False
baseline[good=above],baseline/78,4,17,bad,toward_good,False
baseline[good=above],baseline/78,5,17,bad,toward_bad,False
baseline[good=above],baseline/78,6,17,bad,toward_bad,False
baseline[good=above],baseline/78,7,17,bad,toward_good,False
baseline[good=above],baseline/78,8,17,bad,toward_good,False
baseline[good=above],baseline/78,9,17,bad,toward_bad,False
baseline[good=above],baseline/78,10,17,bad,toward_bad,False
baseline[good=above],baseline/78,11,17,bad,toward_bad,False
baseline[good=above],baseline/78,12,17,bad,toward_good,False
baseline[good=above],baseline/78,13,17,bad,toward_good,False
baseline[good=above],baseline/78,14,17,bad,toward_bad,False
baseline[good=above],baseline/78,15,17,bad,toward_bad,False
baseline[good=above],baseline/78,16,17,bad,,True
baseline[good=below],baseline/78,0,17,good,toward_good,False
baseline[good=below],baseline/78,1,17,good,toward_good,False
baseline[good=below],baseline/78,2,17,good,toward_bad,False
baseline[good=below],baseline/78,3,17,good,toward_good,False
baseline[good=below],baseline/78,4,17,good,toward_bad,False
baseline[good=below],baseline/78,5,17,good,toward_good,False
baseline[good=below],baseline/78,6,17,good,toward_good,False
baseline[good=below],baseline/78,7,17,good,toward_bad,False
baseline[good=below],baseline/78,8,17,good,toward_bad,False
baseline[good=below],baseline/78,9,17,good,toward_good,False
baseline[good=below],baseline/78,10,17,good,toward_good,False
baseline[good=below],baseline/78,11,17,good,toward_good,False
baseline[good=below],baseline/78,12,17,good,toward_bad,False
baseline[good=below],baseline/78,13,17,good,toward_bad,False
baseline[good=below],baseline/78,14,17,good,toward_good,False
baseline[good=below],baseline/78,15,17,good,toward_good,False
baseline[good=below],baseline/78,16,17,good,,True
baseline[good=above],baseline/79,0,20,bad,toward_good,False
baseline[good=above],baseline/79,1,20,bad,toward_bad,False
baseline[good=above],baseline/79,2,20,bad,toward_good,False
baseline[good=above],baseline/79,3,20,bad,toward_bad,False
baseline[good=above],baseline/79,4,20,bad,toward_good,False
baseline[good=above],baseline/79,5,20,bad,toward_bad,False
baseline[good=above],baseline/79,6,20,bad,toward_bad,False
baseline[good=above],baseline/79,7,20,bad,toward_bad,False
baseline[good=above],baseline/79,8,20,bad,toward_good,False
baseline[good=above],baseline/79,9,20,bad,toward_bad,False
baseline[good=above],baseline/79,10,20,bad,toward_bad,False
baseline[good=above],baseline/79,11,20,bad,toward_good,False
baseline[good=above],baseline/79,12,20,bad,toward_good,False
baseline[good=above],baseline/79,13,20,bad,toward_good,False
baseline[good=above],baseline/79,14,20,bad,toward_bad,False
baseline[good=above],baseline/79,15,20,bad,toward_good,False
baseline[good=above],baseline/79,16,20,bad,toward_good,False
baseline[good=above],baseline/79,17,20,bad,toward_good,False
baseline[good=above],baseline/79,18,20,bad,toward_bad,False
baseline[good=above],baseline/79,19,20,bad,,True
baseline[good=below],baseline/79,0,20,good,toward_bad,False
baseline[good=below],baseline/79,1,20,good,toward_good,False
baseline[good=below],baseline/79,2,20,good,toward_bad,False
baseline[good=below],baseline/79,3,20,good,toward_good,False
baseline[good=below],baseline/79,4,20,good,toward_bad,False
baseline[good=below],baseline/79,5,20,good,toward_good,False
baseline[good=below],baseline/79,6,20,good,toward_good,False
baseline[good=below],baseline/79,7,20,good,toward_good,False
baseline[good=below],baseline/79,8,20,good,toward_bad,False
baseline[good=below],baseline/79,9,20,good,toward_good,False
baseline[good=below],baseline/79,10,20,good,toward_good,False
baseline[good=below],baseline/79,11,20,good,toward_bad,False
baseline[good=below],baseline/79,12,20,good,toward_bad,False
baseline[good=below],baseline/79,13,20,good,toward_bad,False
baseline[good=below],baseline/79,14,20,good,toward_good,False
baseline[good=below],baseline/79,15,20,good,toward_bad,False
baseline[good=below],baseline/79,16,20,good,toward_bad,False
baseline[good=below],baseline/79,17,20,good,toward_bad,False
baseline[good=below],baseline/79,18,20,good,toward_good,False
baseline[good=below],baseline/79,19,20,good,,True
baseline[good=above],baseline/80,0,6,bad,toward_good,False
baseline[good=above],baseline/80,1,6,bad,toward_good,False
baseline[good=above],baseline/80,2,6,bad,toward_bad,False
baseline[good=above],baseline/80,3,6,bad,toward_bad,False
baseline[good=above],baseline/80,4,6,bad,toward_good,False
baseline[good=above],baseline/80,5,6,bad,,True
baseline[good=below],baseline/80,0,6,good,toward_bad,False
baseline[good=below],baseline/80,1,6,good,toward_bad,False
baseline[good=below],baseline/80,2,6,good,toward_good,False
baseline[good=below],baseline/80,3,6,good,toward_good,False
baseline[good=below],baseline/80,4,6,good,toward_bad,False
baseline[good=below],baseline/80,5,6,good,,True
baseline[good=above],baseline/81,0,11,bad,toward_bad,False
baseline[good=above],baseline/81,1,11,bad,toward_bad,False
baseline[good=above],baseline/81,2,11,bad,toward_good,False
baseline[good=above],baseline/81,3,11,bad,toward_bad,False
baseline[good=above],baseline/81,4,11,bad,toward_bad,False
baseline[good=above],baseline/81,5,11,bad,toward_good,False
baseline[good=above],baseline/81,6,11,bad,toward_good,False
baseline[good=above],baseline/81,7,11,bad,toward_good,False
baseline[good=above],baseline/81,8,11,bad,toward_bad,False
baseline[good=above],baseline/81,9,11,bad,toward_good,False
baseline[good=above],baseline/81,10,11,bad,,True
baseline[good=below],baseline/81,0,11,good,toward_good,False
baseline[good=below],baseline/81,1,11,good,toward_good,False
baseline[good=below],baseline/81,2,11,good,toward_bad,False
baseline[good=below],baseline/81,3,11,good,toward_good,False
baseline[good=below],baseline/81,4,11,good,toward_good,False
baseline[good=below],baseline/81,5,11,good,toward_bad,False
baseline[good=below],baseline/81,6,11,good,toward_bad,False
baseline[good=below],baseline/81,7,11,good,toward_bad,False
baseline[good=below],baseline/81,8,11,good,toward_good,False
baseline[good=below],baseline/81,9,11,good,toward_bad,False
baseline[good=below],baseline/81,10,11,good,,True
baseline[good=above],baseline/82,0,26,bad,toward_good,False
baseline[good=above],baseline/82,1,26,bad,toward_good,False
baseline[good=above],baseline/82,2,26,bad,toward_good,False
baseline[good=above],baseline/82,3,26,bad,toward_bad,False
baseline[good=above],baseline/82,4,26,bad,toward_good,False
baseline[good=above],baseline/82,5,26,bad,toward_bad,False
baseline[good=above],baseline/82,6,26,bad,toward_good,False
baseline[good=above],baseline/82,7,26,bad,toward_good,False
baseline[good=above],baseline/82,8,26,bad,toward_bad,False
baseline[good=above],baseline/82,9,26,bad,toward_bad,False
baseline[good=above],baseline/82,10,26,bad,toward_good,False
baseline[good=above],baseline/82,11,26,bad,toward_good,False
baseline[good=above],baseline/82,12,26,bad,toward_bad,False
baseline[good=above],baseline/82,13,26,bad,toward_good,False
baseline[good=above],baseline/82,14,26,bad,toward_good,False
baseline[good=above],baseline/82,15,26,bad,toward_bad,False
baseline[good=above],baseline/82,16,26,bad,toward_good,False
baseline[good=above],baseline/82,17,26,bad,same,False
baseline[good=above],baseline/82,18,26,bad,toward_bad,False
baseline[good=above],baseline/82,19,26,bad,toward_good,False
baseline[good=above],baseline/82,20,26,bad,toward_good,False
baseline[good=above],baseline/82,21,26,bad,toward_bad,False
baseline[good=above],baseline/82,22,26,bad,toward_good,False
baseline[good=above],baseline/82,23,26,bad,toward_bad,False
baseline[good=above],baseline/82,24,26,bad,toward_good,False
baseline[good=above],baseline/82,25,26,bad,,True
baseline[good=below],baseline/82,0,26,good,toward_bad,False
baseline[good=below],baseline/82,1,26,good,toward_bad,False
baseline[good=below],baseline/82,2,26,good,toward_bad,False
baseline[good=below],baseline/82,3,26,good,toward_good,False
baseline[good=below],baseline/82,4,26,good,toward_bad,False
baseline[good=below],baseline/82,5,26,good,toward_good,False
baseline[good=below],baseline/82,6,26,good,toward_bad,False
baseline[good=below],baseline/82,7,26,good,toward_bad,False
baseline[good=below],baseline/82,8,26,good,toward_good,False
baseline[good=below],baseline/82,9,26,good,toward_good,False
baseline[good=below],baseline/82,10,26,good,toward_bad,False
baseline[good=below],baseline/82,11,26,good,toward_bad,False
baseline[good=below],baseline/82,12,26,good,toward_good,False
baseline[good=below],baseline/82,13,26,good,toward_bad,False
baseline[good=below],baseline/82,14,26,good,toward_bad,False
baseline[good=below],baseline/82,15,26,good,toward_good,False
baseline[good=below],baseline/82,16,26,good,toward_bad,False
baseline[good=below],baseline/82,17,26,good,same,False
baseline[good=below],baseline/82,18,26,good,toward_good,False
baseline[good=below],baseline/82,19,26,good,toward_bad,False
baseline[good=below],baseline/82,20,26,good,toward_bad,False
baseline[good=below],baseline/82,21,26,good,toward_good,False
baseline[good=below],baseline/82,22,26,good,toward_bad,False
baseline[good=below],baseline/82,23,26,good,toward_good,False
baseline[good=below],baseline/82,24,26,good,toward_bad,False
baseline[good=below],baseline/82,25,26,good,,True
baseline[good=above],baseline/83,0,19,good,toward_good,False
baseline[good=above],baseline/83,1,19,good,toward_bad,False
baseline[good=above],baseline/83,2,19,good,toward_bad,False
baseline[good=above],baseline/83,3,19,good,toward_good,False
baseline[good=above],baseline/83,4,19,good,toward_bad,False
baseline[good=above],baseline/83,5,19,good,toward_bad,False
baseline[good=above],baseline/83,6,19,good,toward_good,False
baseline[good=above],baseline/83,7,19,good,toward_good,False
baseline[good=above],baseline/83,8,19,good,toward_good,False
baseline[good=above],baseline/83,9,19,good,toward_good,False
baseline[good=above],baseline/83,10,19,good,toward_bad,False
baseline[good=above],baseline/83,11,19,good,toward_good,False
baseline[good=above],baseline/83,12,19,good,toward_bad,False
baseline[good=above],baseline/83,13,19,good,toward_bad,False
baseline[good=above],baseline/83,14,19,good,toward_good,False
baseline[good=above],baseline/83,15,19,good,toward_bad,False
baseline[good=above],baseline/83,16,19,good,toward_good,False
baseline[good=above],baseline/83,17,19,good,toward_good,False
baseline[good=above],baseline/83,18,19,good,,True
baseline[good=below],baseline/83,0,19,bad,toward_bad,False
baseline[good=below],baseline/83,1,19,bad,toward_good,False
baseline[good=below],baseline/83,2,19,bad,toward_good,False
baseline[good=below],baseline/83,3,19,bad,toward_bad,False
baseline[good=below],baseline/83,4,19,bad,toward_good,False
baseline[good=below],baseline/83,5,19,bad,toward_good,False
baseline[good=below],baseline/83,6,19,bad,toward_bad,False
baseline[good=below],baseline/83,7,19,bad,toward_bad,False
baseline[good=below],baseline/83,8,19,bad,toward_bad,False
baseline[good=below],baseline/83,9,19,bad,toward_bad,False
baseline[good=below],baseline/83,10,19,bad,toward_good,False
baseline[good=below],baseline/83,11,19,bad,toward_bad,False
baseline[good=below],baseline/83,12,19,bad,toward_good,False
baseline[good=below],baseline/83,13,19,bad,toward_good,False
baseline[good=below],baseline/83,14,19,bad,toward_bad,False
baseline[good=below],baseline/83,15,19,bad,toward_good,False
baseline[good=below],baseline/83,16,19,bad,toward_bad,False
baseline[good=below],baseline/83,17,19,bad,toward_bad,False
baseline[good=below],baseline/83,18,19,bad,,True
baseline[good=above],baseline/84,0,1,bad,,True
baseline[good=below],baseline/84,0,1,good,,True
baseline[good=above],baseline/85,0,10,bad,toward_bad,False
baseline[good=above],baseline/85,1,10,bad,toward_bad,False
baseline[good=above],baseline/85,2,10,bad,toward_good,False
baseline[good=above],baseline/85,3,10,bad,toward_bad,False
baseline[good=above],baseline/85,4,10,bad,toward_bad,False
baseline[good=above],baseline/85,5,10,bad,toward_bad,False
baseline[good=above],baseline/85,6,10,bad,toward_good,False
baseline[good=above],baseline/85,7,10,bad,toward_bad,False
baseline[good=above],baseline/85,8,10,bad,toward_good,False
baseline[good=above],baseline/85,9,10,bad,,True
baseline[good=below],baseline/85,0,10,good,toward_good,False
baseline[good=below],baseline/85,1,10,good,toward_good,False
baseline[good=below],baseline/85,2,10,good,toward_bad,False
baseline[good=below],baseline/85,3,10,good,toward_good,False
baseline[good=below],baseline/85,4,10,good,toward_good,False
baseline[good=below],baseline/85,5,10,good,toward_good,False
baseline[good=below],baseline/85,6,10,good,toward_bad,False
baseline[good=below],baseline/85,7,10,good,toward_good,False
baseline[good=below],baseline/85,8,10,good,toward_bad,False
baseline[good=below],baseline/85,9,10,good,,True
baseline[good=above],baseline/87,0,12,bad,toward_good,False
baseline[good=above],baseline/87,1,12,bad,toward_bad,False
baseline[good=above],baseline/87,2,12,bad,toward_good,False
baseline[good=above],baseline/87,3,12,bad,toward_good,False
baseline[good=above],baseline/87,4,12,bad,toward_bad,False
baseline[good=above],baseline/87,5,12,bad,toward_good,False
baseline[good=above],baseline/87,6,12,bad,toward_good,False
baseline[good=above],baseline/87,7,12,bad,toward_bad,False
baseline[good=above],baseline/87,8,12,bad,toward_bad,False
baseline[good=above],baseline/87,9,12,bad,toward_good,False
baseline[good=above],baseline/87,10,12,bad,toward_bad,False
baseline[good=above],baseline/87,11,12,bad,,True
baseline[good=below],baseline/87,0,12,good,toward_bad,False
baseline[good=below],baseline/87,1,12,good,toward_good,False
baseline[good=below],baseline/87,2,12,good,toward_bad,False
baseline[good=below],baseline/87,3,12,good,toward_bad,False
baseline[good=below],baseline/87,4,12,good,toward_good,False
baseline[good=below],baseline/87,5,12,good,toward_bad,False
baseline[good=below],baseline/87,6,12,good,toward_bad,False
baseline[good=below],baseline/87,7,12,good,toward_good,False
baseline[good=below],baseline/87,8,12,good,toward_good,False
baseline[good=below],baseline/87,9,12,good,toward_bad,False
baseline[good=below],baseline/87,10,12,good,toward_good,False
baseline[good=below],baseline/87,11,12,good,,True
baseline[good=above],baseline/88,0,11,bad,toward_good,False
baseline[good=above],baseline/88,1,11,bad,toward_bad,False
baseline[good=above],baseline/88,2,11,bad,toward_bad,False
baseline[good=above],baseline/88,3,11,bad,toward_bad,False
baseline[good=above],baseline/88,4,11,bad,toward_bad,False
baseline[good=above],baseline/88,5,11,bad,toward_bad,False
baseline[good=above],baseline/88,6,11,bad,toward_good,False
baseline[good=above],baseline/88,7,11,bad,toward_bad,False
baseline[good=above],baseline/88,8,11,bad,toward_bad,False
baseline[good=above],baseline/88,9,11,bad,toward_good,False
baseline[good=above],baseline/88,10,11,bad,,True
baseline[good=below],baseline/88,0,11,good,toward_bad,False
baseline[good=below],baseline/88,1,11,good,toward_good,False
baseline[good=below],baseline/88,2,11,good,toward_good,False
baseline[good=below],baseline/88,3,11,good,toward_good,False
baseline[good=below],baseline/88,4,11,good,toward_good,False
baseline[good=below],baseline/88,5,11,good,toward_good,False
baseline[good=below],baseline/88,6,11,good,toward_bad,False
baseline[good=below],baseline/88,7,11,good,toward_good,False
baseline[good=below],baseline/88,8,11,good,toward_good,False
baseline[good=below],baseline/88,9,11,good,toward_bad,False
baseline[good=below],baseline/88,10,11,good,,True
baseline[good=above],baseline/89,0,4,bad,toward_bad,False
baseline[good=above],baseline/89,1,4,bad,toward_good,False
baseline[good=above],baseline/89,2,4,bad,toward_bad,False
baseline[good=above],baseline/89,3,4,bad,,True
baseline[good=below],baseline/89,0,4,good,toward_good,False
baseline[good=below],baseline/89,1,4,good,toward_bad,False
baseline[good=below],baseline/89,2,4,good,toward_good,False
baseline[good=below],baseline/89,3,4,good,,True
baseline[good=above],baseline/90,0,30,bad,toward_bad,False
baseline[good=above],baseline/90,1,30,bad,toward_bad,False
baseline[good=above],baseline/90,2,30,bad,toward_good,False
baseline[good=above],baseline/90,3,30,bad,toward_bad,False
baseline[good=above],baseline/90,4,30,bad,toward_good,False
baseline[good=above],baseline/90,5,30,bad,same,False
baseline[good=above],baseline/90,6,30,bad,toward_bad,False
baseline[good=above],baseline/90,7,30,bad,toward_good,False
baseline[good=above],baseline/90,8,30,bad,toward_good,False
baseline[good=above],baseline/90,9,30,bad,toward_bad,False
baseline[good=above],baseline/90,10,30,bad,toward_good,False
baseline[good=above],baseline/90,11,30,bad,toward_bad,False
baseline[good=above],baseline/90,12,30,bad,toward_good,False
baseline[good=above],baseline/90,13,30,bad,toward_bad,False
baseline[good=above],baseline/90,14,30,bad,toward_bad,False
baseline[good=above],baseline/90,15,30,bad,toward_good,False
baseline[good=above],baseline/90,16,30,bad,toward_good,False
baseline[good=above],baseline/90,17,30,bad,toward_good,False
baseline[good=above],baseline/90,18,30,bad,toward_bad,False
baseline[good=above],baseline/90,19,30,bad,toward_good,False
baseline[good=above],baseline/90,20,30,bad,toward_bad,False
baseline[good=above],baseline/90,21,30,bad,toward_good,False
baseline[good=above],baseline/90,22,30,bad,toward_bad,False
baseline[good=above],baseline/90,23,30,bad,same,False
baseline[good=above],baseline/90,24,30,bad,toward_bad,False
baseline[good=above],baseline/90,25,30,bad,toward_good,False
baseline[good=above],baseline/90,26,30,bad,toward_bad,False
baseline[good=above],baseline/90,27,30,bad,toward_bad,False
baseline[good=above],baseline/90,28,30,bad,toward_good,False
baseline[good=above],baseline/90,29,30,bad,,True
baseline[good=below],baseline/90,0,30,good,toward_good,False
baseline[good=below],baseline/90,1,30,good,toward_good,False
baseline[good=below],baseline/90,2,30,good,toward_bad,False
baseline[good=below],baseline/90,3,30,good,toward_good,False
baseline[good=below],baseline/90,4,30,good,toward_bad,False
baseline[good=below],baseline/90,5,30,good,same,False
baseline[good=below],baseline/90,6,30,good,toward_good,False
baseline[good=below],baseline/90,7,30,good,toward_bad,False
baseline[good=below],baseline/90,8,30,good,toward_bad,False
baseline[good=below],baseline/90,9,30,good,toward_good,False
baseline[good=below],baseline/90,10,30,good,toward_bad,False
baseline[good=below],baseline/90,11,30,good,toward_good,False
baseline[good=below],baseline/90,12,30,good,toward_bad,False
baseline[good=below],baseline/90,13,30,good,toward_good,False
baseline[good=below],baseline/90,14,30,good,toward_good,False
baseline[good=below],baseline/90,15,30,good,toward_bad,False
baseline[good=below],baseline/90,16,30,good,toward_bad,False
baseline[good=below],baseline/90,17,30,good,toward_bad,False
baseline[good=below],baseline/90,18,30,good,toward_good,False
baseline[good=below],baseline/90,19,30,good,toward_bad,False
baseline[good=below],baseline/90,20,30,good,toward_good,False
baseline[good=below],baseline/90,21,30,good,toward_bad,False
baseline[good=below],baseline/90,22,30,good,toward_good,False
baseline[good=below],baseline/90,23,30,good,same,False
baseline[good=below],baseline/90,24,30,good,toward_good,False
baseline[good=below],baseline/90,25,30,good,toward_bad,False
baseline[good=below],baseline/90,26,30,good,toward_good,False
baseline[good=below],baseline/90,27,30,good,toward_good,False
baseline[good=below],baseline/90,28,30,good,toward_bad,False
baseline[good=below],baseline/90,29,30,good,,True
baseline[good=above],baseline/91,0,24,bad,toward_good,False
baseline[good=above],baseline/91,1,24,bad,toward_good,False
baseline[good=above],baseline/91,2,24,bad,toward_bad,False
baseline[good=above],baseline/91,3,24,bad,toward_good,False
baseline[good=above],baseline/91,4,24,bad,toward_good,False
baseline[good=above],baseline/91,5,24,bad,toward_bad,False
baseline[good=above],baseline/91,6,24,bad,toward_bad,False
baseline[good=above],baseline/91,7,24,bad,toward_bad,False
baseline[good=above],baseline/91,8,24,bad,toward_good,False
baseline[good=above],baseline/91,9,24,bad,toward_bad,False
baseline[good=above],baseline/91,10,24,bad,toward_bad,False
baseline[good=above],baseline/91,11,24,bad,toward_good,False
baseline[good=above],baseline/91,12,24,bad,toward_bad,False
baseline[good=above],baseline/91,13,24,bad,toward_bad,False
baseline[good=above],baseline/91,14,24,bad,toward_good,False
baseline[good=above],baseline/91,15,24,bad,toward_good,False
baseline[good=above],baseline/91,16,24,bad,toward_bad,False
baseline[good=above],baseline/91,17,24,bad,toward_bad,False
baseline[good=above],baseline/91,18,24,bad,toward_bad,False
baseline[good=above],baseline/91,19,24,bad,toward_bad,False
baseline[good=above],baseline/91,20,24,bad,toward_good,False
baseline[good=above],baseline/91,21,24,bad,toward_bad,False
baseline[good=above],baseline/91,22,24,bad,toward_good,False
baseline[good=above],baseline/91,23,24,bad,,True
baseline[good=below],baseline/91,0,24,good,toward_bad,False
baseline[good=below],baseline/91,1,24,good,toward_bad,False
baseline[good=below],baseline/91,2,24,good,toward_good,False
baseline[good=below],baseline/91,3,24,good,toward_bad,False
baseline[good=below],baseline/91,4,24,good,toward_bad,False
baseline[good=below],baseline/91,5,24,good,toward_good,False
baseline[good=below],baseline/91,6,24,good,toward_good,False
baseline[good=below],baseline/91,7,24,good,toward_good,False
baseline[good=below],baseline/91,8,24,good,toward_bad,False
baseline[good=below],baseline/91,9,24,good,toward_good,False
baseline[good=below],baseline/91,10,24,good,toward_good,False
baseline[good=below],baseline/91,11,24,good,toward_bad,False
baseline[good=below],baseline/91,12,24,good,toward_good,False
baseline[good=below],baseline/91,13,24,good,toward_good,False
baseline[good=below],baseline/91,14,24,good,toward_bad,False
baseline[good=below],baseline/91,15,24,good,toward_bad,False
baseline[good=below],baseline/91,16,24,good,toward_good,False
baseline[good=below],baseline/91,17,24,good,toward_good,False
baseline[good=below],baseline/91,18,24,good,toward_good,False
baseline[good=below],baseline/91,19,24,good,toward_good,False
baseline[good=below],baseline/91,20,24,good,toward_bad,False
baseline[good=below],baseline/91,21,24,good,toward_good,False
baseline[good=below],baseline/91,22,24,good,toward_bad,False
baseline[good=below],baseline/91,23,24,good,,True
baseline[good=above],baseline/92,0,16,good,toward_good,False
baseline[good=above],baseline/92,1,16,good,toward_bad,False
baseline[good=above],baseline/92,2,16,good,toward_bad,False
baseline[good=above],baseline/92,3,16,good,toward_bad,False
baseline[good=above],baseline/92,4,16,good,toward_good,False
baseline[good=above],baseline/92,5,16,good,toward_good,False
baseline[good=above],baseline/92,6,16,good,toward_good,False
baseline[good=above],baseline/92,7,16,good,toward_bad,False
baseline[good=above],baseline/92,8,16,good,toward_bad,False
baseline[good=above],baseline/92,9,16,good,toward_bad,False
baseline[good=above],baseline/92,10,16,good,toward_good,False
baseline[good=above],baseline/92,11,16,good,toward_good,False
baseline[good=above],baseline/92,12,16,good,toward_good,False
baseline[good=above],baseline/92,13,16,good,toward_bad,False
baseline[good=above],baseline/92,14,16,good,toward_bad,False
baseline[good=above],baseline/92,15,16,good,,True
baseline[good=below],baseline/92,0,16,bad,toward_bad,False
baseline[good=below],baseline/92,1,16,bad,toward_good,False
baseline[good=below],baseline/92,2,16,bad,toward_good,False
baseline[good=below],baseline/92,3,16,bad,toward_good,False
baseline[good=below],baseline/92,4,16,bad,toward_bad,False
baseline[good=below],baseline/92,5,16,bad,toward_bad,False
baseline[good=below],baseline/92,6,16,bad,toward_bad,False
baseline[good=below],baseline/92,7,16,bad,toward_good,False
baseline[good=below],baseline/92,8,16,bad,toward_good,False
baseline[good=below],baseline/92,9,16,bad,toward_good,False
baseline[good=below],baseline/92,10,16,bad,toward_bad,False
baseline[good=below],baseline/92,11,16,bad,toward_bad,False
baseline[good=below],baseline/92,12,16,bad,toward_bad,False
baseline[good=below],baseline/92,13,16,bad,toward_good,False
baseline[good=below],baseline/92,14,16,bad,toward_good,False
baseline[good=below],baseline/92,15,16,bad,,True
baseline[good=above],baseline/95,0,5,bad,toward_bad,False
baseline[good=above],baseline/95,1,5,bad,toward_bad,False
baseline[good=above],baseline/95,2,5,bad,toward_bad,False
baseline[good=above],baseline/95,3,5,bad,toward_good,False
baseline[good=above],baseline/95,4,5,bad,,True
baseline[good=below],baseline/95,0,5,good,toward_good,False
baseline[good=below],baseline/95,1,5,good,toward_good,False
baseline[good=below],baseline/95,2,5,good,toward_good,False
baseline[good=below],baseline/95,3,5,good,toward_bad,False
baseline[good=below],baseline/95,4,5,good,,True
baseline[good=above],baseline/96,0,28,good,toward_good,False
baseline[good=above],baseline/96,1,28,good,toward_bad,False
baseline[good=above],baseline/96,2,28,good,toward_good,False
baseline[good=above],baseline/96,3,28,good,toward_bad,False
baseline[good=above],baseline/96,4,28,good,toward_good,False
baseline[good=above],baseline/96,5,28,good,toward_bad,False
baseline[good=above],baseline/96,6,28,bad,toward_good,False
baseline[good=above],baseline/96,7,28,bad,toward_bad,False
baseline[good=above],baseline/96,8,28,bad,toward_good,False
baseline[good=above],baseline/96,9,28,good,toward_good,False
baseline[good=above],baseline/96,10,28,good,toward_bad,False
baseline[good=above],baseline/96,11,28,bad,toward_bad,False
baseline[good=above],baseline/96,12,28,bad,toward_bad,False
baseline[good=above],baseline/96,13,28,bad,toward_good,False
baseline[good=above],baseline/96,14,28,bad,toward_bad,False
baseline[good=above],baseline/96,15,28,bad,toward_bad,False
baseline[good=above],baseline/96,16,28,bad,toward_good,False
baseline[good=above],baseline/96,17,28,bad,toward_bad,False
baseline[good=above],baseline/96,18,28,bad,toward_good,False
baseline[good=above],baseline/96,19,28,bad,toward_bad,False
baseline[good=above],baseline/96,20,28,bad,toward_good,False
baseline[good=above],baseline/96,21,28,bad,toward_good,False
baseline[good=above],baseline/96,22,28,bad,toward_good,False
baseline[good=above],baseline/96,23,28,bad,toward_good,False
baseline[good=above],baseline/96,24,28,bad,toward_good,False
baseline[good=above],baseline/96,25,28,bad,toward_bad,False
baseline[good=above],baseline/96,26,28,bad,toward_bad,False
baseline[good=above],baseline/96,27,28,bad,,True
baseline[good=below],baseline/96,0,28,bad,toward_bad,False
baseline[good=below],baseline/96,1,28,bad,toward_good,False
baseline[good=below],baseline/96,2,28,bad,toward_bad,False
baseline[good=below],baseline/96,3,28,bad,toward_good,False
baseline[good=below],baseline/96,4,28,bad,toward_bad,False
baseline[good=below],baseline/96,5,28,bad,toward_good,False
baseline[good=below],baseline/96,6,28,good,toward_bad,False
baseline[good=below],baseline/96,7,28,good,toward_good,False
baseline[good=below],baseline/96,8,28,good,toward_bad,False
baseline[good=below],baseline/96,9,28,bad,toward_bad,False
baseline[good=below],baseline/96,10,28,bad,toward_good,False
baseline[good=below],baseline/96,11,28,good,toward_good,False
baseline[good=below],baseline/96,12,28,good,toward_good,False
baseline[good=below],baseline/96,13,28,good,toward_bad,False
baseline[good=below],baseline/96,14,28,good,toward_good,False
baseline[good=below],baseline/96,15,28,good,toward_good,False
baseline[good=below],baseline/96,16,28,good,toward_bad,False
baseline[good=below],baseline/96,17,28,good,toward_good,False
baseline[good=below],baseline/96,18,28,good,toward_bad,False
baseline[good=below],baseline/96,19,28,good,toward_good,False
baseline[good=below],baseline/96,20,28,good,toward_bad,False
baseline[good=below],baseline/96,21,28,good,toward_bad,False
baseline[good=below],baseline/96,22,28,good,toward_bad,False
baseline[good=below],baseline/96,23,28,good,toward_bad,False
baseline[good=below],baseline/96,24,28,good,toward_bad,False
baseline[good=below],baseline/96,25,28,good,toward_good,False
baseline[good=below],baseline/96,26,28,good,toward_good,False
baseline[good=below],baseline/96,27,28,good,,True
baseline[good=above],baseline/97,0,3,good,toward_good,False
baseline[good=above],baseline/97,1,3,good,toward_good,False
baseline[good=above],baseline/97,2,3,good,,True
baseline[good=below],baseline/97,0,3,bad,toward_bad,False
baseline[good=below],baseline/97,1,3,bad,toward_bad,False
baseline[good=below],baseline/97,2,3,bad,,True
baseline[good=above],baseline/98,0,17,bad,toward_bad,False
baseline[good=above],baseline/98,1,17,bad,toward_bad,False
baseline[good=above],baseline/98,2,17,bad,toward_bad,False
baseline[good=above],baseline/98,3,17,bad,toward_good,False
baseline[good=above],baseline/98,4,17,bad,toward_bad,False
baseline[good=above],baseline/98,5,17,bad,toward_good,False
baseline[good=above],baseline/98,6,17,bad,toward_bad,False
baseline[good=above],baseline/98,7,17,bad,toward_bad,False
baseline[good=above],baseline/98,8,17,bad,toward_bad,False
baseline[good=above],baseline/98,9,17,bad,toward_good,False
baseline[good=above],baseline/98,10,17,bad,toward_bad,False
baseline[good=above],baseline/98,11,17,bad,toward_good,False
baseline[good=above],baseline/98,12,17,bad,toward_bad,False
baseline[good=above],baseline/98,13,17,bad,toward_good,False
baseline[good=above],baseline/98,14,17,bad,toward_bad,False
baseline[good=above],baseline/98,15,17,bad,toward_good,False
baseline[good=above],baseline/98,16,17,bad,,True
baseline[good=below],baseline/98,0,17,good,toward_good,False
baseline[good=below],baseline/98,1,17,good,toward_good,False
baseline[good=below],baseline/98,2,17,good,toward_good,False
baseline[good=below],baseline/98,3,17,good,toward_bad,False
baseline[good=below],baseline/98,4,17,good,toward_good,False
baseline[good=below],baseline/98,5,17,good,toward_bad,False
baseline[good=below],baseline/98,6,17,good,toward_good,False
baseline[good=below],baseline/98,7,17,good,toward_good,False
baseline[good=below],baseline/98,8,17,good,toward_good,False
baseline[good=below],baseline/98,9,17,good,toward_bad,False
baseline[good=below],baseline/98,10,17,good,toward_good,False
baseline[good=below],baseline/98,11,17,good,toward_bad,False
baseline[good=below],baseline/98,12,17,good,toward_good,False
baseline[good=below],baseline/98,13,17,good,toward_bad,False
baseline[good=below],baseline/98,14,17,good,toward_good,False
baseline[good=below],baseline/98,15,17,good,toward_bad,False
baseline[good=below],baseline/98,16,17,good,,True
baseline[good=above],baseline/99,0,24,bad,toward_bad,False
baseline[good=above],baseline/99,1,24,bad,toward_good,False
baseline[good=above],baseline/99,2,24,bad,toward_bad,False
baseline[good=above],baseline/99,3,24,bad,toward_bad,False
baseline[good=above],baseline/99,4,24,bad,toward_good,False
baseline[good=above],baseline/99,5,24,bad,toward_good,False
baseline[good=above],baseline/99,6,24,bad,toward_bad,False
baseline[good=above],baseline/99,7,24,bad,toward_good,False
baseline[good=above],baseline/99,8,24,bad,toward_bad,False
baseline[good=above],baseline/99,9,24,bad,toward_good,False
baseline[good=above],baseline/99,10,24,bad,toward_good,False
baseline[good=above],baseline/99,11,24,bad,toward_bad,False
baseline[good=above],baseline/99,12,24,bad,toward_good,False
baseline[good=above],baseline/99,13,24,bad,toward_bad,False
baseline[good=above],baseline/99,14,24,bad,toward_good,False
baseline[good=above],baseline/99,15,24,bad,toward_good,False
baseline[good=above],baseline/99,16,24,bad,toward_bad,False
baseline[good=above],baseline/99,17,24,bad,toward_good,False
baseline[good=above],baseline/99,18,24,bad,toward_good,False
baseline[good=above],baseline/99,19,24,bad,same,False
baseline[good=above],baseline/99,20,24,bad,toward_good,False
baseline[good=above],baseline/99,21,24,bad,toward_bad,False
baseline[good=above],baseline/99,22,24,bad,toward_good,False
baseline[good=above],baseline/99,23,24,bad,,True
baseline[good=below],baseline/99,0,24,good,toward_good,False
baseline[good=below],baseline/99,1,24,good,toward_bad,False
baseline[good=below],baseline/99,2,24,good,toward_good,False
baseline[good=below],baseline/99,3,24,good,toward_good,False
baseline[good=below],baseline/99,4,24,good,toward_bad,False
baseline[good=below],baseline/99,5,24,good,toward_bad,False
baseline[good=below],baseline/99,6,24,good,toward_good,False
baseline[good=below],baseline/99,7,24,good,toward_bad,False
baseline[good=below],baseline/99,8,24,good,toward_good,False
baseline[good=below],baseline/99,9,24,good,toward_bad,False
baseline[good=below],baseline/99,10,24,good,toward_bad,False
baseline[good=below],baseline/99,11,24,good,toward_good,False
baseline[good=below],baseline/99,12,24,good,toward_bad,False
baseline[good=below],baseline/99,13,24,good,toward_good,False
baseline[good=below],baseline/99,14,24,good,toward_bad,False
baseline[good=below],baseline/99,15,24,good,toward_bad,False
baseline[good=below],baseline/99,16,24,good,toward_good,False
baseline[good=below],baseline/99,17,24,good,toward_bad,False
baseline[good=below],baseline/99,18,24,good,toward_bad,False
baseline[good=below],baseline/99,19,24,good,same,False
baseline[good=below],baseline/99,20,24,good,toward_bad,False
baseline[good=below],baseline/99,21,24,good,toward_good,False
baseline[good=below],baseline/99,22,24,good,toward_bad,False
baseline[good=below],baseline/99,23,24,good,,True
below_good,below_good/0,0,14,good,toward_good,False
below_good,below_good/0,1,14,good,toward_good,False
below_good,below_good/0,2,14,good,toward_bad,False
below_good,below_good/0,3,14,good,toward_bad,False
below_good,below_good/0,4,14,good,toward_bad,False
below_good,below_good/0,5,14,good,toward_good,False
below_good,below_good/0,6,14,good,toward_bad,False
below_good,below_good/0,7,14,good,toward_good,False
below_good,below_good/0,8,14,good,toward_bad,False
below_good,below_good/0,9,14,good,toward_good,False
below_good,below_good/0,10,14,good,toward_good,False
below_good,below_good/0,11,14,good,toward_bad,False
below_good,below_good/0,12,14,good,toward_good,False
below_good,below_good/0,13,14,good,,True
below_good,below_good/1,0,13,good,toward_bad,False
below_good,below_good/1,1,13,bad,toward_good,False
below_good,below_good/1,2,13,bad,toward_good,False
below_good,below_good/1,3,13,good,toward_bad,False
below_good,below_good/1,4,13,good,toward_bad,False
below_good,below_good/1,5,13,good,toward_bad,False
below_good,below_good/1,6,13,good,toward_bad,False
below_good,below_good/1,7,13,good,toward_good,False
below_good,below_good/1,8,13,good,toward_bad,False
below_good,below_good/1,9,13,good,toward_good,False
below_good,below_good/1,10,13,good,toward_bad,False
below_good,below_good/1,11,13,good,toward_good,False
below_good,below_good/1,12,13,good,,True
below_good,below_good/2,0,6,good,toward_bad,False
below_good,below_good/2,1,6,good,toward_good,False
below_good,below_good/2,2,6,good,toward_bad,False
below_good,below_good/2,3,6,good,toward_bad,False
below_good,below_good/2,4,6,good,toward_good,False
below_good,below_good/2,5,6,good,,True
below_good,below_good/4,0,1,good,,True
below_good,below_good/5,0,1,good,,True
below_good,below_good/6,0,1,good,,True
below_good,below_good/7,0,5,good,toward_bad,False
below_good,below_good/7,1,5,good,toward_bad,False
below_good,below_good/7,2,5,good,toward_bad,False
below_good,below_good/7,3,5,good,toward_good,False
below_good,below_good/7,4,5,good,,True
below_good,below_good/8,0,20,bad,toward_bad,False
below_good,below_good/8,1,20,bad,toward_good,False
below_good,below_good/8,2,20,bad,toward_bad,False
below_good,below_good/8,3,20,bad,toward_good,False
below_good,below_good/8,4,20,bad,toward_good,False
below_good,below_good/8,5,20,bad,toward_good,False
below_good,below_good/8,6,20,bad,toward_good,False
below_good,below_good/8,7,20,bad,toward_good,False
below_good,below_good/8,8,20,good,toward_bad,False
below_good,below_good/8,9,20,bad,toward_good,False
below_good,below_good/8,10,20,good,toward_bad,False
below_good,below_good/8,11,20,good,toward_bad,False
below_good,below_good/8,12,20,bad,toward_bad,False
below_good,below_good/8,13,20,bad,toward_good,False
below_good,below_good/8,14,20,bad,toward_good,False
below_good,below_good/8,15,20,good,toward_bad,False
below_good,below_good/8,16,20,bad,toward_good,False
below_good,below_good/8,17,20,bad,toward_good,False
below_good,below_good/8,18,20,good,toward_bad,False
below_good,below_good/8,19,20,bad,,True
below_good,below_good/9,0,21,bad,toward_good,False
below_good,below_good/9,1,21,bad,toward_good,False
below_good,below_good/9,2,21,bad,toward_good,False
below_good,below_good/9,3,21,good,toward_bad,False
below_good,below_good/9,4,21,bad,toward_bad,False
below_good,below_good/9,5,21,bad,toward_good,False
below_good,below_good/9,6,21,bad,toward_good,False
below_good,below_good/9,7,21,good,toward_bad,False
below_good,below_good/9,8,21,bad,toward_good,False
below_good,below_good/9,9,21,bad,toward_good,False
below_good,below_good/9,10,21,good,toward_bad,False
below_good,below_good/9,11,21,good,toward_bad,False
below_good,below_good/9,12,21,good,toward_good,False
below_good,below_good/9,13,21,good,toward_bad,False
below_good,below_good/9,14,21,good,toward_bad,False
below_good,below_good/9,15,21,bad,toward_good,False
below_good,below_good/9,16,21,good,toward_bad,False
below_good,below_good/9,17,21,good,toward_good,False
below_good,below_good/9,18,21,good,toward_bad,False
below_good,below_good/9,19,21,good,toward_bad,False
below_good,below_good/9,20,21,good,,True
below_good,below_good/10,0,15,good,toward_bad,False
below_good,below_good/10,1,15,good,toward_good,False
below_good,below_good/10,2,15,good,toward_bad,False
below_good,below_good/10,3,15,good,toward_good,False
below_good,below_good/10,4,15,good,toward_bad,False
below_good,below_good/10,5,15,good,toward_bad,False
below_good,below_good/10,6,15,good,toward_good,False
below_good,below_good/10,7,15,good,toward_bad,False
below_good,below_good/10,8,15,good,toward_bad,False
below_good,below_good/10,9,15,good,toward_good,False
below_good,below_good/10,10,15,good,toward_good,False
below_good,below_good/10,11,15,good,toward_good,False
below_good,below_good/10,12,15,good,toward_good,False
below_good,below_good/10,13,15,good,toward_bad,False
below_good,below_good/10,14,15,good,,True
below_good,below_good/11,0,2,good,toward_bad,False
below_good,below_good/11,1,2,good,,True
below_good,below_good/12,0,1,good,,True
below_good,below_good/13,0,1,good,,True
below_good,below_good/15,0,1,good,,True
below_good,below_good/16,0,17,good,toward_bad,False
below_good,below_good/16,1,17,good,toward_bad,False
below_good,below_good/16,2,17,good,toward_good,False
below_good,below_good/16,3,17,good,toward_good,False
below_good,below_good/16,4,17,good,toward_bad,False
below_good,below_good/16,5,17,good,toward_bad,False
below_good,below_good/16,6,17,good,toward_bad,False
below_good,below_good/16,7,17,good,toward_good,False
below_good,below_good/16,8,17,good,toward_bad,False
below_good,below_good/16,9,17,good,toward_good,False
below_good,below_good/16,10,17,good,toward_bad,False
below_good,below_good/16,11,17,good,toward_good,False
below_good,below_good/16,12,17,good,toward_bad,False
below_good,below_good/16,13,17,good,toward_bad,False
below_good,below_good/16,14,17,good,toward_bad,False
below_good,below_good/16,15,17,good,toward_good,False
below_good,below_good/16,16,17,good,,True
below_good,below_good/17,0,15,bad,toward_bad,False
below_good,below_good/17,1,15,bad,toward_good,False
below_good,below_good/17,2,15,bad,toward_good,False
below_good,below_good/17,3,15,bad,toward_good,False
below_good,below_good/17,4,15,good,toward_bad,False
below_good,below_good/17,5,15,good,toward_bad,False
below_good,below_good/17,6,15,bad,toward_bad,False
below_good,below_good/17,7,15,bad,toward_good,False
below_good,below_good/17,8,15,bad,toward_bad,False
below_good,below_good/17,9,15,bad,toward_good,False
below_good,below_good/17,10,15,bad,toward_good,False
below_good,below_good/17,11,15,good,toward_bad,False
below_good,below_good/17,12,15,good,toward_bad,False
below_good,below_good/17,13,15,good,toward_good,False
below_good,below_good/17,14,15,good,,True
below_good,below_good/18,0,13,good,toward_bad,False
below_good,below_good/18,1,13,good,toward_good,False
below_good,below_good/18,2,13,good,toward_bad,False
below_good,below_good/18,3,13,good,toward_bad,False
below_good,below_good/18,4,13,good,toward_bad,False
below_good,below_good/18,5,13,good,toward_good,False
below_good,below_good/18,6,13,good,toward_good,False
below_good,below_good/18,7,13,good,toward_bad,False
below_good,below_good/18,8,13,good,toward_bad,False
below_good,below_good/18,9,13,bad,toward_good,False
below_good,below_good/18,10,13,good,toward_good,False
below_good,below_good/18,11,13,good,toward_good,False
below_good,below_good/18,12,13,good,,True
below_good,below_good/19,0,11,good,toward_bad,False
below_good,below_good/19,1,11,good,toward_bad,False
below_good,below_good/19,2,11,good,toward_good,False
below_good,below_good/19,3,11,good,toward_good,False
below_good,below_good/19,4,11,good,toward_bad,False
below_good,below_good/19,5,11,good,toward_good,False
below_good,below_good/19,6,11,good,toward_bad,False
below_good,below_good/19,7,11,good,toward_bad,False
below_good,below_good/19,8,11,good,toward_bad,False
below_good,below_good/19,9,11,good,toward_bad,False
below_good,below_good/19,10,11,good,,True
below_good,below_good/20,0,3,good,toward_bad,False
below_good,below_good/20,1,3,good,toward_good,False
below_good,below_good/20,2,3,good,,True
below_good,below_good/22,0,1,good,,True
below_good,below_good/23,0,7,good,toward_good,False
below_good,below_good/23,1,7,good,toward_bad,False
below_good,below_good/23,2,7,good,toward_bad,False
below_good,below_good/23,3,7,good,toward_bad,False
below_good,below_good/23,4,7,good,toward_good,False
below_good,below_good/23,5,7,good,toward_bad,False
below_good,below_good/23,6,7,good,,True
below_good,below_good/24,0,18,good,toward_bad,False
below_good,below_good/24,1,18,good,toward_bad,False
below_good,below_good/24,2,18,good,toward_bad,False
below_good,below_good/24,3,18,bad,toward_good,False
below_good,below_good/24,4,18,good,toward_good,False
below_good,below_good/24,5,18,good,toward_bad,False
below_good,below_good/24,6,18,good,toward_bad,False
below_good,below_good/24,7,18,good,toward_good,False
below_good,below_good/24,8,18,good,toward_bad,False
below_good,below_good/24,9,18,good,toward_good,False
below_good,below_good/24,10,18,good,toward_good,False
below_good,below_good/24,11,18,good,toward_bad,False
below_good,below_good/24,12,18,good,toward_bad,False
below_good,below_good/24,13,18,good,toward_bad,False
below_good,below_good/24,14,18,good,toward_bad,False
below_good,below_good/24,15,18,good,toward_good,False
below_good,below_good/24,16,18,good,same,False
below_good,below_good/24,17,18,good,,True
below_good,below_good/25,0,1,good,,True
below_good,below_good/27,0,20,good,toward_good,False
below_good,below_good/27,1,20,good,toward_bad,False
below_good,below_good/27,2,20,good,toward_good,False
below_good,below_good/27,3,20,good,toward_bad,False
below_good,below_good/27,4,20,good,toward_bad,False
below_good,below_good/27,5,20,good,toward_good,False
below_good,below_good/27,6,20,good,toward_bad,False
below_good,below_good/27,7,20,good,toward_good,False
below_good,below_good/27,8,20,good,toward_bad,False
below_good,below_good/27,9,20,good,toward_good,False
below_good,below_good/27,10,20,good,toward_good,False
below_good,below_good/27,11,20,good,toward_bad,False
below_good,below_good/27,12,20,good,toward_bad,False
below_good,below_good/27,13,20,good,toward_good,False
below_good,below_good/27,14,20,good,toward_good,False
below_good,below_good/27,15,20,good,toward_bad,False
below_good,below_good/27,16,20,good,toward_good,False
below_good,below_good/27,17,20,good,toward_good,False
below_good,below_good/27,18,20,good,toward_bad,False
below_good,below_good/27,19,20,good,,True
below_good,below_good/28,0,17,good,toward_bad,False
below_good,below_good/28,1,17,good,toward_bad,False
below_good,below_good/28,2,17,good,toward_good,False
below_good,below_good/28,3,17,good,toward_bad,False
below_good,below_good/28,4,17,good,toward_good,False
below_good,below_good/28,5,17,good,toward_bad,False
below_good,below_good/28,6,17,good,toward_bad,False
below_good,below_good/28,7,17,good,toward_bad,False
below_good,below_good/28,8,17,good,toward_bad,False
below_good,below_good/28,9,17,good,toward_bad,False
below_good,below_good/28,10,17,good,toward_bad,False
below_good,below_good/28,11,17,good,toward_good,False
below_good,below_good/28,12,17,good,toward_bad,False
below_good,below_good/28,13,17,good,toward_bad,False
below_good,below_good/28,14,17,good,toward_bad,False
below_good,below_good/28,15,17,good,toward_bad,False
below_good,below_good/28,16,17,good,,True
below_good,below_good/30,0,17,good,toward_bad,False
below_good,below_good/30,1,17,good,toward_bad,False
below_good,below_good/30,2,17,good,toward_good,False
below_good,below_good/30,3,17,good,toward_bad,False
below_good,below_good/30,4,17,good,toward_good,False
below_good,below_good/30,5,17,good,toward_good,False
below_good,below_good/30,6,17,good,toward_bad,False
below_good,below_good/30,7,17,good,toward_good,False
below_good,below_good/30,8,17,good,toward_bad,False
below_good,below_good/30,9,17,good,toward_bad,False
below_good,below_good/30,10,17,good,toward_bad,False
below_good,below_good/30,11,17,good,toward_good,False
below_good,below_good/30,12,17,good,toward_good,False
below_good,below_good/30,13,17,good,toward_bad,False
below_good,below_good/30,14,17,good,toward_bad,False
below_good,below_good/30,15,17,good,toward_good,False
below_good,below_good/30,16,17,good,,True
below_good,below_good/31,0,1,good,,True
below_good,below_good/32,0,4,good,toward_good,False
below_good,below_good/32,1,4,good,toward_bad,False
below_good,below_good/32,2,4,good,toward_good,False
below_good,below_good/32,3,4,good,,True
below_good,below_good/33,0,6,good,toward_bad,False
below_good,below_good/33,1,6,bad,toward_good,False
below_good,below_good/33,2,6,bad,toward_good,False
below_good,below_good/33,3,6,bad,toward_good,False
below_good,below_good/33,4,6,bad,toward_good,False
below_good,below_good/33,5,6,good,,True
below_good,below_good/34,0,6,good,toward_bad,False
below_good,below_good/34,1,6,good,toward_bad,False
below_good,below_good/34,2,6,good,toward_good,False
below_good,below_good/34,3,6,good,toward_good,False
below_good,below_good/34,4,6,good,toward_good,False
below_good,below_good/34,5,6,good,,True
below_good,below_good/35,0,19,good,toward_bad,False
below_good,below_good/35,1,19,good,toward_good,False
below_good,below_good/35,2,19,good,toward_bad,False
below_good,below_good/35,3,19,good,toward_bad,False
below_good,below_good/35,4,19,bad,toward_good,False
below_good,below_good/35,5,19,good,toward_bad,False
below_good,below_good/35,6,19,good,toward_bad,False
below_good,below_good/35,7,19,good,toward_bad,False
below_good,below_good/35,8,19,bad,toward_good,False
below_good,below_good/35,9,19,good,toward_bad,False
below_good,below_good/35,10,19,good,toward_bad,False
below_good,below_good/35,11,19,good,toward_bad,False
below_good,below_good/35,12,19,good,toward_bad,False
below_good,below_good/35,13,19,good,toward_good,False
below_good,below_good/35,14,19,good,toward_bad,False
below_good,below_good/35,15,19,good,toward_bad,False
below_good,below_good/35,16,19,good,toward_good,False
below_good,below_good/35,17,19,good,toward_bad,False
below_good,below_good/35,18,19,good,,True
below_good,below_good/36,0,12,good,toward_bad,False
below_good,below_good/36,1,12,good,toward_bad,False
below_good,below_good/36,2,12,good,toward_good,False
below_good,below_good/36,3,12,good,toward_good,False
below_good,below_good/36,4,12,good,toward_bad,False
below_good,below_good/36,5,12,good,toward_good,False
below_good,below_good/36,6,12,good,toward_bad,False
below_good,below_good/36,7,12,good,toward_good,False
below_good,below_good/36,8,12,good,toward_bad,False
below_good,below_good/36,9,12,good,same,False
below_good,below_good/36,10,12,good,toward_good,False
below_good,below_good/36,11,12,good,,True
below_good,below_good/37,0,2,good,toward_bad,False
below_good,below_good/37,1,2,good,,True
below_good,below_good/38,0,13,good,toward_bad,False
below_good,below_good/38,1,13,good,toward_bad,False
below_good,below_good/38,2,13,good,toward_bad,False
below_good,below_good/38,3,13,good,toward_good,False
below_good,below_good/38,4,13,good,toward_bad,False
below_good,below_good/38,5,13,good,toward_good,False
below_good,below_good/38,6,13,good,toward_bad,False
below_good,below_good/38,7,13,good,toward_good,False
below_good,below_good/38,8,13,good,toward_bad,False
below_good,below_good/38,9,13,good,toward_good,False
below_good,below_good/38,10,13,good,toward_bad,False
below_good,below_good/38,11,13,good,toward_good,False
below_good,below_good/38,12,13,good,,True
below_good,below_good/39,0,15,bad,toward_good,False
below_good,below_good/39,1,15,bad,toward_good,False
below_good,below_good/39,2,15,good,toward_bad,False
below_good,below_good/39,3,15,good,toward_bad,False
below_good,below_good/39,4,15,good,toward_good,False
below_good,below_good/39,5,15,good,toward_good,False
below_good,below_good/39,6,15,good,toward_bad,False
below_good,below_good/39,7,15,good,toward_good,False
below_good,below_good/39,8,15,good,toward_good,False
below_good,below_good/39,9,15,good,toward_bad,False
below_good,below_good/39,10,15,good,toward_bad,False
below_good,below_good/39,11,15,good,toward_good,False
below_good,below_good/39,12,15,good,toward_good,False
below_good,below_good/39,13,15,good,toward_good,False
below_good,below_good/39,14,15,good,,True
below_good,below_good/40,0,22,good,toward_good,False
below_good,below_good/40,1,22,good,toward_bad,False
below_good,below_good/40,2,22,good,toward_bad,False
below_good,below_good/40,3,22,good,toward_good,False
below_good,below_good/40,4,22,good,toward_good,False
below_good,below_good/40,5,22,good,toward_bad,False
below_good,below_good/40,6,22,good,toward_bad,False
below_good,below_good/40,7,22,good,toward_good,False
below_good,below_good/40,8,22,good,toward_bad,False
below_good,below_good/40,9,22,good,toward_bad,False
below_good,below_good/40,10,22,good,toward_good,False
below_good,below_good/40,11,22,good,toward_good,False
below_good,below_good/40,12,22,good,toward_bad,False
below_good,below_good/40,13,22,good,toward_bad,False
below_good,below_good/40,14,22,good,toward_good,False
below_good,below_good/40,15,22,good,toward_bad,False
below_good,below_good/40,16,22,good,toward_good,False
below_good,below_good/40,17,22,good,toward_good,False
below_good,below_good/40,18,22,good,toward_bad,False
below_good,below_good/40,19,22,good,toward_good,False
below_good,below_good/40,20,22,good,toward_bad,False
below_good,below_good/40,21,22,good,,True
below_good,below_good/41,0,9,good,toward_bad,False
below_good,below_good/41,1,9,good,same,False
below_good,below_good/41,2,9,good,toward_good,False
below_good,below_good/41,3,9,good,toward_bad,False
below_good,below_good/41,4,9,good,toward_bad,False
below_good,below_good/41,5,9,good,toward_bad,False
below_good,below_good/41,6,9,good,toward_good,False
below_good,below_good/41,7,9,good,toward_good,False
below_good,below_good/41,8,9,good,,True
below_good,below_good/42,0,3,good,toward_good,False
below_good,below_good/42,1,3,good,toward_bad,False
below_good,below_good/42,2,3,good,,True
below_good,below_good/43,0,3,good,toward_bad,False
below_good,below_good/43,1,3,good,toward_good,False
below_good,below_good/43,2,3,good,,True
below_good,below_good/44,0,14,bad,toward_good,False
below_good,below_good/44,1,14,good,toward_good,False
below_good,below_good/44,2,14,good,toward_bad,False
below_good,below_good/44,3,14,good,toward_good,False
below_good,below_good/44,4,14,good,toward_bad,False
below_good,below_good/44,5,14,good,toward_bad,False
below_good,below_good/44,6,14,bad,toward_good,False
below_good,below_good/44,7,14,good,toward_good,False
below_good,below_good/44,8,14,good,toward_bad,False
below_good,below_good/44,9,14,good,toward_good,False
below_good,below_good/44,10,14,good,toward_good,False
below_good,below_good/44,11,14,good,toward_good,False
below_good,below_good/44,12,14,good,toward_bad,False
below_good,below_good/44,13,14,good,,True
below_good,below_good/45,0,1,good,,True
below_good,below_good/46,0,8,good,toward_bad,False
below_good,below_good/46,1,8,good,toward_good,False
below_good,below_good/46,2,8,good,toward_bad,False
below_good,below_good/46,3,8,good,toward_good,False
below_good,below_good/46,4,8,good,toward_bad,False
below_good,below_good/46,5,8,good,toward_good,False
below_good,below_good/46,6,8,good,toward_bad,False
below_good,below_good/46,7,8,good,,True
below_good,below_good/47,0,24,good,toward_bad,False
below_good,below_good/47,1,24,good,toward_bad,False
below_good,below_good/47,2,24,good,toward_good,False
below_good,below_good/47,3,24,good,toward_good,False
below_good,below_good/47,4,24,good,toward_bad,False
below_good,below_good/47,5,24,good,toward_bad,False
below_good,below_good/47,6,24,good,toward_good,False
below_good,below_good/47,7,24,good,toward_bad,False
below_good,below_good/47,8,24,good,toward_bad,False
below_good,below_good/47,9,24,good,toward_good,False
below_good,below_good/47,10,24,good,toward_bad,False
below_good,below_good/47,11,24,good,toward_bad,False
below_good,below_good/47,12,24,good,toward_bad,False
below_good,below_good/47,13,24,good,toward_good,False
below_good,below_good/47,14,24,good,toward_bad,False
below_good,below_good/47,15,24,good,toward_bad,False
below_good,below_good/47,16,24,good,toward_bad,False
below_good,below_good/47,17,24,good,toward_good,False
below_good,below_good/47,18,24,good,toward_good,False
below_good,below_good/47,19,24,good,toward_bad,False
below_good,below_good/47,20,24,good,toward_bad,False
below_good,below_good/47,21,24,good,toward_good,False
below_good,below_good/47,22,24,good,toward_bad,False
below_good,below_good/47,23,24,good,,True
below_good,below_good/48,0,26,good,toward_bad,False
below_good,below_good/48,1,26,good,toward_bad,False
below_good,below_good/48,2,26,good,toward_bad,False
below_good,below_good/48,3,26,bad,toward_good,False
below_good,below_good/48,4,26,good,toward_bad,False
below_good,below_good/48,5,26,good,toward_bad,False
below_good,below_good/48,6,26,good,toward_bad,False
below_good,below_good/48,7,26,good,toward_bad,False
below_good,below_good/48,8,26,good,toward_good,False
below_good,below_good/48,9,26,good,toward_bad,False
below_good,below_good/48,10,26,good,toward_good,False
below_good,below_good/48,11,26,good,toward_bad,False
below_good,below_good/48,12,26,good,toward_bad,False
below_good,below_good/48,13,26,good,toward_good,False
below_good,below_good/48,14,26,good,toward_good,False
below_good,below_good/48,15,26,good,toward_bad,False
below_good,below_good/48,16,26,good,toward_bad,False
below_good,below_good/48,17,26,good,toward_bad,False
below_good,below_good/48,18,26,good,toward_good,False
below_good,below_good/48,19,26,good,toward_good,False
below_good,below_good/48,20,26,good,toward_bad,False
below_good,below_good/48,21,26,good,toward_good,False
below_good,below_good/48,22,26,good,toward_bad,False
below_good,below_good/48,23,26,good,toward_bad,False
below_good,below_good/48,24,26,good,toward_bad,False
below_good,below_good/48,25,26,good,,True
below_good,below_good/49,0,3,good,toward_bad,False
below_good,below_good/49,1,3,good,toward_bad,False
below_good,below_good/49,2,3,good,,True
below_good,below_good/50,0,1,good,,True
below_good,below_good/51,0,10,bad,toward_good,False
below_good,below_good/51,1,10,bad,toward_good,False
below_good,below_good/51,2,10,good,toward_bad,False
below_good,below_good/51,3,10,bad,toward_good,False
below_good,below_good/51,4,10,good,toward_good,False
below_good,below_good/51,5,10,good,toward_bad,False
below_good,below_good/51,6,10,good,toward_bad,False
below_good,below_good/51,7,10,bad,toward_good,False
below_good,below_good/51,8,10,good,toward_bad,False
below_good,below_good/51,9,10,bad,,True
below_good,below_good/52,0,3,good,toward_bad,False
below_good,below_good/52,1,3,good,toward_good,False
below_good,below_good/52,2,3,good,,True
below_good,below_good/53,0,5,good,toward_bad,False
below_good,below_good/53,1,5,good,toward_bad,False
below_good,below_good/53,2,5,good,toward_good,False
below_good,below_good/53,3,5,good,toward_good,False
below_good,below_good/53,4,5,good,,True
below_good,below_good/54,0,4,good,toward_bad,False
below_good,below_good/54,1,4,good,toward_bad,False
below_good,below_good/54,2,4,good,toward_bad,False
below_good,below_good/54,3,4,good,,True
below_good,below_good/55,0,9,good,toward_bad,False
below_good,below_good/55,1,9,good,toward_good,False
below_good,below_good/55,2,9,good,toward_bad,False
below_good,below_good/55,3,9,good,toward_bad,False
below_good,below_good/55,4,9,good,toward_good,False
below_good,below_good/55,5,9,good,toward_bad,False
below_good,below_good/55,6,9,good,toward_bad,False
below_good,below_good/55,7,9,good,toward_good,False
below_good,below_good/55,8,9,good,,True
below_good,below_good/56,0,22,bad,toward_good,False
below_good,below_good/56,1,22,bad,toward_good,False
below_good,below_good/56,2,22,bad,toward_good,False
below_good,below_good/56,3,22,good,toward_bad,False
below_good,below_good/56,4,22,bad,toward_good,False
below_good,below_good/56,5,22,good,toward_good,False
below_good,below_good/56,6,22,good,toward_bad,False
below_good,below_good/56,7,22,bad,toward_good,False
below_good,below_good/56,8,22,bad,toward_good,False
below_good,below_good/56,9,22,good,toward_good,False
below_good,below_good/56,10,22,good,toward_bad,False
below_good,below_good/56,11,22,bad,toward_good,False
below_good,below_good/56,12,22,good,toward_good,False
below_good,below_good/56,13,22,good,toward_good,False
below_good,below_good/56,14,22,good,toward_bad,False
below_good,below_good/56,15,22,good,toward_bad,False
below_good,below_good/56,16,22,good,toward_good,False
below_good,below_good/56,17,22,good,toward_good,False
below_good,below_good/56,18,22,good,toward_bad,False
below_good,below_good/56,19,22,good,toward_bad,False
below_good,below_good/56,20,22,good,toward_good,False
below_good,below_good/56,21,22,good,,True
below_good,below_good/58,0,32,good,toward_bad,False
below_good,below_good/58,1,32,good,toward_bad,False
below_good,below_good/58,2,32,good,toward_bad,False
below_good,below_good/58,3,32,good,toward_good,False
below_good,below_good/58,4,32,good,toward_bad,False
below_good,below_good/58,5,32,good,toward_bad,False
below_good,below_good/58,6,32,bad,toward_good,False
below_good,below_good/58,7,32,good,toward_good,False
below_good,below_good/58,8,32,good,toward_good,False
below_good,below_good/58,9,32,good,toward_bad,False
below_good,below_good/58,10,32,good,toward_bad,False
below_good,below_good/58,11,32,good,toward_bad,False
below_good,below_good/58,12,32,good,toward_bad,False
below_good,below_good/58,13,32,good,toward_bad,False
below_good,below_good/58,14,32,good,toward_good,False
below_good,below_good/58,15,32,good,toward_good,False
below_good,below_good/58,16,32,good,toward_bad,False
below_good,below_good/58,17,32,good,toward_bad,False
below_good,below_good/58,18,32,good,toward_bad,False
below_good,below_good/58,19,32,bad,toward_good,False
below_good,below_good/58,20,32,good,toward_good,False
below_good,below_good/58,21,32,good,toward_good,False
below_good,below_good/58,22,32,good,toward_good,False
below_good,below_good/58,23,32,good,toward_bad,False
below_good,below_good/58,24,32,good,toward_bad,False
below_good,below_good/58,25,32,good,toward_good,False
below_good,below_good/58,26,32,good,toward_good,False
below_good,below_good/58,27,32,good,toward_bad,False
below_good,below_good/58,28,32,good,toward_good,False
below_good,below_good/58,29,32,good,toward_good,False
below_good,below_good/58,30,32,good,toward_bad,False
below_good,below_good/58,31,32,good,,True
below_good,below_good/59,0,8,good,toward_bad,False
below_good,below_good/59,1,8,good,toward_good,False
below_good,below_good/59,2,8,good,toward_bad,False
below_good,below_good/59,3,8,good,toward_bad,False
below_good,below_good/59,4,8,good,toward_good,False
below_good,below_good/59,5,8,good,toward_good,False
below_good,below_good/59,6,8,good,toward_bad,False
below_good,below_good/59,7,8,good,,True
below_good,below_good/61,0,9,good,toward_bad,False
below_good,below_good/61,1,9,good,toward_good,False
below_good,below_good/61,2,9,good,toward_bad,False
below_good,below_good/61,3,9,good,toward_bad,False
below_good,below_good/61,4,9,good,toward_bad,False
below_good,below_good/61,5,9,good,toward_bad,False
below_good,below_good/61,6,9,good,toward_bad,False
below_good,below_good/61,7,9,good,toward_good,False
below_good,below_good/61,8,9,good,,True
below_good,below_good/62,0,6,good,toward_good,False
below_good,below_good/62,1,6,good,toward_bad,False
below_good,below_good/62,2,6,good,toward_good,False
below_good,below_good/62,3,6,good,toward_bad,False
below_good,below_good/62,4,6,good,toward_bad,False
below_good,below_good/62,5,6,good,,True
below_good,below_good/63,0,19,bad,toward_good,False
below_good,below_good/63,1,19,bad,toward_good,False
below_good,below_good/63,2,19,bad,toward_bad,False
below_good,below_good/63,3,19,bad,toward_bad,False
below_good,below_good/63,4,19,bad,toward_good,False
below_good,below_good/63,5,19,good,toward_good,False
below_good,below_good/63,6,19,good,toward_bad,False
below_good,below_good/63,7,19,good,toward_bad,False
below_good,below_good/63,8,19,bad,toward_good,False
below_good,below_good/63,9,19,good,toward_bad,False
below_good,below_good/63,10,19,good,toward_good,False
below_good,below_good/63,11,19,good,toward_bad,False
below_good,below_good/63,12,19,good,toward_bad,False
below_good,below_good/63,13,19,good,toward_good,False
below_good,below_good/63,14,19,good,toward_bad,False
below_good,below_good/63,15,19,good,toward_good,False
below_good,below_good/63,16,19,good,toward_bad,False
below_good,below_good/63,17,19,good,toward_good,False
below_good,below_good/63,18,19,good,,True
below_good,below_good/64,0,10,good,toward_bad,False
below_good,below_good/64,1,10,good,toward_good,False
below_good,below_good/64,2,10,good,toward_bad,False
below_good,below_good/64,3,10,good,toward_bad,False
below_good,below_good/64,4,10,good,toward_good,False
below_good,below_good/64,5,10,good,toward_good,False
below_good,below_good/64,6,10,good,toward_bad,False
below_good,below_good/64,7,10,good,toward_bad,False
below_good,below_good/64,8,10,good,toward_good,False
below_good,below_good/64,9,10,good,,True
below_good,below_good/67,0,5,good,toward_bad,False
below_good,below_good/67,1,5,good,toward_bad,False
below_good,below_good/67,2,5,good,toward_bad,False
below_good,below_good/67,3,5,good,toward_bad,False
below_good,below_good/67,4,5,good,,True
below_good,below_good/68,0,6,good,toward_bad,False
below_good,below_good/68,1,6,good,toward_bad,False
below_good,below_good/68,2,6,good,toward_bad,False
below_good,below_good/68,3,6,good,toward_good,False
below_good,below_good/68,4,6,good,toward_good,False
below_good,below_good/68,5,6,good,,True
below_good,below_good/69,0,14,good,toward_bad,False
below_good,below_good/69,1,14,good,toward_bad,False
below_good,below_good/69,2,14,good,toward_good,False
below_good,below_good/69,3,14,good,toward_good,False
below_good,below_good/69,4,14,good,toward_good,False
below_good,below_good/69,5,14,good,toward_good,False
below_good,below_good/69,6,14,good,toward_bad,False
below_good,below_good/69,7,14,good,toward_good,False
below_good,below_good/69,8,14,good,toward_bad,False
below_good,below_good/69,9,14,good,toward_good,False
below_good,below_good/69,10,14,good,toward_good,False
below_good,below_good/69,11,14,good,toward_good,False
below_good,below_good/69,12,14,good,toward_bad,False
below_good,below_good/69,13,14,good,,True
below_good,below_good/70,0,4,good,toward_bad,False
below_good,below_good/70,1,4,good,toward_bad,False
below_good,below_good/70,2,4,good,toward_good,False
below_good,below_good/70,3,4,good,,True
below_good,below_good/71,0,2,bad,toward_good,False
below_good,below_good/71,1,2,good,,True
below_good,below_good/72,0,7,good,toward_bad,False
below_good,below_good/72,1,7,good,toward_good,False
below_good,below_good/72,2,7,good,toward_bad,False
below_good,below_good/72,3,7,good,toward_bad,False
below_good,below_good/72,4,7,good,toward_good,False
below_good,below_good/72,5,7,good,toward_bad,False
below_good,below_good/72,6,7,good,,True
below_good,below_good/73,0,18,good,toward_bad,False
below_good,below_good/73,1,18,good,toward_bad,False
below_good,below_good/73,2,18,good,toward_good,False
below_good,below_good/73,3,18,good,toward_bad,False
below_good,below_good/73,4,18,good,toward_bad,False
below_good,below_good/73,5,18,good,toward_bad,False
below_good,below_good/73,6,18,good,toward_bad,False
below_good,below_good/73,7,18,bad,toward_bad,False
below_good,below_good/73,8,18,bad,toward_good,False
below_good,below_good/73,9,18,good,toward_bad,False
below_good,below_good/73,10,18,good,toward_bad,False
below_good,below_good/73,11,18,good,toward_good,False
below_good,below_good/73,12,18,good,toward_bad,False
below_good,below_good/73,13,18,good,toward_bad,False
below_good,below_good/73,14,18,good,toward_good,False
below_good,below_good/73,15,18,good,toward_bad,False
below_good,below_good/73,16,18,good,toward_bad,False
below_good,below_good/73,17,18,good,,True
below_good,below_good/74,0,1,good,,True
below_good,below_good/75,0,13,good,toward_bad,False
below_good,below_good/75,1,13,good,toward_good,False
below_good,below_good/75,2,13,good,toward_bad,False
below_good,below_good/75,3,13,good,toward_bad,False
below_good,below_good/75,4,13,good,toward_bad,False
below_good,below_good/75,5,13,bad,toward_good,False
below_good,below_good/75,6,13,good,toward_bad,False
below_good,below_good/75,7,13,good,toward_good,False
below_good,below_good/75,8,13,good,toward_bad,False
below_good,below_good/75,9,13,good,toward_bad,False
below_good,below_good/75,10,13,good,toward_bad,False
below_good,below_good/75,11,13,good,toward_good,False
below_good,below_good/75,12,13,good,,True
below_good,below_good/76,0,4,good,toward_bad,False
below_good,below_good/76,1,4,good,toward_good,False
below_good,below_good/76,2,4,good,toward_bad,False
below_good,below_good/76,3,4,good,,True
below_good,below_good/78,0,7,good,toward_bad,False
below_good,below_good/78,1,7,good,toward_bad,False
below_good,below_good/78,2,7,good,toward_bad,False
below_good,below_good/78,3,7,good,toward_bad,False
below_good,below_good/78,4,7,good,toward_good,False
below_good,below_good/78,5,7,good,toward_bad,False
below_good,below_good/78,6,7,good,,True
below_good,below_good/80,0,11,good,toward_bad,False
below_good,below_good/80,1,11,good,toward_bad,False
below_good,below_good/80,2,11,good,toward_bad,False
below_good,below_good/80,3,11,good,toward_good,False
below_good,below_good/80,4,11,good,toward_bad,False
below_good,below_good/80,5,11,good,toward_good,False
below_good,below_good/80,6,11,good,toward_bad,False
below_good,below_good/80,7,11,good,toward_good,False
below_good,below_good/80,8,11,good,toward_bad,False
below_good,below_good/80,9,11,good,toward_good,False
below_good,below_good/80,10,11,good,,True
below_good,below_good/81,0,2,good,toward_bad,False
below_good,below_good/81,1,2,good,,True
below_good,below_good/82,0,10,bad,toward_good,False
below_good,below_good/82,1,10,bad,toward_good,False
below_good,below_good/82,2,10,bad,toward_good,False
below_good,below_good/82,3,10,bad,toward_good,False
below_good,below_good/82,4,10,good,toward_bad,False
below_good,below_good/82,5,10,bad,toward_bad,False
below_good,below_good/82,6,10,bad,toward_good,False
below_good,below_good/82,7,10,bad,toward_good,False
below_good,below_good/82,8,10,good,toward_bad,False
below_good,below_good/82,9,10,good,,True
below_good,below_good/83,0,12,good,toward_good,False
below_good,below_good/83,1,12,good,toward_bad,False
below_good,below_good/83,2,12,good,toward_bad,False
below_good,below_good/83,3,12,good,toward_good,False
below_good,below_good/83,4,12,good,toward_bad,False
below_good,below_good/83,5,12,good,toward_good,False
below_good,below_good/83,6,12,good,toward_bad,False
below_good,below_good/83,7,12,good,toward_good,False
below_good,below_good/83,8,12,good,toward_bad,False
below_good,below_good/83,9,12,good,toward_good,False
below_good,below_good/83,10,12,good,toward_bad,False
below_good,below_good/83,11,12,good,,True
below_good,below_good/84,0,10,good,toward_bad,False
below_good,below_good/84,1,10,good,toward_good,False
below_good,below_good/84,2,10,good,toward_bad,False
below_good,below_good/84,3,10,good,toward_good,False
below_good,below_good/84,4,10,good,toward_good,False
below_good,below_good/84,5,10,good,toward_bad,False
below_good,below_good/84,6,10,good,toward_good,False
below_good,below_good/84,7,10,good,toward_bad,False
below_good,below_good/84,8,10,good,toward_bad,False
below_good,below_good/84,9,10,good,,True
below_good,below_good/85,0,1,good,,True
below_good,below_good/86,0,1,good,,True
below_good,below_good/87,0,8,good,toward_bad,False
below_good,below_good/87,1,8,good,toward_good,False
below_good,below_good/87,2,8,good,toward_good,False
below_good,below_good/87,3,8,good,toward_bad,False
below_good,below_good/87,4,8,good,toward_bad,False
below_good,below_good/87,5,8,good,toward_good,False
below_good,below_good/87,6,8,good,toward_bad,False
below_good,below_good/87,7,8,good,,True
below_good,below_good/88,0,10,bad,toward_good,False
below_good,below_good/88,1,10,bad,toward_good,False
below_good,below_good/88,2,10,good,toward_bad,False
below_good,below_good/88,3,10,bad,toward_bad,False
below_good,below_good/88,4,10,bad,toward_good,False
below_good,below_good/88,5,10,bad,toward_good,False
below_good,below_good/88,6,10,bad,toward_good,False
below_good,below_good/88,7,10,good,toward_bad,False
below_good,below_good/88,8,10,bad,toward_bad,False
below_good,below_good/88,9,10,bad,,True
below_good,below_good/90,0,1,good,,True
below_good,below_good/91,0,4,bad,toward_good,False
below_good,below_good/91,1,4,bad,toward_good,False
below_good,below_good/91,2,4,bad,toward_good,False
below_good,below_good/91,3,4,good,,True
below_good,below_good/92,0,13,good,toward_bad,False
below_good,below_good/92,1,13,good,toward_bad,False
below_good,below_good/92,2,13,good,toward_bad,False
below_good,below_good/92,3,13,good,toward_bad,False
below_good,below_good/92,4,13,good,toward_bad,False
below_good,below_good/92,5,13,bad,toward_good,False
below_good,below_good/92,6,13,good,toward_bad,False
below_good,below_good/92,7,13,good,toward_bad,False
below_good,below_good/92,8,13,good,toward_good,False
below_good,below_good/92,9,13,good,toward_bad,False
below_good,below_good/92,10,13,good,toward_good,False
below_good,below_good/92,11,13,good,toward_good,False
below_good,below_good/92,12,13,good,,True
below_good,below_good/93,0,29,good,toward_bad,False
below_good,below_good/93,1,29,bad,toward_good,False
below_good,below_good/93,2,29,good,toward_bad,False
below_good,below_good/93,3,29,good,toward_good,False
below_good,below_good/93,4,29,good,toward_bad,False
below_good,below_good/93,5,29,bad,toward_good,False
below_good,below_good/93,6,29,good,toward_bad,False
below_good,below_good/93,7,29,good,toward_good,False
below_good,below_good/93,8,29,good,toward_good,False
below_good,below_good/93,9,29,good,toward_bad,False
below_good,below_good/93,10,29,good,toward_bad,False
below_good,below_good/93,11,29,good,toward_good,False
below_good,below_good/93,12,29,good,toward_good,False
below_good,below_good/93,13,29,good,toward_bad,False
below_good,below_good/93,14,29,good,toward_good,False
below_good,below_good/93,15,29,good,toward_bad,False
below_good,below_good/93,16,29,good,toward_good,False
below_good,below_good/93,17,29,good,toward_bad,False
below_good,below_good/93,18,29,good,toward_bad,False
below_good,below_good/93,19,29,good,toward_good,False
below_good,below_good/93,20,29,good,toward_bad,False
below_good,below_good/93,21,29,good,toward_bad,False
below_good,below_good/93,22,29,good,toward_good,False
below_good,below_good/93,23,29,good,toward_bad,False
below_good,below_good/93,24,29,good,toward_good,False
below_good,below_good/93,25,29,good,toward_bad,False
below_good,below_good/93,26,29,good,toward_good,False
below_good,below_good/93,27,29,good,toward_bad,False
below_good,below_good/93,28,29,good,,True
below_good,below_good/94,0,8,good,toward_good,False
below_good,below_good/94,1,8,good,toward_good,False
below_good,below_good/94,2,8,good,toward_bad,False
below_good,below_good/94,3,8,good,toward_bad,False
below_good,below_good/94,4,8,good,toward_bad,False
below_good,below_good/94,5,8,good,toward_good,False
below_good,below_good/94,6,8,good,toward_bad,False
below_good,below_good/94,7,8,good,,True
below_good,below_good/95,0,3,good,toward_bad,False
below_good,below_good/95,1,3,good,toward_good,False
below_good,below_good/95,2,3,good,,True
below_good,below_good/96,0,24,good,toward_bad,False
below_good,below_good/96,1,24,good,toward_bad,False
below_good,below_good/96,2,24,good,toward_good,False
below_good,below_good/96,3,24,good,toward_bad,False
below_good,below_good/96,4,24,good,toward_bad,False
below_good,below_good/96,5,24,bad,toward_good,False
below_good,below_good/96,6,24,good,toward_bad,False
below_good,below_good/96,7,24,good,toward_bad,False
below_good,below_good/96,8,24,good,toward_good,False
below_good,below_good/96,9,24,good,toward_bad,False
below_good,below_good/96,10,24,good,toward_good,False
below_good,below_good/96,11,24,good,toward_bad,False
below_good,below_good/96,12,24,good,toward_good,False
below_good,below_good/96,13,24,good,toward_good,False
below_good,below_good/96,14,24,good,toward_bad,False
below_good,below_good/96,15,24,good,toward_bad,False
below_good,below_good/96,16,24,good,toward_good,False
below_good,below_good/96,17,24,good,toward_good,False
below_good,below_good/96,18,24,good,toward_bad,False
below_good,below_good/96,19,24,good,toward_good,False
below_good,below_good/96,20,24,good,toward_good,False
below_good,below_good/96,21,24,good,toward_good,False
below_good,below_good/96,22,24,good,toward_bad,False
below_good,below_good/96,23,24,good,,True
below_good,below_good/97,0,1,good,,True
below_good,below_good/98,0,28,good,toward_bad,False
below_good,below_good/98,1,28,good,toward_good,False
below_good,below_good/98,2,28,good,toward_bad,False
below_good,below_good/98,3,28,good,toward_good,False
below_good,below_good/98,4,28,good,toward_bad,False
below_good,below_good/98,5,28,bad,toward_good,False
below_good,below_good/98,6,28,good,toward_bad,False
below_good,below_good/98,7,28,good,toward_bad,False
below_good,below_good/98,8,28,good,toward_good,False
below_good,below_good/98,9,28,good,toward_bad,False
below_good,below_good/98,10,28,good,toward_bad,False
below_good,below_good/98,11,28,good,toward_good,False
below_good,below_good/98,12,28,good,toward_bad,False
below_good,below_good/98,13,28,good,toward_good,False
below_good,below_good/98,14,28,good,toward_bad,False
below_good,below_good/98,15,28,good,toward_bad,False
below_good,below_good/98,16,28,good,toward_good,False
below_good,below_good/98,17,28,good,toward_bad,False
below_good,below_good/98,18,28,good,toward_bad,False
below_good,below_good/98,19,28,good,toward_bad,False
below_good,below_good/98,20,28,good,toward_good,False
below_good,below_good/98,21,28,good,toward_bad,False
below_good,below_good/98,22,28,good,toward_bad,False
below_good,below_good/98,23,28,good,toward_good,False
below_good,below_good/98,24,28,good,toward_bad,False
below_good,below_good/98,25,28,good,toward_bad,False
below_good,below_good/98,26,28,good,toward_bad,False
below_good,below_good/98,27,28,good,,True
below_good,below_good/99,0,1,good,,True
above_good,above_good/0,0,6,bad,toward_good,False
above_good,above_good/0,1,6,bad,toward_good,False
above_good,above_good/0,2,6,bad,toward_bad,False
above_good,above_good/0,3,6,bad,toward_good,False
above_good,above_good/0,4,6,bad,toward_good,False
above_good,above_good/0,5,6,bad,,True
above_good,above_good/1,0,26,bad,toward_good,False
above_good,above_good/1,1,26,bad,toward_good,False
above_good,above_good/1,2,26,bad,toward_good,False
above_good,above_good/1,3,26,bad,toward_good,False
above_good,above_good/1,4,26,bad,toward_good,False
above_good,above_good/1,5,26,bad,toward_bad,False
above_good,above_good/1,6,26,bad,toward_good,False
above_good,above_good/1,7,26,bad,toward_bad,False
above_good,above_good/1,8,26,bad,toward_good,False
above_good,above_good/1,9,26,bad,toward_good,False
above_good,above_good/1,10,26,bad,toward_bad,False
above_good,above_good/1,11,26,bad,toward_bad,False
above_good,above_good/1,12,26,bad,toward_good,False
above_good,above_good/1,13,26,bad,toward_good,False
above_good,above_good/1,14,26,bad,toward_good,False
above_good,above_good/1,15,26,bad,toward_good,False
above_good,above_good/1,16,26,good,toward_bad,False
above_good,above_good/1,17,26,good,toward_bad,False
above_good,above_good/1,18,26,good,toward_good,False
above_good,above_good/1,19,26,good,toward_bad,False
above_good,above_good/1,20,26,bad,toward_good,False
above_good,above_good/1,21,26,good,toward_bad,False
above_good,above_good/1,22,26,good,toward_good,False
above_good,above_good/1,23,26,good,toward_bad,False
above_good,above_good/1,24,26,good,toward_good,False
above_good,above_good/1,25,26,good,,True
above_good,above_good/3,0,1,good,,True
above_good,above_good/4,0,16,good,toward_bad,False
above_good,above_good/4,1,16,good,toward_bad,False
above_good,above_good/4,2,16,good,toward_bad,False
above_good,above_good/4,3,16,bad,toward_good,False
above_good,above_good/4,4,16,good,toward_good,False
above_good,above_good/4,5,16,good,toward_good,False
above_good,above_good/4,6,16,good,toward_bad,False
above_good,above_good/4,7,16,good,toward_good,False
above_good,above_good/4,8,16,good,toward_bad,False
above_good,above_good/4,9,16,good,toward_bad,False
above_good,above_good/4,10,16,good,toward_good,False
above_good,above_good/4,11,16,good,toward_bad,False
above_good,above_good/4,12,16,bad,toward_good,False
above_good,above_good/4,13,16,good,toward_bad,False
above_good,above_good/4,14,16,good,toward_good,False
above_good,above_good/4,15,16,good,,True
above_good,above_good/6,0,3,good,toward_bad,False
above_good,above_good/6,1,3,good,toward_good,False
above_good,above_good/6,2,3,good,,True
above_good,above_good/7,0,18,bad,toward_bad,False
above_good,above_good/7,1,18,bad,toward_good,False
above_good,above_good/7,2,18,bad,toward_good,False
above_good,above_good/7,3,18,bad,toward_good,False
above_good,above_good/7,4,18,bad,toward_good,False
above_good,above_good/7,5,18,bad,toward_good,False
above_good,above_good/7,6,18,bad,toward_good,False
above_good,above_good/7,7,18,bad,toward_good,False
above_good,above_good/7,8,18,good,toward_good,False
above_good,above_good/7,9,18,good,toward_good,False
above_good,above_good/7,10,18,good,toward_bad,False
above_good,above_good/7,11,18,good,toward_good,False
above_good,above_good/7,12,18,good,toward_bad,False
above_good,above_good/7,13,18,bad,toward_bad,False
above_good,above_good/7,14,18,bad,toward_good,False
above_good,above_good/7,15,18,good,toward_bad,False
above_good,above_good/7,16,18,bad,toward_good,False
above_good,above_good/7,17,18,good,,True
above_good,above_good/8,0,1,bad,,True
above_good,above_good/9,0,1,good,,True
above_good,above_good/10,0,1,good,,True
above_good,above_good/11,0,1,good,,True
above_good,above_good/12,0,6,good,toward_bad,False
above_good,above_good/12,1,6,good,toward_good,False
above_good,above_good/12,2,6,good,toward_bad,False
above_good,above_good/12,3,6,good,toward_bad,False
above_good,above_good/12,4,6,good,toward_good,False
above_good,above_good/12,5,6,good,,True
above_good,above_good/14,0,20,good,toward_good,False
above_good,above_good/14,1,20,good,toward_bad,False
above_good,above_good/14,2,20,good,toward_bad,False
above_good,above_good/14,3,20,good,toward_good,False
above_good,above_good/14,4,20,good,toward_bad,False
above_good,above_good/14,5,20,good,toward_bad,False
above_good,above_good/14,6,20,good,toward_good,False
above_good,above_good/14,7,20,good,toward_bad,False
above_good,above_good/14,8,20,good,toward_bad,False
above_good,above_good/14,9,20,good,toward_good,False
above_good,above_good/14,10,20,good,toward_bad,False
above_good,above_good/14,11,20,good,toward_bad,False
above_good,above_good/14,12,20,good,toward_bad,False
above_good,above_good/14,13,20,good,toward_good,False
above_good,above_good/14,14,20,good,toward_bad,False
above_good,above_good/14,15,20,good,toward_good,False
above_good,above_good/14,16,20,good,toward_bad,False
above_good,above_good/14,17,20,good,toward_bad,False
above_good,above_good/14,18,20,good,toward_good,False
above_good,above_good/14,19,20,good,,True
above_good,above_good/15,0,3,bad,toward_good,False
above_good,above_good/15,1,3,good,toward_good,False
above_good,above_good/15,2,3,good,,True
above_good,above_good/16,0,3,bad,toward_good,False
above_good,above_good/16,1,3,good,toward_good,False
above_good,above_good/16,2,3,good,,True
above_good,above_good/17,0,11,good,toward_bad,False
above_good,above_good/17,1,11,good,toward_bad,False
above_good,above_good/17,2,11,good,toward_bad,False
above_good,above_good/17,3,11,good,toward_good,False
above_good,above_good/17,4,11,good,toward_bad,False
above_good,above_good/17,5,11,good,toward_good,False
above_good,above_good/17,6,11,good,toward_good,False
above_good,above_good/17,7,11,good,toward_bad,False
above_good,above_good/17,8,11,bad,toward_good,False
above_good,above_good/17,9,11,good,toward_good,False
above_good,above_good/17,10,11,good,,True
above_good,above_good/19,0,3,bad,toward_bad,False
above_good,above_good/19,1,3,bad,toward_good,False
above_good,above_good/19,2,3,bad,,True
above_good,above_good/20,0,20,bad,toward_good,False
above_good,above_good/20,1,20,bad,toward_good,False
above_good,above_good/20,2,20,bad,toward_good,False
above_good,above_good/20,3,20,bad,toward_bad,False
above_good,above_good/20,4,20,bad,toward_good,False
above_good,above_good/20,5,20,bad,toward_bad,False
above_good,above_good/20,6,20,bad,toward_good,False
above_good,above_good/20,7,20,good,toward_bad,False
above_good,above_good/20,8,20,good,toward_bad,False
above_good,above_good/20,9,20,bad,toward_good,False
above_good,above_good/20,10,20,good,toward_bad,False
above_good,above_good/20,11,20,good,toward_good,False
above_good,above_good/20,12,20,good,toward_good,False
above_good,above_good/20,13,20,good,toward_bad,False
above_good,above_good/20,14,20,bad,toward_good,False
above_good,above_good/20,15,20,bad,toward_good,False
above_good,above_good/20,16,20,good,toward_good,False
above_good,above_good/20,17,20,good,toward_bad,False
above_good,above_good/20,18,20,good,toward_good,False
above_good,above_good/20,19,20,good,,True
above_good,above_good/21,0,1,good,,True
above_good,above_good/22,0,5,good,toward_bad,False
above_good,above_good/22,1,5,good,toward_good,False
above_good,above_good/22,2,5,good,toward_bad,False
above_good,above_good/22,3,5,good,toward_good,False
above_good,above_good/22,4,5,good,,True
above_good,above_good/23,0,5,bad,toward_bad,False
above_good,above_good/23,1,5,bad,toward_good,False
above_good,above_good/23,2,5,bad,toward_good,False
above_good,above_good/23,3,5,bad,toward_good,False
above_good,above_good/23,4,5,good,,True
above_good,above_good/24,0,1,good,,True
above_good,above_good/25,0,32,bad,toward_bad,False
above_good,above_good/25,1,32,bad,toward_bad,False
above_good,above_good/25,2,32,bad,toward_bad,False
above_good,above_good/25,3,32,bad,toward_good,False
above_good,above_good/25,4,32,bad,toward_good,False
above_good,above_good/25,5,32,good,toward_bad,False
above_good,above_good/25,6,32,bad,toward_good,False
above_good,above_good/25,7,32,bad,toward_bad,False
above_good,above_good/25,8,32,bad,toward_good,False
above_good,above_good/25,9,32,bad,toward_good,False
above_good,above_good/25,10,32,bad,toward_good,False
above_good,above_good/25,11,32,bad,toward_bad,False
above_good,above_good/25,12,32,bad,toward_good,False
above_good,above_good/25,13,32,bad,toward_bad,False
above_good,above_good/25,14,32,bad,toward_good,False
above_good,above_good/25,15,32,bad,toward_good,False
above_good,above_good/25,16,32,bad,toward_good,False
above_good,above_good/25,17,32,bad,toward_good,False
above_good,above_good/25,18,32,good,toward_bad,False
above_good,above_good/25,19,32,bad,toward_good,False
above_good,above_good/25,20,32,bad,toward_good,False
above_good,above_good/25,21,32,good,toward_good,False
above_good,above_good/25,22,32,good,toward_good,False
above_good,above_good/25,23,32,good,toward_bad,False
above_good,above_good/25,24,32,bad,toward_good,False
above_good,above_good/25,25,32,good,toward_bad,False
above_good,above_good/25,26,32,bad,toward_good,False
above_good,above_good/25,27,32,good,toward_bad,False
above_good,above_good/25,28,32,bad,toward_good,False
above_good,above_good/25,29,32,bad,toward_good,False
above_good,above_good/25,30,32,bad,toward_good,False
above_good,above_good/25,31,32,good,,True
above_good,above_good/26,0,1,good,,True
above_good,above_good/27,0,7,good,toward_good,False
above_good,above_good/27,1,7,good,toward_bad,False
above_good,above_good/27,2,7,good,toward_bad,False
above_good,above_good/27,3,7,good,toward_good,False
above_good,above_good/27,4,7,good,toward_good,False
above_good,above_good/27,5,7,good,toward_good,False
above_good,above_good/27,6,7,good,,True
above_good,above_good/28,0,1,good,,True
above_good,above_good/29,0,6,bad,toward_good,False
above_good,above_good/29,1,6,good,toward_bad,False
above_good,above_good/29,2,6,good,toward_good,False
above_good,above_good/29,3,6,good,toward_bad,False
above_good,above_good/29,4,6,good,toward_good,False
above_good,above_good/29,5,6,good,,True
above_good,above_good/30,0,8,bad,toward_good,False
above_good,above_good/30,1,8,good,toward_bad,False
above_good,above_good/30,2,8,bad,toward_good,False
above_good,above_good/30,3,8,bad,toward_good,False
above_good,above_good/30,4,8,good,toward_good,False
above_good,above_good/30,5,8,good,toward_bad,False
above_good,above_good/30,6,8,good,toward_good,False
above_good,above_good/30,7,8,good,,True
above_good,above_good/31,0,7,good,toward_bad,False
above_good,above_good/31,1,7,good,toward_bad,False
above_good,above_good/31,2,7,good,toward_bad,False
above_good,above_good/31,3,7,good,toward_bad,False
above_good,above_good/31,4,7,good,toward_good,False
above_good,above_good/31,5,7,good,toward_good,False
above_good,above_good/31,6,7,good,,True
above_good,above_good/32,0,4,bad,toward_good,False
above_good,above_good/32,1,4,bad,toward_good,False
above_good,above_good/32,2,4,good,toward_good,False
above_good,above_good/32,3,4,good,,True
above_good,above_good/33,0,2,bad,toward_good,False
above_good,above_good/33,1,2,bad,,True
above_good,above_good/34,0,25,bad,toward_bad,False
above_good,above_good/34,1,25,bad,toward_bad,False
above_good,above_good/34,2,25,bad,toward_bad,False
above_good,above_good/34,3,25,bad,toward_good,False
above_good,above_good/34,4,25,bad,toward_good,False
above_good,above_good/34,5,25,bad,toward_good,False
above_good,above_good/34,6,25,bad,toward_bad,False
above_good,above_good/34,7,25,bad,toward_bad,False
above_good,above_good/34,8,25,bad,toward_good,False
above_good,above_good/34,9,25,bad,toward_bad,False
above_good,above_good/34,10,25,bad,toward_good,False
above_good,above_good/34,11,25,bad,toward_good,False
above_good,above_good/34,12,25,bad,toward_bad,False
above_good,above_good/34,13,25,bad,toward_good,False
above_good,above_good/34,14,25,bad,toward_bad,False
above_good,above_good/34,15,25,bad,toward_good,False
above_good,above_good/34,16,25,bad,toward_bad,False
above_good,above_good/34,17,25,bad,toward_bad,False
above_good,above_good/34,18,25,bad,toward_good,False
above_good,above_good/34,19,25,bad,toward_good,False
above_good,above_good/34,20,25,bad,toward_bad,False
above_good,above_good/34,21,25,bad,toward_good,False
above_good,above_good/34,22,25,bad,toward_bad,False
above_good,above_good/34,23,25,bad,toward_bad,False
above_good,above_good/34,24,25,bad,,True
above_good,above_good/35,0,4,bad,toward_good,False
above_good,above_good/35,1,4,bad,toward_bad,False
above_good,above_good/35,2,4,bad,toward_good,False
above_good,above_good/35,3,4,good,,True
above_good,above_good/36,0,8,bad,toward_good,False
above_good,above_good/36,1,8,bad,toward_good,False
above_good,above_good/36,2,8,bad,toward_good,False
above_good,above_good/36,3,8,bad,toward_good,False
above_good,above_good/36,4,8,good,toward_bad,False
above_good,above_good/36,5,8,bad,toward_good,False
above_good,above_good/36,6,8,good,toward_bad,False
above_good,above_good/36,7,8,good,,True
above_good,above_good/37,0,5,good,toward_good,False
above_good,above_good/37,1,5,good,toward_bad,False
above_good,above_good/37,2,5,good,toward_bad,False
above_good,above_good/37,3,5,good,toward_good,False
above_good,above_good/37,4,5,good,,True
above_good,above_good/38,0,4,bad,toward_good,False
above_good,above_good/38,1,4,bad,toward_good,False
above_good,above_good/38,2,4,bad,toward_good,False
above_good,above_good/38,3,4,good,,True
above_good,above_good/39,0,6,bad,toward_good,False
above_good,above_good/39,1,6,bad,toward_good,False
above_good,above_good/39,2,6,bad,toward_bad,False
above_good,above_good/39,3,6,bad,toward_good,False
above_good,above_good/39,4,6,good,toward_bad,False
above_good,above_good/39,5,6,good,,True
above_good,above_good/40,0,7,bad,toward_good,False
above_good,above_good/40,1,7,bad,toward_good,False
above_good,above_good/40,2,7,good,toward_bad,False
above_good,above_good/40,3,7,bad,toward_good,False
above_good,above_good/40,4,7,good,toward_bad,False
above_good,above_good/40,5,7,bad,toward_good,False
above_good,above_good/40,6,7,good,,True
above_good,above_good/41,0,6,bad,toward_good,False
above_good,above_good/41,1,6,bad,toward_bad,False
above_good,above_good/41,2,6,bad,toward_good,False
above_good,above_good/41,3,6,bad,toward_good,False
above_good,above_good/41,4,6,good,toward_good,False
above_good,above_good/41,5,6,good,,True
above_good,above_good/42,0,6,good,toward_bad,False
above_good,above_good/42,1,6,good,toward_good,False
above_good,above_good/42,2,6,good,toward_bad,False
above_good,above_good/42,3,6,good,toward_good,False
above_good,above_good/42,4,6,good,toward_good,False
above_good,above_good/42,5,6,good,,True
above_good,above_good/43,0,5,bad,toward_good,False
above_good,above_good/43,1,5,bad,toward_good,False
above_good,above_good/43,2,5,bad,toward_good,False
above_good,above_good/43,3,5,bad,toward_good,False
above_good,above_good/43,4,5,good,,True
above_good,above_good/44,0,8,bad,toward_good,False
above_good,above_good/44,1,8,bad,toward_good,False
above_good,above_good/44,2,8,bad,toward_good,False
above_good,above_good/44,3,8,bad,toward_good,False
above_good,above_good/44,4,8,bad,toward_good,False
above_good,above_good/44,5,8,bad,toward_good,False
above_good,above_good/44,6,8,good,toward_good,False
above_good,above_good/44,7,8,good,,True
above_good,above_good/45,0,6,bad,toward_good,False
above_good,above_good/45,1,6,bad,toward_good,False
above_good,above_good/45,2,6,bad,toward_good,False
above_good,above_good/45,3,6,bad,toward_good,False
above_good,above_good/45,4,6,bad,toward_good,False
above_good,above_good/45,5,6,good,,True
above_good,above_good/46,0,21,bad,toward_good,False
above_good,above_good/46,1,21,bad,toward_bad,False
above_good,above_good/46,2,21,bad,toward_good,False
above_good,above_good/46,3,21,bad,toward_bad,False
above_good,above_good/46,4,21,bad,toward_good,False
above_good,above_good/46,5,21,bad,toward_good,False
above_good,above_good/46,6,21,bad,toward_good,False
above_good,above_good/46,7,21,bad,toward_good,False
above_good,above_good/46,8,21,good,toward_good,False
above_good,above_good/46,9,21,good,toward_good,False
above_good,above_good/46,10,21,good,toward_bad,False
above_good,above_good/46,11,21,good,toward_bad,False
above_good,above_good/46,12,21,good,toward_good,False
above_good,above_good/46,13,21,good,toward_bad,False
above_good,above_good/46,14,21,good,toward_good,False
above_good,above_good/46,15,21,good,toward_bad,False
above_good,above_good/46,16,21,good,toward_bad,False
above_good,above_good/46,17,21,good,toward_bad,False
above_good,above_good/46,18,21,bad,toward_good,False
above_good,above_good/46,19,21,bad,toward_good,False
above_good,above_good/46,20,21,good,,True
above_good,above_good/47,0,11,bad,toward_good,False
above_good,above_good/47,1,11,good,toward_good,False
above_good,above_good/47,2,11,good,toward_bad,False
above_good,above_good/47,3,11,good,toward_bad,False
above_good,above_good/47,4,11,good,toward_good,False
above_good,above_good/47,5,11,good,toward_bad,False
above_good,above_good/47,6,11,good,toward_good,False
above_good,above_good/47,7,11,good,toward_bad,False
above_good,above_good/47,8,11,bad,toward_good,False
above_good,above_good/47,9,11,good,toward_good,False
above_good,above_good/47,10,11,good,,True
above_good,above_good/48,0,23,bad,toward_good,False
above_good,above_good/48,1,23,bad,toward_good,False
above_good,above_good/48,2,23,bad,toward_good,False
above_good,above_good/48,3,23,bad,toward_good,False
above_good,above_good/48,4,23,bad,toward_good,False
above_good,above_good/48,5,23,bad,toward_bad,False
above_good,above_good/48,6,23,bad,toward_good,False
above_good,above_good/48,7,23,bad,toward_bad,False
above_good,above_good/48,8,23,bad,toward_good,False
above_good,above_good/48,9,23,bad,toward_bad,False
above_good,above_good/48,10,23,bad,toward_bad,False
above_good,above_good/48,11,23,bad,toward_good,False
above_good,above_good/48,12,23,bad,toward_good,False
above_good,above_good/48,13,23,bad,toward_bad,False
above_good,above_good/48,14,23,bad,toward_good,False
above_good,above_good/48,15,23,bad,toward_good,False
above_good,above_good/48,16,23,bad,toward_bad,False
above_good,above_good/48,17,23,bad,toward_bad,False
above_good,above_good/48,18,23,bad,toward_good,False
above_good,above_good/48,19,23,bad,toward_bad,False
above_good,above_good/48,20,23,bad,toward_bad,False
above_good,above_good/48,21,23,bad,toward_good,False
above_good,above_good/48,22,23,bad,,True
above_good,above_good/49,0,9,bad,toward_good,False
above_good,above_good/49,1,9,bad,toward_good,False
above_good,above_good/49,2,9,bad,toward_good,False
above_good,above_good/49,3,9,bad,toward_good,False
above_good,above_good/49,4,9,bad,toward_good,False
above_good,above_good/49,5,9,bad,toward_good,False
above_good,above_good/49,6,9,good,toward_good,False
above_good,above_good/49,7,9,good,toward_bad,False
above_good,above_good/49,8,9,good,,True
above_good,above_good/50,0,3,good,toward_bad,False
above_good,above_good/50,1,3,good,toward_good,False
above_good,above_good/50,2,3,good,,True
above_good,above_good/51,0,5,bad,toward_good,False
above_good,above_good/51,1,5,bad,toward_good,False
above_good,above_good/51,2,5,bad,toward_good,False
above_good,above_good/51,3,5,bad,toward_good,False
above_good,above_good/51,4,5,good,,True
above_good,above_good/52,0,23,good,toward_bad,False
above_good,above_good/52,1,23,good,toward_bad,False
above_good,above_good/52,2,23,good,toward_bad,False
above_good,above_good/52,3,23,good,toward_bad,False
above_good,above_good/52,4,23,bad,toward_good,False
above_good,above_good/52,5,23,good,toward_good,False
above_good,above_good/52,6,23,good,toward_bad,False
above_good,above_good/52,7,23,good,toward_bad,False
above_good,above_good/52,8,23,good,toward_bad,False
above_good,above_good/52,9,23,bad,toward_good,False
above_good,above_good/52,10,23,bad,toward_good,False
above_good,above_good/52,11,23,bad,toward_bad,False
above_good,above_good/52,12,23,bad,toward_good,False
above_good,above_good/52,13,23,good,toward_bad,False
above_good,above_good/52,14,23,good,toward_good,False
above_good,above_good/52,15,23,good,toward_bad,False
above_good,above_good/52,16,23,good,toward_good,False
above_good,above_good/52,17,23,good,toward_bad,False
above_good,above_good/52,18,23,good,toward_good,False
above_good,above_good/52,19,23,good,toward_bad,False
above_good,above_good/52,20,23,bad,toward_good,False
above_good,above_good/52,21,23,good,toward_bad,False
above_good,above_good/52,22,23,good,,True
above_good,above_good/53,0,6,bad,toward_good,False
above_good,above_good/53,1,6,bad,toward_bad,False
above_good,above_good/53,2,6,bad,toward_good,False
above_good,above_good/53,3,6,bad,toward_good,False
above_good,above_good/53,4,6,bad,toward_good,False
above_good,above_good/53,5,6,good,,True
above_good,above_good/55,0,1,good,,True
above_good,above_good/56,0,1,good,,True
above_good,above_good/58,0,6,bad,toward_good,False
above_good,above_good/58,1,6,bad,toward_good,False
above_good,above_good/58,2,6,bad,toward_good,False
above_good,above_good/58,3,6,bad,toward_good,False
above_good,above_good/58,4,6,bad,toward_good,False
above_good,above_good/58,5,6,good,,True
above_good,above_good/59,0,39,good,toward_bad,False
above_good,above_good/59,1,39,bad,toward_good,False
above_good,above_good/59,2,39,good,toward_good,False
above_good,above_good/59,3,39,good,toward_bad,False
above_good,above_good/59,4,39,bad,toward_good,False
above_good,above_good/59,5,39,good,toward_good,False
above_good,above_good/59,6,39,good,toward_bad,False
above_good,above_good/59,7,39,bad,toward_good,False
above_good,above_good/59,8,39,good,toward_good,False
above_good,above_good/59,9,39,good,toward_good,False
above_good,above_good/59,10,39,good,toward_good,False
above_good,above_good/59,11,39,good,toward_good,False
above_good,above_good/59,12,39,good,toward_bad,False
above_good,above_good/59,13,39,good,toward_bad,False
above_good,above_good/59,14,39,good,toward_good,False
above_good,above_good/59,15,39,good,toward_bad,False
above_good,above_good/59,16,39,good,toward_good,False
above_good,above_good/59,17,39,good,toward_good,False
above_good,above_good/59,18,39,good,toward_bad,False
above_good,above_good/59,19,39,good,toward_good,False
above_good,above_good/59,20,39,good,toward_bad,False
above_good,above_good/59,21,39,good,toward_bad,False
above_good,above_good/59,22,39,bad,toward_good,False
above_good,above_good/59,23,39,good,toward_bad,False
above_good,above_good/59,24,39,good,toward_good,False
above_good,above_good/59,25,39,good,toward_bad,False
above_good,above_good/59,26,39,good,toward_good,False
above_good,above_good/59,27,39,good,toward_bad,False
above_good,above_good/59,28,39,bad,toward_good,False
above_good,above_good/59,29,39,good,toward_good,False
above_good,above_good/59,30,39,good,toward_bad,False
above_good,above_good/59,31,39,good,toward_good,False
above_good,above_good/59,32,39,good,toward_bad,False
above_good,above_good/59,33,39,good,toward_good,False
above_good,above_good/59,34,39,good,toward_bad,False
above_good,above_good/59,35,39,good,toward_bad,False
above_good,above_good/59,36,39,good,toward_good,False
above_good,above_good/59,37,39,good,toward_bad,False
above_good,above_good/59,38,39,good,,True
above_good,above_good/60,0,9,bad,toward_good,False
above_good,above_good/60,1,9,bad,toward_good,False
above_good,above_good/60,2,9,bad,toward_bad,False
above_good,above_good/60,3,9,bad,toward_good,False
above_good,above_good/60,4,9,bad,toward_good,False
above_good,above_good/60,5,9,bad,toward_good,False
above_good,above_good/60,6,9,good,toward_bad,False
above_good,above_good/60,7,9,good,toward_bad,False
above_good,above_good/60,8,9,good,,True
above_good,above_good/61,0,23,bad,toward_good,False
above_good,above_good/61,1,23,bad,toward_good,False
above_good,above_good/61,2,23,bad,toward_good,False
above_good,above_good/61,3,23,bad,toward_good,False
above_good,above_good/61,4,23,bad,toward_good,False
above_good,above_good/61,5,23,bad,toward_good,False
above_good,above_good/61,6,23,bad,toward_good,False
above_good,above_good/61,7,23,good,toward_bad,False
above_good,above_good/61,8,23,bad,toward_good,False
above_good,above_good/61,9,23,bad,toward_good,False
above_good,above_good/61,10,23,bad,toward_good,False
above_good,above_good/61,11,23,bad,toward_good,False
above_good,above_good/61,12,23,bad,toward_good,False
above_good,above_good/61,13,23,bad,toward_bad,False
above_good,above_good/61,14,23,bad,toward_good,False
above_good,above_good/61,15,23,good,toward_bad,False
above_good,above_good/61,16,23,good,toward_bad,False
above_good,above_good/61,17,23,bad,toward_good,False
above_good,above_good/61,18,23,bad,toward_bad,False
above_good,above_good/61,19,23,bad,toward_good,False
above_good,above_good/61,20,23,bad,toward_good,False
above_good,above_good/61,21,23,bad,toward_bad,False
above_good,above_good/61,22,23,bad,,True
above_good,above_good/62,0,1,good,,True
above_good,above_good/63,0,1,good,,True
above_good,above_good/64,0,3,good,toward_good,False
above_good,above_good/64,1,3,good,toward_bad,False
above_good,above_good/64,2,3,good,,True
above_good,above_good/65,0,1,good,,True
above_good,above_good/66,0,9,bad,toward_good,False
above_good,above_good/66,1,9,bad,toward_good,False
above_good,above_good/66,2,9,bad,toward_good,False
above_good,above_good/66,3,9,bad,toward_bad,False
above_good,above_good/66,4,9,bad,toward_good,False
above_good,above_good/66,5,9,bad,toward_good,False
above_good,above_good/66,6,9,bad,toward_good,False
above_good,above_good/66,7,9,good,toward_bad,False
above_good,above_good/66,8,9,good,,True
above_good,above_good/67,0,1,good,,True
above_good,above_good/68,0,15,bad,toward_good,False
above_good,above_good/68,1,15,bad,toward_bad,False
above_good,above_good/68,2,15,bad,toward_good,False
above_good,above_good/68,3,15,bad,toward_good,False
above_good,above_good/68,4,15,bad,toward_good,False
above_good,above_good/68,5,15,bad,toward_good,False
above_good,above_good/68,6,15,good,toward_good,False
above_good,above_good/68,7,15,good,toward_bad,False
above_good,above_good/68,8,15,good,toward_bad,False
above_good,above_good/68,9,15,bad,toward_bad,False
above_good,above_good/68,10,15,bad,toward_good,False
above_good,above_good/68,11,15,good,toward_good,False
above_good,above_good/68,12,15,good,toward_bad,False
above_good,above_good/68,13,15,good,toward_bad,False
above_good,above_good/68,14,15,good,,True
above_good,above_good/69,0,1,good,,True
above_good,above_good/70,0,15,bad,toward_good,False
above_good,above_good/70,1,15,bad,toward_good,False
above_good,above_good/70,2,15,bad,toward_bad,False
above_good,above_good/70,3,15,bad,toward_good,False
above_good,above_good/70,4,15,good,toward_bad,False
above_good,above_good/70,5,15,bad,toward_good,False
above_good,above_good/70,6,15,bad,toward_good,False
above_good,above_good/70,7,15,bad,toward_bad,False
above_good,above_good/70,8,15,bad,toward_bad,False
above_good,above_good/70,9,15,bad,toward_good,False
above_good,above_good/70,10,15,bad,toward_good,False
above_good,above_good/70,11,15,good,toward_good,False
above_good,above_good/70,12,15,good,toward_bad,False
above_good,above_good/70,13,15,good,toward_good,False
above_good,above_good/70,14,15,good,,True
above_good,above_good/71,0,11,bad,toward_good,False
above_good,above_good/71,1,11,bad,toward_good,False
above_good,above_good/71,2,11,bad,toward_good,False
above_good,above_good/71,3,11,bad,toward_good,False
above_good,above_good/71,4,11,good,toward_bad,False
above_good,above_good/71,5,11,good,toward_good,False
above_good,above_good/71,6,11,good,toward_bad,False
above_good,above_good/71,7,11,good,toward_bad,False
above_good,above_good/71,8,11,good,toward_good,False
above_good,above_good/71,9,11,good,toward_bad,False
above_good,above_good/71,10,11,good,,True
above_good,above_good/72,0,9,bad,toward_good,False
above_good,above_good/72,1,9,bad,toward_good,False
above_good,above_good/72,2,9,bad,toward_good,False
above_good,above_good/72,3,9,bad,toward_good,False
above_good,above_good/72,4,9,bad,toward_good,False
above_good,above_good/72,5,9,bad,toward_good,False
above_good,above_good/72,6,9,bad,toward_good,False
above_good,above_good/72,7,9,good,toward_bad,False
above_good,above_good/72,8,9,good,,True
above_good,above_good/73,0,3,bad,toward_good,False
above_good,above_good/73,1,3,good,toward_good,False
above_good,above_good/73,2,3,good,,True
above_good,above_good/74,0,11,good,toward_good,False
above_good,above_good/74,1,11,good,toward_bad,False
above_good,above_good/74,2,11,good,toward_bad,False
above_good,above_good/74,3,11,good,toward_good,False
above_good,above_good/74,4,11,good,toward_bad,False
above_good,above_good/74,5,11,good,toward_bad,False
above_good,above_good/74,6,11,good,toward_good,False
above_good,above_good/74,7,11,good,toward_good,False
above_good,above_good/74,8,11,good,toward_bad,False
above_good,above_good/74,9,11,good,toward_good,False
above_good,above_good/74,10,11,good,,True
above_good,above_good/76,0,6,good,toward_bad,False
above_good,above_good/76,1,6,good,toward_bad,False
above_good,above_good/76,2,6,good,toward_bad,False
above_good,above_good/76,3,6,good,toward_bad,False
above_good,above_good/76,4,6,good,toward_good,False
above_good,above_good/76,5,6,good,,True
above_good,above_good/77,0,8,bad,toward_good,False
above_good,above_good/77,1,8,bad,toward_good,False
above_good,above_good/77,2,8,bad,toward_good,False
above_good,above_good/77,3,8,good,toward_bad,False
above_good,above_good/77,4,8,good,toward_bad,False
above_good,above_good/77,5,8,bad,toward_good,False
above_good,above_good/77,6,8,bad,toward_good,False
above_good,above_good/77,7,8,good,,True
above_good,above_good/78,0,9,bad,toward_good,False
above_good,above_good/78,1,9,bad,toward_good,False
above_good,above_good/78,2,9,bad,toward_bad,False
above_good,above_good/78,3,9,bad,toward_good,False
above_good,above_good/78,4,9,bad,toward_good,False
above_good,above_good/78,5,9,good,toward_good,False
above_good,above_good/78,6,9,good,toward_bad,False
above_good,above_good/78,7,9,good,toward_bad,False
above_good,above_good/78,8,9,good,,True
above_good,above_good/79,0,31,bad,toward_good,False
above_good,above_good/79,1,31,bad,toward_bad,False
above_good,above_good/79,2,31,bad,toward_good,False
above_good,above_good/79,3,31,bad,toward_good,False
above_good,above_good/79,4,31,bad,toward_good,False
above_good,above_good/79,5,31,bad,toward_bad,False
above_good,above_good/79,6,31,bad,toward_good,False
above_good,above_good/79,7,31,bad,toward_good,False
above_good,above_good/79,8,31,bad,toward_good,False
above_good,above_good/79,9,31,bad,toward_good,False
above_good,above_good/79,10,31,bad,toward_bad,False
above_good,above_good/79,11,31,bad,toward_good,False
above_good,above_good/79,12,31,bad,toward_good,False
above_good,above_good/79,13,31,bad,toward_good,False
above_good,above_good/79,14,31,bad,toward_good,False
above_good,above_good/79,15,31,bad,toward_bad,False
above_good,above_good/79,16,31,bad,toward_good,False
above_good,above_good/79,17,31,bad,toward_good,False
above_good,above_good/79,18,31,bad,toward_good,False
above_good,above_good/79,19,31,bad,toward_good,False
above_good,above_good/79,20,31,bad,toward_bad,False
above_good,above_good/79,21,31,bad,toward_bad,False
above_good,above_good/79,22,31,bad,toward_bad,False
above_good,above_good/79,23,31,bad,toward_good,False
above_good,above_good/79,24,31,bad,toward_good,False
above_good,above_good/79,25,31,bad,toward_bad,False
above_good,above_good/79,26,31,bad,toward_good,False
above_good,above_good/79,27,31,bad,toward_bad,False
above_good,above_good/79,28,31,bad,toward_good,False
above_good,above_good/79,29,31,bad,toward_good,False
above_good,above_good/79,30,31,bad,,True
above_good,above_good/80,0,1,good,,True
above_good,above_good/81,0,15,bad,toward_good,False
above_good,above_good/81,1,15,bad,toward_good,False
above_good,above_good/81,2,15,bad,toward_bad,False
above_good,above_good/81,3,15,bad,toward_good,False
above_good,above_good/81,4,15,bad,toward_bad,False
above_good,above_good/81,5,15,bad,toward_bad,False
above_good,above_good/81,6,15,bad,toward_good,False
above_good,above_good/81,7,15,bad,toward_good,False
above_good,above_good/81,8,15,good,toward_bad,False
above_good,above_good/81,9,15,good,toward_bad,False
above_good,above_good/81,10,15,bad,toward_bad,False
above_good,above_good/81,11,15,bad,toward_bad,False
above_good,above_good/81,12,15,bad,toward_good,False
above_good,above_good/81,13,15,good,toward_good,False
above_good,above_good/81,14,15,good,,True
above_good,above_good/82,0,1,good,,True
above_good,above_good/84,0,5,bad,toward_good,False
above_good,above_good/84,1,5,bad,toward_good,False
above_good,above_good/84,2,5,bad,toward_bad,False
above_good,above_good/84,3,5,bad,toward_good,False
above_good,above_good/84,4,5,good,,True
above_good,above_good/85,0,21,bad,toward_good,False
above_good,above_good/85,1,21,bad,toward_bad,False
above_good,above_good/85,2,21,bad,toward_good,False
above_good,above_good/85,3,21,bad,toward_good,False
above_good,above_good/85,4,21,bad,toward_bad,False
above_good,above_good/85,5,21,bad,toward_good,False
above_good,above_good/85,6,21,bad,toward_good,False
above_good,above_good/85,7,21,good,toward_bad,False
above_good,above_good/85,8,21,good,toward_bad,False
above_good,above_good/85,9,21,bad,toward_good,False
above_good,above_good/85,10,21,bad,toward_good,False
above_good,above_good/85,11,21,bad,toward_good,False
above_good,above_good/85,12,21,bad,toward_good,False
above_good,above_good/85,13,21,bad,toward_good,False
above_good,above_good/85,14,21,good,toward_good,False
above_good,above_good/85,15,21,good,toward_bad,False
above_good,above_good/85,16,21,bad,toward_good,False
above_good,above_good/85,17,21,good,toward_bad,False
above_good,above_good/85,18,21,good,toward_good,False
above_good,above_good/85,19,21,good,same,False
above_good,above_good/85,20,21,good,,True
above_good,above_good/86,0,19,bad,toward_good,False
above_good,above_good/86,1,19,bad,toward_good,False
above_good,above_good/86,2,19,bad,toward_bad,False
above_good,above_good/86,3,19,bad,toward_good,False
above_good,above_good/86,4,19,bad,toward_good,False
above_good,above_good/86,5,19,bad,toward_bad,False
above_good,above_good/86,6,19,bad,toward_good,False
above_good,above_good/86,7,19,bad,toward_good,False
above_good,above_good/86,8,19,bad,toward_good,False
above_good,above_good/86,9,19,bad,toward_good,False
above_good,above_good/86,10,19,bad,toward_bad,False
above_good,above_good/86,11,19,bad,toward_good,False
above_good,above_good/86,12,19,bad,toward_good,False
above_good,above_good/86,13,19,good,toward_bad,False
above_good,above_good/86,14,19,bad,toward_good,False
above_good,above_good/86,15,19,good,toward_bad,False
above_good,above_good/86,16,19,good,toward_good,False
above_good,above_good/86,17,19,good,toward_bad,False
above_good,above_good/86,18,19,good,,True
above_good,above_good/87,0,18,bad,toward_good,False
above_good,above_good/87,1,18,bad,toward_bad,False
above_good,above_good/87,2,18,bad,toward_good,False
above_good,above_good/87,3,18,bad,toward_bad,False
above_good,above_good/87,4,18,bad,toward_bad,False
above_good,above_good/87,5,18,bad,toward_good,False
above_good,above_good/87,6,18,bad,toward_good,False
above_good,above_good/87,7,18,good,toward_bad,False
above_good,above_good/87,8,18,bad,toward_good,False
above_good,above_good/87,9,18,good,toward_bad,False
above_good,above_good/87,10,18,bad,toward_good,False
above_good,above_good/87,11,18,bad,toward_good,False
above_good,above_good/87,12,18,good,toward_bad,False
above_good,above_good/87,13,18,good,toward_bad,False
above_good,above_good/87,14,18,good,toward_bad,False
above_good,above_good/87,15,18,good,toward_good,False
above_good,above_good/87,16,18,good,toward_good,False
above_good,above_good/87,17,18,good,,True
above_good,above_good/88,0,6,bad,toward_good,False
above_good,above_good/88,1,6,good,toward_bad,False
above_good,above_good/88,2,6,bad,toward_good,False
above_good,above_good/88,3,6,good,toward_bad,False
above_good,above_good/88,4,6,good,toward_good,False
above_good,above_good/88,5,6,good,,True
above_good,above_good/89,0,33,bad,toward_good,False
above_good,above_good/89,1,33,bad,toward_good,False
above_good,above_good/89,2,33,bad,toward_good,False
above_good,above_good/89,3,33,good,toward_bad,False
above_good,above_good/89,4,33,good,toward_bad,False
above_good,above_good/89,5,33,bad,toward_bad,False
above_good,above_good/89,6,33,bad,toward_bad,False
above_good,above_good/89,7,33,bad,toward_good,False
above_good,above_good/89,8,33,bad,toward_bad,False
above_good,above_good/89,9,33,bad,toward_good,False
above_good,above_good/89,10,33,bad,toward_good,False
above_good,above_good/89,11,33,bad,toward_bad,False
above_good,above_good/89,12,33,bad,toward_good,False
above_good,above_good/89,13,33,bad,toward_good,False
above_good,above_good/89,14,33,bad,toward_good,False
above_good,above_good/89,15,33,bad,toward_bad,False
above_good,above_good/89,16,33,bad,toward_good,False
above_good,above_good/89,17,33,bad,toward_bad,False
above_good,above_good/89,18,33,bad,toward_good,False
above_good,above_good/89,19,33,bad,toward_bad,False
above_good,above_good/89,20,33,bad,toward_good,False
above_good,above_good/89,21,33,bad,toward_good,False
above_good,above_good/89,22,33,bad,toward_good,False
above_good,above_good/89,23,33,bad,toward_good,False
above_good,above_good/89,24,33,bad,toward_good,False
above_good,above_good/89,25,33,good,toward_bad,False
above_good,above_good/89,26,33,bad,toward_good,False
above_good,above_good/89,27,33,good,toward_good,False
above_good,above_good/89,28,33,good,toward_bad,False
above_good,above_good/89,29,33,bad,toward_good,False
above_good,above_good/89,30,33,bad,toward_good,False
above_good,above_good/89,31,33,bad,toward_good,False
above_good,above_good/89,32,33,good,,True
above_good,above_good/90,0,3,bad,toward_good,False
above_good,above_good/90,1,3,good,same,False
above_good,above_good/90,2,3,good,,True
above_good,above_good/91,0,9,bad,toward_good,False
above_good,above_good/91,1,9,bad,toward_bad,False
above_good,above_good/91,2,9,bad,toward_good,False
above_good,above_good/91,3,9,good,toward_bad,False
above_good,above_good/91,4,9,good,toward_good,False
above_good,above_good/91,5,9,good,toward_bad,False
above_good,above_good/91,6,9,good,toward_good,False
above_good,above_good/91,7,9,good,toward_good,False
above_good,above_good/91,8,9,good,,True
above_good,above_good/92,0,6,bad,toward_good,False
above_good,above_good/92,1,6,bad,toward_good,False
above_good,above_good/92,2,6,bad,toward_bad,False
above_good,above_good/92,3,6,bad,toward_good,False
above_good,above_good/92,4,6,bad,toward_good,False
above_good,above_good/92,5,6,bad,,True
above_good,above_good/93,0,26,bad,toward_bad,False
above_good,above_good/93,1,26,bad,toward_good,False
above_good,above_good/93,2,26,bad,toward_good,False
above_good,above_good/93,3,26,bad,toward_good,False
above_good,above_good/93,4,26,bad,toward_good,False
above_good,above_good/93,5,26,good,toward_bad,False
above_good,above_good/93,6,26,good,toward_bad,False
above_good,above_good/93,7,26,bad,toward_good,False
above_good,above_good/93,8,26,good,toward_bad,False
above_good,above_good/93,9,26,good,toward_good,False
above_good,above_good/93,10,26,good,toward_good,False
above_good,above_good/93,11,26,good,toward_good,False
above_good,above_good/93,12,26,good,toward_bad,False
above_good,above_good/93,13,26,good,toward_good,False
above_good,above_good/93,14,26,good,toward_bad,False
above_good,above_good/93,15,26,good,toward_bad,False
above_good,above_good/93,16,26,good,toward_good,False
above_good,above_good/93,17,26,good,toward_good,False
above_good,above_good/93,18,26,good,toward_bad,False
above_good,above_good/93,19,26,good,toward_good,False
above_good,above_good/93,20,26,good,toward_good,False
above_good,above_good/93,21,26,good,toward_bad,False
above_good,above_good/93,22,26,good,toward_good,False
above_good,above_good/93,23,26,good,toward_good,False
above_good,above_good/93,24,26,good,toward_bad,False
above_good,above_good/93,25,26,good,,True
above_good,above_good/94,0,4,bad,toward_good,False
above_good,above_good/94,1,4,good,toward_good,False
above_good,above_good/94,2,4,good,toward_bad,False
above_good,above_good/94,3,4,good,,True
above_good,above_good/95,0,11,bad,toward_good,False
above_good,above_good/95,1,11,bad,toward_bad,False
above_good,above_good/95,2,11,bad,toward_good,False
above_good,above_good/95,3,11,bad,toward_good,False
above_good,above_good/95,4,11,bad,toward_good,False
above_good,above_good/95,5,11,bad,toward_good,False
above_good,above_good/95,6,11,bad,toward_good,False
above_good,above_good/95,7,11,bad,toward_bad,False
above_good,above_good/95,8,11,bad,toward_good,False
above_good,above_good/95,9,11,bad,toward_bad,False
above_good,above_good/95,10,11,bad,,True
above_good,above_good/96,0,22,bad,toward_bad,False
above_good,above_good/96,1,22,bad,toward_good,False
above_good,above_good/96,2,22,bad,toward_good,False
above_good,above_good/96,3,22,good,toward_bad,False
above_good,above_good/96,4,22,bad,toward_good,False
above_good,above_good/96,5,22,bad,toward_good,False
above_good,above_good/96,6,22,good,toward_bad,False
above_good,above_good/96,7,22,bad,toward_good,False
above_good,above_good/96,8,22,good,toward_bad,False
above_good,above_good/96,9,22,good,toward_bad,False
above_good,above_good/96,10,22,good,toward_good,False
above_good,above_good/96,11,22,good,toward_bad,False
above_good,above_good/96,12,22,good,toward_bad,False
above_good,above_good/96,13,22,good,toward_bad,False
above_good,above_good/96,14,22,good,toward_bad,False
above_good,above_good/96,15,22,good,toward_good,False
above_good,above_good/96,16,22,good,toward_bad,False
above_good,above_good/96,17,22,good,toward_bad,False
above_good,above_good/96,18,22,good,toward_bad,False
above_good,above_good/96,19,22,good,toward_good,False
above_good,above_good/96,20,22,good,toward_bad,False
above_good,above_good/96,21,22,good,,True
above_good,above_good/97,0,1,good,,True
above_good,above_good/98,0,5,bad,toward_good,False
above_good,above_good/98,1,5,bad,toward_good,False
above_good,above_good/98,2,5,bad,toward_bad,False
above_good,above_good/98,3,5,bad,toward_bad,False
above_good,above_good/98,4,5,bad,,True
above_good,above_good/99,0,5,good,toward_bad,False
above_good,above_good/99,1,5,good,toward_bad,False
above_good,above_good/99,2,5,good,toward_good,False
above_good,above_good/99,3,5,good,toward_good,False
above_good,above_good/99,4,5,good,,True
