group,rollout,t,K,side,move,is_last
baseline[good=above],baseline/0,0,8,good,toward_bad,False
baseline[good=above],baseline/0,1,8,good,toward_bad,False
baseline[good=above],baseline/0,2,8,good,toward_bad,False
baseline[good=above],baseline/0,3,8,good,toward_good,False
baseline[good=above],baseline/0,4,8,good,toward_good,False
baseline[good=above],baseline/0,5,8,good,toward_bad,False
baseline[good=above],baseline/0,6,8,good,toward_good,False
baseline[good=above],baseline/0,7,8,good,,True
baseline[good=below],baseline/0,0,8,bad,toward_good,False
baseline[good=below],baseline/0,1,8,bad,toward_good,False
baseline[good=below],baseline/0,2,8,bad,toward_good,False
baseline[good=below],baseline/0,3,8,bad,toward_bad,False
baseline[good=below],baseline/0,4,8,bad,toward_bad,False
baseline[good=below],baseline/0,5,8,bad,toward_good,False
baseline[good=below],baseline/0,6,8,bad,toward_bad,False
baseline[good=below],baseline/0,7,8,bad,,True
baseline[good=above],baseline/1,0,16,bad,toward_bad,False
baseline[good=above],baseline/1,1,16,bad,toward_bad,False
baseline[good=above],baseline/1,2,16,bad,toward_good,False
baseline[good=above],baseline/1,3,16,bad,toward_bad,False
baseline[good=above],baseline/1,4,16,bad,toward_good,False
baseline[good=above],baseline/1,5,16,bad,toward_bad,False
baseline[good=above],baseline/1,6,16,bad,toward_good,False
baseline[good=above],baseline/1,7,16,bad,toward_bad,False
baseline[good=above],baseline/1,8,16,bad,toward_bad,False
baseline[good=above],baseline/1,9,16,bad,toward_good,False
baseline[good=above],baseline/1,10,16,bad,toward_bad,False
baseline[good=above],baseline/1,11,16,bad,toward_good,False
baseline[good=above],baseline/1,12,16,bad,toward_good,False
baseline[good=above],baseline/1,13,16,bad,toward_bad,False
baseline[good=above],baseline/1,14,16,bad,toward_good,False
baseline[good=above],baseline/1,15,16,bad,,True
baseline[good=below],baseline/1,0,16,good,toward_good,False
baseline[good=below],baseline/1,1,16,good,toward_good,False
baseline[good=below],baseline/1,2,16,good,toward_bad,False
baseline[good=below],baseline/1,3,16,good,toward_good,False
baseline[good=below],baseline/1,4,16,good,toward_bad,False
baseline[good=below],baseline/1,5,16,good,toward_good,False
baseline[good=below],baseline/1,6,16,good,toward_bad,False
baseline[good=below],baseline/1,7,16,good,toward_good,False
baseline[good=below],baseline/1,8,16,good,toward_good,False
baseline[good=below],baseline/1,9,16,good,toward_bad,False
baseline[good=below],baseline/1,10,16,good,toward_good,False
baseline[good=below],baseline/1,11,16,good,toward_bad,False
baseline[good=below],baseline/1,12,16,good,toward_bad,False
baseline[good=below],baseline/1,13,16,good,toward_good,False
baseline[good=below],baseline/1,14,16,good,toward_bad,False
baseline[good=below],baseline/1,15,16,good,,True
baseline[good=above],baseline/2,0,8,bad,toward_good,False
baseline[good=above],baseline/2,1,8,bad,toward_good,False
baseline[good=above],baseline/2,2,8,bad,toward_good,False
baseline[good=above],baseline/2,3,8,bad,toward_bad,False
baseline[good=above],baseline/2,4,8,bad,toward_bad,False
baseline[good=above],baseline/2,5,8,bad,toward_good,False
baseline[good=above],baseline/2,6,8,bad,toward_bad,False
baseline[good=above],baseline/2,7,8,bad,,True
baseline[good=below],baseline/2,0,8,good,toward_bad,False
baseline[good=below],baseline/2,1,8,good,toward_bad,False
baseline[good=below],baseline/2,2,8,good,toward_bad,False
baseline[good=below],baseline/2,3,8,good,toward_good,False
baseline[good=below],baseline/2,4,8,good,toward_good,False
baseline[good=below],baseline/2,5,8,good,toward_bad,False
baseline[good=below],baseline/2,6,8,good,toward_good,False
baseline[good=below],baseline/2,7,8,good,,True
baseline[good=above],baseline/3,0,8,bad,toward_bad,False
baseline[good=above],baseline/3,1,8,bad,toward_good,False
baseline[good=above],baseline/3,2,8,bad,toward_bad,False
baseline[good=above],baseline/3,3,8,bad,toward_good,False
baseline[good=above],baseline/3,4,8,bad,toward_bad,False
baseline[good=above],baseline/3,5,8,bad,toward_bad,False
baseline[good=above],baseline/3,6,8,bad,toward_good,False
baseline[good=above],baseline/3,7,8,bad,,True
baseline[good=below],baseline/3,0,8,good,toward_good,False
baseline[good=below],baseline/3,1,8,good,toward_bad,False
baseline[good=below],baseline/3,2,8,good,toward_good,False
baseline[good=below],baseline/3,3,8,good,toward_bad,False
baseline[good=below],baseline/3,4,8,good,toward_good,False
baseline[good=below],baseline/3,5,8,good,toward_good,False
baseline[good=below],baseline/3,6,8,good,toward_bad,False
baseline[good=below],baseline/3,7,8,good,,True
baseline[good=above],baseline/4,0,3,good,toward_good,False
baseline[good=above],baseline/4,1,3,good,toward_bad,False
baseline[good=above],baseline/4,2,3,good,,True
baseline[good=below],baseline/4,0,3,bad,toward_bad,False
baseline[good=below],baseline/4,1,3,bad,toward_good,False
baseline[good=below],baseline/4,2,3,bad,,True
baseline[good=above],baseline/5,0,21,good,toward_good,False
baseline[good=above],baseline/5,1,21,good,toward_bad,False
baseline[good=above],baseline/5,2,21,good,toward_good,False
baseline[good=above],baseline/5,3,21,good,toward_bad,False
baseline[good=above],baseline/5,4,21,good,toward_good,False
baseline[good=above],baseline/5,5,21,good,toward_good,False
baseline[good=above],baseline/5,6,21,good,toward_good,False
baseline[good=above],baseline/5,7,21,good,toward_good,False
baseline[good=above],baseline/5,8,21,good,toward_bad,False
baseline[good=above],baseline/5,9,21,good,toward_good,False
baseline[good=above],baseline/5,10,21,good,toward_good,False
baseline[good=above],baseline/5,11,21,good,toward_bad,False
baseline[good=above],baseline/5,12,21,good,toward_bad,False
baseline[good=above],baseline/5,13,21,good,toward_good,False
baseline[good=above],baseline/5,14,21,good,toward_bad,False
baseline[good=above],baseline/5,15,21,good,toward_bad,False
baseline[good=above],baseline/5,16,21,good,toward_good,False
baseline[good=above],baseline/5,17,21,good,toward_bad,False
baseline[good=above],baseline/5,18,21,good,toward_good,False
baseline[good=above],baseline/5,19,21,good,toward_bad,False
baseline[good=above],baseline/5,20,21,good,,True
baseline[good=below],baseline/5,0,21,bad,toward_bad,False
baseline[good=below],baseline/5,1,21,bad,toward_good,False
baseline[good=below],baseline/5,2,21,bad,toward_bad,False
baseline[good=below],baseline/5,3,21,bad,toward_good,False
baseline[good=below],baseline/5,4,21,bad,toward_bad,False
baseline[good=below],baseline/5,5,21,bad,toward_bad,False
baseline[good=below],baseline/5,6,21,bad,toward_bad,False
baseline[good=below],baseline/5,7,21,bad,toward_bad,False
baseline[good=below],baseline/5,8,21,bad,toward_good,False
baseline[good=below],baseline/5,9,21,bad,toward_bad,False
baseline[good=below],baseline/5,10,21,bad,toward_bad,False
baseline[good=below],baseline/5,11,21,bad,toward_good,False
baseline[good=below],baseline/5,12,21,bad,toward_good,False
baseline[good=below],baseline/5,13,21,bad,toward_bad,False
baseline[good=below],baseline/5,14,21,bad,toward_good,False
baseline[good=below],baseline/5,15,21,bad,toward_good,False
baseline[good=below],baseline/5,16,21,bad,toward_bad,False
baseline[good=below],baseline/5,17,21,bad,toward_good,False
baseline[good=below],baseline/5,18,21,bad,toward_bad,False
baseline[good=below],baseline/5,19,21,bad,toward_good,False
baseline[good=below],baseline/5,20,21,bad,,True
baseline[good=above],baseline/6,0,14,good,toward_good,False
baseline[good=above],baseline/6,1,14,good,toward_good,False
baseline[good=above],baseline/6,2,14,good,toward_bad,False
baseline[good=above],baseline/6,3,14,good,toward_good,False
baseline[good=above],baseline/6,4,14,good,toward_bad,False
baseline[good=above],baseline/6,5,14,good,toward_good,False
baseline[good=above],baseline/6,6,14,good,toward_bad,False
baseline[good=above],baseline/6,7,14,good,toward_good,False
baseline[good=above],baseline/6,8,14,good,toward_good,False
baseline[good=above],baseline/6,9,14,good,toward_bad,False
baseline[good=above],baseline/6,10,14,good,toward_bad,False
baseline[good=above],baseline/6,11,14,good,toward_bad,False
baseline[good=above],baseline/6,12,14,good,toward_bad,False
baseline[good=above],baseline/6,13,14,good,,True
baseline[good=below],baseline/6,0,14,bad,toward_bad,False
baseline[good=below],baseline/6,1,14,bad,toward_bad,False
baseline[good=below],baseline/6,2,14,bad,toward_good,False
baseline[good=below],baseline/6,3,14,bad,toward_bad,False
baseline[good=below],baseline/6,4,14,bad,toward_good,False
baseline[good=below],baseline/6,5,14,bad,toward_bad,False
baseline[good=below],baseline/6,6,14,bad,toward_good,False
baseline[good=below],baseline/6,7,14,bad,toward_bad,False
baseline[good=below],baseline/6,8,14,bad,toward_bad,False
baseline[good=below],baseline/6,9,14,bad,toward_good,False
baseline[good=below],baseline/6,10,14,bad,toward_good,False
baseline[good=below],baseline/6,11,14,bad,toward_good,False
baseline[good=below],baseline/6,12,14,bad,toward_good,False
baseline[good=below],baseline/6,13,14,bad,,True
baseline[good=above],baseline/7,0,14,good,toward_bad,False
baseline[good=above],baseline/7,1,14,good,toward_bad,False
baseline[good=above],baseline/7,2,14,good,toward_good,False
baseline[good=above],baseline/7,3,14,good,toward_bad,False
baseline[good=above],baseline/7,4,14,good,toward_good,False
baseline[good=above],baseline/7,5,14,good,toward_bad,False
baseline[good=above],baseline/7,6,14,good,toward_good,False
baseline[good=above],baseline/7,7,14,good,toward_good,False
baseline[good=above],baseline/7,8,14,good,toward_good,False
baseline[good=above],baseline/7,9,14,good,toward_bad,False
baseline[good=above],baseline/7,10,14,good,toward_good,False
baseline[good=above],baseline/7,11,14,good,toward_bad,False
baseline[good=above],baseline/7,12,14,good,toward_good,False
baseline[good=above],baseline/7,13,14,good,,True
baseline[good=below],baseline/7,0,14,bad,toward_good,False
baseline[good=below],baseline/7,1,14,bad,toward_good,False
baseline[good=below],baseline/7,2,14,bad,toward_bad,False
baseline[good=below],baseline/7,3,14,bad,toward_good,False
baseline[good=below],baseline/7,4,14,bad,toward_bad,False
baseline[good=below],baseline/7,5,14,bad,toward_good,False
baseline[good=below],baseline/7,6,14,bad,toward_bad,False
baseline[good=below],baseline/7,7,14,bad,toward_bad,False
baseline[good=below],baseline/7,8,14,bad,toward_bad,False
baseline[good=below],baseline/7,9,14,bad,toward_good,False
baseline[good=below],baseline/7,10,14,bad,toward_bad,False
baseline[good=below],baseline/7,11,14,bad,toward_good,False
baseline[good=below],baseline/7,12,14,bad,toward_bad,False
baseline[good=below],baseline/7,13,14,bad,,True
baseline[good=above],baseline/9,0,17,good,toward_bad,False
baseline[good=above],baseline/9,1,17,good,toward_bad,False
baseline[good=above],baseline/9,2,17,good,toward_good,False
baseline[good=above],baseline/9,3,17,good,toward_bad,False
baseline[good=above],baseline/9,4,17,good,toward_bad,False
baseline[good=above],baseline/9,5,17,good,toward_good,False
baseline[good=above],baseline/9,6,17,good,toward_bad,False
baseline[good=above],baseline/9,7,17,good,toward_bad,False
baseline[good=above],baseline/9,8,17,good,toward_good,False
baseline[good=above],baseline/9,9,17,good,toward_bad,False
baseline[good=above],baseline/9,10,17,good,toward_good,False
baseline[good=above],baseline/9,11,17,good,toward_good,False
baseline[good=above],baseline/9,12,17,good,toward_bad,False
baseline[good=above],baseline/9,13,17,good,toward_good,False
baseline[good=above],baseline/9,14,17,good,toward_good,False
baseline[good=above],baseline/9,15,17,good,toward_bad,False
baseline[good=above],baseline/9,16,17,good,,True
baseline[good=below],baseline/9,0,17,bad,toward_good,False
baseline[good=below],baseline/9,1,17,bad,toward_good,False
baseline[good=below],baseline/9,2,17,bad,toward_bad,False
baseline[good=below],baseline/9,3,17,bad,toward_good,False
baseline[good=below],baseline/9,4,17,bad,toward_good,False
baseline[good=below],baseline/9,5,17,bad,toward_bad,False
baseline[good=below],baseline/9,6,17,bad,toward_good,False
baseline[good=below],baseline/9,7,17,bad,toward_good,False
baseline[good=below],baseline/9,8,17,bad,toward_bad,False
baseline[good=below],baseline/9,9,17,bad,toward_good,False
baseline[good=below],baseline/9,10,17,bad,toward_bad,False
baseline[good=below],baseline/9,11,17,bad,toward_bad,False
baseline[good=below],baseline/9,12,17,bad,toward_good,False
baseline[good=below],baseline/9,13,17,bad,toward_bad,False
baseline[good=below],baseline/9,14,17,bad,toward_bad,False
baseline[good=below],baseline/9,15,17,bad,toward_good,False
baseline[good=below],baseline/9,16,17,bad,,True
baseline[good=above],baseline/10,0,1,good,,True
baseline[good=below],baseline/10,0,1,bad,,True
baseline[good=above],baseline/11,0,1,bad,,True
baseline[good=below],baseline/11,0,1,good,,True
baseline[good=above],baseline/12,0,9,good,toward_bad,False
baseline[good=above],baseline/12,1,9,good,toward_bad,False
baseline[good=above],baseline/12,2,9,good,toward_bad,False
baseline[good=above],baseline/12,3,9,good,toward_good,False
baseline[good=above],baseline/12,4,9,good,toward_good,False
baseline[good=above],baseline/12,5,9,good,toward_bad,False
baseline[good=above],baseline/12,6,9,good,toward_bad,False
baseline[good=above],baseline/12,7,9,good,toward_good,False
baseline[good=above],baseline/12,8,9,good,,True
baseline[good=below],baseline/12,0,9,bad,toward_good,False
baseline[good=below],baseline/12,1,9,bad,toward_good,False
baseline[good=below],baseline/12,2,9,bad,toward_good,False
baseline[good=below],baseline/12,3,9,bad,toward_bad,False
baseline[good=below],baseline/12,4,9,bad,toward_bad,False
baseline[good=below],baseline/12,5,9,bad,toward_good,False
baseline[good=below],baseline/12,6,9,bad,toward_good,False
baseline[good=below],baseline/12,7,9,bad,toward_bad,False
baseline[good=below],baseline/12,8,9,bad,,True
baseline[good=above],baseline/13,0,14,good,toward_bad,False
baseline[good=above],baseline/13,1,14,good,toward_good,False
baseline[good=above],baseline/13,2,14,good,toward_bad,False
baseline[good=above],baseline/13,3,14,good,toward_bad,False
baseline[good=above],baseline/13,4,14,good,toward_good,False
baseline[good=above],baseline/13,5,14,good,toward_bad,False
baseline[good=above],baseline/13,6,14,good,toward_bad,False
baseline[good=above],baseline/13,7,14,good,toward_bad,False
baseline[good=above],baseline/13,8,14,good,toward_good,False
baseline[good=above],baseline/13,9,14,good,toward_bad,False
baseline[good=above],baseline/13,10,14,good,toward_good,False
baseline[good=above],baseline/13,11,14,good,toward_bad,False
baseline[good=above],baseline/13,12,14,good,same,False
baseline[good=above],baseline/13,13,14,good,,True
baseline[good=below],baseline/13,0,14,bad,toward_good,False
baseline[good=below],baseline/13,1,14,bad,toward_bad,False
baseline[good=below],baseline/13,2,14,bad,toward_good,False
baseline[good=below],baseline/13,3,14,bad,toward_good,False
baseline[good=below],baseline/13,4,14,bad,toward_bad,False
baseline[good=below],baseline/13,5,14,bad,toward_good,False
baseline[good=below],baseline/13,6,14,bad,toward_good,False
baseline[good=below],baseline/13,7,14,bad,toward_good,False
baseline[good=below],baseline/13,8,14,bad,toward_bad,False
baseline[good=below],baseline/13,9,14,bad,toward_good,False
baseline[good=below],baseline/13,10,14,bad,toward_bad,False
baseline[good=below],baseline/13,11,14,bad,toward_good,False
baseline[good=below],baseline/13,12,14,bad,same,False
baseline[good=below],baseline/13,13,14,bad,,True
baseline[good=above],baseline/15,0,11,bad,toward_bad,False
baseline[good=above],baseline/15,1,11,bad,toward_good,False
baseline[good=above],baseline/15,2,11,bad,toward_bad,False
baseline[good=above],baseline/15,3,11,bad,toward_bad,False
baseline[good=above],baseline/15,4,11,bad,toward_bad,False
baseline[good=above],baseline/15,5,11,bad,toward_good,False
baseline[good=above],baseline/15,6,11,bad,toward_bad,False
baseline[good=above],baseline/15,7,11,bad,toward_good,False
baseline[good=above],baseline/15,8,11,bad,toward_good,False
baseline[good=above],baseline/15,9,11,bad,toward_bad,False
baseline[good=above],baseline/15,10,11,bad,,True
baseline[good=below],baseline/15,0,11,good,toward_good,False
baseline[good=below],baseline/15,1,11,good,toward_bad,False
baseline[good=below],baseline/15,2,11,good,toward_good,False
baseline[good=below],baseline/15,3,11,good,toward_good,False
baseline[good=below],baseline/15,4,11,good,toward_good,False
baseline[good=below],baseline/15,5,11,good,toward_bad,False
baseline[good=below],baseline/15,6,11,good,toward_good,False
baseline[good=below],baseline/15,7,11,good,toward_bad,False
baseline[good=below],baseline/15,8,11,good,toward_bad,False
baseline[good=below],baseline/15,9,11,good,toward_good,False
baseline[good=below],baseline/15,10,11,good,,True
baseline[good=above],baseline/16,0,10,bad,toward_good,False
baseline[good=above],baseline/16,1,10,bad,toward_bad,False
baseline[good=above],baseline/16,2,10,bad,toward_good,False
baseline[good=above],baseline/16,3,10,bad,toward_good,False
baseline[good=above],baseline/16,4,10,bad,toward_bad,False
baseline[good=above],baseline/16,5,10,bad,toward_good,False
baseline[good=above],baseline/16,6,10,bad,toward_bad,False
baseline[good=above],baseline/16,7,10,bad,toward_good,False
baseline[good=above],baseline/16,8,10,bad,toward_good,False
baseline[good=above],baseline/16,9,10,bad,,True
baseline[good=below],baseline/16,0,10,good,toward_bad,False
baseline[good=below],baseline/16,1,10,good,toward_good,False
baseline[good=below],baseline/16,2,10,good,toward_bad,False
baseline[good=below],baseline/16,3,10,good,toward_bad,False
baseline[good=below],baseline/16,4,10,good,toward_good,False
baseline[good=below],baseline/16,5,10,good,toward_bad,False
baseline[good=below],baseline/16,6,10,good,toward_good,False
baseline[good=below],baseline/16,7,10,good,toward_bad,False
baseline[good=below],baseline/16,8,10,good,toward_bad,False
baseline[good=below],baseline/16,9,10,good,,True
baseline[good=above],baseline/17,0,1,good,,True
baseline[good=below],baseline/17,0,1,bad,,True
baseline[good=above],baseline/18,0,30,good,toward_bad,False
baseline[good=above],baseline/18,1,30,good,toward_good,False
baseline[good=above],baseline/18,2,30,good,toward_bad,False
baseline[good=above],baseline/18,3,30,good,toward_bad,False
baseline[good=above],baseline/18,4,30,good,toward_good,False
baseline[good=above],baseline/18,5,30,good,toward_bad,False
baseline[good=above],baseline/18,6,30,good,toward_bad,False
baseline[good=above],baseline/18,7,30,good,toward_good,False
baseline[good=above],baseline/18,8,30,good,toward_bad,False
baseline[good=above],baseline/18,9,30,good,toward_bad,False
baseline[good=above],baseline/18,10,30,good,toward_good,False
baseline[good=above],baseline/18,11,30,good,toward_bad,False
baseline[good=above],baseline/18,12,30,good,toward_bad,False
baseline[good=above],baseline/18,13,30,good,toward_bad,False
baseline[good=above],baseline/18,14,30,good,toward_bad,False
baseline[good=above],baseline/18,15,30,good,toward_good,False
baseline[good=above],baseline/18,16,30,good,toward_bad,False
baseline[good=above],baseline/18,17,30,good,toward_good,False
baseline[good=above],baseline/18,18,30,good,toward_bad,False
baseline[good=above],baseline/18,19,30,good,toward_bad,False
baseline[good=above],baseline/18,20,30,good,toward_bad,False
baseline[good=above],baseline/18,21,30,good,toward_good,False
baseline[good=above],baseline/18,22,30,good,toward_bad,False
baseline[good=above],baseline/18,23,30,good,same,False
baseline[good=above],baseline/18,24,30,good,toward_good,False
baseline[good=above],baseline/18,25,30,good,toward_bad,False
baseline[good=above],baseline/18,26,30,good,toward_bad,False
baseline[good=above],baseline/18,27,30,good,toward_good,False
baseline[good=above],baseline/18,28,30,good,same,False
baseline[good=above],baseline/18,29,30,good,,True
baseline[good=below],baseline/18,0,30,bad,toward_good,False
baseline[good=below],baseline/18,1,30,bad,toward_bad,False
baseline[good=below],baseline/18,2,30,bad,toward_good,False
baseline[good=below],baseline/18,3,30,bad,toward_good,False
baseline[good=below],baseline/18,4,30,bad,toward_bad,False
baseline[good=below],baseline/18,5,30,bad,toward_good,False
baseline[good=below],baseline/18,6,30,bad,toward_good,False
baseline[good=below],baseline/18,7,30,bad,toward_bad,False
baseline[good=below],baseline/18,8,30,bad,toward_good,False
baseline[good=below],baseline/18,9,30,bad,toward_good,False
baseline[good=below],baseline/18,10,30,bad,toward_bad,False
baseline[good=below],baseline/18,11,30,bad,toward_good,False
baseline[good=below],baseline/18,12,30,bad,toward_good,False
baseline[good=below],baseline/18,13,30,bad,toward_good,False
baseline[good=below],baseline/18,14,30,bad,toward_good,False
baseline[good=below],baseline/18,15,30,bad,toward_bad,False
baseline[good=below],baseline/18,16,30,bad,toward_good,False
baseline[good=below],baseline/18,17,30,bad,toward_bad,False
baseline[good=below],baseline/18,18,30,bad,toward_good,False
baseline[good=below],baseline/18,19,30,bad,toward_good,False
baseline[good=below],baseline/18,20,30,bad,toward_good,False
baseline[good=below],baseline/18,21,30,bad,toward_bad,False
baseline[good=below],baseline/18,22,30,bad,toward_good,False
baseline[good=below],baseline/18,23,30,bad,same,False
baseline[good=below],baseline/18,24,30,bad,toward_bad,False
baseline[good=below],baseline/18,25,30,bad,toward_good,False
baseline[good=below],baseline/18,26,30,bad,toward_good,False
baseline[good=below],baseline/18,27,30,bad,toward_bad,False
baseline[good=below],baseline/18,28,30,bad,same,False
baseline[good=below],baseline/18,29,30,bad,,True
baseline[good=above],baseline/19,0,11,good,toward_good,False
baseline[good=above],baseline/19,1,11,good,toward_bad,False
baseline[good=above],baseline/19,2,11,good,toward_bad,False
baseline[good=above],baseline/19,3,11,good,toward_bad,False
baseline[good=above],baseline/19,4,11,good,toward_bad,False
baseline[good=above],baseline/19,5,11,good,toward_good,False
baseline[good=above],baseline/19,6,11,good,toward_good,False
baseline[good=above],baseline/19,7,11,good,toward_bad,False
baseline[good=above],baseline/19,8,11,good,toward_bad,False
baseline[good=above],baseline/19,9,11,good,toward_good,False
baseline[good=above],baseline/19,10,11,good,,True
baseline[good=below],baseline/19,0,11,bad,toward_bad,False
baseline[good=below],baseline/19,1,11,bad,toward_good,False
baseline[good=below],baseline/19,2,11,bad,toward_good,False
baseline[good=below],baseline/19,3,11,bad,toward_good,False
baseline[good=below],baseline/19,4,11,bad,toward_good,False
baseline[good=below],baseline/19,5,11,bad,toward_bad,False
baseline[good=below],baseline/19,6,11,bad,toward_bad,False
baseline[good=below],baseline/19,7,11,bad,toward_good,False
baseline[good=below],baseline/19,8,11,bad,toward_good,False
baseline[good=below],baseline/19,9,11,bad,toward_bad,False
baseline[good=below],baseline/19,10,11,bad,,True
baseline[good=above],baseline/20,0,13,bad,toward_good,False
baseline[good=above],baseline/20,1,13,bad,toward_bad,False
baseline[good=above],baseline/20,2,13,bad,toward_good,False
baseline[good=above],baseline/20,3,13,bad,toward_bad,False
baseline[good=above],baseline/20,4,13,bad,toward_bad,False
baseline[good=above],baseline/20,5,13,bad,toward_bad,False
baseline[good=above],baseline/20,6,13,bad,toward_good,False
baseline[good=above],baseline/20,7,13,bad,toward_good,False
baseline[good=above],baseline/20,8,13,bad,toward_good,False
baseline[good=above],baseline/20,9,13,bad,toward_bad,False
baseline[good=above],baseline/20,10,13,bad,toward_bad,False
baseline[good=above],baseline/20,11,13,bad,toward_good,False
baseline[good=above],baseline/20,12,13,bad,,True
baseline[good=below],baseline/20,0,13,good,toward_bad,False
baseline[good=below],baseline/20,1,13,good,toward_good,False
baseline[good=below],baseline/20,2,13,good,toward_bad,False
baseline[good=below],baseline/20,3,13,good,toward_good,False
baseline[good=below],baseline/20,4,13,good,toward_good,False
baseline[good=below],baseline/20,5,13,good,toward_good,False
baseline[good=below],baseline/20,6,13,good,toward_bad,False
baseline[good=below],baseline/20,7,13,good,toward_bad,False
baseline[good=below],baseline/20,8,13,good,toward_bad,False
baseline[good=below],baseline/20,9,13,good,toward_good,False
baseline[good=below],baseline/20,10,13,good,toward_good,False
baseline[good=below],baseline/20,11,13,good,toward_bad,False
baseline[good=below],baseline/20,12,13,good,,True
baseline[good=above],baseline/21,0,8,good,toward_good,False
baseline[good=above],baseline/21,1,8,good,toward_bad,False
baseline[good=above],baseline/21,2,8,good,toward_good,False
baseline[good=above],baseline/21,3,8,good,toward_bad,False
baseline[good=above],baseline/21,4,8,good,toward_bad,False
baseline[good=above],baseline/21,5,8,good,toward_bad,False
baseline[good=above],baseline/21,6,8,good,toward_good,False
baseline[good=above],baseline/21,7,8,good,,True
baseline[good=below],baseline/21,0,8,bad,toward_bad,False
baseline[good=below],baseline/21,1,8,bad,toward_good,False
baseline[good=below],baseline/21,2,8,bad,toward_bad,False
baseline[good=below],baseline/21,3,8,bad,toward_good,False
baseline[good=below],baseline/21,4,8,bad,toward_good,False
baseline[good=below],baseline/21,5,8,bad,toward_good,False
baseline[good=below],baseline/21,6,8,bad,toward_bad,False
baseline[good=below],baseline/21,7,8,bad,,True
baseline[good=above],baseline/22,0,16,good,toward_bad,False
baseline[good=above],baseline/22,1,16,good,toward_bad,False
baseline[good=above],baseline/22,2,16,good,toward_bad,False
baseline[good=above],baseline/22,3,16,good,toward_good,False
baseline[good=above],baseline/22,4,16,good,toward_bad,False
baseline[good=above],baseline/22,5,16,good,toward_bad,False
baseline[good=above],baseline/22,6,16,good,toward_good,False
baseline[good=above],baseline/22,7,16,good,toward_bad,False
baseline[good=above],baseline/22,8,16,good,toward_good,False
baseline[good=above],baseline/22,9,16,good,toward_bad,False
baseline[good=above],baseline/22,10,16,good,toward_good,False
baseline[good=above],baseline/22,11,16,good,toward_good,False
baseline[good=above],baseline/22,12,16,good,toward_bad,False
baseline[good=above],baseline/22,13,16,good,toward_good,False
baseline[good=above],baseline/22,14,16,good,toward_bad,False
baseline[good=above],baseline/22,15,16,good,,True
baseline[good=below],baseline/22,0,16,bad,toward_good,False
baseline[good=below],baseline/22,1,16,bad,toward_good,False
baseline[good=below],baseline/22,2,16,bad,toward_good,False
baseline[good=below],baseline/22,3,16,bad,toward_bad,False
baseline[good=below],baseline/22,4,16,bad,toward_good,False
baseline[good=below],baseline/22,5,16,bad,toward_good,False
baseline[good=below],baseline/22,6,16,bad,toward_bad,False
baseline[good=below],baseline/22,7,16,bad,toward_good,False
baseline[good=below],baseline/22,8,16,bad,toward_bad,False
baseline[good=below],baseline/22,9,16,bad,toward_good,False
baseline[good=below],baseline/22,10,16,bad,toward_bad,False
baseline[good=below],baseline/22,11,16,bad,toward_bad,False
baseline[good=below],baseline/22,12,16,bad,toward_good,False
baseline[good=below],baseline/22,13,16,bad,toward_bad,False
baseline[good=below],baseline/22,14,16,bad,toward_good,False
baseline[good=below],baseline/22,15,16,bad,,True
baseline[good=above],baseline/23,0,15,bad,toward_good,False
baseline[good=above],baseline/23,1,15,bad,toward_good,False
baseline[good=above],baseline/23,2,15,bad,toward_good,False
baseline[good=above],baseline/23,3,15,bad,toward_bad,False
baseline[good=above],baseline/23,4,15,bad,toward_bad,False
baseline[good=above],baseline/23,5,15,bad,toward_bad,False
baseline[good=above],baseline/23,6,15,bad,toward_bad,False
baseline[good=above],baseline/23,7,15,bad,toward_bad,False
baseline[good=above],baseline/23,8,15,bad,toward_bad,False
baseline[good=above],baseline/23,9,15,bad,toward_good,False
baseline[good=above],baseline/23,10,15,bad,toward_bad,False
baseline[good=above],baseline/23,11,15,bad,toward_good,False
baseline[good=above],baseline/23,12,15,bad,toward_good,False
baseline[good=above],baseline/23,13,15,bad,toward_bad,False
baseline[good=above],baseline/23,14,15,bad,,True
baseline[good=below],baseline/23,0,15,good,toward_bad,False
baseline[good=below],baseline/23,1,15,good,toward_bad,False
baseline[good=below],baseline/23,2,15,good,toward_bad,False
baseline[good=below],baseline/23,3,15,good,toward_good,False
baseline[good=below],baseline/23,4,15,good,toward_good,False
baseline[good=below],baseline/23,5,15,good,toward_good,False
baseline[good=below],baseline/23,6,15,good,toward_good,False
baseline[good=below],baseline/23,7,15,good,toward_good,False
baseline[good=below],baseline/23,8,15,good,toward_good,False
baseline[good=below],baseline/23,9,15,good,toward_bad,False
baseline[good=below],baseline/23,10,15,good,toward_good,False
baseline[good=below],baseline/23,11,15,good,toward_bad,False
baseline[good=below],baseline/23,12,15,good,toward_bad,False
baseline[good=below],baseline/23,13,15,good,toward_good,False
baseline[good=below],baseline/23,14,15,good,,True
baseline[good=above],baseline/24,0,17,good,toward_bad,False
baseline[good=above],baseline/24,1,17,good,toward_good,False
baseline[good=above],baseline/24,2,17,good,toward_bad,False
baseline[good=above],baseline/24,3,17,good,toward_good,False
baseline[good=above],baseline/24,4,17,good,toward_bad,False
baseline[good=above],baseline/24,5,17,good,toward_good,False
baseline[good=above],baseline/24,6,17,good,toward_good,False
baseline[good=above],baseline/24,7,17,good,toward_good,False
baseline[good=above],baseline/24,8,17,good,toward_bad,False
baseline[good=above],baseline/24,9,17,good,toward_good,False
baseline[good=above],baseline/24,10,17,good,toward_bad,False
baseline[good=above],baseline/24,11,17,good,toward_bad,False
baseline[good=above],baseline/24,12,17,good,toward_good,False
baseline[good=above],baseline/24,13,17,good,toward_good,False
baseline[good=above],baseline/24,14,17,good,toward_bad,False
baseline[good=above],baseline/24,15,17,good,toward_bad,False
baseline[good=above],baseline/24,16,17,good,,True
baseline[good=below],baseline/24,0,17,bad,toward_good,False
baseline[good=below],baseline/24,1,17,bad,toward_bad,False
baseline[good=below],baseline/24,2,17,bad,toward_good,False
baseline[good=below],baseline/24,3,17,bad,toward_bad,False
baseline[good=below],baseline/24,4,17,bad,toward_good,False
baseline[good=below],baseline/24,5,17,bad,toward_bad,False
baseline[good=below],baseline/24,6,17,bad,toward_bad,False
baseline[good=below],baseline/24,7,17,bad,toward_bad,False
baseline[good=below],baseline/24,8,17,bad,toward_good,False
baseline[good=below],baseline/24,9,17,bad,toward_bad,False
baseline[good=below],baseline/24,10,17,bad,toward_good,False
baseline[good=below],baseline/24,11,17,bad,toward_good,False
baseline[good=below],baseline/24,12,17,bad,toward_bad,False
baseline[good=below],baseline/24,13,17,bad,toward_bad,False
baseline[good=below],baseline/24,14,17,bad,toward_good,False
baseline[good=below],baseline/24,15,17,bad,toward_good,False
baseline[good=below],baseline/24,16,17,bad,,True
baseline[good=above],baseline/25,0,1,good,,True
baseline[good=below],baseline/25,0,1,bad,,True
baseline[good=above],baseline/27,0,10,good,toward_bad,False
baseline[good=above],baseline/27,1,10,good,toward_bad,False
baseline[good=above],baseline/27,2,10,good,toward_good,False
baseline[good=above],baseline/27,3,10,good,toward_bad,False
baseline[good=above],baseline/27,4,10,good,toward_good,False
baseline[good=above],baseline/27,5,10,good,toward_bad,False
baseline[good=above],baseline/27,6,10,good,toward_good,False
baseline[good=above],baseline/27,7,10,good,toward_good,False
baseline[good=above],baseline/27,8,10,good,toward_bad,False
baseline[good=above],baseline/27,9,10,good,,True
baseline[good=below],baseline/27,0,10,bad,toward_good,False
baseline[good=below],baseline/27,1,10,bad,toward_good,False
baseline[good=below],baseline/27,2,10,bad,toward_bad,False
baseline[good=below],baseline/27,3,10,bad,toward_good,False
baseline[good=below],baseline/27,4,10,bad,toward_bad,False
baseline[good=below],baseline/27,5,10,bad,toward_good,False
baseline[good=below],baseline/27,6,10,bad,toward_bad,False
baseline[good=below],baseline/27,7,10,bad,toward_bad,False
baseline[good=below],baseline/27,8,10,bad,toward_good,False
baseline[good=below],baseline/27,9,10,bad,,True
baseline[good=above],baseline/28,0,22,good,toward_good,False
baseline[good=above],baseline/28,1,22,good,toward_bad,False
baseline[good=above],baseline/28,2,22,good,toward_good,False
baseline[good=above],baseline/28,3,22,good,toward_bad,False
baseline[good=above],baseline/28,4,22,good,toward_bad,False
baseline[good=above],baseline/28,5,22,good,toward_good,False
baseline[good=above],baseline/28,6,22,good,toward_good,False
baseline[good=above],baseline/28,7,22,good,toward_good,False
baseline[good=above],baseline/28,8,22,good,toward_bad,False
baseline[good=above],baseline/28,9,22,good,toward_bad,False
baseline[good=above],baseline/28,10,22,good,toward_good,False
baseline[good=above],baseline/28,11,22,good,toward_bad,False
baseline[good=above],baseline/28,12,22,good,toward_good,False
baseline[good=above],baseline/28,13,22,good,toward_good,False
baseline[good=above],baseline/28,14,22,good,toward_bad,False
baseline[good=above],baseline/28,15,22,good,toward_good,False
baseline[good=above],baseline/28,16,22,good,toward_bad,False
baseline[good=above],baseline/28,17,22,good,toward_bad,False
baseline[good=above],baseline/28,18,22,good,toward_good,False
baseline[good=above],baseline/28,19,22,good,toward_bad,False
baseline[good=above],baseline/28,20,22,good,toward_bad,False
baseline[good=above],baseline/28,21,22,good,,True
baseline[good=below],baseline/28,0,22,bad,toward_bad,False
baseline[good=below],baseline/28,1,22,bad,toward_good,False
baseline[good=below],baseline/28,2,22,bad,toward_bad,False
baseline[good=below],baseline/28,3,22,bad,toward_good,False
baseline[good=below],baseline/28,4,22,bad,toward_good,False
baseline[good=below],baseline/28,5,22,bad,toward_bad,False
baseline[good=below],baseline/28,6,22,bad,toward_bad,False
baseline[good=below],baseline/28,7,22,bad,toward_bad,False
baseline[good=below],baseline/28,8,22,bad,toward_good,False
baseline[good=below],baseline/28,9,22,bad,toward_good,False
baseline[good=below],baseline/28,10,22,bad,toward_bad,False
baseline[good=below],baseline/28,11,22,bad,toward_good,False
baseline[good=below],baseline/28,12,22,bad,toward_bad,False
baseline[good=below],baseline/28,13,22,bad,toward_bad,False
baseline[good=below],baseline/28,14,22,bad,toward_good,False
baseline[good=below],baseline/28,15,22,bad,toward_bad,False
baseline[good=below],baseline/28,16,22,bad,toward_good,False
baseline[good=below],baseline/28,17,22,bad,toward_good,False
baseline[good=below],baseline/28,18,22,bad,toward_bad,False
baseline[good=below],baseline/28,19,22,bad,toward_good,False
baseline[good=below],baseline/28,20,22,bad,toward_good,False
baseline[good=below],baseline/28,21,22,bad,,True
baseline[good=above],baseline/29,0,29,good,toward_good,False
baseline[good=above],baseline/29,1,29,good,toward_bad,False
baseline[good=above],baseline/29,2,29,good,toward_good,False
baseline[good=above],baseline/29,3,29,good,toward_bad,False
baseline[good=above],baseline/29,4,29,good,toward_good,False
baseline[good=above],baseline/29,5,29,good,toward_bad,False
baseline[good=above],baseline/29,6,29,good,toward_bad,False
baseline[good=above],baseline/29,7,29,bad,toward_good,False
baseline[good=above],baseline/29,8,29,good,toward_good,False
baseline[good=above],baseline/29,9,29,good,toward_good,False
baseline[good=above],baseline/29,10,29,good,toward_good,False
baseline[good=above],baseline/29,11,29,good,toward_good,False
baseline[good=above],baseline/29,12,29,good,toward_bad,False
baseline[good=above],baseline/29,13,29,good,toward_bad,False
baseline[good=above],baseline/29,14,29,good,toward_bad,False
baseline[good=above],baseline/29,15,29,good,toward_good,False
baseline[good=above],baseline/29,16,29,good,toward_bad,False
baseline[good=above],baseline/29,17,29,good,toward_bad,False
baseline[good=above],baseline/29,18,29,good,toward_bad,False
baseline[good=above],baseline/29,19,29,good,toward_good,False
baseline[good=above],baseline/29,20,29,good,toward_bad,False
baseline[good=above],baseline/29,21,29,good,toward_good,False
baseline[good=above],baseline/29,22,29,good,toward_good,False
baseline[good=above],baseline/29,23,29,good,toward_bad,False
baseline[good=above],baseline/29,24,29,good,toward_bad,False
baseline[good=above],baseline/29,25,29,good,toward_bad,False
baseline[good=above],baseline/29,26,29,good,toward_bad,False
baseline[good=above],baseline/29,27,29,good,toward_good,False
baseline[good=above],baseline/29,28,29,good,,True
baseline[good=below],baseline/29,0,29,bad,toward_bad,False
baseline[good=below],baseline/29,1,29,bad,toward_good,False
baseline[good=below],baseline/29,2,29,bad,toward_bad,False
baseline[good=below],baseline/29,3,29,bad,toward_good,False
baseline[good=below],baseline/29,4,29,bad,toward_bad,False
baseline[good=below],baseline/29,5,29,bad,toward_good,False
baseline[good=below],baseline/29,6,29,bad,toward_good,False
baseline[good=below],baseline/29,7,29,good,toward_bad,False
baseline[good=below],baseline/29,8,29,bad,toward_bad,False
baseline[good=below],baseline/29,9,29,bad,toward_bad,False
baseline[good=below],baseline/29,10,29,bad,toward_bad,False
baseline[good=below],baseline/29,11,29,bad,toward_bad,False
baseline[good=below],baseline/29,12,29,bad,toward_good,False
baseline[good=below],baseline/29,13,29,bad,toward_good,False
baseline[good=below],baseline/29,14,29,bad,toward_good,False
baseline[good=below],baseline/29,15,29,bad,toward_bad,False
baseline[good=below],baseline/29,16,29,bad,toward_good,False
baseline[good=below],baseline/29,17,29,bad,toward_good,False
baseline[good=below],baseline/29,18,29,bad,toward_good,False
baseline[good=below],baseline/29,19,29,bad,toward_bad,False
baseline[good=below],baseline/29,20,29,bad,toward_good,False
baseline[good=below],baseline/29,21,29,bad,toward_bad,False
baseline[good=below],baseline/29,22,29,bad,toward_bad,False
baseline[good=below],baseline/29,23,29,bad,toward_good,False
baseline[good=below],baseline/29,24,29,bad,toward_good,False
baseline[good=below],baseline/29,25,29,bad,toward_good,False
baseline[good=below],baseline/29,26,29,bad,toward_good,False
baseline[good=below],baseline/29,27,29,bad,toward_bad,False
baseline[good=below],baseline/29,28,29,bad,,True
baseline[good=above],baseline/31,0,9,bad,toward_good,False
baseline[good=above],baseline/31,1,9,bad,toward_bad,False
baseline[good=above],baseline/31,2,9,bad,toward_good,False
baseline[good=above],baseline/31,3,9,bad,toward_bad,False
baseline[good=above],baseline/31,4,9,bad,toward_bad,False
baseline[good=above],baseline/31,5,9,bad,toward_good,False
baseline[good=above],baseline/31,6,9,bad,toward_bad,False
baseline[good=above],baseline/31,7,9,bad,toward_good,False
baseline[good=above],baseline/31,8,9,bad,,True
baseline[good=below],baseline/31,0,9,good,toward_bad,False
baseline[good=below],baseline/31,1,9,good,toward_good,False
baseline[good=below],baseline/31,2,9,good,toward_bad,False
baseline[good=below],baseline/31,3,9,good,toward_good,False
baseline[good=below],baseline/31,4,9,good,toward_good,False
baseline[good=below],baseline/31,5,9,good,toward_bad,False
baseline[good=below],baseline/31,6,9,good,toward_good,False
baseline[good=below],baseline/31,7,9,good,toward_bad,False
baseline[good=below],baseline/31,8,9,good,,True
baseline[good=above],baseline/32,0,9,bad,toward_good,False
baseline[good=above],baseline/32,1,9,bad,toward_bad,False
baseline[good=above],baseline/32,2,9,bad,toward_good,False
baseline[good=above],baseline/32,3,9,bad,toward_bad,False
baseline[good=above],baseline/32,4,9,bad,toward_bad,False
baseline[good=above],baseline/32,5,9,bad,toward_good,False
baseline[good=above],baseline/32,6,9,bad,toward_good,False
baseline[good=above],baseline/32,7,9,bad,toward_good,False
baseline[good=above],baseline/32,8,9,bad,,True
baseline[good=below],baseline/32,0,9,good,toward_bad,False
baseline[good=below],baseline/32,1,9,good,toward_good,False
baseline[good=below],baseline/32,2,9,good,toward_bad,False
baseline[good=below],baseline/32,3,9,good,toward_good,False
baseline[good=below],baseline/32,4,9,good,toward_good,False
baseline[good=below],baseline/32,5,9,good,toward_bad,False
baseline[good=below],baseline/32,6,9,good,toward_bad,False
baseline[good=below],baseline/32,7,9,good,toward_bad,False
baseline[good=below],baseline/32,8,9,good,,True
baseline[good=above],baseline/33,0,5,bad,toward_good,False
baseline[good=above],baseline/33,1,5,bad,toward_bad,False
baseline[good=above],baseline/33,2,5,bad,toward_good,False
baseline[good=above],baseline/33,3,5,bad,toward_good,False
baseline[good=above],baseline/33,4,5,bad,,True
baseline[good=below],baseline/33,0,5,good,toward_bad,False
baseline[good=below],baseline/33,1,5,good,toward_good,False
baseline[good=below],baseline/33,2,5,good,toward_bad,False
baseline[good=below],baseline/33,3,5,good,toward_bad,False
baseline[good=below],baseline/33,4,5,good,,True
baseline[good=above],baseline/35,0,10,bad,toward_bad,False
baseline[good=above],baseline/35,1,10,bad,toward_good,False
baseline[good=above],baseline/35,2,10,bad,toward_bad,False
baseline[good=above],baseline/35,3,10,bad,toward_good,False
baseline[good=above],baseline/35,4,10,bad,toward_good,False
baseline[good=above],baseline/35,5,10,bad,toward_good,False
baseline[good=above],baseline/35,6,10,bad,toward_bad,False
baseline[good=above],baseline/35,7,10,bad,toward_good,False
baseline[good=above],baseline/35,8,10,bad,toward_bad,False
baseline[good=above],baseline/35,9,10,bad,,True
baseline[good=below],baseline/35,0,10,good,toward_good,False
baseline[good=below],baseline/35,1,10,good,toward_bad,False
baseline[good=below],baseline/35,2,10,good,toward_good,False
baseline[good=below],baseline/35,3,10,good,toward_bad,False
baseline[good=below],baseline/35,4,10,good,toward_bad,False
baseline[good=below],baseline/35,5,10,good,toward_bad,False
baseline[good=below],baseline/35,6,10,good,toward_good,False
baseline[good=below],baseline/35,7,10,good,toward_bad,False
baseline[good=below],baseline/35,8,10,good,toward_good,False
baseline[good=below],baseline/35,9,10,good,,True
baseline[good=above],baseline/36,0,12,bad,toward_bad,False
baseline[good=above],baseline/36,1,12,bad,toward_bad,False
baseline[good=above],baseline/36,2,12,bad,toward_bad,False
baseline[good=above],baseline/36,3,12,bad,toward_good,False
baseline[good=above],baseline/36,4,12,bad,toward_bad,False
baseline[good=above],baseline/36,5,12,bad,toward_good,False
baseline[good=above],baseline/36,6,12,bad,toward_bad,False
baseline[good=above],baseline/36,7,12,bad,toward_good,False
baseline[good=above],baseline/36,8,12,bad,toward_good,False
baseline[good=above],baseline/36,9,12,bad,toward_bad,False
baseline[good=above],baseline/36,10,12,bad,toward_bad,False
baseline[good=above],baseline/36,11,12,bad,,True
baseline[good=below],baseline/36,0,12,good,toward_good,False
baseline[good=below],baseline/36,1,12,good,toward_good,False
baseline[good=below],baseline/36,2,12,good,toward_good,False
baseline[good=below],baseline/36,3,12,good,toward_bad,False
baseline[good=below],baseline/36,4,12,good,toward_good,False
baseline[good=below],baseline/36,5,12,good,toward_bad,False
baseline[good=below],baseline/36,6,12,good,toward_good,False
baseline[good=below],baseline/36,7,12,good,toward_bad,False
baseline[good=below],baseline/36,8,12,good,toward_bad,False
baseline[good=below],baseline/36,9,12,good,toward_good,False
baseline[good=below],baseline/36,10,12,good,toward_good,False
baseline[good=below],baseline/36,11,12,good,,True
baseline[good=above],baseline/37,0,1,bad,,True
baseline[good=below],baseline/37,0,1,good,,True
baseline[good=above],baseline/38,0,11,bad,toward_bad,False
baseline[good=above],baseline/38,1,11,bad,toward_bad,False
baseline[good=above],baseline/38,2,11,bad,toward_bad,False
baseline[good=above],baseline/38,3,11,bad,toward_good,False
baseline[good=above],baseline/38,4,11,bad,toward_bad,False
baseline[good=above],baseline/38,5,11,bad,toward_bad,False
baseline[good=above],baseline/38,6,11,bad,toward_good,False
baseline[good=above],baseline/38,7,11,bad,toward_good,False
baseline[good=above],baseline/38,8,11,bad,toward_bad,False
baseline[good=above],baseline/38,9,11,bad,toward_good,False
baseline[good=above],baseline/38,10,11,bad,,True
baseline[good=below],baseline/38,0,11,good,toward_good,False
baseline[good=below],baseline/38,1,11,good,toward_good,False
baseline[good=below],baseline/38,2,11,good,toward_good,False
baseline[good=below],baseline/38,3,11,good,toward_bad,False
baseline[good=below],baseline/38,4,11,good,toward_good,False
baseline[good=below],baseline/38,5,11,good,toward_good,False
baseline[good=below],baseline/38,6,11,good,toward_bad,False
baseline[good=below],baseline/38,7,11,good,toward_bad,False
baseline[good=below],baseline/38,8,11,good,toward_good,False
baseline[good=below],baseline/38,9,11,good,toward_bad,False
baseline[good=below],baseline/38,10,11,good,,True
baseline[good=above],baseline/39,0,5,bad,toward_good,False
baseline[good=above],baseline/39,1,5,bad,toward_good,False
baseline[good=above],baseline/39,2,5,bad,toward_bad,False
baseline[good=above],baseline/39,3,5,bad,toward_good,False
baseline[good=above],baseline/39,4,5,bad,,True
baseline[good=below],baseline/39,0,5,good,toward_bad,False
baseline[good=below],baseline/39,1,5,good,toward_bad,False
baseline[good=below],baseline/39,2,5,good,toward_good,False
baseline[good=below],baseline/39,3,5,good,toward_bad,False
baseline[good=below],baseline/39,4,5,good,,True
baseline[good=above],baseline/41,0,7,bad,toward_bad,False
baseline[good=above],baseline/41,1,7,bad,toward_bad,False
baseline[good=above],baseline/41,2,7,bad,toward_bad,False
baseline[good=above],baseline/41,3,7,bad,toward_good,False
baseline[good=above],baseline/41,4,7,bad,toward_bad,False
baseline[good=above],baseline/41,5,7,bad,toward_good,False
baseline[good=above],baseline/41,6,7,bad,,True
baseline[good=below],baseline/41,0,7,good,toward_good,False
baseline[good=below],baseline/41,1,7,good,toward_good,False
baseline[good=below],baseline/41,2,7,good,toward_good,False
baseline[good=below],baseline/41,3,7,good,toward_bad,False
baseline[good=below],baseline/41,4,7,good,toward_good,False
baseline[good=below],baseline/41,5,7,good,toward_bad,False
baseline[good=below],baseline/41,6,7,good,,True
baseline[good=above],baseline/42,0,1,good,,True
baseline[good=below],baseline/42,0,1,bad,,True
baseline[good=above],baseline/43,0,11,good,toward_good,False
baseline[good=above],baseline/43,1,11,good,toward_bad,False
baseline[good=above],baseline/43,2,11,good,toward_good,False
baseline[good=above],baseline/43,3,11,good,toward_good,False
baseline[good=above],baseline/43,4,11,good,toward_good,False
baseline[good=above],baseline/43,5,11,good,toward_bad,False
baseline[good=above],baseline/43,6,11,good,toward_good,False
baseline[good=above],baseline/43,7,11,good,toward_bad,False
baseline[good=above],baseline/43,8,11,good,toward_bad,False
baseline[good=above],baseline/43,9,11,good,toward_bad,False
baseline[good=above],baseline/43,10,11,good,,True
baseline[good=below],baseline/43,0,11,bad,toward_bad,False
baseline[good=below],baseline/43,1,11,bad,toward_good,False
baseline[good=below],baseline/43,2,11,bad,toward_bad,False
baseline[good=below],baseline/43,3,11,bad,toward_bad,False
baseline[good=below],baseline/43,4,11,bad,toward_bad,False
baseline[good=below],baseline/43,5,11,bad,toward_good,False
baseline[good=below],baseline/43,6,11,bad,toward_bad,False
baseline[good=below],baseline/43,7,11,bad,toward_good,False
baseline[good=below],baseline/43,8,11,bad,toward_good,False
baseline[good=below],baseline/43,9,11,bad,toward_good,False
baseline[good=below],baseline/43,10,11,bad,,True
baseline[good=above],baseline/44,0,13,bad,toward_good,False
baseline[good=above],baseline/44,1,13,bad,toward_bad,False
baseline[good=above],baseline/44,2,13,bad,toward_good,False
baseline[good=above],baseline/44,3,13,bad,toward_good,False
baseline[good=above],baseline/44,4,13,bad,toward_bad,False
baseline[good=above],baseline/44,5,13,bad,toward_bad,False
baseline[good=above],baseline/44,6,13,bad,toward_bad,False
baseline[good=above],baseline/44,7,13,bad,toward_good,False
baseline[good=above],baseline/44,8,13,bad,toward_good,False
baseline[good=above],baseline/44,9,13,bad,toward_bad,False
baseline[good=above],baseline/44,10,13,bad,toward_bad,False
baseline[good=above],baseline/44,11,13,bad,toward_good,False
baseline[good=above],baseline/44,12,13,bad,,True
baseline[good=below],baseline/44,0,13,good,toward_bad,False
baseline[good=below],baseline/44,1,13,good,toward_good,False
baseline[good=below],baseline/44,2,13,good,toward_bad,False
baseline[good=below],baseline/44,3,13,good,toward_bad,False
baseline[good=below],baseline/44,4,13,good,toward_good,False
baseline[good=below],baseline/44,5,13,good,toward_good,False
baseline[good=below],baseline/44,6,13,good,toward_good,False
baseline[good=below],baseline/44,7,13,good,toward_bad,False
baseline[good=below],baseline/44,8,13,good,toward_bad,False
baseline[good=below],baseline/44,9,13,good,toward_good,False
baseline[good=below],baseline/44,10,13,good,toward_good,False
baseline[good=below],baseline/44,11,13,good,toward_bad,False
baseline[good=below],baseline/44,12,13,good,,True
baseline[good=above],baseline/45,0,4,bad,toward_good,False
baseline[good=above],baseline/45,1,4,bad,toward_good,False
baseline[good=above],baseline/45,2,4,bad,toward_bad,False
baseline[good=above],baseline/45,3,4,bad,,True
baseline[good=below],baseline/45,0,4,good,toward_bad,False
baseline[good=below],baseline/45,1,4,good,toward_bad,False
baseline[good=below],baseline/45,2,4,good,toward_good,False
baseline[good=below],baseline/45,3,4,good,,True
baseline[good=above],baseline/46,0,9,good,toward_bad,False
baseline[good=above],baseline/46,1,9,good,toward_bad,False
baseline[good=above],baseline/46,2,9,good,toward_good,False
baseline[good=above],baseline/46,3,9,good,toward_good,False
baseline[good=above],baseline/46,4,9,good,toward_good,False
baseline[good=above],baseline/46,5,9,good,toward_bad,False
baseline[good=above],baseline/46,6,9,good,toward_bad,False
baseline[good=above],baseline/46,7,9,good,same,False
baseline[good=above],baseline/46,8,9,good,,True
baseline[good=below],baseline/46,0,9,bad,toward_good,False
baseline[good=below],baseline/46,1,9,bad,toward_good,False
baseline[good=below],baseline/46,2,9,bad,toward_bad,False
baseline[good=below],baseline/46,3,9,bad,toward_bad,False
baseline[good=below],baseline/46,4,9,bad,toward_bad,False
baseline[good=below],baseline/46,5,9,bad,toward_good,False
baseline[good=below],baseline/46,6,9,bad,toward_good,False
baseline[good=below],baseline/46,7,9,bad,same,False
baseline[good=below],baseline/46,8,9,bad,,True
baseline[good=above],baseline/47,0,1,good,,True
baseline[good=below],baseline/47,0,1,bad,,True
baseline[good=above],baseline/48,0,6,bad,toward_bad,False
baseline[good=above],baseline/48,1,6,bad,toward_bad,False
baseline[good=above],baseline/48,2,6,bad,toward_bad,False
baseline[good=above],baseline/48,3,6,bad,toward_bad,False
baseline[good=above],baseline/48,4,6,bad,toward_good,False
baseline[good=above],baseline/48,5,6,bad,,True
baseline[good=below],baseline/48,0,6,good,toward_good,False
baseline[good=below],baseline/48,1,6,good,toward_good,False
baseline[good=below],baseline/48,2,6,good,toward_good,False
baseline[good=below],baseline/48,3,6,good,toward_good,False
baseline[good=below],baseline/48,4,6,good,toward_bad,False
baseline[good=below],baseline/48,5,6,good,,True
baseline[good=above],baseline/49,0,11,good,toward_bad,False
baseline[good=above],baseline/49,1,11,good,toward_bad,False
baseline[good=above],baseline/49,2,11,good,toward_good,False
baseline[good=above],baseline/49,3,11,good,toward_bad,False
baseline[good=above],baseline/49,4,11,good,toward_good,False
baseline[good=above],baseline/49,5,11,good,toward_bad,False
baseline[good=above],baseline/49,6,11,good,toward_good,False
baseline[good=above],baseline/49,7,11,good,toward_good,False
baseline[good=above],baseline/49,8,11,good,toward_good,False
baseline[good=above],baseline/49,9,11,good,toward_bad,False
baseline[good=above],baseline/49,10,11,good,,True
baseline[good=below],baseline/49,0,11,bad,toward_good,False
baseline[good=below],baseline/49,1,11,bad,toward_good,False
baseline[good=below],baseline/49,2,11,bad,toward_bad,False
baseline[good=below],baseline/49,3,11,bad,toward_good,False
baseline[good=below],baseline/49,4,11,bad,toward_bad,False
baseline[good=below],baseline/49,5,11,bad,toward_good,False
baseline[good=below],baseline/49,6,11,bad,toward_bad,False
baseline[good=below],baseline/49,7,11,bad,toward_bad,False
baseline[good=below],baseline/49,8,11,bad,toward_bad,False
baseline[good=below],baseline/49,9,11,bad,toward_good,False
baseline[good=below],baseline/49,10,11,bad,,True
baseline[good=above],baseline/50,0,2,good,toward_good,False
baseline[good=above],baseline/50,1,2,good,,True
baseline[good=below],baseline/50,0,2,bad,toward_bad,False
baseline[good=below],baseline/50,1,2,bad,,True
baseline[good=above],baseline/51,0,8,good,toward_good,False
baseline[good=above],baseline/51,1,8,good,toward_bad,False
baseline[good=above],baseline/51,2,8,good,toward_bad,False
baseline[good=above],baseline/51,3,8,good,toward_good,False
baseline[good=above],baseline/51,4,8,good,toward_good,False
baseline[good=above],baseline/51,5,8,good,toward_bad,False
baseline[good=above],baseline/51,6,8,good,toward_bad,False
baseline[good=above],baseline/51,7,8,good,,True
baseline[good=below],baseline/51,0,8,bad,toward_bad,False
baseline[good=below],baseline/51,1,8,bad,toward_good,False
baseline[good=below],baseline/51,2,8,bad,toward_good,False
baseline[good=below],baseline/51,3,8,bad,toward_bad,False
baseline[good=below],baseline/51,4,8,bad,toward_bad,False
baseline[good=below],baseline/51,5,8,bad,toward_good,False
baseline[good=below],baseline/51,6,8,bad,toward_good,False
baseline[good=below],baseline/51,7,8,bad,,True
baseline[good=above],baseline/52,0,1,good,,True
baseline[good=below],baseline/52,0,1,bad,,True
baseline[good=above],baseline/53,0,3,good,toward_bad,False
baseline[good=above],baseline/53,1,3,good,toward_bad,False
baseline[good=above],baseline/53,2,3,good,,True
baseline[good=below],baseline/53,0,3,bad,toward_good,False
baseline[good=below],baseline/53,1,3,bad,toward_good,False
baseline[good=below],baseline/53,2,3,bad,,True
baseline[good=above],baseline/55,0,7,good,toward_good,False
baseline[good=above],baseline/55,1,7,good,toward_bad,False
baseline[good=above],baseline/55,2,7,good,toward_good,False
baseline[good=above],baseline/55,3,7,good,toward_good,False
baseline[good=above],baseline/55,4,7,good,toward_bad,False
baseline[good=above],baseline/55,5,7,good,toward_good,False
baseline[good=above],baseline/55,6,7,good,,True
baseline[good=below],baseline/55,0,7,bad,toward_bad,False
baseline[good=below],baseline/55,1,7,bad,toward_good,False
baseline[good=below],baseline/55,2,7,bad,toward_bad,False
baseline[good=below],baseline/55,3,7,bad,toward_bad,False
baseline[good=below],baseline/55,4,7,bad,toward_good,False
baseline[good=below],baseline/55,5,7,bad,toward_bad,False
baseline[good=below],baseline/55,6,7,bad,,True
baseline[good=above],baseline/56,0,18,good,toward_bad,False
baseline[good=above],baseline/56,1,18,good,toward_bad,False
baseline[good=above],baseline/56,2,18,good,toward_good,False
baseline[good=above],baseline/56,3,18,good,toward_good,False
baseline[good=above],baseline/56,4,18,good,toward_good,False
baseline[good=above],baseline/56,5,18,good,toward_bad,False
baseline[good=above],baseline/56,6,18,good,toward_bad,False
baseline[good=above],baseline/56,7,18,good,toward_good,False
baseline[good=above],baseline/56,8,18,good,toward_bad,False
baseline[good=above],baseline/56,9,18,good,toward_good,False
baseline[good=above],baseline/56,10,18,good,toward_good,False
baseline[good=above],baseline/56,11,18,good,toward_bad,False
baseline[good=above],baseline/56,12,18,good,toward_good,False
baseline[good=above],baseline/56,13,18,good,toward_bad,False
baseline[good=above],baseline/56,14,18,good,toward_good,False
baseline[good=above],baseline/56,15,18,good,toward_good,False
baseline[good=above],baseline/56,16,18,good,toward_bad,False
baseline[good=above],baseline/56,17,18,good,,True
baseline[good=below],baseline/56,0,18,bad,toward_good,False
baseline[good=below],baseline/56,1,18,bad,toward_good,False
baseline[good=below],baseline/56,2,18,bad,toward_bad,False
baseline[good=below],baseline/56,3,18,bad,toward_bad,False
baseline[good=below],baseline/56,4,18,bad,toward_bad,False
baseline[good=below],baseline/56,5,18,bad,toward_good,False
baseline[good=below],baseline/56,6,18,bad,toward_good,False
baseline[good=below],baseline/56,7,18,bad,toward_bad,False
baseline[good=below],baseline/56,8,18,bad,toward_good,False
baseline[good=below],baseline/56,9,18,bad,toward_bad,False
baseline[good=below],baseline/56,10,18,bad,toward_bad,False
baseline[good=below],baseline/56,11,18,bad,toward_good,False
baseline[good=below],baseline/56,12,18,bad,toward_bad,False
baseline[good=below],baseline/56,13,18,bad,toward_good,False
baseline[good=below],baseline/56,14,18,bad,toward_bad,False
baseline[good=below],baseline/56,15,18,bad,toward_bad,False
baseline[good=below],baseline/56,16,18,bad,toward_good,False
baseline[good=below],baseline/56,17,18,bad,,True
baseline[good=above],baseline/57,0,13,good,toward_good,False
baseline[good=above],baseline/57,1,13,good,toward_bad,False
baseline[good=above],baseline/57,2,13,good,toward_bad,False
baseline[good=above],baseline/57,3,13,good,toward_bad,False
baseline[good=above],baseline/57,4,13,good,toward_good,False
baseline[good=above],baseline/57,5,13,good,toward_bad,False
baseline[good=above],baseline/57,6,13,good,toward_bad,False
baseline[good=above],baseline/57,7,13,good,toward_good,False
baseline[good=above],baseline/57,8,13,good,toward_bad,False
baseline[good=above],baseline/57,9,13,good,toward_good,False
baseline[good=above],baseline/57,10,13,good,toward_bad,False
baseline[good=above],baseline/57,11,13,good,toward_good,False
baseline[good=above],baseline/57,12,13,good,,True
baseline[good=below],baseline/57,0,13,bad,toward_bad,False
baseline[good=below],baseline/57,1,13,bad,toward_good,False
baseline[good=below],baseline/57,2,13,bad,toward_good,False
baseline[good=below],baseline/57,3,13,bad,toward_good,False
baseline[good=below],baseline/57,4,13,bad,toward_bad,False
baseline[good=below],baseline/57,5,13,bad,toward_good,False
baseline[good=below],baseline/57,6,13,bad,toward_good,False
baseline[good=below],baseline/57,7,13,bad,toward_bad,False
baseline[good=below],baseline/57,8,13,bad,toward_good,False
baseline[good=below],baseline/57,9,13,bad,toward_bad,False
baseline[good=below],baseline/57,10,13,bad,toward_good,False
baseline[good=below],baseline/57,11,13,bad,toward_bad,False
baseline[good=below],baseline/57,12,13,bad,,True
baseline[good=above],baseline/58,0,11,bad,toward_good,False
baseline[good=above],baseline/58,1,11,bad,toward_bad,False
baseline[good=above],baseline/58,2,11,bad,toward_good,False
baseline[good=above],baseline/58,3,11,bad,toward_bad,False
baseline[good=above],baseline/58,4,11,bad,toward_good,False
baseline[good=above],baseline/58,5,11,bad,toward_bad,False
baseline[good=above],baseline/58,6,11,bad,toward_good,False
baseline[good=above],baseline/58,7,11,bad,toward_bad,False
baseline[good=above],baseline/58,8,11,bad,toward_bad,False
baseline[good=above],baseline/58,9,11,bad,toward_good,False
baseline[good=above],baseline/58,10,11,bad,,True
baseline[good=below],baseline/58,0,11,good,toward_bad,False
baseline[good=below],baseline/58,1,11,good,toward_good,False
baseline[good=below],baseline/58,2,11,good,toward_bad,False
baseline[good=below],baseline/58,3,11,good,toward_good,False
baseline[good=below],baseline/58,4,11,good,toward_bad,False
baseline[good=below],baseline/58,5,11,good,toward_good,False
baseline[good=below],baseline/58,6,11,good,toward_bad,False
baseline[good=below],baseline/58,7,11,good,toward_good,False
baseline[good=below],baseline/58,8,11,good,toward_good,False
baseline[good=below],baseline/58,9,11,good,toward_bad,False
baseline[good=below],baseline/58,10,11,good,,True
baseline[good=above],baseline/59,0,19,good,toward_bad,False
baseline[good=above],baseline/59,1,19,good,toward_good,False
baseline[good=above],baseline/59,2,19,good,toward_bad,False
baseline[good=above],baseline/59,3,19,good,toward_bad,False
baseline[good=above],baseline/59,4,19,good,toward_bad,False
baseline[good=above],baseline/59,5,19,good,toward_good,False
baseline[good=above],baseline/59,6,19,good,toward_bad,False
baseline[good=above],baseline/59,7,19,good,toward_good,False
baseline[good=above],baseline/59,8,19,good,toward_bad,False
baseline[good=above],baseline/59,9,19,good,toward_bad,False
baseline[good=above],baseline/59,10,19,good,toward_bad,False
baseline[good=above],baseline/59,11,19,good,toward_good,False
baseline[good=above],baseline/59,12,19,good,toward_good,False
baseline[good=above],baseline/59,13,19,good,toward_bad,False
baseline[good=above],baseline/59,14,19,good,toward_bad,False
baseline[good=above],baseline/59,15,19,good,toward_bad,False
baseline[good=above],baseline/59,16,19,good,toward_good,False
baseline[good=above],baseline/59,17,19,good,toward_good,False
baseline[good=above],baseline/59,18,19,good,,True
baseline[good=below],baseline/59,0,19,bad,toward_good,False
baseline[good=below],baseline/59,1,19,bad,toward_bad,False
baseline[good=below],baseline/59,2,19,bad,toward_good,False
baseline[good=below],baseline/59,3,19,bad,toward_good,False
baseline[good=below],baseline/59,4,19,bad,toward_good,False
baseline[good=below],baseline/59,5,19,bad,toward_bad,False
baseline[good=below],baseline/59,6,19,bad,toward_good,False
baseline[good=below],baseline/59,7,19,bad,toward_bad,False
baseline[good=below],baseline/59,8,19,bad,toward_good,False
baseline[good=below],baseline/59,9,19,bad,toward_good,False
baseline[good=below],baseline/59,10,19,bad,toward_good,False
baseline[good=below],baseline/59,11,19,bad,toward_bad,False
baseline[good=below],baseline/59,12,19,bad,toward_bad,False
baseline[good=below],baseline/59,13,19,bad,toward_good,False
baseline[good=below],baseline/59,14,19,bad,toward_good,False
baseline[good=below],baseline/59,15,19,bad,toward_good,False
baseline[good=below],baseline/59,16,19,bad,toward_bad,False
baseline[good=below],baseline/59,17,19,bad,toward_bad,False
baseline[good=below],baseline/59,18,19,bad,,True
baseline[good=above],baseline/60,0,14,bad,toward_bad,False
baseline[good=above],baseline/60,1,14,bad,toward_good,False
baseline[good=above],baseline/60,2,14,bad,toward_good,False
baseline[good=above],baseline/60,3,14,bad,toward_good,False
baseline[good=above],baseline/60,4,14,bad,toward_bad,False
baseline[good=above],baseline/60,5,14,bad,toward_bad,False
baseline[good=above],baseline/60,6,14,bad,toward_good,False
baseline[good=above],baseline/60,7,14,bad,toward_bad,False
baseline[good=above],baseline/60,8,14,bad,toward_good,False
baseline[good=above],baseline/60,9,14,bad,toward_good,False
baseline[good=above],baseline/60,10,14,bad,toward_bad,False
baseline[good=above],baseline/60,11,14,bad,toward_bad,False
baseline[good=above],baseline/60,12,14,bad,toward_good,False
baseline[good=above],baseline/60,13,14,bad,,True
baseline[good=below],baseline/60,0,14,good,toward_good,False
baseline[good=below],baseline/60,1,14,good,toward_bad,False
baseline[good=below],baseline/60,2,14,good,toward_bad,False
baseline[good=below],baseline/60,3,14,good,toward_bad,False
baseline[good=below],baseline/60,4,14,good,toward_good,False
baseline[good=below],baseline/60,5,14,good,toward_good,False
baseline[good=below],baseline/60,6,14,good,toward_bad,False
baseline[good=below],baseline/60,7,14,good,toward_good,False
baseline[good=below],baseline/60,8,14,good,toward_bad,False
baseline[good=below],baseline/60,9,14,good,toward_bad,False
baseline[good=below],baseline/60,10,14,good,toward_good,False
baseline[good=below],baseline/60,11,14,good,toward_good,False
baseline[good=below],baseline/60,12,14,good,toward_bad,False
baseline[good=below],baseline/60,13,14,good,,True
baseline[good=above],baseline/61,0,5,bad,toward_bad,False
baseline[good=above],baseline/61,1,5,bad,toward_good,False
baseline[good=above],baseline/61,2,5,bad,toward_good,False
baseline[good=above],baseline/61,3,5,bad,toward_bad,False
baseline[good=above],baseline/61,4,5,bad,,True
baseline[good=below],baseline/61,0,5,good,toward_good,False
baseline[good=below],baseline/61,1,5,good,toward_bad,False
baseline[good=below],baseline/61,2,5,good,toward_bad,False
baseline[good=below],baseline/61,3,5,good,toward_good,False
baseline[good=below],baseline/61,4,5,good,,True
baseline[good=above],baseline/62,0,17,good,toward_good,False
baseline[good=above],baseline/62,1,17,good,toward_good,False
baseline[good=above],baseline/62,2,17,good,toward_bad,False
baseline[good=above],baseline/62,3,17,good,toward_good,False
baseline[good=above],baseline/62,4,17,good,toward_bad,False
baseline[good=above],baseline/62,5,17,good,toward_bad,False
baseline[good=above],baseline/62,6,17,good,toward_bad,False
baseline[good=above],baseline/62,7,17,good,toward_good,False
baseline[good=above],baseline/62,8,17,good,toward_bad,False
baseline[good=above],baseline/62,9,17,good,toward_good,False
baseline[good=above],baseline/62,10,17,good,toward_bad,False
baseline[good=above],baseline/62,11,17,good,toward_bad,False
baseline[good=above],baseline/62,12,17,good,toward_good,False
baseline[good=above],baseline/62,13,17,good,same,False
baseline[good=above],baseline/62,14,17,good,toward_bad,False
baseline[good=above],baseline/62,15,17,good,toward_good,False
baseline[good=above],baseline/62,16,17,good,,True
baseline[good=below],baseline/62,0,17,bad,toward_bad,False
baseline[good=below],baseline/62,1,17,bad,toward_bad,False
baseline[good=below],baseline/62,2,17,bad,toward_good,False
baseline[good=below],baseline/62,3,17,bad,toward_bad,False
baseline[good=below],baseline/62,4,17,bad,toward_good,False
baseline[good=below],baseline/62,5,17,bad,toward_good,False
baseline[good=below],baseline/62,6,17,bad,toward_good,False
baseline[good=below],baseline/62,7,17,bad,toward_bad,False
baseline[good=below],baseline/62,8,17,bad,toward_good,False
baseline[good=below],baseline/62,9,17,bad,toward_bad,False
baseline[good=below],baseline/62,10,17,bad,toward_good,False
baseline[good=below],baseline/62,11,17,bad,toward_good,False
baseline[good=below],baseline/62,12,17,bad,toward_bad,False
baseline[good=below],baseline/62,13,17,bad,same,False
baseline[good=below],baseline/62,14,17,bad,toward_good,False
baseline[good=below],baseline/62,15,17,bad,toward_bad,False
baseline[good=below],baseline/62,16,17,bad,,True
baseline[good=above],baseline/63,0,8,bad,toward_good,False
baseline[good=above],baseline/63,1,8,bad,toward_good,False
baseline[good=above],baseline/63,2,8,bad,toward_bad,False
baseline[good=above],baseline/63,3,8,bad,toward_bad,False
baseline[good=above],baseline/63,4,8,bad,toward_bad,False
baseline[good=above],baseline/63,5,8,bad,toward_good,False
baseline[good=above],baseline/63,6,8,bad,toward_bad,False
baseline[good=above],baseline/63,7,8,bad,,True
baseline[good=below],baseline/63,0,8,good,toward_bad,False
baseline[good=below],baseline/63,1,8,good,toward_bad,False
baseline[good=below],baseline/63,2,8,good,toward_good,False
baseline[good=below],baseline/63,3,8,good,toward_good,False
baseline[good=below],baseline/63,4,8,good,toward_good,False
baseline[good=below],baseline/63,5,8,good,toward_bad,False
baseline[good=below],baseline/63,6,8,good,toward_good,False
baseline[good=below],baseline/63,7,8,good,,True
baseline[good=above],baseline/64,0,11,bad,toward_good,False
baseline[good=above],baseline/64,1,11,bad,toward_bad,False
baseline[good=above],baseline/64,2,11,bad,toward_bad,False
baseline[good=above],baseline/64,3,11,bad,toward_good,False
baseline[good=above],baseline/64,4,11,bad,toward_bad,False
baseline[good=above],baseline/64,5,11,bad,toward_bad,False
baseline[good=above],baseline/64,6,11,bad,toward_good,False
baseline[good=above],baseline/64,7,11,bad,toward_good,False
baseline[good=above],baseline/64,8,11,bad,toward_good,False
baseline[good=above],baseline/64,9,11,bad,toward_bad,False
baseline[good=above],baseline/64,10,11,bad,,True
baseline[good=below],baseline/64,0,11,good,toward_bad,False
baseline[good=below],baseline/64,1,11,good,toward_good,False
baseline[good=below],baseline/64,2,11,good,toward_good,False
baseline[good=below],baseline/64,3,11,good,toward_bad,False
baseline[good=below],baseline/64,4,11,good,toward_good,False
baseline[good=below],baseline/64,5,11,good,toward_good,False
baseline[good=below],baseline/64,6,11,good,toward_bad,False
baseline[good=below],baseline/64,7,11,good,toward_bad,False
baseline[good=below],baseline/64,8,11,good,toward_bad,False
baseline[good=below],baseline/64,9,11,good,toward_good,False
baseline[good=below],baseline/64,10,11,good,,True
baseline[good=above],baseline/65,0,7,good,toward_bad,False
baseline[good=above],baseline/65,1,7,good,toward_good,False
baseline[good=above],baseline/65,2,7,good,toward_good,False
baseline[good=above],baseline/65,3,7,good,toward_bad,False
baseline[good=above],baseline/65,4,7,good,toward_bad,False
baseline[good=above],baseline/65,5,7,good,toward_good,False
baseline[good=above],baseline/65,6,7,good,,True
baseline[good=below],baseline/65,0,7,bad,toward_good,False
baseline[good=below],baseline/65,1,7,bad,toward_bad,False
baseline[good=below],baseline/65,2,7,bad,toward_bad,False
baseline[good=below],baseline/65,3,7,bad,toward_good,False
baseline[good=below],baseline/65,4,7,bad,toward_good,False
baseline[good=below],baseline/65,5,7,bad,toward_bad,False
baseline[good=below],baseline/65,6,7,bad,,True
baseline[good=above],baseline/66,0,12,bad,toward_bad,False
baseline[good=above],baseline/66,1,12,bad,toward_bad,False
baseline[good=above],baseline/66,2,12,bad,toward_good,False
baseline[good=above],baseline/66,3,12,bad,toward_good,False
baseline[good=above],baseline/66,4,12,bad,toward_bad,False
baseline[good=above],baseline/66,5,12,bad,toward_bad,False
baseline[good=above],baseline/66,6,12,bad,toward_good,False
baseline[good=above],baseline/66,7,12,bad,toward_bad,False
baseline[good=above],baseline/66,8,12,bad,toward_good,False
baseline[good=above],baseline/66,9,12,bad,toward_good,False
baseline[good=above],baseline/66,10,12,bad,toward_bad,False
baseline[good=above],baseline/66,11,12,bad,,True
baseline[good=below],baseline/66,0,12,good,toward_good,False
baseline[good=below],baseline/66,1,12,good,toward_good,False
baseline[good=below],baseline/66,2,12,good,toward_bad,False
baseline[good=below],baseline/66,3,12,good,toward_bad,False
baseline[good=below],baseline/66,4,12,good,toward_good,False
baseline[good=below],baseline/66,5,12,good,toward_good,False
baseline[good=below],baseline/66,6,12,good,toward_bad,False
baseline[good=below],baseline/66,7,12,good,toward_good,False
baseline[good=below],baseline/66,8,12,good,toward_bad,False
baseline[good=below],baseline/66,9,12,good,toward_bad,False
baseline[good=below],baseline/66,10,12,good,toward_good,False
baseline[good=below],baseline/66,11,12,good,,True
baseline[good=above],baseline/67,0,20,bad,toward_good,False
baseline[good=above],baseline/67,1,20,bad,toward_bad,False
baseline[good=above],baseline/67,2,20,bad,toward_bad,False
baseline[good=above],baseline/67,3,20,bad,toward_good,False
baseline[good=above],baseline/67,4,20,bad,toward_bad,False
baseline[good=above],baseline/67,5,20,bad,toward_bad,False
baseline[good=above],baseline/67,6,20,bad,toward_good,False
baseline[good=above],baseline/67,7,20,bad,toward_good,False
baseline[good=above],baseline/67,8,20,bad,toward_bad,False
baseline[good=above],baseline/67,9,20,bad,toward_good,False
baseline[good=above],baseline/67,10,20,bad,toward_bad,False
baseline[good=above],baseline/67,11,20,bad,toward_good,False
baseline[good=above],baseline/67,12,20,bad,toward_good,False
baseline[good=above],baseline/67,13,20,bad,toward_good,False
baseline[good=above],baseline/67,14,20,bad,toward_bad,False
baseline[good=above],baseline/67,15,20,bad,toward_good,False
baseline[good=above],baseline/67,16,20,bad,toward_bad,False
baseline[good=above],baseline/67,17,20,bad,toward_bad,False
baseline[good=above],baseline/67,18,20,bad,toward_bad,False
baseline[good=above],baseline/67,19,20,bad,,True
baseline[good=below],baseline/67,0,20,good,toward_bad,False
baseline[good=below],baseline/67,1,20,good,toward_good,False
baseline[good=below],baseline/67,2,20,good,toward_good,False
baseline[good=below],baseline/67,3,20,good,toward_bad,False
baseline[good=below],baseline/67,4,20,good,toward_good,False
baseline[good=below],baseline/67,5,20,good,toward_good,False
baseline[good=below],baseline/67,6,20,good,toward_bad,False
baseline[good=below],baseline/67,7,20,good,toward_bad,False
baseline[good=below],baseline/67,8,20,good,toward_good,False
baseline[good=below],baseline/67,9,20,good,toward_bad,False
baseline[good=below],baseline/67,10,20,good,toward_good,False
baseline[good=below],baseline/67,11,20,good,toward_bad,False
baseline[good=below],baseline/67,12,20,good,toward_bad,False
baseline[good=below],baseline/67,13,20,good,toward_bad,False
baseline[good=below],baseline/67,14,20,good,toward_good,False
baseline[good=below],baseline/67,15,20,good,toward_bad,False
baseline[good=below],baseline/67,16,20,good,toward_good,False
baseline[good=below],baseline/67,17,20,good,toward_good,False
baseline[good=below],baseline/67,18,20,good,toward_good,False
baseline[good=below],baseline/67,19,20,good,,True
baseline[good=above],baseline/68,0,1,good,,True
baseline[good=below],baseline/68,0,1,bad,,True
baseline[good=above],baseline/69,0,13,bad,toward_bad,False
baseline[good=above],baseline/69,1,13,bad,toward_bad,False
baseline[good=above],baseline/69,2,13,bad,toward_bad,False
baseline[good=above],baseline/69,3,13,bad,toward_good,False
baseline[good=above],baseline/69,4,13,bad,toward_good,False
baseline[good=above],baseline/69,5,13,bad,toward_bad,False
baseline[good=above],baseline/69,6,13,bad,toward_good,False
baseline[good=above],baseline/69,7,13,bad,toward_bad,False
baseline[good=above],baseline/69,8,13,bad,toward_bad,False
baseline[good=above],baseline/69,9,13,bad,toward_good,False
baseline[good=above],baseline/69,10,13,bad,toward_bad,False
baseline[good=above],baseline/69,11,13,bad,toward_good,False
baseline[good=above],baseline/69,12,13,bad,,True
baseline[good=below],baseline/69,0,13,good,toward_good,False
baseline[good=below],baseline/69,1,13,good,toward_good,False
baseline[good=below],baseline/69,2,13,good,toward_good,False
baseline[good=below],baseline/69,3,13,good,toward_bad,False
baseline[good=below],baseline/69,4,13,good,toward_bad,False
baseline[good=below],baseline/69,5,13,good,toward_good,False
baseline[good=below],baseline/69,6,13,good,toward_bad,False
baseline[good=below],baseline/69,7,13,good,toward_good,False
baseline[good=below],baseline/69,8,13,good,toward_good,False
baseline[good=below],baseline/69,9,13,good,toward_bad,False
baseline[good=below],baseline/69,10,13,good,toward_good,False
baseline[good=below],baseline/69,11,13,good,toward_bad,False
baseline[good=below],baseline/69,12,13,good,,True
baseline[good=above],baseline/70,0,9,bad,toward_good,False
baseline[good=above],baseline/70,1,9,bad,toward_good,False
baseline[good=above],baseline/70,2,9,bad,toward_bad,False
baseline[good=above],baseline/70,3,9,bad,toward_good,False
baseline[good=above],baseline/70,4,9,bad,toward_good,False
baseline[good=above],baseline/70,5,9,bad,toward_good,False
baseline[good=above],baseline/70,6,9,bad,toward_good,False
baseline[good=above],baseline/70,7,9,bad,toward_good,False
baseline[good=above],baseline/70,8,9,bad,,True
baseline[good=below],baseline/70,0,9,good,toward_bad,False
baseline[good=below],baseline/70,1,9,good,toward_bad,False
baseline[good=below],baseline/70,2,9,good,toward_good,False
baseline[good=below],baseline/70,3,9,good,toward_bad,False
baseline[good=below],baseline/70,4,9,good,toward_bad,False
baseline[good=below],baseline/70,5,9,good,toward_bad,False
baseline[good=below],baseline/70,6,9,good,toward_bad,False
baseline[good=below],baseline/70,7,9,good,toward_bad,False
baseline[good=below],baseline/70,8,9,good,,True
baseline[good=above],baseline/71,0,9,good,toward_bad,False
baseline[good=above],baseline/71,1,9,good,toward_bad,False
baseline[good=above],baseline/71,2,9,good,toward_bad,False
baseline[good=above],baseline/71,3,9,good,toward_good,False
baseline[good=above],baseline/71,4,9,good,toward_good,False
baseline[good=above],baseline/71,5,9,good,toward_good,False
baseline[good=above],baseline/71,6,9,good,toward_bad,False
baseline[good=above],baseline/71,7,9,good,toward_bad,False
baseline[good=above],baseline/71,8,9,good,,True
baseline[good=below],baseline/71,0,9,bad,toward_good,False
baseline[good=below],baseline/71,1,9,bad,toward_good,False
baseline[good=below],baseline/71,2,9,bad,toward_good,False
baseline[good=below],baseline/71,3,9,bad,toward_bad,False
baseline[good=below],baseline/71,4,9,bad,toward_bad,False
baseline[good=below],baseline/71,5,9,bad,toward_bad,False
baseline[good=below],baseline/71,6,9,bad,toward_good,False
baseline[good=below],baseline/71,7,9,bad,toward_good,False
baseline[good=below],baseline/71,8,9,bad,,True
baseline[good=above],baseline/72,0,14,good,toward_bad,False
baseline[good=above],baseline/72,1,14,good,toward_good,False
baseline[good=above],baseline/72,2,14,good,toward_bad,False
baseline[good=above],baseline/72,3,14,good,toward_bad,False
baseline[good=above],baseline/72,4,14,good,toward_good,False
baseline[good=above],baseline/72,5,14,good,toward_good,False
baseline[good=above],baseline/72,6,14,good,toward_good,False
baseline[good=above],baseline/72,7,14,good,toward_good,False
baseline[good=above],baseline/72,8,14,good,toward_good,False
baseline[good=above],baseline/72,9,14,good,toward_bad,False
baseline[good=above],baseline/72,10,14,good,toward_good,False
baseline[good=above],baseline/72,11,14,good,toward_bad,False
baseline[good=above],baseline/72,12,14,good,toward_bad,False
baseline[good=above],baseline/72,13,14,good,,True
baseline[good=below],baseline/72,0,14,bad,toward_good,False
baseline[good=below],baseline/72,1,14,bad,toward_bad,False
baseline[good=below],baseline/72,2,14,bad,toward_good,False
baseline[good=below],baseline/72,3,14,bad,toward_good,False
baseline[good=below],baseline/72,4,14,bad,toward_bad,False
baseline[good=below],baseline/72,5,14,bad,toward_bad,False
baseline[good=below],baseline/72,6,14,bad,toward_bad,False
baseline[good=below],baseline/72,7,14,bad,toward_bad,False
baseline[good=below],baseline/72,8,14,bad,toward_bad,False
baseline[good=below],baseline/72,9,14,bad,toward_good,False
baseline[good=below],baseline/72,10,14,bad,toward_bad,False
baseline[good=below],baseline/72,11,14,bad,toward_good,False
baseline[good=below],baseline/72,12,14,bad,toward_good,False
baseline[good=below],baseline/72,13,14,bad,,True
baseline[good=above],baseline/73,0,2,good,toward_bad,False
baseline[good=above],baseline/73,1,2,good,,True
baseline[good=below],baseline/73,0,2,bad,toward_good,False
baseline[good=below],baseline/73,1,2,bad,,True
baseline[good=above],baseline/74,0,9,bad,toward_bad,False
baseline[good=above],baseline/74,1,9,bad,toward_bad,False
baseline[good=above],baseline/74,2,9,bad,toward_good,False
baseline[good=above],baseline/74,3,9,bad,toward_good,False
baseline[good=above],baseline/74,4,9,bad,toward_bad,False
baseline[good=above],baseline/74,5,9,bad,toward_bad,False
baseline[good=above],baseline/74,6,9,bad,toward_good,False
baseline[good=above],baseline/74,7,9,bad,toward_bad,False
baseline[good=above],baseline/74,8,9,bad,,True
baseline[good=below],baseline/74,0,9,good,toward_good,False
baseline[good=below],baseline/74,1,9,good,toward_good,False
baseline[good=below],baseline/74,2,9,good,toward_bad,False
baseline[good=below],baseline/74,3,9,good,toward_bad,False
baseline[good=below],baseline/74,4,9,good,toward_good,False
baseline[good=below],baseline/74,5,9,good,toward_good,False
baseline[good=below],baseline/74,6,9,good,toward_bad,False
baseline[good=below],baseline/74,7,9,good,toward_good,False
baseline[good=below],baseline/74,8,9,good,,True
baseline[good=above],baseline/75,0,10,good,toward_good,False
baseline[good=above],baseline/75,1,10,good,toward_good,False
baseline[good=above],baseline/75,2,10,good,toward_good,False
baseline[good=above],baseline/75,3,10,good,toward_bad,False
baseline[good=above],baseline/75,4,10,good,toward_good,False
baseline[good=above],baseline/75,5,10,good,toward_bad,False
baseline[good=above],baseline/75,6,10,good,toward_good,False
baseline[good=above],baseline/75,7,10,good,toward_good,False
baseline[good=above],baseline/75,8,10,good,toward_good,False
baseline[good=above],baseline/75,9,10,good,,True
baseline[good=below],baseline/75,0,10,bad,toward_bad,False
baseline[good=below],baseline/75,1,10,bad,toward_bad,False
baseline[good=below],baseline/75,2,10,bad,toward_bad,False
baseline[good=below],baseline/75,3,10,bad,toward_good,False
baseline[good=below],baseline/75,4,10,bad,toward_bad,False
baseline[good=below],baseline/75,5,10,bad,toward_good,False
baseline[good=below],baseline/75,6,10,bad,toward_bad,False
baseline[good=below],baseline/75,7,10,bad,toward_bad,False
baseline[good=below],baseline/75,8,10,bad,toward_bad,False
baseline[good=below],baseline/75,9,10,bad,,True
baseline[good=above],baseline/76,0,7,bad,toward_bad,False
baseline[good=above],baseline/76,1,7,bad,toward_good,False
baseline[good=above],baseline/76,2,7,bad,toward_good,False
baseline[good=above],baseline/76,3,7,bad,toward_good,False
baseline[good=above],baseline/76,4,7,bad,toward_bad,False
baseline[good=above],baseline/76,5,7,bad,toward_bad,False
baseline[good=above],baseline/76,6,7,bad,,True
baseline[good=below],baseline/76,0,7,good,toward_good,False
baseline[good=below],baseline/76,1,7,good,toward_bad,False
baseline[good=below],baseline/76,2,7,good,toward_bad,False
baseline[good=below],baseline/76,3,7,good,toward_bad,False
baseline[good=below],baseline/76,4,7,good,toward_good,False
baseline[good=below],baseline/76,5,7,good,toward_good,False
baseline[good=below],baseline/76,6,7,good,,True
baseline[good=above],baseline/77,0,1,good,,True
baseline[good=below],baseline/77,0,1,bad,,True
baseline[good=above],baseline/78,0,13,bad,toward_bad,False
baseline[good=above],baseline/78,1,13,bad,toward_good,False
baseline[good=above],baseline/78,2,13,bad,toward_bad,False
baseline[good=above],baseline/78,3,13,bad,toward_good,False
baseline[good=above],baseline/78,4,13,bad,toward_good,False
baseline[good=above],baseline/78,5,13,bad,toward_good,False
baseline[good=above],baseline/78,6,13,bad,toward_bad,False
baseline[good=above],baseline/78,7,13,bad,toward_bad,False
baseline[good=above],baseline/78,8,13,bad,toward_good,False
baseline[good=above],baseline/78,9,13,bad,toward_bad,False
baseline[good=above],baseline/78,10,13,bad,toward_good,False
baseline[good=above],baseline/78,11,13,bad,toward_good,False
baseline[good=above],baseline/78,12,13,bad,,True
baseline[good=below],baseline/78,0,13,good,toward_good,False
baseline[good=below],baseline/78,1,13,good,toward_bad,False
baseline[good=below],baseline/78,2,13,good,toward_good,False
baseline[good=below],baseline/78,3,13,good,toward_bad,False
baseline[good=below],baseline/78,4,13,good,toward_bad,False
baseline[good=below],baseline/78,5,13,good,toward_bad,False
baseline[good=below],baseline/78,6,13,good,toward_good,False
baseline[good=below],baseline/78,7,13,good,toward_good,False
baseline[good=below],baseline/78,8,13,good,toward_bad,False
baseline[good=below],baseline/78,9,13,good,toward_good,False
baseline[good=below],baseline/78,10,13,good,toward_bad,False
baseline[good=below],baseline/78,11,13,good,toward_bad,False
baseline[good=below],baseline/78,12,13,good,,True
baseline[good=above],baseline/79,0,6,good,toward_good,False
baseline[good=above],baseline/79,1,6,good,toward_bad,False
baseline[good=above],baseline/79,2,6,good,toward_good,False
baseline[good=above],baseline/79,3,6,good,toward_good,False
baseline[good=above],baseline/79,4,6,good,toward_bad,False
baseline[good=above],baseline/79,5,6,good,,True
baseline[good=below],baseline/79,0,6,bad,toward_bad,False
baseline[good=below],baseline/79,1,6,bad,toward_good,False
baseline[good=below],baseline/79,2,6,bad,toward_bad,False
baseline[good=below],baseline/79,3,6,bad,toward_bad,False
baseline[good=below],baseline/79,4,6,bad,toward_good,False
baseline[good=below],baseline/79,5,6,bad,,True
baseline[good=above],baseline/80,0,4,bad,toward_bad,False
baseline[good=above],baseline/80,1,4,bad,toward_bad,False
baseline[good=above],baseline/80,2,4,bad,toward_good,False
baseline[good=above],baseline/80,3,4,bad,,True
baseline[good=below],baseline/80,0,4,good,toward_good,False
baseline[good=below],baseline/80,1,4,good,toward_good,False
baseline[good=below],baseline/80,2,4,good,toward_bad,False
baseline[good=below],baseline/80,3,4,good,,True
baseline[good=above],baseline/81,0,3,good,toward_bad,False
baseline[good=above],baseline/81,1,3,good,toward_good,False
baseline[good=above],baseline/81,2,3,good,,True
baseline[good=below],baseline/81,0,3,bad,toward_good,False
baseline[good=below],baseline/81,1,3,bad,toward_bad,False
baseline[good=below],baseline/81,2,3,bad,,True
baseline[good=above],baseline/82,0,8,bad,toward_bad,False
baseline[good=above],baseline/82,1,8,bad,toward_bad,False
baseline[good=above],baseline/82,2,8,bad,toward_bad,False
baseline[good=above],baseline/82,3,8,bad,toward_bad,False
baseline[good=above],baseline/82,4,8,bad,toward_bad,False
baseline[good=above],baseline/82,5,8,bad,toward_good,False
baseline[good=above],baseline/82,6,8,bad,toward_good,False
baseline[good=above],baseline/82,7,8,bad,,True
baseline[good=below],baseline/82,0,8,good,toward_good,False
baseline[good=below],baseline/82,1,8,good,toward_good,False
baseline[good=below],baseline/82,2,8,good,toward_good,False
baseline[good=below],baseline/82,3,8,good,toward_good,False
baseline[good=below],baseline/82,4,8,good,toward_good,False
baseline[good=below],baseline/82,5,8,good,toward_bad,False
baseline[good=below],baseline/82,6,8,good,toward_bad,False
baseline[good=below],baseline/82,7,8,good,,True
baseline[good=above],baseline/83,0,1,bad,,True
baseline[good=below],baseline/83,0,1,good,,True
baseline[good=above],baseline/84,0,6,good,toward_bad,False
baseline[good=above],baseline/84,1,6,good,toward_good,False
baseline[good=above],baseline/84,2,6,good,toward_good,False
baseline[good=above],baseline/84,3,6,good,toward_good,False
baseline[good=above],baseline/84,4,6,good,toward_bad,False
baseline[good=above],baseline/84,5,6,good,,True
baseline[good=below],baseline/84,0,6,bad,toward_good,False
baseline[good=below],baseline/84,1,6,bad,toward_bad,False
baseline[good=below],baseline/84,2,6,bad,toward_bad,False
baseline[good=below],baseline/84,3,6,bad,toward_bad,False
baseline[good=below],baseline/84,4,6,bad,toward_good,False
baseline[good=below],baseline/84,5,6,bad,,True
baseline[good=above],baseline/85,0,8,good,toward_good,False
baseline[good=above],baseline/85,1,8,good,toward_bad,False
baseline[good=above],baseline/85,2,8,good,toward_bad,False
baseline[good=above],baseline/85,3,8,good,toward_good,False
baseline[good=above],baseline/85,4,8,good,toward_good,False
baseline[good=above],baseline/85,5,8,good,toward_bad,False
baseline[good=above],baseline/85,6,8,good,toward_good,False
baseline[good=above],baseline/85,7,8,good,,True
baseline[good=below],baseline/85,0,8,bad,toward_bad,False
baseline[good=below],baseline/85,1,8,bad,toward_good,False
baseline[good=below],baseline/85,2,8,bad,toward_good,False
baseline[good=below],baseline/85,3,8,bad,toward_bad,False
baseline[good=below],baseline/85,4,8,bad,toward_bad,False
baseline[good=below],baseline/85,5,8,bad,toward_good,False
baseline[good=below],baseline/85,6,8,bad,toward_bad,False
baseline[good=below],baseline/85,7,8,bad,,True
baseline[good=above],baseline/86,0,6,good,toward_bad,False
baseline[good=above],baseline/86,1,6,good,toward_bad,False
baseline[good=above],baseline/86,2,6,good,toward_bad,False
baseline[good=above],baseline/86,3,6,good,toward_good,False
baseline[good=above],baseline/86,4,6,good,toward_good,False
baseline[good=above],baseline/86,5,6,good,,True
baseline[good=below],baseline/86,0,6,bad,toward_good,False
baseline[good=below],baseline/86,1,6,bad,toward_good,False
baseline[good=below],baseline/86,2,6,bad,toward_good,False
baseline[good=below],baseline/86,3,6,bad,toward_bad,False
baseline[good=below],baseline/86,4,6,bad,toward_bad,False
baseline[good=below],baseline/86,5,6,bad,,True
baseline[good=above],baseline/87,0,7,good,toward_bad,False
baseline[good=above],baseline/87,1,7,good,toward_good,False
baseline[good=above],baseline/87,2,7,good,toward_bad,False
baseline[good=above],baseline/87,3,7,good,toward_good,False
baseline[good=above],baseline/87,4,7,good,toward_bad,False
baseline[good=above],baseline/87,5,7,good,toward_bad,False
baseline[good=above],baseline/87,6,7,good,,True
baseline[good=below],baseline/87,0,7,bad,toward_good,False
baseline[good=below],baseline/87,1,7,bad,toward_bad,False
baseline[good=below],baseline/87,2,7,bad,toward_good,False
baseline[good=below],baseline/87,3,7,bad,toward_bad,False
baseline[good=below],baseline/87,4,7,bad,toward_good,False
baseline[good=below],baseline/87,5,7,bad,toward_good,False
baseline[good=below],baseline/87,6,7,bad,,True
baseline[good=above],baseline/88,0,12,bad,toward_good,False
baseline[good=above],baseline/88,1,12,bad,toward_bad,False
baseline[good=above],baseline/88,2,12,bad,toward_bad,False
baseline[good=above],baseline/88,3,12,bad,toward_bad,False
baseline[good=above],baseline/88,4,12,bad,toward_good,False
baseline[good=above],baseline/88,5,12,bad,toward_good,False
baseline[good=above],baseline/88,6,12,bad,toward_good,False
baseline[good=above],baseline/88,7,12,bad,toward_good,False
baseline[good=above],baseline/88,8,12,bad,toward_bad,False
baseline[good=above],baseline/88,9,12,bad,toward_bad,False
baseline[good=above],baseline/88,10,12,bad,toward_good,False
baseline[good=above],baseline/88,11,12,bad,,True
baseline[good=below],baseline/88,0,12,good,toward_bad,False
baseline[good=below],baseline/88,1,12,good,toward_good,False
baseline[good=below],baseline/88,2,12,good,toward_good,False
baseline[good=below],baseline/88,3,12,good,toward_good,False
baseline[good=below],baseline/88,4,12,good,toward_bad,False
baseline[good=below],baseline/88,5,12,good,toward_bad,False
baseline[good=below],baseline/88,6,12,good,toward_bad,False
baseline[good=below],baseline/88,7,12,good,toward_bad,False
baseline[good=below],baseline/88,8,12,good,toward_good,False
baseline[good=below],baseline/88,9,12,good,toward_good,False
baseline[good=below],baseline/88,10,12,good,toward_bad,False
baseline[good=below],baseline/88,11,12,good,,True
baseline[good=above],baseline/89,0,13,bad,toward_good,False
baseline[good=above],baseline/89,1,13,bad,toward_good,False
baseline[good=above],baseline/89,2,13,bad,toward_bad,False
baseline[good=above],baseline/89,3,13,bad,toward_good,False
baseline[good=above],baseline/89,4,13,bad,toward_bad,False
baseline[good=above],baseline/89,5,13,bad,toward_good,False
baseline[good=above],baseline/89,6,13,bad,toward_good,False
baseline[good=above],baseline/89,7,13,bad,toward_bad,False
baseline[good=above],baseline/89,8,13,bad,toward_bad,False
baseline[good=above],baseline/89,9,13,bad,toward_bad,False
baseline[good=above],baseline/89,10,13,bad,toward_bad,False
baseline[good=above],baseline/89,11,13,bad,toward_bad,False
baseline[good=above],baseline/89,12,13,bad,,True
baseline[good=below],baseline/89,0,13,good,toward_bad,False
baseline[good=below],baseline/89,1,13,good,toward_bad,False
baseline[good=below],baseline/89,2,13,good,toward_good,False
baseline[good=below],baseline/89,3,13,good,toward_bad,False
baseline[good=below],baseline/89,4,13,good,toward_good,False
baseline[good=below],baseline/89,5,13,good,toward_bad,False
baseline[good=below],baseline/89,6,13,good,toward_bad,False
baseline[good=below],baseline/89,7,13,good,toward_good,False
baseline[good=below],baseline/89,8,13,good,toward_good,False
baseline[good=below],baseline/89,9,13,good,toward_good,False
baseline[good=below],baseline/89,10,13,good,toward_good,False
baseline[good=below],baseline/89,11,13,good,toward_good,False
baseline[good=below],baseline/89,12,13,good,,True
baseline[good=above],baseline/90,0,10,good,toward_good,False
baseline[good=above],baseline/90,1,10,good,toward_good,False
baseline[good=above],baseline/90,2,10,good,toward_bad,False
baseline[good=above],baseline/90,3,10,good,toward_good,False
baseline[good=above],baseline/90,4,10,good,toward_bad,False
baseline[good=above],baseline/90,5,10,good,toward_good,False
baseline[good=above],baseline/90,6,10,good,toward_bad,False
baseline[good=above],baseline/90,7,10,good,toward_bad,False
baseline[good=above],baseline/90,8,10,good,toward_good,False
baseline[good=above],baseline/90,9,10,good,,True
baseline[good=below],baseline/90,0,10,bad,toward_bad,False
baseline[good=below],baseline/90,1,10,bad,toward_bad,False
baseline[good=below],baseline/90,2,10,bad,toward_good,False
baseline[good=below],baseline/90,3,10,bad,toward_bad,False
baseline[good=below],baseline/90,4,10,bad,toward_good,False
baseline[good=below],baseline/90,5,10,bad,toward_bad,False
baseline[good=below],baseline/90,6,10,bad,toward_good,False
baseline[good=below],baseline/90,7,10,bad,toward_good,False
baseline[good=below],baseline/90,8,10,bad,toward_bad,False
baseline[good=below],baseline/90,9,10,bad,,True
baseline[good=above],baseline/91,0,22,good,toward_bad,False
baseline[good=above],baseline/91,1,22,good,toward_bad,False
baseline[good=above],baseline/91,2,22,good,toward_good,False
baseline[good=above],baseline/91,3,22,good,toward_good,False
baseline[good=above],baseline/91,4,22,good,toward_bad,False
baseline[good=above],baseline/91,5,22,good,toward_good,False
baseline[good=above],baseline/91,6,22,good,toward_bad,False
baseline[good=above],baseline/91,7,22,good,toward_bad,False
baseline[good=above],baseline/91,8,22,good,toward_bad,False
baseline[good=above],baseline/91,9,22,good,toward_good,False
baseline[good=above],baseline/91,10,22,good,toward_good,False
baseline[good=above],baseline/91,11,22,good,toward_bad,False
baseline[good=above],baseline/91,12,22,good,toward_good,False
baseline[good=above],baseline/91,13,22,good,toward_good,False
baseline[good=above],baseline/91,14,22,good,toward_good,False
baseline[good=above],baseline/91,15,22,good,toward_good,False
baseline[good=above],baseline/91,16,22,good,toward_bad,False
baseline[good=above],baseline/91,17,22,good,toward_good,False
baseline[good=above],baseline/91,18,22,good,toward_good,False
baseline[good=above],baseline/91,19,22,good,toward_bad,False
baseline[good=above],baseline/91,20,22,good,toward_good,False
baseline[good=above],baseline/91,21,22,good,,True
baseline[good=below],baseline/91,0,22,bad,toward_good,False
baseline[good=below],baseline/91,1,22,bad,toward_good,False
baseline[good=below],baseline/91,2,22,bad,toward_bad,False
baseline[good=below],baseline/91,3,22,bad,toward_bad,False
baseline[good=below],baseline/91,4,22,bad,toward_good,False
baseline[good=below],baseline/91,5,22,bad,toward_bad,False
baseline[good=below],baseline/91,6,22,bad,toward_good,False
baseline[good=below],baseline/91,7,22,bad,toward_good,False
baseline[good=below],baseline/91,8,22,bad,toward_good,False
baseline[good=below],baseline/91,9,22,bad,toward_bad,False
baseline[good=below],baseline/91,10,22,bad,toward_bad,False
baseline[good=below],baseline/91,11,22,bad,toward_good,False
baseline[good=below],baseline/91,12,22,bad,toward_bad,False
baseline[good=below],baseline/91,13,22,bad,toward_bad,False
baseline[good=below],baseline/91,14,22,bad,toward_bad,False
baseline[good=below],baseline/91,15,22,bad,toward_bad,False
baseline[good=below],baseline/91,16,22,bad,toward_good,False
baseline[good=below],baseline/91,17,22,bad,toward_bad,False
baseline[good=below],baseline/91,18,22,bad,toward_bad,False
baseline[good=below],baseline/91,19,22,bad,toward_good,False
baseline[good=below],baseline/91,20,22,bad,toward_bad,False
baseline[good=below],baseline/91,21,22,bad,,True
baseline[good=above],baseline/92,0,6,good,toward_good,False
baseline[good=above],baseline/92,1,6,good,toward_bad,False
baseline[good=above],baseline/92,2,6,good,toward_good,False
baseline[good=above],baseline/92,3,6,good,toward_good,False
baseline[good=above],baseline/92,4,6,good,toward_bad,False
baseline[good=above],baseline/92,5,6,good,,True
baseline[good=below],baseline/92,0,6,bad,toward_bad,False
baseline[good=below],baseline/92,1,6,bad,toward_good,False
baseline[good=below],baseline/92,2,6,bad,toward_bad,False
baseline[good=below],baseline/92,3,6,bad,toward_bad,False
baseline[good=below],baseline/92,4,6,bad,toward_good,False
baseline[good=below],baseline/92,5,6,bad,,True
baseline[good=above],baseline/93,0,7,good,toward_good,False
baseline[good=above],baseline/93,1,7,good,toward_bad,False
baseline[good=above],baseline/93,2,7,good,toward_bad,False
baseline[good=above],baseline/93,3,7,good,toward_good,False
baseline[good=above],baseline/93,4,7,good,toward_good,False
baseline[good=above],baseline/93,5,7,good,toward_bad,False
baseline[good=above],baseline/93,6,7,good,,True
baseline[good=below],baseline/93,0,7,bad,toward_bad,False
baseline[good=below],baseline/93,1,7,bad,toward_good,False
baseline[good=below],baseline/93,2,7,bad,toward_good,False
baseline[good=below],baseline/93,3,7,bad,toward_bad,False
baseline[good=below],baseline/93,4,7,bad,toward_bad,False
baseline[good=below],baseline/93,5,7,bad,toward_good,False
baseline[good=below],baseline/93,6,7,bad,,True
baseline[good=above],baseline/94,0,19,bad,toward_good,False
baseline[good=above],baseline/94,1,19,bad,toward_bad,False
baseline[good=above],baseline/94,2,19,bad,toward_bad,False
baseline[good=above],baseline/94,3,19,bad,toward_good,False
baseline[good=above],baseline/94,4,19,bad,toward_good,False
baseline[good=above],baseline/94,5,19,bad,toward_bad,False
baseline[good=above],baseline/94,6,19,bad,toward_good,False
baseline[good=above],baseline/94,7,19,bad,toward_good,False
baseline[good=above],baseline/94,8,19,bad,toward_bad,False
baseline[good=above],baseline/94,9,19,bad,toward_bad,False
baseline[good=above],baseline/94,10,19,bad,toward_good,False
baseline[good=above],baseline/94,11,19,bad,toward_good,False
baseline[good=above],baseline/94,12,19,bad,toward_good,False
baseline[good=above],baseline/94,13,19,bad,toward_good,False
baseline[good=above],baseline/94,14,19,bad,toward_good,False
baseline[good=above],baseline/94,15,19,bad,toward_bad,False
baseline[good=above],baseline/94,16,19,bad,toward_bad,False
baseline[good=above],baseline/94,17,19,bad,toward_good,False
baseline[good=above],baseline/94,18,19,bad,,True
baseline[good=below],baseline/94,0,19,good,toward_bad,False
baseline[good=below],baseline/94,1,19,good,toward_good,False
baseline[good=below],baseline/94,2,19,good,toward_good,False
baseline[good=below],baseline/94,3,19,good,toward_bad,False
baseline[good=below],baseline/94,4,19,good,toward_bad,False
baseline[good=below],baseline/94,5,19,good,toward_good,False
baseline[good=below],baseline/94,6,19,good,toward_bad,False
baseline[good=below],baseline/94,7,19,good,toward_bad,False
baseline[good=below],baseline/94,8,19,good,toward_good,False
baseline[good=below],baseline/94,9,19,good,toward_good,False
baseline[good=below],baseline/94,10,19,good,toward_bad,False
baseline[good=below],baseline/94,11,19,good,toward_bad,False
baseline[good=below],baseline/94,12,19,good,toward_bad,False
baseline[good=below],baseline/94,13,19,good,toward_bad,False
baseline[good=below],baseline/94,14,19,good,toward_bad,False
baseline[good=below],baseline/94,15,19,good,toward_good,False
baseline[good=below],baseline/94,16,19,good,toward_good,False
baseline[good=below],baseline/94,17,19,good,toward_bad,False
baseline[good=below],baseline/94,18,19,good,,True
baseline[good=above],baseline/95,0,12,good,toward_bad,False
baseline[good=above],baseline/95,1,12,good,toward_good,False
baseline[good=above],baseline/95,2,12,good,toward_bad,False
baseline[good=above],baseline/95,3,12,bad,toward_bad,False
baseline[good=above],baseline/95,4,12,bad,toward_bad,False
baseline[good=above],baseline/95,5,12,bad,toward_good,False
baseline[good=above],baseline/95,6,12,bad,toward_good,False
baseline[good=above],baseline/95,7,12,bad,toward_bad,False
baseline[good=above],baseline/95,8,12,bad,toward_good,False
baseline[good=above],baseline/95,9,12,bad,toward_good,False
baseline[good=above],baseline/95,10,12,bad,toward_good,False
baseline[good=above],baseline/95,11,12,bad,,True
baseline[good=below],baseline/95,0,12,bad,toward_good,False
baseline[good=below],baseline/95,1,12,bad,toward_bad,False
baseline[good=below],baseline/95,2,12,bad,toward_good,False
baseline[good=below],baseline/95,3,12,good,toward_good,False
baseline[good=below],baseline/95,4,12,good,toward_good,False
baseline[good=below],baseline/95,5,12,good,toward_bad,False
baseline[good=below],baseline/95,6,12,good,toward_bad,False
baseline[good=below],baseline/95,7,12,good,toward_good,False
baseline[good=below],baseline/95,8,12,good,toward_bad,False
baseline[good=below],baseline/95,9,12,good,toward_bad,False
baseline[good=below],baseline/95,10,12,good,toward_bad,False
baseline[good=below],baseline/95,11,12,good,,True
baseline[good=above],baseline/96,0,16,bad,toward_good,False
baseline[good=above],baseline/96,1,16,bad,toward_bad,False
baseline[good=above],baseline/96,2,16,bad,toward_bad,False
baseline[good=above],baseline/96,3,16,bad,toward_good,False
baseline[good=above],baseline/96,4,16,bad,toward_good,False
baseline[good=above],baseline/96,5,16,bad,toward_bad,False
baseline[good=above],baseline/96,6,16,bad,toward_good,False
baseline[good=above],baseline/96,7,16,bad,toward_good,False
baseline[good=above],baseline/96,8,16,bad,toward_bad,False
baseline[good=above],baseline/96,9,16,bad,toward_bad,False
baseline[good=above],baseline/96,10,16,bad,toward_bad,False
baseline[good=above],baseline/96,11,16,bad,toward_good,False
baseline[good=above],baseline/96,12,16,bad,toward_bad,False
baseline[good=above],baseline/96,13,16,bad,toward_good,False
baseline[good=above],baseline/96,14,16,bad,same,False
baseline[good=above],baseline/96,15,16,bad,,True
baseline[good=below],baseline/96,0,16,good,toward_bad,False
baseline[good=below],baseline/96,1,16,good,toward_good,False
baseline[good=below],baseline/96,2,16,good,toward_good,False
baseline[good=below],baseline/96,3,16,good,toward_bad,False
baseline[good=below],baseline/96,4,16,good,toward_bad,False
baseline[good=below],baseline/96,5,16,good,toward_good,False
baseline[good=below],baseline/96,6,16,good,toward_bad,False
baseline[good=below],baseline/96,7,16,good,toward_bad,False
baseline[good=below],baseline/96,8,16,good,toward_good,False
baseline[good=below],baseline/96,9,16,good,toward_good,False
baseline[good=below],baseline/96,10,16,good,toward_good,False
baseline[good=below],baseline/96,11,16,good,toward_bad,False
baseline[good=below],baseline/96,12,16,good,toward_good,False
baseline[good=below],baseline/96,13,16,good,toward_bad,False
baseline[good=below],baseline/96,14,16,good,same,False
baseline[good=below],baseline/96,15,16,good,,True
baseline[good=above],baseline/97,0,4,bad,toward_good,False
baseline[good=above],baseline/97,1,4,bad,toward_good,False
baseline[good=above],baseline/97,2,4,bad,toward_bad,False
baseline[good=above],baseline/97,3,4,bad,,True
baseline[good=below],baseline/97,0,4,good,toward_bad,False
baseline[good=below],baseline/97,1,4,good,toward_bad,False
baseline[good=below],baseline/97,2,4,good,toward_good,False
baseline[good=below],baseline/97,3,4,good,,True
baseline[good=above],baseline/98,0,8,bad,toward_bad,False
baseline[good=above],baseline/98,1,8,bad,toward_good,False
baseline[good=above],baseline/98,2,8,bad,toward_good,False
baseline[good=above],baseline/98,3,8,bad,toward_good,False
baseline[good=above],baseline/98,4,8,bad,toward_bad,False
baseline[good=above],baseline/98,5,8,bad,toward_bad,False
baseline[good=above],baseline/98,6,8,bad,toward_good,False
baseline[good=above],baseline/98,7,8,bad,,True
baseline[good=below],baseline/98,0,8,good,toward_good,False
baseline[good=below],baseline/98,1,8,good,toward_bad,False
baseline[good=below],baseline/98,2,8,good,toward_bad,False
baseline[good=below],baseline/98,3,8,good,toward_bad,False
baseline[good=below],baseline/98,4,8,good,toward_good,False
baseline[good=below],baseline/98,5,8,good,toward_good,False
baseline[good=below],baseline/98,6,8,good,toward_bad,False
baseline[good=below],baseline/98,7,8,good,,True
below_good,below_good/0,0,20,good,toward_bad,False
below_good,below_good/0,1,20,good,toward_bad,False
below_good,below_good/0,2,20,good,toward_bad,False
below_good,below_good/0,3,20,good,toward_good,False
below_good,below_good/0,4,20,good,toward_good,False
below_good,below_good/0,5,20,good,toward_bad,False
below_good,below_good/0,6,20,good,toward_bad,False
below_good,below_good/0,7,20,good,toward_bad,False
below_good,below_good/0,8,20,good,toward_good,False
below_good,below_good/0,9,20,good,toward_good,False
below_good,below_good/0,10,20,good,toward_good,False
below_good,below_good/0,11,20,good,toward_good,False
below_good,below_good/0,12,20,good,toward_bad,False
below_good,below_good/0,13,20,good,toward_bad,False
below_good,below_good/0,14,20,good,toward_bad,False
below_good,below_good/0,15,20,good,toward_good,False
below_good,below_good/0,16,20,good,toward_good,False
below_good,below_good/0,17,20,good,toward_good,False
below_good,below_good/0,18,20,good,toward_bad,False
below_good,below_good/0,19,20,good,,True
below_good,below_good/1,0,1,bad,,True
below_good,below_good/2,0,1,good,,True
below_good,below_good/4,0,8,good,toward_bad,False
below_good,below_good/4,1,8,good,toward_good,False
below_good,below_good/4,2,8,good,toward_good,False
below_good,below_good/4,3,8,good,toward_bad,False
below_good,below_good/4,4,8,good,toward_bad,False
below_good,below_good/4,5,8,good,toward_good,False
below_good,below_good/4,6,8,good,toward_good,False
below_good,below_good/4,7,8,good,,True
below_good,below_good/5,0,26,bad,toward_good,False
below_good,below_good/5,1,26,bad,toward_good,False
below_good,below_good/5,2,26,bad,toward_good,False
below_good,below_good/5,3,26,good,toward_bad,False
below_good,below_good/5,4,26,bad,toward_good,False
below_good,below_good/5,5,26,bad,toward_bad,False
below_good,below_good/5,6,26,bad,toward_good,False
below_good,below_good/5,7,26,bad,toward_bad,False
below_good,below_good/5,8,26,bad,toward_good,False
below_good,below_good/5,9,26,bad,toward_bad,False
below_good,below_good/5,10,26,bad,toward_good,False
below_good,below_good/5,11,26,bad,toward_good,False
below_good,below_good/5,12,26,bad,toward_good,False
below_good,below_good/5,13,26,bad,toward_good,False
below_good,below_good/5,14,26,bad,toward_good,False
below_good,below_good/5,15,26,bad,toward_bad,False
below_good,below_good/5,16,26,bad,toward_good,False
below_good,below_good/5,17,26,bad,toward_good,False
below_good,below_good/5,18,26,bad,toward_bad,False
below_good,below_good/5,19,26,bad,toward_good,False
below_good,below_good/5,20,26,bad,toward_bad,False
below_good,below_good/5,21,26,bad,toward_bad,False
below_good,below_good/5,22,26,bad,toward_good,False
below_good,below_good/5,23,26,bad,toward_bad,False
below_good,below_good/5,24,26,bad,toward_good,False
below_good,below_good/5,25,26,bad,,True
below_good,below_good/7,0,8,bad,toward_bad,False
below_good,below_good/7,1,8,bad,toward_good,False
below_good,below_good/7,2,8,bad,toward_good,False
below_good,below_good/7,3,8,bad,toward_bad,False
below_good,below_good/7,4,8,bad,toward_good,False
below_good,below_good/7,5,8,bad,toward_bad,False
below_good,below_good/7,6,8,bad,toward_good,False
below_good,below_good/7,7,8,bad,,True
below_good,below_good/8,0,3,good,toward_good,False
below_good,below_good/8,1,3,good,toward_bad,False
below_good,below_good/8,2,3,good,,True
below_good,below_good/9,0,21,bad,toward_good,False
below_good,below_good/9,1,21,good,toward_good,False
below_good,below_good/9,2,21,good,toward_bad,False
below_good,below_good/9,3,21,good,toward_bad,False
below_good,below_good/9,4,21,good,toward_bad,False
below_good,below_good/9,5,21,bad,toward_good,False
below_good,below_good/9,6,21,bad,toward_good,False
below_good,below_good/9,7,21,bad,toward_bad,False
below_good,below_good/9,8,21,bad,toward_good,False
below_good,below_good/9,9,21,good,toward_bad,False
below_good,below_good/9,10,21,good,toward_bad,False
below_good,below_good/9,11,21,good,toward_bad,False
below_good,below_good/9,12,21,bad,toward_good,False
below_good,below_good/9,13,21,good,toward_bad,False
below_good,below_good/9,14,21,good,toward_good,False
below_good,below_good/9,15,21,good,toward_bad,False
below_good,below_good/9,16,21,good,toward_bad,False
below_good,below_good/9,17,21,good,same,False
below_good,below_good/9,18,21,good,toward_bad,False
below_good,below_good/9,19,21,bad,toward_good,False
below_good,below_good/9,20,21,good,,True
below_good,below_good/10,0,1,bad,,True
below_good,below_good/11,0,23,bad,toward_good,False
below_good,below_good/11,1,23,bad,toward_bad,False
below_good,below_good/11,2,23,bad,toward_bad,False
below_good,below_good/11,3,23,bad,toward_good,False
below_good,below_good/11,4,23,bad,toward_good,False
below_good,below_good/11,5,23,good,toward_bad,False
below_good,below_good/11,6,23,bad,toward_good,False
below_good,below_good/11,7,23,bad,toward_good,False
below_good,below_good/11,8,23,good,toward_bad,False
below_good,below_good/11,9,23,good,toward_bad,False
below_good,below_good/11,10,23,bad,toward_bad,False
below_good,below_good/11,11,23,bad,toward_good,False
below_good,below_good/11,12,23,bad,toward_good,False
below_good,below_good/11,13,23,good,toward_bad,False
below_good,below_good/11,14,23,bad,toward_good,False
below_good,below_good/11,15,23,bad,toward_bad,False
below_good,below_good/11,16,23,bad,toward_bad,False
below_good,below_good/11,17,23,bad,toward_good,False
below_good,below_good/11,18,23,bad,toward_bad,False
below_good,below_good/11,19,23,bad,toward_good,False
below_good,below_good/11,20,23,bad,toward_good,False
below_good,below_good/11,21,23,good,toward_bad,False
below_good,below_good/11,22,23,bad,,True
below_good,below_good/12,0,17,bad,toward_good,False
below_good,below_good/12,1,17,bad,toward_bad,False
below_good,below_good/12,2,17,bad,toward_bad,False
below_good,below_good/12,3,17,bad,toward_good,False
below_good,below_good/12,4,17,bad,toward_good,False
below_good,below_good/12,5,17,good,toward_bad,False
below_good,below_good/12,6,17,bad,toward_good,False
below_good,below_good/12,7,17,bad,toward_good,False
below_good,below_good/12,8,17,bad,toward_good,False
below_good,below_good/12,9,17,bad,toward_bad,False
below_good,below_good/12,10,17,bad,toward_good,False
below_good,below_good/12,11,17,bad,toward_good,False
below_good,below_good/12,12,17,bad,toward_good,False
below_good,below_good/12,13,17,bad,toward_good,False
below_good,below_good/12,14,17,bad,toward_bad,False
below_good,below_good/12,15,17,bad,toward_bad,False
below_good,below_good/12,16,17,bad,,True
below_good,below_good/13,0,1,bad,,True
below_good,below_good/14,0,1,good,,True
below_good,below_good/15,0,14,good,toward_bad,False
below_good,below_good/15,1,14,good,toward_good,False
below_good,below_good/15,2,14,good,toward_bad,False
below_good,below_good/15,3,14,good,toward_bad,False
below_good,below_good/15,4,14,good,toward_good,False
below_good,below_good/15,5,14,good,toward_bad,False
below_good,below_good/15,6,14,good,toward_good,False
below_good,below_good/15,7,14,good,toward_bad,False
below_good,below_good/15,8,14,good,toward_bad,False
below_good,below_good/15,9,14,good,toward_good,False
below_good,below_good/15,10,14,good,toward_bad,False
below_good,below_good/15,11,14,good,toward_bad,False
below_good,below_good/15,12,14,good,toward_good,False
below_good,below_good/15,13,14,good,,True
below_good,below_good/16,0,13,good,toward_good,False
below_good,below_good/16,1,13,good,toward_bad,False
below_good,below_good/16,2,13,good,toward_bad,False
below_good,below_good/16,3,13,good,toward_good,False
below_good,below_good/16,4,13,good,toward_bad,False
below_good,below_good/16,5,13,good,toward_bad,False
below_good,below_good/16,6,13,good,toward_good,False
below_good,below_good/16,7,13,good,toward_bad,False
below_good,below_good/16,8,13,good,toward_bad,False
below_good,below_good/16,9,13,good,toward_bad,False
below_good,below_good/16,10,13,good,toward_good,False
below_good,below_good/16,11,13,good,toward_bad,False
below_good,below_good/16,12,13,good,,True
below_good,below_good/17,0,3,good,toward_bad,False
below_good,below_good/17,1,3,good,toward_good,False
below_good,below_good/17,2,3,good,,True
below_good,below_good/18,0,1,good,,True
below_good,below_good/19,0,1,good,,True
below_good,below_good/20,0,1,bad,,True
below_good,below_good/21,0,5,good,toward_bad,False
below_good,below_good/21,1,5,good,toward_good,False
below_good,below_good/21,2,5,good,toward_good,False
below_good,below_good/21,3,5,good,toward_bad,False
below_good,below_good/21,4,5,good,,True
below_good,below_good/22,0,12,good,toward_good,False
below_good,below_good/22,1,12,good,toward_bad,False
below_good,below_good/22,2,12,good,toward_good,False
below_good,below_good/22,3,12,good,toward_bad,False
below_good,below_good/22,4,12,good,toward_good,False
below_good,below_good/22,5,12,good,toward_bad,False
below_good,below_good/22,6,12,good,toward_bad,False
below_good,below_good/22,7,12,good,toward_good,False
below_good,below_good/22,8,12,good,toward_bad,False
below_good,below_good/22,9,12,good,toward_good,False
below_good,below_good/22,10,12,good,toward_bad,False
below_good,below_good/22,11,12,good,,True
below_good,below_good/23,0,1,good,,True
below_good,below_good/24,0,9,bad,toward_good,False
below_good,below_good/24,1,9,bad,toward_good,False
below_good,below_good/24,2,9,bad,toward_bad,False
below_good,below_good/24,3,9,bad,toward_good,False
below_good,below_good/24,4,9,bad,toward_good,False
below_good,below_good/24,5,9,bad,toward_good,False
below_good,below_good/24,6,9,bad,toward_bad,False
below_good,below_good/24,7,9,bad,toward_good,False
below_good,below_good/24,8,9,bad,,True
below_good,below_good/25,0,1,good,,True
below_good,below_good/26,0,4,bad,toward_bad,False
below_good,below_good/26,1,4,bad,toward_good,False
below_good,below_good/26,2,4,bad,toward_bad,False
below_good,below_good/26,3,4,bad,,True
below_good,below_good/27,0,4,good,toward_bad,False
below_good,below_good/27,1,4,good,toward_good,False
below_good,below_good/27,2,4,good,toward_bad,False
below_good,below_good/27,3,4,good,,True
below_good,below_good/28,0,23,good,toward_good,False
below_good,below_good/28,1,23,good,toward_bad,False
below_good,below_good/28,2,23,good,toward_bad,False
below_good,below_good/28,3,23,good,toward_good,False
below_good,below_good/28,4,23,good,toward_good,False
below_good,below_good/28,5,23,good,toward_bad,False
below_good,below_good/28,6,23,good,toward_good,False
below_good,below_good/28,7,23,good,toward_good,False
below_good,below_good/28,8,23,good,toward_bad,False
below_good,below_good/28,9,23,good,toward_good,False
below_good,below_good/28,10,23,good,toward_bad,False
below_good,below_good/28,11,23,good,toward_good,False
below_good,below_good/28,12,23,good,toward_good,False
below_good,below_good/28,13,23,good,toward_bad,False
below_good,below_good/28,14,23,good,toward_bad,False
below_good,below_good/28,15,23,good,toward_bad,False
below_good,below_good/28,16,23,good,toward_good,False
below_good,below_good/28,17,23,good,toward_good,False
below_good,below_good/28,18,23,good,toward_good,False
below_good,below_good/28,19,23,good,toward_good,False
below_good,below_good/28,20,23,good,toward_bad,False
below_good,below_good/28,21,23,good,toward_good,False
below_good,below_good/28,22,23,good,,True
below_good,below_good/29,0,9,good,toward_bad,False
below_good,below_good/29,1,9,good,toward_bad,False
below_good,below_good/29,2,9,good,toward_bad,False
below_good,below_good/29,3,9,bad,toward_good,False
below_good,below_good/29,4,9,good,toward_bad,False
below_good,below_good/29,5,9,good,toward_bad,False
below_good,below_good/29,6,9,good,toward_bad,False
below_good,below_good/29,7,9,bad,toward_good,False
below_good,below_good/29,8,9,good,,True
below_good,below_good/30,0,3,bad,toward_good,False
below_good,below_good/30,1,3,bad,toward_good,False
below_good,below_good/30,2,3,bad,,True
below_good,below_good/31,0,4,bad,toward_good,False
below_good,below_good/31,1,4,bad,toward_bad,False
below_good,below_good/31,2,4,bad,toward_bad,False
below_good,below_good/31,3,4,bad,,True
below_good,below_good/32,0,1,good,,True
below_good,below_good/33,0,18,good,toward_bad,False
below_good,below_good/33,1,18,good,toward_bad,False
below_good,below_good/33,2,18,good,toward_good,False
below_good,below_good/33,3,18,good,toward_bad,False
below_good,below_good/33,4,18,good,toward_good,False
below_good,below_good/33,5,18,good,toward_good,False
below_good,below_good/33,6,18,good,toward_good,False
below_good,below_good/33,7,18,good,toward_bad,False
below_good,below_good/33,8,18,good,toward_good,False
below_good,below_good/33,9,18,good,toward_good,False
below_good,below_good/33,10,18,good,toward_good,False
below_good,below_good/33,11,18,good,toward_bad,False
below_good,below_good/33,12,18,good,toward_good,False
below_good,below_good/33,13,18,good,toward_bad,False
below_good,below_good/33,14,18,good,toward_good,False
below_good,below_good/33,15,18,good,toward_good,False
below_good,below_good/33,16,18,good,toward_bad,False
below_good,below_good/33,17,18,good,,True
below_good,below_good/34,0,38,bad,toward_good,False
below_good,below_good/34,1,38,bad,toward_bad,False
below_good,below_good/34,2,38,bad,toward_bad,False
below_good,below_good/34,3,38,bad,toward_good,False
below_good,below_good/34,4,38,bad,toward_good,False
below_good,below_good/34,5,38,good,toward_bad,False
below_good,below_good/34,6,38,bad,toward_good,False
below_good,below_good/34,7,38,bad,toward_good,False
below_good,below_good/34,8,38,bad,toward_good,False
below_good,below_good/34,9,38,good,toward_bad,False
below_good,below_good/34,10,38,bad,toward_bad,False
below_good,below_good/34,11,38,bad,toward_good,False
below_good,below_good/34,12,38,good,toward_bad,False
below_good,below_good/34,13,38,bad,toward_bad,False
below_good,below_good/34,14,38,bad,toward_good,False
below_good,below_good/34,15,38,bad,toward_good,False
below_good,below_good/34,16,38,bad,toward_bad,False
below_good,below_good/34,17,38,bad,toward_good,False
below_good,below_good/34,18,38,good,toward_bad,False
below_good,below_good/34,19,38,bad,toward_good,False
below_good,below_good/34,20,38,bad,toward_bad,False
below_good,below_good/34,21,38,bad,toward_good,False
below_good,below_good/34,22,38,good,toward_bad,False
below_good,below_good/34,23,38,bad,toward_good,False
below_good,below_good/34,24,38,bad,toward_bad,False
below_good,below_good/34,25,38,bad,toward_bad,False
below_good,below_good/34,26,38,bad,toward_good,False
below_good,below_good/34,27,38,bad,toward_bad,False
below_good,below_good/34,28,38,bad,toward_good,False
below_good,below_good/34,29,38,bad,toward_good,False
below_good,below_good/34,30,38,bad,toward_good,False
below_good,below_good/34,31,38,bad,toward_good,False
below_good,below_good/34,32,38,bad,toward_good,False
below_good,below_good/34,33,38,bad,toward_bad,False
below_good,below_good/34,34,38,bad,toward_bad,False
below_good,below_good/34,35,38,bad,toward_bad,False
below_good,below_good/34,36,38,bad,toward_bad,False
below_good,below_good/34,37,38,bad,,True
below_good,below_good/35,0,25,bad,toward_bad,False
below_good,below_good/35,1,25,bad,toward_good,False
below_good,below_good/35,2,25,bad,toward_bad,False
below_good,below_good/35,3,25,bad,toward_good,False
below_good,below_good/35,4,25,good,toward_bad,False
below_good,below_good/35,5,25,bad,toward_bad,False
below_good,below_good/35,6,25,bad,toward_bad,False
below_good,below_good/35,7,25,bad,toward_good,False
below_good,below_good/35,8,25,bad,toward_bad,False
below_good,below_good/35,9,25,bad,toward_bad,False
below_good,below_good/35,10,25,bad,toward_good,False
below_good,below_good/35,11,25,bad,toward_good,False
below_good,below_good/35,12,25,bad,toward_bad,False
below_good,below_good/35,13,25,bad,toward_bad,False
below_good,below_good/35,14,25,bad,toward_bad,False
below_good,below_good/35,15,25,bad,toward_good,False
below_good,below_good/35,16,25,bad,toward_bad,False
below_good,below_good/35,17,25,bad,toward_good,False
below_good,below_good/35,18,25,bad,toward_good,False
below_good,below_good/35,19,25,good,toward_bad,False
below_good,below_good/35,20,25,bad,toward_bad,False
below_good,below_good/35,21,25,bad,toward_bad,False
below_good,below_good/35,22,25,bad,toward_good,False
below_good,below_good/35,23,25,bad,toward_bad,False
below_good,below_good/35,24,25,bad,,True
below_good,below_good/36,0,9,good,toward_good,False
below_good,below_good/36,1,9,good,toward_good,False
below_good,below_good/36,2,9,good,toward_bad,False
below_good,below_good/36,3,9,good,toward_good,False
below_good,below_good/36,4,9,good,toward_bad,False
below_good,below_good/36,5,9,good,toward_good,False
below_good,below_good/36,6,9,good,toward_bad,False
below_good,below_good/36,7,9,good,toward_good,False
below_good,below_good/36,8,9,good,,True
below_good,below_good/38,0,8,good,toward_bad,False
below_good,below_good/38,1,8,good,toward_good,False
below_good,below_good/38,2,8,good,toward_good,False
below_good,below_good/38,3,8,good,toward_good,False
below_good,below_good/38,4,8,good,toward_bad,False
below_good,below_good/38,5,8,good,toward_bad,False
below_good,below_good/38,6,8,good,toward_good,False
below_good,below_good/38,7,8,good,,True
below_good,below_good/40,0,12,good,toward_bad,False
below_good,below_good/40,1,12,good,toward_bad,False
below_good,below_good/40,2,12,good,toward_bad,False
below_good,below_good/40,3,12,good,toward_good,False
below_good,below_good/40,4,12,good,toward_bad,False
below_good,below_good/40,5,12,good,toward_good,False
below_good,below_good/40,6,12,good,toward_bad,False
below_good,below_good/40,7,12,good,toward_bad,False
below_good,below_good/40,8,12,good,toward_good,False
below_good,below_good/40,9,12,good,toward_bad,False
below_good,below_good/40,10,12,good,toward_good,False
below_good,below_good/40,11,12,good,,True
below_good,below_good/41,0,29,bad,toward_good,False
below_good,below_good/41,1,29,bad,toward_good,False
below_good,below_good/41,2,29,bad,toward_good,False
below_good,below_good/41,3,29,good,toward_bad,False
below_good,below_good/41,4,29,bad,toward_good,False
below_good,below_good/41,5,29,good,toward_bad,False
below_good,below_good/41,6,29,bad,toward_good,False
below_good,below_good/41,7,29,good,toward_bad,False
below_good,below_good/41,8,29,bad,toward_bad,False
below_good,below_good/41,9,29,bad,toward_bad,False
below_good,below_good/41,10,29,bad,toward_good,False
below_good,below_good/41,11,29,bad,toward_good,False
below_good,below_good/41,12,29,good,toward_bad,False
below_good,below_good/41,13,29,bad,toward_good,False
below_good,below_good/41,14,29,bad,toward_bad,False
below_good,below_good/41,15,29,bad,toward_good,False
below_good,below_good/41,16,29,bad,toward_bad,False
below_good,below_good/41,17,29,bad,toward_good,False
below_good,below_good/41,18,29,good,toward_bad,False
below_good,below_good/41,19,29,bad,toward_good,False
below_good,below_good/41,20,29,good,toward_bad,False
below_good,below_good/41,21,29,bad,toward_good,False
below_good,below_good/41,22,29,bad,toward_good,False
below_good,below_good/41,23,29,bad,toward_bad,False
below_good,below_good/41,24,29,bad,toward_good,False
below_good,below_good/41,25,29,good,toward_bad,False
below_good,below_good/41,26,29,bad,toward_good,False
below_good,below_good/41,27,29,bad,toward_bad,False
below_good,below_good/41,28,29,bad,,True
below_good,below_good/42,0,5,bad,toward_good,False
below_good,below_good/42,1,5,bad,toward_good,False
below_good,below_good/42,2,5,bad,toward_bad,False
below_good,below_good/42,3,5,bad,toward_good,False
below_good,below_good/42,4,5,bad,,True
below_good,below_good/43,0,13,bad,toward_bad,False
below_good,below_good/43,1,13,bad,toward_good,False
below_good,below_good/43,2,13,bad,toward_good,False
below_good,below_good/43,3,13,bad,toward_bad,False
below_good,below_good/43,4,13,bad,toward_good,False
below_good,below_good/43,5,13,bad,toward_bad,False
below_good,below_good/43,6,13,bad,toward_good,False
below_good,below_good/43,7,13,bad,toward_good,False
below_good,below_good/43,8,13,bad,toward_bad,False
below_good,below_good/43,9,13,bad,toward_good,False
below_good,below_good/43,10,13,bad,toward_good,False
below_good,below_good/43,11,13,bad,toward_bad,False
below_good,below_good/43,12,13,bad,,True
below_good,below_good/44,0,1,good,,True
below_good,below_good/45,0,3,good,toward_bad,False
below_good,below_good/45,1,3,good,toward_good,False
below_good,below_good/45,2,3,good,,True
below_good,below_good/46,0,1,good,,True
below_good,below_good/47,0,20,bad,toward_good,False
below_good,below_good/47,1,20,good,toward_bad,False
below_good,below_good/47,2,20,bad,toward_good,False
below_good,below_good/47,3,20,bad,toward_good,False
below_good,below_good/47,4,20,good,toward_bad,False
below_good,below_good/47,5,20,bad,toward_good,False
below_good,below_good/47,6,20,bad,toward_good,False
below_good,below_good/47,7,20,bad,toward_good,False
below_good,below_good/47,8,20,bad,toward_bad,False
below_good,below_good/47,9,20,bad,toward_good,False
below_good,below_good/47,10,20,good,toward_bad,False
below_good,below_good/47,11,20,bad,toward_bad,False
below_good,below_good/47,12,20,bad,toward_good,False
below_good,below_good/47,13,20,bad,toward_good,False
below_good,below_good/47,14,20,bad,toward_bad,False
below_good,below_good/47,15,20,bad,toward_bad,False
below_good,below_good/47,16,20,bad,toward_good,False
below_good,below_good/47,17,20,bad,toward_good,False
below_good,below_good/47,18,20,bad,toward_bad,False
below_good,below_good/47,19,20,bad,,True
below_good,below_good/48,0,26,bad,toward_good,False
below_good,below_good/48,1,26,bad,toward_good,False
below_good,below_good/48,2,26,good,toward_bad,False
below_good,below_good/48,3,26,bad,toward_good,False
below_good,below_good/48,4,26,bad,toward_good,False
below_good,below_good/48,5,26,bad,toward_bad,False
below_good,below_good/48,6,26,bad,toward_bad,False
below_good,below_good/48,7,26,bad,toward_good,False
below_good,below_good/48,8,26,bad,toward_good,False
below_good,below_good/48,9,26,bad,toward_bad,False
below_good,below_good/48,10,26,bad,toward_good,False
below_good,below_good/48,11,26,bad,toward_bad,False
below_good,below_good/48,12,26,bad,toward_bad,False
below_good,below_good/48,13,26,bad,toward_bad,False
below_good,below_good/48,14,26,bad,toward_good,False
below_good,below_good/48,15,26,bad,toward_good,False
below_good,below_good/48,16,26,bad,toward_good,False
below_good,below_good/48,17,26,bad,toward_bad,False
below_good,below_good/48,18,26,bad,toward_good,False
below_good,below_good/48,19,26,bad,toward_good,False
below_good,below_good/48,20,26,bad,toward_bad,False
below_good,below_good/48,21,26,bad,toward_bad,False
below_good,below_good/48,22,26,bad,toward_good,False
below_good,below_good/48,23,26,bad,toward_bad,False
below_good,below_good/48,24,26,bad,toward_bad,False
below_good,below_good/48,25,26,bad,,True
below_good,below_good/49,0,1,bad,,True
below_good,below_good/50,0,14,bad,toward_good,False
below_good,below_good/50,1,14,bad,toward_bad,False
below_good,below_good/50,2,14,bad,toward_good,False
below_good,below_good/50,3,14,bad,toward_bad,False
below_good,below_good/50,4,14,bad,toward_bad,False
below_good,below_good/50,5,14,bad,toward_good,False
below_good,below_good/50,6,14,bad,toward_bad,False
below_good,below_good/50,7,14,bad,toward_good,False
below_good,below_good/50,8,14,bad,toward_bad,False
below_good,below_good/50,9,14,bad,toward_bad,False
below_good,below_good/50,10,14,bad,toward_good,False
below_good,below_good/50,11,14,bad,toward_bad,False
below_good,below_good/50,12,14,bad,toward_good,False
below_good,below_good/50,13,14,bad,,True
below_good,below_good/51,0,1,good,,True
below_good,below_good/52,0,21,bad,toward_good,False
below_good,below_good/52,1,21,bad,toward_bad,False
below_good,below_good/52,2,21,bad,toward_good,False
below_good,below_good/52,3,21,bad,toward_bad,False
below_good,below_good/52,4,21,bad,toward_good,False
below_good,below_good/52,5,21,good,toward_bad,False
below_good,below_good/52,6,21,bad,toward_good,False
below_good,below_good/52,7,21,bad,toward_bad,False
below_good,below_good/52,8,21,bad,toward_bad,False
below_good,below_good/52,9,21,bad,toward_good,False
below_good,below_good/52,10,21,bad,toward_good,False
below_good,below_good/52,11,21,bad,toward_bad,False
below_good,below_good/52,12,21,bad,toward_bad,False
below_good,below_good/52,13,21,bad,toward_bad,False
below_good,below_good/52,14,21,bad,toward_good,False
below_good,below_good/52,15,21,bad,toward_bad,False
below_good,below_good/52,16,21,bad,toward_good,False
below_good,below_good/52,17,21,bad,toward_bad,False
below_good,below_good/52,18,21,bad,toward_bad,False
below_good,below_good/52,19,21,bad,toward_good,False
below_good,below_good/52,20,21,bad,,True
below_good,below_good/53,0,21,bad,toward_good,False
below_good,below_good/53,1,21,bad,toward_good,False
below_good,below_good/53,2,21,bad,toward_bad,False
below_good,below_good/53,3,21,bad,toward_good,False
below_good,below_good/53,4,21,bad,toward_bad,False
below_good,below_good/53,5,21,bad,toward_good,False
below_good,below_good/53,6,21,bad,toward_bad,False
below_good,below_good/53,7,21,bad,toward_bad,False
below_good,below_good/53,8,21,bad,toward_good,False
below_good,below_good/53,9,21,bad,toward_good,False
below_good,below_good/53,10,21,bad,toward_good,False
below_good,below_good/53,11,21,bad,toward_good,False
below_good,below_good/53,12,21,bad,toward_bad,False
below_good,below_good/53,13,21,bad,toward_good,False
below_good,below_good/53,14,21,bad,toward_good,False
below_good,below_good/53,15,21,bad,toward_good,False
below_good,below_good/53,16,21,bad,toward_good,False
below_good,below_good/53,17,21,bad,toward_good,False
below_good,below_good/53,18,21,bad,toward_bad,False
below_good,below_good/53,19,21,bad,toward_bad,False
below_good,below_good/53,20,21,bad,,True
below_good,below_good/54,0,10,good,toward_bad,False
below_good,below_good/54,1,10,good,toward_bad,False
below_good,below_good/54,2,10,good,toward_good,False
below_good,below_good/54,3,10,good,toward_bad,False
below_good,below_good/54,4,10,good,toward_bad,False
below_good,below_good/54,5,10,good,toward_good,False
below_good,below_good/54,6,10,good,toward_good,False
below_good,below_good/54,7,10,good,toward_bad,False
below_good,below_good/54,8,10,good,toward_good,False
below_good,below_good/54,9,10,good,,True
below_good,below_good/55,0,7,bad,toward_good,False
below_good,below_good/55,1,7,bad,toward_good,False
below_good,below_good/55,2,7,bad,toward_bad,False
below_good,below_good/55,3,7,bad,toward_good,False
below_good,below_good/55,4,7,bad,toward_bad,False
below_good,below_good/55,5,7,bad,toward_good,False
below_good,below_good/55,6,7,bad,,True
below_good,below_good/56,0,26,bad,toward_good,False
below_good,below_good/56,1,26,bad,toward_good,False
below_good,below_good/56,2,26,good,toward_bad,False
below_good,below_good/56,3,26,bad,toward_good,False
below_good,below_good/56,4,26,good,toward_bad,False
below_good,below_good/56,5,26,good,toward_good,False
below_good,below_good/56,6,26,good,toward_bad,False
below_good,below_good/56,7,26,good,toward_bad,False
below_good,below_good/56,8,26,bad,toward_bad,False
below_good,below_good/56,9,26,bad,toward_good,False
below_good,below_good/56,10,26,bad,toward_good,False
below_good,below_good/56,11,26,good,toward_good,False
below_good,below_good/56,12,26,good,toward_good,False
below_good,below_good/56,13,26,good,toward_bad,False
below_good,below_good/56,14,26,bad,toward_good,False
below_good,below_good/56,15,26,good,toward_good,False
below_good,below_good/56,16,26,good,toward_bad,False
below_good,below_good/56,17,26,bad,toward_good,False
below_good,below_good/56,18,26,good,toward_bad,False
below_good,below_good/56,19,26,good,toward_bad,False
below_good,below_good/56,20,26,good,toward_bad,False
below_good,below_good/56,21,26,bad,toward_good,False
below_good,below_good/56,22,26,good,toward_bad,False
below_good,below_good/56,23,26,good,toward_good,False
below_good,below_good/56,24,26,good,same,False
below_good,below_good/56,25,26,good,,True
below_good,below_good/57,0,22,good,toward_good,False
below_good,below_good/57,1,22,good,toward_good,False
below_good,below_good/57,2,22,good,toward_bad,False
below_good,below_good/57,3,22,good,toward_good,False
below_good,below_good/57,4,22,good,toward_bad,False
below_good,below_good/57,5,22,bad,toward_good,False
below_good,below_good/57,6,22,good,toward_bad,False
below_good,below_good/57,7,22,good,toward_good,False
below_good,below_good/57,8,22,good,toward_good,False
below_good,below_good/57,9,22,good,toward_good,False
below_good,below_good/57,10,22,good,toward_bad,False
below_good,below_good/57,11,22,good,toward_bad,False
below_good,below_good/57,12,22,good,toward_bad,False
below_good,below_good/57,13,22,good,toward_good,False
below_good,below_good/57,14,22,good,toward_bad,False
below_good,below_good/57,15,22,good,toward_good,False
below_good,below_good/57,16,22,good,toward_good,False
below_good,below_good/57,17,22,good,toward_good,False
below_good,below_good/57,18,22,good,toward_bad,False
below_good,below_good/57,19,22,good,toward_bad,False
below_good,below_good/57,20,22,good,toward_good,False
below_good,below_good/57,21,22,good,,True
below_good,below_good/58,0,9,good,toward_bad,False
below_good,below_good/58,1,9,good,toward_good,False
below_good,below_good/58,2,9,good,toward_good,False
below_good,below_good/58,3,9,good,toward_bad,False
below_good,below_good/58,4,9,good,toward_good,False
below_good,below_good/58,5,9,good,toward_good,False
below_good,below_good/58,6,9,good,toward_bad,False
below_good,below_good/58,7,9,good,toward_good,False
below_good,below_good/58,8,9,good,,True
below_good,below_good/59,0,2,good,toward_good,False
below_good,below_good/59,1,2,good,,True
below_good,below_good/60,0,11,good,toward_bad,False
below_good,below_good/60,1,11,good,toward_good,False
below_good,below_good/60,2,11,good,toward_bad,False
below_good,below_good/60,3,11,good,toward_good,False
below_good,below_good/60,4,11,good,toward_bad,False
below_good,below_good/60,5,11,good,toward_bad,False
below_good,below_good/60,6,11,good,toward_good,False
below_good,below_good/60,7,11,good,toward_good,False
below_good,below_good/60,8,11,good,toward_bad,False
below_good,below_good/60,9,11,good,toward_good,False
below_good,below_good/60,10,11,good,,True
below_good,below_good/63,0,14,bad,toward_good,False
below_good,below_good/63,1,14,bad,toward_bad,False
below_good,below_good/63,2,14,bad,toward_good,False
below_good,below_good/63,3,14,bad,toward_good,False
below_good,below_good/63,4,14,bad,toward_bad,False
below_good,below_good/63,5,14,bad,toward_bad,False
below_good,below_good/63,6,14,bad,toward_good,False
below_good,below_good/63,7,14,bad,toward_good,False
below_good,below_good/63,8,14,bad,toward_bad,False
below_good,below_good/63,9,14,bad,toward_good,False
below_good,below_good/63,10,14,bad,toward_good,False
below_good,below_good/63,11,14,bad,toward_bad,False
below_good,below_good/63,12,14,bad,toward_bad,False
below_good,below_good/63,13,14,bad,,True
below_good,below_good/64,0,3,bad,toward_bad,False
below_good,below_good/64,1,3,bad,toward_good,False
below_good,below_good/64,2,3,bad,,True
below_good,below_good/65,0,6,good,toward_bad,False
below_good,below_good/65,1,6,good,toward_good,False
below_good,below_good/65,2,6,good,toward_bad,False
below_good,below_good/65,3,6,good,toward_good,False
below_good,below_good/65,4,6,good,toward_bad,False
below_good,below_good/65,5,6,good,,True
below_good,below_good/66,0,15,bad,toward_good,False
below_good,below_good/66,1,15,bad,toward_good,False
below_good,below_good/66,2,15,bad,toward_good,False
below_good,below_good/66,3,15,bad,toward_good,False
below_good,below_good/66,4,15,bad,toward_bad,False
below_good,below_good/66,5,15,bad,toward_bad,False
below_good,below_good/66,6,15,bad,toward_good,False
below_good,below_good/66,7,15,bad,toward_bad,False
below_good,below_good/66,8,15,bad,toward_bad,False
below_good,below_good/66,9,15,bad,toward_good,False
below_good,below_good/66,10,15,bad,toward_good,False
below_good,below_good/66,11,15,bad,toward_bad,False
below_good,below_good/66,12,15,bad,toward_good,False
below_good,below_good/66,13,15,bad,toward_bad,False
below_good,below_good/66,14,15,bad,,True
below_good,below_good/67,0,10,bad,toward_bad,False
below_good,below_good/67,1,10,bad,toward_bad,False
below_good,below_good/67,2,10,bad,toward_good,False
below_good,below_good/67,3,10,bad,toward_bad,False
below_good,below_good/67,4,10,bad,toward_good,False
below_good,below_good/67,5,10,bad,toward_good,False
below_good,below_good/67,6,10,bad,toward_bad,False
below_good,below_good/67,7,10,bad,toward_bad,False
below_good,below_good/67,8,10,bad,toward_good,False
below_good,below_good/67,9,10,bad,,True
below_good,below_good/68,0,18,bad,toward_good,False
below_good,below_good/68,1,18,bad,toward_bad,False
below_good,below_good/68,2,18,bad,toward_good,False
below_good,below_good/68,3,18,bad,toward_good,False
below_good,below_good/68,4,18,bad,toward_good,False
below_good,below_good/68,5,18,bad,toward_bad,False
below_good,below_good/68,6,18,bad,toward_bad,False
below_good,below_good/68,7,18,bad,toward_bad,False
below_good,below_good/68,8,18,bad,toward_bad,False
below_good,below_good/68,9,18,bad,toward_good,False
below_good,below_good/68,10,18,bad,toward_bad,False
below_good,below_good/68,11,18,bad,toward_good,False
below_good,below_good/68,12,18,bad,toward_bad,False
below_good,below_good/68,13,18,bad,toward_good,False
below_good,below_good/68,14,18,bad,toward_bad,False
below_good,below_good/68,15,18,bad,toward_good,False
below_good,below_good/68,16,18,bad,toward_good,False
below_good,below_good/68,17,18,bad,,True
below_good,below_good/69,0,8,bad,toward_good,False
below_good,below_good/69,1,8,bad,toward_bad,False
below_good,below_good/69,2,8,bad,toward_bad,False
below_good,below_good/69,3,8,bad,toward_bad,False
below_good,below_good/69,4,8,bad,toward_good,False
below_good,below_good/69,5,8,bad,toward_good,False
below_good,below_good/69,6,8,bad,toward_good,False
below_good,below_good/69,7,8,bad,,True
below_good,below_good/70,0,6,good,toward_good,False
below_good,below_good/70,1,6,good,toward_bad,False
below_good,below_good/70,2,6,good,toward_good,False
below_good,below_good/70,3,6,good,toward_bad,False
below_good,below_good/70,4,6,good,toward_good,False
below_good,below_good/70,5,6,good,,True
below_good,below_good/71,0,8,bad,toward_good,False
below_good,below_good/71,1,8,bad,toward_good,False
below_good,below_good/71,2,8,bad,toward_good,False
below_good,below_good/71,3,8,bad,toward_bad,False
below_good,below_good/71,4,8,bad,toward_bad,False
below_good,below_good/71,5,8,bad,toward_good,False
below_good,below_good/71,6,8,bad,toward_bad,False
below_good,below_good/71,7,8,bad,,True
below_good,below_good/72,0,18,bad,toward_good,False
below_good,below_good/72,1,18,bad,toward_good,False
below_good,below_good/72,2,18,bad,toward_bad,False
below_good,below_good/72,3,18,bad,toward_bad,False
below_good,below_good/72,4,18,bad,toward_bad,False
below_good,below_good/72,5,18,bad,toward_good,False
below_good,below_good/72,6,18,bad,toward_good,False
below_good,below_good/72,7,18,bad,toward_good,False
below_good,below_good/72,8,18,bad,toward_good,False
below_good,below_good/72,9,18,bad,toward_bad,False
below_good,below_good/72,10,18,bad,toward_good,False
below_good,below_good/72,11,18,bad,toward_good,False
below_good,below_good/72,12,18,bad,toward_bad,False
below_good,below_good/72,13,18,bad,toward_good,False
below_good,below_good/72,14,18,bad,toward_good,False
below_good,below_good/72,15,18,bad,toward_good,False
below_good,below_good/72,16,18,bad,toward_bad,False
below_good,below_good/72,17,18,bad,,True
below_good,below_good/73,0,4,bad,toward_good,False
below_good,below_good/73,1,4,bad,toward_good,False
below_good,below_good/73,2,4,bad,toward_bad,False
below_good,below_good/73,3,4,bad,,True
below_good,below_good/74,0,9,good,toward_good,False
below_good,below_good/74,1,9,good,toward_good,False
below_good,below_good/74,2,9,good,toward_good,False
below_good,below_good/74,3,9,good,toward_good,False
below_good,below_good/74,4,9,good,toward_bad,False
below_good,below_good/74,5,9,good,toward_good,False
below_good,below_good/74,6,9,good,toward_bad,False
below_good,below_good/74,7,9,good,toward_good,False
below_good,below_good/74,8,9,good,,True
below_good,below_good/75,0,13,bad,toward_good,False
below_good,below_good/75,1,13,bad,toward_good,False
below_good,below_good/75,2,13,bad,toward_bad,False
below_good,below_good/75,3,13,bad,toward_bad,False
below_good,below_good/75,4,13,bad,toward_bad,False
below_good,below_good/75,5,13,bad,toward_good,False
below_good,below_good/75,6,13,bad,toward_bad,False
below_good,below_good/75,7,13,bad,toward_bad,False
below_good,below_good/75,8,13,bad,toward_bad,False
below_good,below_good/75,9,13,bad,toward_good,False
below_good,below_good/75,10,13,bad,toward_good,False
below_good,below_good/75,11,13,bad,toward_good,False
below_good,below_good/75,12,13,bad,,True
below_good,below_good/76,0,5,good,toward_good,False
below_good,below_good/76,1,5,good,same,False
below_good,below_good/76,2,5,good,toward_good,False
below_good,below_good/76,3,5,good,toward_bad,False
below_good,below_good/76,4,5,good,,True
below_good,below_good/77,0,3,good,toward_bad,False
below_good,below_good/77,1,3,good,toward_good,False
below_good,below_good/77,2,3,good,,True
below_good,below_good/78,0,13,good,toward_bad,False
below_good,below_good/78,1,13,good,toward_good,False
below_good,below_good/78,2,13,good,toward_good,False
below_good,below_good/78,3,13,good,toward_good,False
below_good,below_good/78,4,13,good,toward_good,False
below_good,below_good/78,5,13,good,toward_bad,False
below_good,below_good/78,6,13,good,toward_good,False
below_good,below_good/78,7,13,good,toward_good,False
below_good,below_good/78,8,13,good,toward_bad,False
below_good,below_good/78,9,13,good,toward_bad,False
below_good,below_good/78,10,13,good,toward_good,False
below_good,below_good/78,11,13,good,toward_bad,False
below_good,below_good/78,12,13,good,,True
below_good,below_good/79,0,1,bad,,True
below_good,below_good/80,0,1,good,,True
below_good,below_good/81,0,2,good,toward_bad,False
below_good,below_good/81,1,2,good,,True
below_good,below_good/82,0,13,good,toward_bad,False
below_good,below_good/82,1,13,good,toward_bad,False
below_good,below_good/82,2,13,good,toward_good,False
below_good,below_good/82,3,13,good,toward_bad,False
below_good,below_good/82,4,13,good,toward_good,False
below_good,below_good/82,5,13,good,toward_good,False
below_good,below_good/82,6,13,good,toward_bad,False
below_good,below_good/82,7,13,good,toward_bad,False
below_good,below_good/82,8,13,good,toward_good,False
below_good,below_good/82,9,13,good,toward_good,False
below_good,below_good/82,10,13,good,toward_good,False
below_good,below_good/82,11,13,good,toward_bad,False
below_good,below_good/82,12,13,good,,True
below_good,below_good/83,0,6,bad,toward_good,False
below_good,below_good/83,1,6,bad,toward_bad,False
below_good,below_good/83,2,6,bad,toward_bad,False
below_good,below_good/83,3,6,bad,toward_bad,False
below_good,below_good/83,4,6,bad,toward_good,False
below_good,below_good/83,5,6,bad,,True
below_good,below_good/84,0,1,good,,True
below_good,below_good/85,0,16,bad,toward_good,False
below_good,below_good/85,1,16,bad,toward_good,False
below_good,below_good/85,2,16,bad,toward_bad,False
below_good,below_good/85,3,16,bad,toward_good,False
below_good,below_good/85,4,16,bad,toward_bad,False
below_good,below_good/85,5,16,bad,toward_bad,False
below_good,below_good/85,6,16,bad,toward_bad,False
below_good,below_good/85,7,16,bad,toward_good,False
below_good,below_good/85,8,16,bad,toward_bad,False
below_good,below_good/85,9,16,bad,toward_bad,False
below_good,below_good/85,10,16,bad,toward_bad,False
below_good,below_good/85,11,16,bad,toward_good,False
below_good,below_good/85,12,16,bad,toward_bad,False
below_good,below_good/85,13,16,bad,toward_bad,False
below_good,below_good/85,14,16,bad,toward_good,False
below_good,below_good/85,15,16,bad,,True
below_good,below_good/86,0,6,bad,toward_good,False
below_good,below_good/86,1,6,bad,toward_good,False
below_good,below_good/86,2,6,bad,toward_bad,False
below_good,below_good/86,3,6,bad,toward_good,False
below_good,below_good/86,4,6,bad,toward_bad,False
below_good,below_good/86,5,6,bad,,True
below_good,below_good/87,0,12,bad,toward_good,False
below_good,below_good/87,1,12,bad,toward_good,False
below_good,below_good/87,2,12,good,toward_bad,False
below_good,below_good/87,3,12,bad,toward_good,False
below_good,below_good/87,4,12,bad,toward_good,False
below_good,below_good/87,5,12,good,toward_good,False
below_good,below_good/87,6,12,good,toward_bad,False
below_good,below_good/87,7,12,bad,toward_good,False
below_good,below_good/87,8,12,good,toward_good,False
below_good,below_good/87,9,12,good,toward_good,False
below_good,below_good/87,10,12,good,toward_bad,False
below_good,below_good/87,11,12,good,,True
below_good,below_good/88,0,32,bad,toward_good,False
below_good,below_good/88,1,32,bad,toward_good,False
below_good,below_good/88,2,32,good,toward_bad,False
below_good,below_good/88,3,32,bad,toward_good,False
below_good,below_good/88,4,32,good,toward_bad,False
below_good,below_good/88,5,32,bad,toward_good,False
below_good,below_good/88,6,32,bad,toward_bad,False
below_good,below_good/88,7,32,bad,toward_good,False
below_good,below_good/88,8,32,bad,toward_good,False
below_good,below_good/88,9,32,bad,toward_bad,False
below_good,below_good/88,10,32,bad,toward_good,False
below_good,below_good/88,11,32,bad,toward_bad,False
below_good,below_good/88,12,32,bad,toward_bad,False
below_good,below_good/88,13,32,bad,toward_good,False
below_good,below_good/88,14,32,bad,toward_good,False
below_good,below_good/88,15,32,bad,toward_good,False
below_good,below_good/88,16,32,bad,toward_bad,False
below_good,below_good/88,17,32,bad,toward_good,False
below_good,below_good/88,18,32,bad,toward_good,False
below_good,below_good/88,19,32,bad,toward_bad,False
below_good,below_good/88,20,32,bad,toward_good,False
below_good,below_good/88,21,32,bad,toward_bad,False
below_good,below_good/88,22,32,bad,toward_good,False
below_good,below_good/88,23,32,bad,toward_good,False
below_good,below_good/88,24,32,bad,toward_bad,False
below_good,below_good/88,25,32,bad,toward_good,False
below_good,below_good/88,26,32,bad,toward_bad,False
below_good,below_good/88,27,32,bad,toward_bad,False
below_good,below_good/88,28,32,bad,toward_good,False
below_good,below_good/88,29,32,good,toward_bad,False
below_good,below_good/88,30,32,bad,toward_good,False
below_good,below_good/88,31,32,bad,,True
below_good,below_good/89,0,3,good,toward_good,False
below_good,below_good/89,1,3,good,toward_bad,False
below_good,below_good/89,2,3,good,,True
below_good,below_good/90,0,1,good,,True
below_good,below_good/91,0,7,bad,toward_good,False
below_good,below_good/91,1,7,bad,toward_good,False
below_good,below_good/91,2,7,bad,toward_good,False
below_good,below_good/91,3,7,bad,toward_bad,False
below_good,below_good/91,4,7,bad,toward_good,False
below_good,below_good/91,5,7,bad,toward_bad,False
below_good,below_good/91,6,7,bad,,True
below_good,below_good/92,0,1,good,,True
below_good,below_good/93,0,6,good,toward_good,False
below_good,below_good/93,1,6,good,toward_good,False
below_good,below_good/93,2,6,good,toward_bad,False
below_good,below_good/93,3,6,good,toward_bad,False
below_good,below_good/93,4,6,good,toward_good,False
below_good,below_good/93,5,6,good,,True
below_good,below_good/94,0,26,bad,toward_good,False
below_good,below_good/94,1,26,bad,toward_good,False
below_good,below_good/94,2,26,bad,toward_bad,False
below_good,below_good/94,3,26,bad,toward_good,False
below_good,below_good/94,4,26,bad,toward_good,False
below_good,below_good/94,5,26,bad,toward_good,False
below_good,below_good/94,6,26,good,toward_bad,False
below_good,below_good/94,7,26,bad,toward_good,False
below_good,below_good/94,8,26,bad,toward_bad,False
below_good,below_good/94,9,26,bad,toward_good,False
below_good,below_good/94,10,26,bad,toward_bad,False
below_good,below_good/94,11,26,bad,toward_bad,False
below_good,below_good/94,12,26,bad,toward_good,False
below_good,below_good/94,13,26,bad,toward_good,False
below_good,below_good/94,14,26,bad,toward_good,False
below_good,below_good/94,15,26,bad,toward_bad,False
below_good,below_good/94,16,26,bad,toward_bad,False
below_good,below_good/94,17,26,bad,toward_good,False
below_good,below_good/94,18,26,bad,toward_good,False
below_good,below_good/94,19,26,bad,toward_bad,False
below_good,below_good/94,20,26,bad,toward_good,False
below_good,below_good/94,21,26,bad,toward_good,False
below_good,below_good/94,22,26,bad,toward_bad,False
below_good,below_good/94,23,26,bad,toward_good,False
below_good,below_good/94,24,26,bad,toward_bad,False
below_good,below_good/94,25,26,bad,,True
below_good,below_good/95,0,11,bad,toward_good,False
below_good,below_good/95,1,11,bad,toward_bad,False
below_good,below_good/95,2,11,bad,toward_good,False
below_good,below_good/95,3,11,good,toward_bad,False
below_good,below_good/95,4,11,bad,toward_good,False
below_good,below_good/95,5,11,bad,toward_bad,False
below_good,below_good/95,6,11,bad,toward_bad,False
below_good,below_good/95,7,11,bad,toward_bad,False
below_good,below_good/95,8,11,bad,toward_good,False
below_good,below_good/95,9,11,bad,toward_bad,False
below_good,below_good/95,10,11,bad,,True
below_good,below_good/96,0,13,bad,toward_good,False
below_good,below_good/96,1,13,bad,toward_good,False
below_good,below_good/96,2,13,bad,toward_bad,False
below_good,below_good/96,3,13,bad,toward_good,False
below_good,below_good/96,4,13,bad,toward_good,False
below_good,below_good/96,5,13,bad,toward_bad,False
below_good,below_good/96,6,13,bad,toward_good,False
below_good,below_good/96,7,13,bad,toward_good,False
below_good,below_good/96,8,13,bad,toward_bad,False
below_good,below_good/96,9,13,bad,toward_bad,False
below_good,below_good/96,10,13,bad,toward_good,False
below_good,below_good/96,11,13,bad,toward_good,False
below_good,below_good/96,12,13,bad,,True
below_good,below_good/97,0,3,bad,toward_good,False
below_good,below_good/97,1,3,bad,toward_good,False
below_good,below_good/97,2,3,bad,,True
below_good,below_good/98,0,14,bad,toward_bad,False
below_good,below_good/98,1,14,bad,toward_good,False
below_good,below_good/98,2,14,bad,toward_good,False
below_good,below_good/98,3,14,bad,toward_bad,False
below_good,below_good/98,4,14,bad,toward_good,False
below_good,below_good/98,5,14,bad,toward_good,False
below_good,below_good/98,6,14,good,toward_bad,False
below_good,below_good/98,7,14,bad,toward_bad,False
below_good,below_good/98,8,14,bad,toward_good,False
below_good,below_good/98,9,14,bad,toward_good,False
below_good,below_good/98,10,14,bad,toward_good,False
below_good,below_good/98,11,14,good,toward_bad,False
below_good,below_good/98,12,14,bad,toward_good,False
below_good,below_good/98,13,14,bad,,True
above_good,above_good/0,0,15,bad,toward_good,False
above_good,above_good/0,1,15,bad,toward_bad,False
above_good,above_good/0,2,15,bad,toward_bad,False
above_good,above_good/0,3,15,bad,toward_good,False
above_good,above_good/0,4,15,bad,toward_bad,False
above_good,above_good/0,5,15,bad,toward_bad,False
above_good,above_good/0,6,15,bad,toward_good,False
above_good,above_good/0,7,15,bad,toward_good,False
above_good,above_good/0,8,15,bad,toward_bad,False
above_good,above_good/0,9,15,bad,toward_bad,False
above_good,above_good/0,10,15,bad,toward_good,False
above_good,above_good/0,11,15,bad,toward_bad,False
above_good,above_good/0,12,15,bad,toward_bad,False
above_good,above_good/0,13,15,bad,toward_bad,False
above_good,above_good/0,14,15,bad,,True
above_good,above_good/1,0,2,bad,toward_good,False
above_good,above_good/1,1,2,bad,,True
above_good,above_good/2,0,9,bad,toward_good,False
above_good,above_good/2,1,9,bad,toward_bad,False
above_good,above_good/2,2,9,bad,toward_good,False
above_good,above_good/2,3,9,bad,toward_bad,False
above_good,above_good/2,4,9,bad,toward_bad,False
above_good,above_good/2,5,9,bad,toward_good,False
above_good,above_good/2,6,9,bad,toward_good,False
above_good,above_good/2,7,9,bad,toward_bad,False
above_good,above_good/2,8,9,bad,,True
above_good,above_good/3,0,9,good,toward_good,False
above_good,above_good/3,1,9,good,toward_bad,False
above_good,above_good/3,2,9,good,toward_good,False
above_good,above_good/3,3,9,good,toward_bad,False
above_good,above_good/3,4,9,good,toward_good,False
above_good,above_good/3,5,9,good,toward_good,False
above_good,above_good/3,6,9,good,toward_bad,False
above_good,above_good/3,7,9,good,toward_good,False
above_good,above_good/3,8,9,good,,True
above_good,above_good/5,0,18,bad,toward_good,False
above_good,above_good/5,1,18,bad,toward_good,False
above_good,above_good/5,2,18,good,toward_bad,False
above_good,above_good/5,3,18,good,toward_bad,False
above_good,above_good/5,4,18,bad,toward_bad,False
above_good,above_good/5,5,18,bad,toward_good,False
above_good,above_good/5,6,18,bad,toward_good,False
above_good,above_good/5,7,18,good,toward_bad,False
above_good,above_good/5,8,18,bad,toward_bad,False
above_good,above_good/5,9,18,bad,toward_bad,False
above_good,above_good/5,10,18,bad,toward_good,False
above_good,above_good/5,11,18,bad,toward_good,False
above_good,above_good/5,12,18,bad,toward_good,False
above_good,above_good/5,13,18,good,toward_bad,False
above_good,above_good/5,14,18,good,toward_bad,False
above_good,above_good/5,15,18,bad,toward_bad,False
above_good,above_good/5,16,18,bad,toward_good,False
above_good,above_good/5,17,18,bad,,True
above_good,above_good/6,0,38,bad,toward_good,False
above_good,above_good/6,1,38,bad,toward_good,False
above_good,above_good/6,2,38,bad,toward_bad,False
above_good,above_good/6,3,38,bad,toward_bad,False
above_good,above_good/6,4,38,bad,toward_bad,False
above_good,above_good/6,5,38,bad,toward_good,False
above_good,above_good/6,6,38,bad,toward_good,False
above_good,above_good/6,7,38,bad,toward_good,False
above_good,above_good/6,8,38,bad,toward_bad,False
above_good,above_good/6,9,38,bad,toward_good,False
above_good,above_good/6,10,38,bad,toward_bad,False
above_good,above_good/6,11,38,bad,toward_bad,False
above_good,above_good/6,12,38,bad,toward_good,False
above_good,above_good/6,13,38,bad,toward_good,False
above_good,above_good/6,14,38,bad,toward_bad,False
above_good,above_good/6,15,38,bad,toward_good,False
above_good,above_good/6,16,38,bad,toward_good,False
above_good,above_good/6,17,38,bad,toward_good,False
above_good,above_good/6,18,38,bad,toward_good,False
above_good,above_good/6,19,38,bad,toward_good,False
above_good,above_good/6,20,38,bad,toward_bad,False
above_good,above_good/6,21,38,bad,toward_bad,False
above_good,above_good/6,22,38,bad,toward_good,False
above_good,above_good/6,23,38,bad,toward_bad,False
above_good,above_good/6,24,38,bad,toward_bad,False
above_good,above_good/6,25,38,bad,toward_good,False
above_good,above_good/6,26,38,bad,toward_bad,False
above_good,above_good/6,27,38,bad,toward_bad,False
above_good,above_good/6,28,38,bad,toward_bad,False
above_good,above_good/6,29,38,bad,toward_good,False
above_good,above_good/6,30,38,bad,toward_good,False
above_good,above_good/6,31,38,bad,toward_good,False
above_good,above_good/6,32,38,bad,toward_bad,False
above_good,above_good/6,33,38,bad,same,False
above_good,above_good/6,34,38,bad,toward_good,False
above_good,above_good/6,35,38,bad,toward_good,False
above_good,above_good/6,36,38,bad,toward_bad,False
above_good,above_good/6,37,38,bad,,True
above_good,above_good/8,0,9,good,toward_bad,False
above_good,above_good/8,1,9,good,toward_bad,False
above_good,above_good/8,2,9,good,toward_good,False
above_good,above_good/8,3,9,good,toward_good,False
above_good,above_good/8,4,9,good,toward_bad,False
above_good,above_good/8,5,9,good,toward_bad,False
above_good,above_good/8,6,9,good,toward_bad,False
above_good,above_good/8,7,9,good,toward_good,False
above_good,above_good/8,8,9,good,,True
above_good,above_good/9,0,7,bad,toward_good,False
above_good,above_good/9,1,7,bad,toward_good,False
above_good,above_good/9,2,7,bad,toward_good,False
above_good,above_good/9,3,7,bad,toward_bad,False
above_good,above_good/9,4,7,bad,toward_bad,False
above_good,above_good/9,5,7,bad,toward_good,False
above_good,above_good/9,6,7,bad,,True
above_good,above_good/10,0,1,bad,,True
above_good,above_good/11,0,4,good,toward_bad,False
above_good,above_good/11,1,4,good,toward_good,False
above_good,above_good/11,2,4,good,toward_bad,False
above_good,above_good/11,3,4,good,,True
above_good,above_good/12,0,17,bad,toward_good,False
above_good,above_good/12,1,17,bad,toward_good,False
above_good,above_good/12,2,17,bad,toward_bad,False
above_good,above_good/12,3,17,bad,toward_good,False
above_good,above_good/12,4,17,bad,toward_good,False
above_good,above_good/12,5,17,bad,toward_good,False
above_good,above_good/12,6,17,good,toward_bad,False
above_good,above_good/12,7,17,bad,toward_good,False
above_good,above_good/12,8,17,bad,toward_good,False
above_good,above_good/12,9,17,good,toward_bad,False
above_good,above_good/12,10,17,bad,toward_bad,False
above_good,above_good/12,11,17,bad,toward_good,False
above_good,above_good/12,12,17,good,toward_bad,False
above_good,above_good/12,13,17,bad,toward_good,False
above_good,above_good/12,14,17,bad,toward_bad,False
above_good,above_good/12,15,17,bad,toward_bad,False
above_good,above_good/12,16,17,bad,,True
above_good,above_good/13,0,5,bad,toward_good,False
above_good,above_good/13,1,5,bad,toward_bad,False
above_good,above_good/13,2,5,bad,toward_good,False
above_good,above_good/13,3,5,bad,toward_bad,False
above_good,above_good/13,4,5,bad,,True
above_good,above_good/14,0,3,bad,toward_bad,False
above_good,above_good/14,1,3,bad,toward_bad,False
above_good,above_good/14,2,3,bad,,True
above_good,above_good/15,0,10,good,toward_bad,False
above_good,above_good/15,1,10,good,toward_good,False
above_good,above_good/15,2,10,good,toward_bad,False
above_good,above_good/15,3,10,good,toward_good,False
above_good,above_good/15,4,10,good,toward_bad,False
above_good,above_good/15,5,10,good,toward_bad,False
above_good,above_good/15,6,10,good,toward_good,False
above_good,above_good/15,7,10,good,toward_good,False
above_good,above_good/15,8,10,good,toward_bad,False
above_good,above_good/15,9,10,good,,True
above_good,above_good/16,0,23,good,toward_bad,False
above_good,above_good/16,1,23,bad,toward_bad,False
above_good,above_good/16,2,23,bad,toward_good,False
above_good,above_good/16,3,23,good,toward_good,False
above_good,above_good/16,4,23,good,toward_bad,False
above_good,above_good/16,5,23,good,toward_bad,False
above_good,above_good/16,6,23,bad,toward_bad,False
above_good,above_good/16,7,23,bad,toward_good,False
above_good,above_good/16,8,23,good,toward_bad,False
above_good,above_good/16,9,23,good,toward_bad,False
above_good,above_good/16,10,23,good,toward_good,False
above_good,above_good/16,11,23,good,toward_bad,False
above_good,above_good/16,12,23,good,toward_good,False
above_good,above_good/16,13,23,good,toward_bad,False
above_good,above_good/16,14,23,good,toward_bad,False
above_good,above_good/16,15,23,bad,toward_good,False
above_good,above_good/16,16,23,good,toward_bad,False
above_good,above_good/16,17,23,good,toward_good,False
above_good,above_good/16,18,23,good,toward_bad,False
above_good,above_good/16,19,23,good,toward_good,False
above_good,above_good/16,20,23,good,toward_bad,False
above_good,above_good/16,21,23,good,toward_good,False
above_good,above_good/16,22,23,good,,True
above_good,above_good/17,0,31,bad,toward_good,False
above_good,above_good/17,1,31,good,toward_bad,False
above_good,above_good/17,2,31,bad,toward_good,False
above_good,above_good/17,3,31,bad,toward_good,False
above_good,above_good/17,4,31,bad,toward_good,False
above_good,above_good/17,5,31,good,toward_good,False
above_good,above_good/17,6,31,good,toward_bad,False
above_good,above_good/17,7,31,bad,toward_bad,False
above_good,above_good/17,8,31,bad,toward_good,False
above_good,above_good/17,9,31,bad,toward_good,False
above_good,above_good/17,10,31,bad,toward_bad,False
above_good,above_good/17,11,31,bad,toward_good,False
above_good,above_good/17,12,31,bad,toward_good,False
above_good,above_good/17,13,31,bad,toward_good,False
above_good,above_good/17,14,31,good,toward_bad,False
above_good,above_good/17,15,31,good,toward_bad,False
above_good,above_good/17,16,31,bad,toward_bad,False
above_good,above_good/17,17,31,bad,toward_good,False
above_good,above_good/17,18,31,bad,toward_good,False
above_good,above_good/17,19,31,bad,toward_bad,False
above_good,above_good/17,20,31,bad,toward_good,False
above_good,above_good/17,21,31,bad,toward_good,False
above_good,above_good/17,22,31,bad,toward_good,False
above_good,above_good/17,23,31,bad,toward_good,False
above_good,above_good/17,24,31,bad,toward_bad,False
above_good,above_good/17,25,31,bad,toward_good,False
above_good,above_good/17,26,31,bad,toward_good,False
above_good,above_good/17,27,31,bad,toward_bad,False
above_good,above_good/17,28,31,bad,toward_good,False
above_good,above_good/17,29,31,bad,toward_bad,False
above_good,above_good/17,30,31,bad,,True
above_good,above_good/18,0,1,good,,True
above_good,above_good/19,0,1,bad,,True
above_good,above_good/20,0,14,bad,toward_good,False
above_good,above_good/20,1,14,bad,toward_good,False
above_good,above_good/20,2,14,bad,toward_bad,False
above_good,above_good/20,3,14,bad,toward_good,False
above_good,above_good/20,4,14,bad,toward_good,False
above_good,above_good/20,5,14,bad,toward_good,False
above_good,above_good/20,6,14,bad,toward_bad,False
above_good,above_good/20,7,14,bad,toward_good,False
above_good,above_good/20,8,14,bad,toward_bad,False
above_good,above_good/20,9,14,bad,toward_good,False
above_good,above_good/20,10,14,bad,toward_bad,False
above_good,above_good/20,11,14,bad,toward_good,False
above_good,above_good/20,12,14,bad,toward_bad,False
above_good,above_good/20,13,14,bad,,True
above_good,above_good/21,0,6,good,toward_bad,False
above_good,above_good/21,1,6,good,toward_bad,False
above_good,above_good/21,2,6,good,toward_good,False
above_good,above_good/21,3,6,good,toward_bad,False
above_good,above_good/21,4,6,good,toward_bad,False
above_good,above_good/21,5,6,good,,True
above_good,above_good/22,0,16,good,toward_bad,False
above_good,above_good/22,1,16,good,toward_good,False
above_good,above_good/22,2,16,good,toward_bad,False
above_good,above_good/22,3,16,good,toward_bad,False
above_good,above_good/22,4,16,good,toward_good,False
above_good,above_good/22,5,16,good,toward_bad,False
above_good,above_good/22,6,16,good,toward_bad,False
above_good,above_good/22,7,16,good,toward_good,False
above_good,above_good/22,8,16,good,toward_good,False
above_good,above_good/22,9,16,good,toward_good,False
above_good,above_good/22,10,16,good,toward_good,False
above_good,above_good/22,11,16,good,toward_bad,False
above_good,above_good/22,12,16,good,toward_good,False
above_good,above_good/22,13,16,good,toward_good,False
above_good,above_good/22,14,16,good,toward_bad,False
above_good,above_good/22,15,16,good,,True
above_good,above_good/23,0,13,bad,toward_good,False
above_good,above_good/23,1,13,bad,toward_bad,False
above_good,above_good/23,2,13,bad,toward_good,False
above_good,above_good/23,3,13,bad,toward_bad,False
above_good,above_good/23,4,13,bad,toward_good,False
above_good,above_good/23,5,13,bad,toward_good,False
above_good,above_good/23,6,13,bad,toward_bad,False
above_good,above_good/23,7,13,bad,toward_good,False
above_good,above_good/23,8,13,bad,toward_bad,False
above_good,above_good/23,9,13,bad,toward_bad,False
above_good,above_good/23,10,13,bad,toward_good,False
above_good,above_good/23,11,13,bad,toward_bad,False
above_good,above_good/23,12,13,bad,,True
above_good,above_good/24,0,3,good,toward_good,False
above_good,above_good/24,1,3,good,toward_bad,False
above_good,above_good/24,2,3,good,,True
above_good,above_good/25,0,11,bad,toward_good,False
above_good,above_good/25,1,11,bad,toward_bad,False
above_good,above_good/25,2,11,bad,toward_good,False
above_good,above_good/25,3,11,bad,toward_bad,False
above_good,above_good/25,4,11,bad,toward_bad,False
above_good,above_good/25,5,11,bad,toward_good,False
above_good,above_good/25,6,11,bad,toward_bad,False
above_good,above_good/25,7,11,bad,toward_good,False
above_good,above_good/25,8,11,bad,toward_bad,False
above_good,above_good/25,9,11,bad,toward_bad,False
above_good,above_good/25,10,11,bad,,True
above_good,above_good/26,0,12,good,toward_bad,False
above_good,above_good/26,1,12,good,toward_good,False
above_good,above_good/26,2,12,good,toward_good,False
above_good,above_good/26,3,12,good,toward_bad,False
above_good,above_good/26,4,12,good,toward_bad,False
above_good,above_good/26,5,12,good,toward_good,False
above_good,above_good/26,6,12,good,toward_good,False
above_good,above_good/26,7,12,good,toward_bad,False
above_good,above_good/26,8,12,good,toward_good,False
above_good,above_good/26,9,12,good,toward_good,False
above_good,above_good/26,10,12,good,toward_good,False
above_good,above_good/26,11,12,good,,True
above_good,above_good/27,0,19,bad,toward_good,False
above_good,above_good/27,1,19,bad,toward_bad,False
above_good,above_good/27,2,19,bad,toward_bad,False
above_good,above_good/27,3,19,bad,toward_good,False
above_good,above_good/27,4,19,bad,toward_good,False
above_good,above_good/27,5,19,bad,toward_bad,False
above_good,above_good/27,6,19,bad,toward_bad,False
above_good,above_good/27,7,19,bad,toward_good,False
above_good,above_good/27,8,19,bad,toward_good,False
above_good,above_good/27,9,19,bad,toward_bad,False
above_good,above_good/27,10,19,bad,toward_good,False
above_good,above_good/27,11,19,bad,toward_bad,False
above_good,above_good/27,12,19,bad,toward_good,False
above_good,above_good/27,13,19,bad,toward_bad,False
above_good,above_good/27,14,19,bad,toward_good,False
above_good,above_good/27,15,19,bad,toward_bad,False
above_good,above_good/27,16,19,bad,toward_good,False
above_good,above_good/27,17,19,bad,toward_good,False
above_good,above_good/27,18,19,bad,,True
above_good,above_good/28,0,27,good,toward_good,False
above_good,above_good/28,1,27,good,toward_bad,False
above_good,above_good/28,2,27,good,toward_good,False
above_good,above_good/28,3,27,good,toward_good,False
above_good,above_good/28,4,27,good,toward_bad,False
above_good,above_good/28,5,27,good,toward_good,False
above_good,above_good/28,6,27,good,toward_bad,False
above_good,above_good/28,7,27,good,toward_bad,False
above_good,above_good/28,8,27,good,toward_good,False
above_good,above_good/28,9,27,good,toward_good,False
above_good,above_good/28,10,27,good,toward_bad,False
above_good,above_good/28,11,27,good,toward_good,False
above_good,above_good/28,12,27,good,toward_bad,False
above_good,above_good/28,13,27,good,toward_bad,False
above_good,above_good/28,14,27,good,toward_bad,False
above_good,above_good/28,15,27,good,toward_good,False
above_good,above_good/28,16,27,good,toward_bad,False
above_good,above_good/28,17,27,good,toward_bad,False
above_good,above_good/28,18,27,good,toward_good,False
above_good,above_good/28,19,27,good,toward_bad,False
above_good,above_good/28,20,27,good,toward_good,False
above_good,above_good/28,21,27,good,toward_bad,False
above_good,above_good/28,22,27,good,toward_bad,False
above_good,above_good/28,23,27,good,toward_bad,False
above_good,above_good/28,24,27,good,toward_good,False
above_good,above_good/28,25,27,good,toward_good,False
above_good,above_good/28,26,27,good,,True
above_good,above_good/29,0,1,good,,True
above_good,above_good/30,0,7,good,toward_bad,False
above_good,above_good/30,1,7,good,toward_good,False
above_good,above_good/30,2,7,good,toward_good,False
above_good,above_good/30,3,7,good,toward_bad,False
above_good,above_good/30,4,7,good,toward_good,False
above_good,above_good/30,5,7,good,toward_bad,False
above_good,above_good/30,6,7,good,,True
above_good,above_good/31,0,15,good,toward_good,False
above_good,above_good/31,1,15,good,toward_bad,False
above_good,above_good/31,2,15,good,toward_good,False
above_good,above_good/31,3,15,good,toward_good,False
above_good,above_good/31,4,15,good,toward_bad,False
above_good,above_good/31,5,15,good,toward_bad,False
above_good,above_good/31,6,15,good,toward_bad,False
above_good,above_good/31,7,15,good,toward_good,False
above_good,above_good/31,8,15,good,toward_good,False
above_good,above_good/31,9,15,good,toward_bad,False
above_good,above_good/31,10,15,good,toward_bad,False
above_good,above_good/31,11,15,good,toward_good,False
above_good,above_good/31,12,15,good,toward_good,False
above_good,above_good/31,13,15,good,toward_bad,False
above_good,above_good/31,14,15,good,,True
above_good,above_good/32,0,8,bad,toward_bad,False
above_good,above_good/32,1,8,bad,toward_good,False
above_good,above_good/32,2,8,bad,toward_bad,False
above_good,above_good/32,3,8,bad,toward_good,False
above_good,above_good/32,4,8,bad,toward_bad,False
above_good,above_good/32,5,8,bad,toward_good,False
above_good,above_good/32,6,8,bad,toward_bad,False
above_good,above_good/32,7,8,bad,,True
above_good,above_good/33,0,5,good,toward_bad,False
above_good,above_good/33,1,5,good,toward_bad,False
above_good,above_good/33,2,5,good,toward_good,False
above_good,above_good/33,3,5,good,toward_bad,False
above_good,above_good/33,4,5,good,,True
above_good,above_good/34,0,4,good,toward_good,False
above_good,above_good/34,1,4,good,toward_bad,False
above_good,above_good/34,2,4,good,toward_bad,False
above_good,above_good/34,3,4,good,,True
above_good,above_good/35,0,1,good,,True
above_good,above_good/36,0,1,bad,,True
above_good,above_good/37,0,5,bad,toward_good,False
above_good,above_good/37,1,5,bad,toward_good,False
above_good,above_good/37,2,5,bad,toward_good,False
above_good,above_good/37,3,5,bad,toward_bad,False
above_good,above_good/37,4,5,bad,,True
above_good,above_good/38,0,1,bad,,True
above_good,above_good/39,0,16,good,toward_bad,False
above_good,above_good/39,1,16,good,toward_bad,False
above_good,above_good/39,2,16,bad,toward_good,False
above_good,above_good/39,3,16,good,toward_good,False
above_good,above_good/39,4,16,good,toward_good,False
above_good,above_good/39,5,16,good,toward_bad,False
above_good,above_good/39,6,16,good,toward_bad,False
above_good,above_good/39,7,16,good,toward_good,False
above_good,above_good/39,8,16,good,toward_bad,False
above_good,above_good/39,9,16,good,toward_bad,False
above_good,above_good/39,10,16,good,toward_good,False
above_good,above_good/39,11,16,good,toward_good,False
above_good,above_good/39,12,16,good,toward_bad,False
above_good,above_good/39,13,16,good,toward_bad,False
above_good,above_good/39,14,16,good,toward_good,False
above_good,above_good/39,15,16,good,,True
above_good,above_good/40,0,16,bad,toward_good,False
above_good,above_good/40,1,16,bad,toward_bad,False
above_good,above_good/40,2,16,bad,toward_good,False
above_good,above_good/40,3,16,bad,toward_good,False
above_good,above_good/40,4,16,bad,toward_bad,False
above_good,above_good/40,5,16,bad,toward_good,False
above_good,above_good/40,6,16,bad,toward_bad,False
above_good,above_good/40,7,16,bad,toward_good,False
above_good,above_good/40,8,16,bad,toward_bad,False
above_good,above_good/40,9,16,bad,toward_good,False
above_good,above_good/40,10,16,bad,toward_good,False
above_good,above_good/40,11,16,bad,toward_bad,False
above_good,above_good/40,12,16,bad,toward_bad,False
above_good,above_good/40,13,16,bad,toward_good,False
above_good,above_good/40,14,16,bad,toward_bad,False
above_good,above_good/40,15,16,bad,,True
above_good,above_good/41,0,1,good,,True
above_good,above_good/42,0,18,bad,toward_bad,False
above_good,above_good/42,1,18,bad,toward_good,False
above_good,above_good/42,2,18,bad,toward_bad,False
above_good,above_good/42,3,18,bad,toward_bad,False
above_good,above_good/42,4,18,bad,toward_good,False
above_good,above_good/42,5,18,bad,toward_good,False
above_good,above_good/42,6,18,bad,toward_good,False
above_good,above_good/42,7,18,bad,toward_bad,False
above_good,above_good/42,8,18,bad,toward_good,False
above_good,above_good/42,9,18,bad,toward_good,False
above_good,above_good/42,10,18,bad,toward_bad,False
above_good,above_good/42,11,18,bad,toward_good,False
above_good,above_good/42,12,18,bad,toward_bad,False
above_good,above_good/42,13,18,bad,toward_good,False
above_good,above_good/42,14,18,bad,toward_bad,False
above_good,above_good/42,15,18,bad,toward_good,False
above_good,above_good/42,16,18,bad,toward_good,False
above_good,above_good/42,17,18,bad,,True
above_good,above_good/43,0,16,good,toward_bad,False
above_good,above_good/43,1,16,good,toward_bad,False
above_good,above_good/43,2,16,bad,toward_good,False
above_good,above_good/43,3,16,good,toward_bad,False
above_good,above_good/43,4,16,good,toward_bad,False
above_good,above_good/43,5,16,good,toward_bad,False
above_good,above_good/43,6,16,good,toward_good,False
above_good,above_good/43,7,16,good,toward_bad,False
above_good,above_good/43,8,16,good,toward_good,False
above_good,above_good/43,9,16,good,toward_good,False
above_good,above_good/43,10,16,good,toward_bad,False
above_good,above_good/43,11,16,good,toward_bad,False
above_good,above_good/43,12,16,good,toward_bad,False
above_good,above_good/43,13,16,good,toward_bad,False
above_good,above_good/43,14,16,good,toward_bad,False
above_good,above_good/43,15,16,good,,True
above_good,above_good/44,0,11,bad,toward_bad,False
above_good,above_good/44,1,11,bad,toward_good,False
above_good,above_good/44,2,11,bad,toward_bad,False
above_good,above_good/44,3,11,bad,toward_bad,False
above_good,above_good/44,4,11,bad,toward_good,False
above_good,above_good/44,5,11,bad,toward_bad,False
above_good,above_good/44,6,11,bad,toward_good,False
above_good,above_good/44,7,11,bad,toward_good,False
above_good,above_good/44,8,11,bad,toward_good,False
above_good,above_good/44,9,11,bad,toward_bad,False
above_good,above_good/44,10,11,bad,,True
above_good,above_good/45,0,3,good,toward_good,False
above_good,above_good/45,1,3,good,toward_good,False
above_good,above_good/45,2,3,good,,True
above_good,above_good/46,0,6,good,toward_bad,False
above_good,above_good/46,1,6,good,toward_bad,False
above_good,above_good/46,2,6,good,toward_good,False
above_good,above_good/46,3,6,good,toward_good,False
above_good,above_good/46,4,6,good,toward_bad,False
above_good,above_good/46,5,6,good,,True
above_good,above_good/47,0,23,bad,toward_good,False
above_good,above_good/47,1,23,bad,toward_good,False
above_good,above_good/47,2,23,bad,toward_good,False
above_good,above_good/47,3,23,bad,toward_good,False
above_good,above_good/47,4,23,bad,toward_bad,False
above_good,above_good/47,5,23,bad,toward_good,False
above_good,above_good/47,6,23,bad,toward_good,False
above_good,above_good/47,7,23,bad,toward_bad,False
above_good,above_good/47,8,23,bad,toward_good,False
above_good,above_good/47,9,23,bad,toward_good,False
above_good,above_good/47,10,23,bad,toward_good,False
above_good,above_good/47,11,23,bad,toward_bad,False
above_good,above_good/47,12,23,bad,toward_good,False
above_good,above_good/47,13,23,bad,toward_good,False
above_good,above_good/47,14,23,bad,toward_good,False
above_good,above_good/47,15,23,bad,toward_bad,False
above_good,above_good/47,16,23,bad,toward_good,False
above_good,above_good/47,17,23,bad,toward_good,False
above_good,above_good/47,18,23,bad,toward_good,False
above_good,above_good/47,19,23,bad,toward_good,False
above_good,above_good/47,20,23,bad,toward_bad,False
above_good,above_good/47,21,23,bad,toward_bad,False
above_good,above_good/47,22,23,bad,,True
above_good,above_good/48,0,8,good,toward_good,False
above_good,above_good/48,1,8,good,toward_bad,False
above_good,above_good/48,2,8,good,toward_bad,False
above_good,above_good/48,3,8,good,toward_good,False
above_good,above_good/48,4,8,good,toward_bad,False
above_good,above_good/48,5,8,good,toward_good,False
above_good,above_good/48,6,8,good,toward_good,False
above_good,above_good/48,7,8,good,,True
above_good,above_good/49,0,1,good,,True
above_good,above_good/50,0,3,good,toward_good,False
above_good,above_good/50,1,3,good,toward_bad,False
above_good,above_good/50,2,3,good,,True
above_good,above_good/51,0,22,good,toward_bad,False
above_good,above_good/51,1,22,good,toward_bad,False
above_good,above_good/51,2,22,good,toward_bad,False
above_good,above_good/51,3,22,bad,toward_good,False
above_good,above_good/51,4,22,good,toward_bad,False
above_good,above_good/51,5,22,good,toward_bad,False
above_good,above_good/51,6,22,good,toward_bad,False
above_good,above_good/51,7,22,good,toward_bad,False
above_good,above_good/51,8,22,bad,toward_good,False
above_good,above_good/51,9,22,good,toward_good,False
above_good,above_good/51,10,22,good,toward_bad,False
above_good,above_good/51,11,22,good,toward_good,False
above_good,above_good/51,12,22,good,toward_bad,False
above_good,above_good/51,13,22,good,toward_bad,False
above_good,above_good/51,14,22,good,toward_bad,False
above_good,above_good/51,15,22,good,toward_good,False
above_good,above_good/51,16,22,good,toward_bad,False
above_good,above_good/51,17,22,good,toward_good,False
above_good,above_good/51,18,22,good,toward_bad,False
above_good,above_good/51,19,22,good,toward_bad,False
above_good,above_good/51,20,22,good,toward_good,False
above_good,above_good/51,21,22,good,,True
above_good,above_good/52,0,1,good,,True
above_good,above_good/53,0,17,bad,toward_bad,False
above_good,above_good/53,1,17,bad,toward_good,False
above_good,above_good/53,2,17,good,toward_bad,False
above_good,above_good/53,3,17,bad,toward_good,False
above_good,above_good/53,4,17,bad,toward_bad,False
above_good,above_good/53,5,17,bad,toward_good,False
above_good,above_good/53,6,17,bad,toward_bad,False
above_good,above_good/53,7,17,bad,toward_bad,False
above_good,above_good/53,8,17,bad,toward_bad,False
above_good,above_good/53,9,17,bad,toward_good,False
above_good,above_good/53,10,17,bad,toward_good,False
above_good,above_good/53,11,17,good,toward_bad,False
above_good,above_good/53,12,17,bad,toward_good,False
above_good,above_good/53,13,17,bad,toward_bad,False
above_good,above_good/53,14,17,bad,toward_good,False
above_good,above_good/53,15,17,bad,toward_bad,False
above_good,above_good/53,16,17,bad,,True
above_good,above_good/54,0,16,bad,toward_good,False
above_good,above_good/54,1,16,good,toward_bad,False
above_good,above_good/54,2,16,bad,toward_bad,False
above_good,above_good/54,3,16,bad,toward_good,False
above_good,above_good/54,4,16,bad,toward_good,False
above_good,above_good/54,5,16,bad,toward_bad,False
above_good,above_good/54,6,16,bad,toward_bad,False
above_good,above_good/54,7,16,bad,toward_good,False
above_good,above_good/54,8,16,bad,toward_bad,False
above_good,above_good/54,9,16,bad,toward_bad,False
above_good,above_good/54,10,16,bad,toward_good,False
above_good,above_good/54,11,16,bad,toward_bad,False
above_good,above_good/54,12,16,bad,toward_bad,False
above_good,above_good/54,13,16,bad,toward_good,False
above_good,above_good/54,14,16,bad,toward_good,False
above_good,above_good/54,15,16,bad,,True
above_good,above_good/55,0,1,good,,True
above_good,above_good/56,0,4,good,toward_bad,False
above_good,above_good/56,1,4,good,toward_good,False
above_good,above_good/56,2,4,good,toward_bad,False
above_good,above_good/56,3,4,good,,True
above_good,above_good/57,0,33,good,toward_good,False
above_good,above_good/57,1,33,good,toward_bad,False
above_good,above_good/57,2,33,good,toward_bad,False
above_good,above_good/57,3,33,good,toward_bad,False
above_good,above_good/57,4,33,good,toward_bad,False
above_good,above_good/57,5,33,bad,toward_good,False
above_good,above_good/57,6,33,good,toward_bad,False
above_good,above_good/57,7,33,good,toward_good,False
above_good,above_good/57,8,33,good,toward_good,False
above_good,above_good/57,9,33,good,toward_good,False
above_good,above_good/57,10,33,good,toward_good,False
above_good,above_good/57,11,33,good,toward_bad,False
above_good,above_good/57,12,33,good,toward_good,False
above_good,above_good/57,13,33,good,toward_bad,False
above_good,above_good/57,14,33,good,toward_bad,False
above_good,above_good/57,15,33,bad,toward_good,False
above_good,above_good/57,16,33,good,toward_bad,False
above_good,above_good/57,17,33,good,toward_good,False
above_good,above_good/57,18,33,good,toward_bad,False
above_good,above_good/57,19,33,good,toward_good,False
above_good,above_good/57,20,33,good,toward_bad,False
above_good,above_good/57,21,33,good,toward_good,False
above_good,above_good/57,22,33,good,toward_bad,False
above_good,above_good/57,23,33,good,toward_good,False
above_good,above_good/57,24,33,good,toward_good,False
above_good,above_good/57,25,33,good,toward_bad,False
above_good,above_good/57,26,33,good,toward_good,False
above_good,above_good/57,27,33,good,toward_bad,False
above_good,above_good/57,28,33,good,toward_bad,False
above_good,above_good/57,29,33,good,toward_bad,False
above_good,above_good/57,30,33,bad,toward_good,False
above_good,above_good/57,31,33,good,toward_good,False
above_good,above_good/57,32,33,good,,True
above_good,above_good/58,0,13,good,toward_bad,False
above_good,above_good/58,1,13,good,toward_bad,False
above_good,above_good/58,2,13,bad,toward_good,False
above_good,above_good/58,3,13,good,toward_bad,False
above_good,above_good/58,4,13,good,toward_good,False
above_good,above_good/58,5,13,good,toward_good,False
above_good,above_good/58,6,13,good,toward_bad,False
above_good,above_good/58,7,13,good,toward_good,False
above_good,above_good/58,8,13,good,toward_good,False
above_good,above_good/58,9,13,good,toward_bad,False
above_good,above_good/58,10,13,good,toward_bad,False
above_good,above_good/58,11,13,good,toward_good,False
above_good,above_good/58,12,13,good,,True
above_good,above_good/59,0,10,good,toward_bad,False
above_good,above_good/59,1,10,good,toward_good,False
above_good,above_good/59,2,10,good,toward_bad,False
above_good,above_good/59,3,10,good,toward_good,False
above_good,above_good/59,4,10,good,toward_bad,False
above_good,above_good/59,5,10,good,toward_bad,False
above_good,above_good/59,6,10,good,toward_bad,False
above_good,above_good/59,7,10,good,toward_good,False
above_good,above_good/59,8,10,good,toward_bad,False
above_good,above_good/59,9,10,good,,True
above_good,above_good/60,0,1,good,,True
above_good,above_good/61,0,6,bad,toward_bad,False
above_good,above_good/61,1,6,bad,toward_bad,False
above_good,above_good/61,2,6,bad,toward_good,False
above_good,above_good/61,3,6,bad,toward_bad,False
above_good,above_good/61,4,6,bad,toward_bad,False
above_good,above_good/61,5,6,bad,,True
above_good,above_good/62,0,17,good,toward_bad,False
above_good,above_good/62,1,17,good,toward_good,False
above_good,above_good/62,2,17,good,toward_bad,False
above_good,above_good/62,3,17,good,toward_bad,False
above_good,above_good/62,4,17,good,toward_bad,False
above_good,above_good/62,5,17,good,toward_good,False
above_good,above_good/62,6,17,good,toward_good,False
above_good,above_good/62,7,17,good,toward_bad,False
above_good,above_good/62,8,17,good,toward_bad,False
above_good,above_good/62,9,17,good,toward_bad,False
above_good,above_good/62,10,17,good,toward_good,False
above_good,above_good/62,11,17,good,toward_bad,False
above_good,above_good/62,12,17,good,toward_good,False
above_good,above_good/62,13,17,good,toward_bad,False
above_good,above_good/62,14,17,good,toward_good,False
above_good,above_good/62,15,17,good,same,False
above_good,above_good/62,16,17,good,,True
above_good,above_good/63,0,14,good,toward_bad,False
above_good,above_good/63,1,14,good,toward_good,False
above_good,above_good/63,2,14,good,toward_good,False
above_good,above_good/63,3,14,good,toward_good,False
above_good,above_good/63,4,14,good,toward_good,False
above_good,above_good/63,5,14,good,toward_good,False
above_good,above_good/63,6,14,good,toward_bad,False
above_good,above_good/63,7,14,good,toward_bad,False
above_good,above_good/63,8,14,good,toward_good,False
above_good,above_good/63,9,14,good,toward_bad,False
above_good,above_good/63,10,14,good,toward_good,False
above_good,above_good/63,11,14,good,toward_bad,False
above_good,above_good/63,12,14,good,toward_good,False
above_good,above_good/63,13,14,good,,True
above_good,above_good/65,0,14,good,toward_good,False
above_good,above_good/65,1,14,good,toward_bad,False
above_good,above_good/65,2,14,good,toward_bad,False
above_good,above_good/65,3,14,bad,toward_good,False
above_good,above_good/65,4,14,good,toward_good,False
above_good,above_good/65,5,14,good,toward_bad,False
above_good,above_good/65,6,14,good,toward_bad,False
above_good,above_good/65,7,14,good,toward_good,False
above_good,above_good/65,8,14,good,toward_bad,False
above_good,above_good/65,9,14,good,toward_bad,False
above_good,above_good/65,10,14,good,toward_good,False
above_good,above_good/65,11,14,good,toward_bad,False
above_good,above_good/65,12,14,good,toward_good,False
above_good,above_good/65,13,14,good,,True
above_good,above_good/66,0,1,bad,,True
above_good,above_good/67,0,10,bad,toward_good,False
above_good,above_good/67,1,10,bad,toward_bad,False
above_good,above_good/67,2,10,bad,toward_bad,False
above_good,above_good/67,3,10,bad,toward_bad,False
above_good,above_good/67,4,10,bad,toward_bad,False
above_good,above_good/67,5,10,bad,toward_good,False
above_good,above_good/67,6,10,bad,toward_bad,False
above_good,above_good/67,7,10,bad,toward_bad,False
above_good,above_good/67,8,10,bad,toward_good,False
above_good,above_good/67,9,10,bad,,True
above_good,above_good/68,0,1,bad,,True
above_good,above_good/69,0,21,good,toward_bad,False
above_good,above_good/69,1,21,good,toward_bad,False
above_good,above_good/69,2,21,good,toward_good,False
above_good,above_good/69,3,21,good,toward_good,False
above_good,above_good/69,4,21,good,toward_good,False
above_good,above_good/69,5,21,good,toward_bad,False
above_good,above_good/69,6,21,good,toward_good,False
above_good,above_good/69,7,21,good,toward_good,False
above_good,above_good/69,8,21,good,toward_good,False
above_good,above_good/69,9,21,good,toward_bad,False
above_good,above_good/69,10,21,good,toward_good,False
above_good,above_good/69,11,21,good,toward_good,False
above_good,above_good/69,12,21,good,toward_good,False
above_good,above_good/69,13,21,good,toward_bad,False
above_good,above_good/69,14,21,good,toward_good,False
above_good,above_good/69,15,21,good,toward_bad,False
above_good,above_good/69,16,21,good,toward_bad,False
above_good,above_good/69,17,21,good,toward_good,False
above_good,above_good/69,18,21,good,toward_bad,False
above_good,above_good/69,19,21,good,toward_good,False
above_good,above_good/69,20,21,good,,True
above_good,above_good/70,0,7,bad,toward_good,False
above_good,above_good/70,1,7,bad,toward_good,False
above_good,above_good/70,2,7,bad,toward_bad,False
above_good,above_good/70,3,7,bad,toward_bad,False
above_good,above_good/70,4,7,bad,toward_good,False
above_good,above_good/70,5,7,bad,toward_good,False
above_good,above_good/70,6,7,bad,,True
above_good,above_good/71,0,5,good,toward_bad,False
above_good,above_good/71,1,5,good,toward_bad,False
above_good,above_good/71,2,5,good,toward_good,False
above_good,above_good/71,3,5,good,toward_bad,False
above_good,above_good/71,4,5,good,,True
above_good,above_good/72,0,12,good,toward_good,False
above_good,above_good/72,1,12,good,toward_bad,False
above_good,above_good/72,2,12,good,toward_good,False
above_good,above_good/72,3,12,good,toward_good,False
above_good,above_good/72,4,12,good,toward_good,False
above_good,above_good/72,5,12,good,toward_bad,False
above_good,above_good/72,6,12,good,toward_bad,False
above_good,above_good/72,7,12,good,toward_good,False
above_good,above_good/72,8,12,good,toward_good,False
above_good,above_good/72,9,12,good,toward_bad,False
above_good,above_good/72,10,12,good,toward_bad,False
above_good,above_good/72,11,12,good,,True
above_good,above_good/73,0,6,bad,toward_bad,False
above_good,above_good/73,1,6,bad,toward_good,False
above_good,above_good/73,2,6,bad,toward_good,False
above_good,above_good/73,3,6,bad,toward_bad,False
above_good,above_good/73,4,6,bad,toward_bad,False
above_good,above_good/73,5,6,bad,,True
above_good,above_good/74,0,1,good,,True
above_good,above_good/75,0,11,good,toward_bad,False
above_good,above_good/75,1,11,good,toward_bad,False
above_good,above_good/75,2,11,good,toward_bad,False
above_good,above_good/75,3,11,good,toward_bad,False
above_good,above_good/75,4,11,good,toward_good,False
above_good,above_good/75,5,11,good,toward_good,False
above_good,above_good/75,6,11,good,toward_bad,False
above_good,above_good/75,7,11,good,toward_good,False
above_good,above_good/75,8,11,good,toward_bad,False
above_good,above_good/75,9,11,good,toward_good,False
above_good,above_good/75,10,11,good,,True
above_good,above_good/76,0,7,good,toward_bad,False
above_good,above_good/76,1,7,good,toward_bad,False
above_good,above_good/76,2,7,good,toward_good,False
above_good,above_good/76,3,7,good,toward_good,False
above_good,above_good/76,4,7,good,toward_bad,False
above_good,above_good/76,5,7,good,toward_bad,False
above_good,above_good/76,6,7,good,,True
above_good,above_good/77,0,1,bad,,True
above_good,above_good/78,0,17,good,toward_bad,False
above_good,above_good/78,1,17,good,toward_bad,False
above_good,above_good/78,2,17,good,toward_bad,False
above_good,above_good/78,3,17,bad,toward_good,False
above_good,above_good/78,4,17,good,toward_bad,False
above_good,above_good/78,5,17,good,toward_good,False
above_good,above_good/78,6,17,good,toward_good,False
above_good,above_good/78,7,17,good,toward_bad,False
above_good,above_good/78,8,17,good,toward_good,False
above_good,above_good/78,9,17,good,toward_bad,False
above_good,above_good/78,10,17,good,toward_good,False
above_good,above_good/78,11,17,good,toward_bad,False
above_good,above_good/78,12,17,good,toward_good,False
above_good,above_good/78,13,17,good,toward_good,False
above_good,above_good/78,14,17,good,toward_bad,False
above_good,above_good/78,15,17,good,toward_bad,False
above_good,above_good/78,16,17,good,,True
above_good,above_good/79,0,1,bad,,True
above_good,above_good/80,0,1,good,,True
above_good,above_good/81,0,24,good,toward_bad,False
above_good,above_good/81,1,24,bad,toward_good,False
above_good,above_good/81,2,24,good,toward_bad,False
above_good,above_good/81,3,24,bad,toward_good,False
above_good,above_good/81,4,24,good,toward_bad,False
above_good,above_good/81,5,24,good,toward_bad,False
above_good,above_good/81,6,24,bad,toward_good,False
above_good,above_good/81,7,24,bad,toward_good,False
above_good,above_good/81,8,24,good,toward_bad,False
above_good,above_good/81,9,24,good,toward_bad,False
above_good,above_good/81,10,24,bad,toward_good,False
above_good,above_good/81,11,24,good,toward_good,False
above_good,above_good/81,12,24,good,toward_good,False
above_good,above_good/81,13,24,good,toward_good,False
above_good,above_good/81,14,24,good,toward_bad,False
above_good,above_good/81,15,24,bad,toward_good,False
above_good,above_good/81,16,24,good,toward_good,False
above_good,above_good/81,17,24,good,toward_good,False
above_good,above_good/81,18,24,good,toward_bad,False
above_good,above_good/81,19,24,bad,toward_good,False
above_good,above_good/81,20,24,good,toward_bad,False
above_good,above_good/81,21,24,good,toward_good,False
above_good,above_good/81,22,24,good,toward_good,False
above_good,above_good/81,23,24,good,,True
above_good,above_good/82,0,25,bad,toward_good,False
above_good,above_good/82,1,25,bad,toward_good,False
above_good,above_good/82,2,25,bad,toward_good,False
above_good,above_good/82,3,25,good,toward_bad,False
above_good,above_good/82,4,25,bad,toward_good,False
above_good,above_good/82,5,25,bad,toward_good,False
above_good,above_good/82,6,25,good,toward_good,False
above_good,above_good/82,7,25,good,toward_bad,False
above_good,above_good/82,8,25,bad,toward_bad,False
above_good,above_good/82,9,25,bad,toward_good,False
above_good,above_good/82,10,25,bad,toward_bad,False
above_good,above_good/82,11,25,bad,toward_good,False
above_good,above_good/82,12,25,bad,toward_good,False
above_good,above_good/82,13,25,bad,toward_bad,False
above_good,above_good/82,14,25,bad,toward_bad,False
above_good,above_good/82,15,25,bad,toward_bad,False
above_good,above_good/82,16,25,bad,toward_bad,False
above_good,above_good/82,17,25,bad,toward_good,False
above_good,above_good/82,18,25,bad,toward_good,False
above_good,above_good/82,19,25,bad,toward_bad,False
above_good,above_good/82,20,25,bad,toward_bad,False
above_good,above_good/82,21,25,bad,toward_bad,False
above_good,above_good/82,22,25,bad,toward_good,False
above_good,above_good/82,23,25,bad,toward_bad,False
above_good,above_good/82,24,25,bad,,True
above_good,above_good/83,0,12,good,toward_bad,False
above_good,above_good/83,1,12,good,toward_good,False
above_good,above_good/83,2,12,good,toward_bad,False
above_good,above_good/83,3,12,good,toward_bad,False
above_good,above_good/83,4,12,good,toward_bad,False
above_good,above_good/83,5,12,good,toward_good,False
above_good,above_good/83,6,12,good,toward_good,False
above_good,above_good/83,7,12,good,toward_good,False
above_good,above_good/83,8,12,good,toward_good,False
above_good,above_good/83,9,12,good,toward_bad,False
above_good,above_good/83,10,12,good,toward_bad,False
above_good,above_good/83,11,12,good,,True
above_good,above_good/84,0,22,bad,toward_good,False
above_good,above_good/84,1,22,bad,toward_bad,False
above_good,above_good/84,2,22,bad,toward_bad,False
above_good,above_good/84,3,22,bad,toward_good,False
above_good,above_good/84,4,22,bad,toward_good,False
above_good,above_good/84,5,22,bad,toward_good,False
above_good,above_good/84,6,22,bad,toward_bad,False
above_good,above_good/84,7,22,bad,toward_bad,False
above_good,above_good/84,8,22,bad,toward_good,False
above_good,above_good/84,9,22,bad,toward_bad,False
above_good,above_good/84,10,22,bad,toward_good,False
above_good,above_good/84,11,22,bad,toward_bad,False
above_good,above_good/84,12,22,bad,toward_bad,False
above_good,above_good/84,13,22,bad,toward_good,False
above_good,above_good/84,14,22,bad,toward_bad,False
above_good,above_good/84,15,22,bad,toward_good,False
above_good,above_good/84,16,22,bad,toward_bad,False
above_good,above_good/84,17,22,bad,toward_bad,False
above_good,above_good/84,18,22,bad,toward_good,False
above_good,above_good/84,19,22,bad,toward_bad,False
above_good,above_good/84,20,22,bad,toward_bad,False
above_good,above_good/84,21,22,bad,,True
above_good,above_good/85,0,9,bad,toward_good,False
above_good,above_good/85,1,9,bad,toward_good,False
above_good,above_good/85,2,9,bad,toward_good,False
above_good,above_good/85,3,9,bad,toward_good,False
above_good,above_good/85,4,9,bad,toward_good,False
above_good,above_good/85,5,9,bad,toward_bad,False
above_good,above_good/85,6,9,bad,toward_good,False
above_good,above_good/85,7,9,bad,toward_bad,False
above_good,above_good/85,8,9,bad,,True
above_good,above_good/86,0,7,good,toward_bad,False
above_good,above_good/86,1,7,good,toward_good,False
above_good,above_good/86,2,7,good,toward_bad,False
above_good,above_good/86,3,7,good,toward_good,False
above_good,above_good/86,4,7,good,toward_good,False
above_good,above_good/86,5,7,good,toward_bad,False
above_good,above_good/86,6,7,good,,True
above_good,above_good/87,0,11,bad,toward_bad,False
above_good,above_good/87,1,11,bad,toward_bad,False
above_good,above_good/87,2,11,bad,toward_good,False
above_good,above_good/87,3,11,bad,toward_bad,False
above_good,above_good/87,4,11,bad,toward_bad,False
above_good,above_good/87,5,11,bad,toward_good,False
above_good,above_good/87,6,11,bad,toward_good,False
above_good,above_good/87,7,11,bad,toward_good,False
above_good,above_good/87,8,11,bad,toward_bad,False
above_good,above_good/87,9,11,bad,toward_bad,False
above_good,above_good/87,10,11,bad,,True
above_good,above_good/88,0,4,good,toward_bad,False
above_good,above_good/88,1,4,good,toward_good,False
above_good,above_good/88,2,4,good,toward_good,False
above_good,above_good/88,3,4,good,,True
above_good,above_good/89,0,8,bad,toward_bad,False
above_good,above_good/89,1,8,bad,toward_bad,False
above_good,above_good/89,2,8,bad,toward_good,False
above_good,above_good/89,3,8,bad,toward_good,False
above_good,above_good/89,4,8,bad,toward_good,False
above_good,above_good/89,5,8,bad,toward_good,False
above_good,above_good/89,6,8,bad,toward_bad,False
above_good,above_good/89,7,8,bad,,True
above_good,above_good/90,0,16,good,toward_bad,False
above_good,above_good/90,1,16,bad,toward_good,False
above_good,above_good/90,2,16,good,toward_good,False
above_good,above_good/90,3,16,good,toward_bad,False
above_good,above_good/90,4,16,good,toward_good,False
above_good,above_good/90,5,16,good,toward_bad,False
above_good,above_good/90,6,16,good,toward_bad,False
above_good,above_good/90,7,16,good,toward_good,False
above_good,above_good/90,8,16,good,toward_good,False
above_good,above_good/90,9,16,good,toward_bad,False
above_good,above_good/90,10,16,good,toward_bad,False
above_good,above_good/90,11,16,good,toward_good,False
above_good,above_good/90,12,16,good,toward_bad,False
above_good,above_good/90,13,16,good,toward_bad,False
above_good,above_good/90,14,16,good,toward_bad,False
above_good,above_good/90,15,16,good,,True
above_good,above_good/91,0,1,good,,True
above_good,above_good/92,0,20,bad,toward_good,False
above_good,above_good/92,1,20,bad,toward_bad,False
above_good,above_good/92,2,20,bad,toward_good,False
above_good,above_good/92,3,20,good,toward_bad,False
above_good,above_good/92,4,20,bad,toward_bad,False
above_good,above_good/92,5,20,bad,toward_good,False
above_good,above_good/92,6,20,bad,toward_good,False
above_good,above_good/92,7,20,bad,toward_good,False
above_good,above_good/92,8,20,bad,toward_good,False
above_good,above_good/92,9,20,bad,toward_bad,False
above_good,above_good/92,10,20,bad,toward_good,False
above_good,above_good/92,11,20,bad,toward_good,False
above_good,above_good/92,12,20,bad,toward_bad,False
above_good,above_good/92,13,20,bad,toward_good,False
above_good,above_good/92,14,20,bad,toward_bad,False
above_good,above_good/92,15,20,bad,toward_bad,False
above_good,above_good/92,16,20,bad,toward_good,False
above_good,above_good/92,17,20,bad,toward_good,False
above_good,above_good/92,18,20,bad,toward_bad,False
above_good,above_good/92,19,20,bad,,True
above_good,above_good/93,0,4,good,toward_good,False
above_good,above_good/93,1,4,good,toward_bad,False
above_good,above_good/93,2,4,good,toward_good,False
above_good,above_good/93,3,4,good,,True
above_good,above_good/94,0,5,bad,toward_good,False
above_good,above_good/94,1,5,bad,toward_bad,False
above_good,above_good/94,2,5,bad,toward_bad,False
above_good,above_good/94,3,5,bad,toward_good,False
above_good,above_good/94,4,5,bad,,True
above_good,above_good/95,0,19,bad,toward_good,False
above_good,above_good/95,1,19,bad,toward_bad,False
above_good,above_good/95,2,19,bad,toward_bad,False
above_good,above_good/95,3,19,bad,toward_good,False
above_good,above_good/95,4,19,bad,toward_good,False
above_good,above_good/95,5,19,good,toward_bad,False
above_good,above_good/95,6,19,bad,toward_bad,False
above_good,above_good/95,7,19,bad,toward_good,False
above_good,above_good/95,8,19,bad,toward_bad,False
above_good,above_good/95,9,19,bad,toward_good,False
above_good,above_good/95,10,19,bad,toward_good,False
above_good,above_good/95,11,19,bad,toward_good,False
above_good,above_good/95,12,19,good,toward_bad,False
above_good,above_good/95,13,19,bad,toward_bad,False
above_good,above_good/95,14,19,bad,toward_bad,False
above_good,above_good/95,15,19,bad,toward_good,False
above_good,above_good/95,16,19,bad,toward_bad,False
above_good,above_good/95,17,19,bad,toward_good,False
above_good,above_good/95,18,19,bad,,True
above_good,above_good/96,0,18,good,toward_good,False
above_good,above_good/96,1,18,good,toward_bad,False
above_good,above_good/96,2,18,good,toward_bad,False
above_good,above_good/96,3,18,good,toward_good,False
above_good,above_good/96,4,18,good,toward_good,False
above_good,above_good/96,5,18,good,toward_bad,False
above_good,above_good/96,6,18,good,toward_good,False
above_good,above_good/96,7,18,good,toward_bad,False
above_good,above_good/96,8,18,good,toward_bad,False
above_good,above_good/96,9,18,good,toward_good,False
above_good,above_good/96,10,18,good,toward_bad,False
above_good,above_good/96,11,18,good,toward_good,False
above_good,above_good/96,12,18,good,toward_bad,False
above_good,above_good/96,13,18,good,toward_bad,False
above_good,above_good/96,14,18,good,toward_good,False
above_good,above_good/96,15,18,good,toward_bad,False
above_good,above_good/96,16,18,good,toward_bad,False
above_good,above_good/96,17,18,good,,True
above_good,above_good/97,0,15,bad,toward_good,False
above_good,above_good/97,1,15,bad,toward_bad,False
above_good,above_good/97,2,15,bad,toward_good,False
above_good,above_good/97,3,15,bad,toward_good,False
above_good,above_good/97,4,15,bad,toward_bad,False
above_good,above_good/97,5,15,bad,toward_bad,False
above_good,above_good/97,6,15,bad,toward_good,False
above_good,above_good/97,7,15,bad,toward_good,False
above_good,above_good/97,8,15,bad,toward_good,False
above_good,above_good/97,9,15,bad,toward_bad,False
above_good,above_good/97,10,15,bad,toward_bad,False
above_good,above_good/97,11,15,bad,toward_good,False
above_good,above_good/97,12,15,bad,toward_bad,False
above_good,above_good/97,13,15,bad,toward_good,False
above_good,above_good/97,14,15,bad,,True
above_good,above_good/98,0,8,good,toward_bad,False
above_good,above_good/98,1,8,good,toward_bad,False
above_good,above_good/98,2,8,good,toward_bad,False
above_good,above_good/98,3,8,good,toward_good,False
above_good,above_good/98,4,8,good,toward_bad,False
above_good,above_good/98,5,8,good,toward_good,False
above_good,above_good/98,6,8,good,toward_bad,False
above_good,above_good/98,7,8,good,,True
above_good,above_good/99,0,15,bad,toward_good,False
above_good,above_good/99,1,15,bad,toward_bad,False
above_good,above_good/99,2,15,bad,toward_bad,False
above_good,above_good/99,3,15,bad,toward_good,False
above_good,above_good/99,4,15,bad,toward_good,False
above_good,above_good/99,5,15,bad,toward_good,False
above_good,above_good/99,6,15,bad,toward_good,False
above_good,above_good/99,7,15,bad,toward_bad,False
above_good,above_good/99,8,15,bad,toward_bad,False
above_good,above_good/99,9,15,bad,toward_good,False
above_good,above_good/99,10,15,bad,toward_bad,False
above_good,above_good/99,11,15,bad,toward_good,False
above_good,above_good/99,12,15,bad,toward_good,False
above_good,above_good/99,13,15,bad,toward_bad,False
above_good,above_good/99,14,15,bad,,True
