group,rollout,t,K,side,move,is_last
baseline[good=above],baseline/0,0,15,bad,toward_good,False
baseline[good=above],baseline/0,1,15,bad,toward_bad,False
baseline[good=above],baseline/0,2,15,bad,toward_good,False
baseline[good=above],baseline/0,3,15,bad,toward_bad,False
baseline[good=above],baseline/0,4,15,bad,toward_good,False
baseline[good=above],baseline/0,5,15,bad,toward_bad,False
baseline[good=above],baseline/0,6,15,bad,toward_good,False
baseline[good=above],baseline/0,7,15,bad,toward_bad,False
baseline[good=above],baseline/0,8,15,bad,toward_good,False
baseline[good=above],baseline/0,9,15,bad,toward_good,False
baseline[good=above],baseline/0,10,15,bad,toward_good,False
baseline[good=above],baseline/0,11,15,bad,toward_bad,False
baseline[good=above],baseline/0,12,15,bad,toward_good,False
baseline[good=above],baseline/0,13,15,bad,toward_bad,False
baseline[good=above],baseline/0,14,15,bad,,True
baseline[good=below],baseline/0,0,15,good,toward_bad,False
baseline[good=below],baseline/0,1,15,good,toward_good,False
baseline[good=below],baseline/0,2,15,good,toward_bad,False
baseline[good=below],baseline/0,3,15,good,toward_good,False
baseline[good=below],baseline/0,4,15,good,toward_bad,False
baseline[good=below],baseline/0,5,15,good,toward_good,False
baseline[good=below],baseline/0,6,15,good,toward_bad,False
baseline[good=below],baseline/0,7,15,good,toward_good,False
baseline[good=below],baseline/0,8,15,good,toward_bad,False
baseline[good=below],baseline/0,9,15,good,toward_bad,False
baseline[good=below],baseline/0,10,15,good,toward_bad,False
baseline[good=below],baseline/0,11,15,good,toward_good,False
baseline[good=below],baseline/0,12,15,good,toward_bad,False
baseline[good=below],baseline/0,13,15,good,toward_good,False
baseline[good=below],baseline/0,14,15,good,,True
baseline[good=above],baseline/1,0,7,bad,toward_bad,False
baseline[good=above],baseline/1,1,7,bad,toward_bad,False
baseline[good=above],baseline/1,2,7,bad,toward_good,False
baseline[good=above],baseline/1,3,7,bad,toward_bad,False
baseline[good=above],baseline/1,4,7,bad,toward_good,False
baseline[good=above],baseline/1,5,7,bad,toward_bad,False
baseline[good=above],baseline/1,6,7,bad,,True
baseline[good=below],baseline/1,0,7,good,toward_good,False
baseline[good=below],baseline/1,1,7,good,toward_good,False
baseline[good=below],baseline/1,2,7,good,toward_bad,False
baseline[good=below],baseline/1,3,7,good,toward_good,False
baseline[good=below],baseline/1,4,7,good,toward_bad,False
baseline[good=below],baseline/1,5,7,good,toward_good,False
baseline[good=below],baseline/1,6,7,good,,True
baseline[good=above],baseline/2,0,20,bad,toward_bad,False
baseline[good=above],baseline/2,1,20,bad,toward_good,False
baseline[good=above],baseline/2,2,20,bad,toward_good,False
baseline[good=above],baseline/2,3,20,bad,toward_bad,False
baseline[good=above],baseline/2,4,20,bad,toward_bad,False
baseline[good=above],baseline/2,5,20,bad,toward_bad,False
baseline[good=above],baseline/2,6,20,bad,toward_good,False
baseline[good=above],baseline/2,7,20,bad,toward_bad,False
baseline[good=above],baseline/2,8,20,bad,toward_bad,False
baseline[good=above],baseline/2,9,20,bad,toward_good,False
baseline[good=above],baseline/2,10,20,bad,toward_bad,False
baseline[good=above],baseline/2,11,20,bad,toward_good,False
baseline[good=above],baseline/2,12,20,bad,toward_good,False
baseline[good=above],baseline/2,13,20,bad,toward_bad,False
baseline[good=above],baseline/2,14,20,bad,toward_good,False
baseline[good=above],baseline/2,15,20,bad,toward_bad,False
baseline[good=above],baseline/2,16,20,bad,toward_good,False
baseline[good=above],baseline/2,17,20,bad,toward_good,False
baseline[good=above],baseline/2,18,20,bad,toward_bad,False
baseline[good=above],baseline/2,19,20,bad,,True
baseline[good=below],baseline/2,0,20,good,toward_good,False
baseline[good=below],baseline/2,1,20,good,toward_bad,False
baseline[good=below],baseline/2,2,20,good,toward_bad,False
baseline[good=below],baseline/2,3,20,good,toward_good,False
baseline[good=below],baseline/2,4,20,good,toward_good,False
baseline[good=below],baseline/2,5,20,good,toward_good,False
baseline[good=below],baseline/2,6,20,good,toward_bad,False
baseline[good=below],baseline/2,7,20,good,toward_good,False
baseline[good=below],baseline/2,8,20,good,toward_good,False
baseline[good=below],baseline/2,9,20,good,toward_bad,False
baseline[good=below],baseline/2,10,20,good,toward_good,False
baseline[good=below],baseline/2,11,20,good,toward_bad,False
baseline[good=below],baseline/2,12,20,good,toward_bad,False
baseline[good=below],baseline/2,13,20,good,toward_good,False
baseline[good=below],baseline/2,14,20,good,toward_bad,False
baseline[good=below],baseline/2,15,20,good,toward_good,False
baseline[good=below],baseline/2,16,20,good,toward_bad,False
baseline[good=below],baseline/2,17,20,good,toward_bad,False
baseline[good=below],baseline/2,18,20,good,toward_good,False
baseline[good=below],baseline/2,19,20,good,,True
baseline[good=above],baseline/4,0,1,bad,,True
baseline[good=below],baseline/4,0,1,good,,True
baseline[good=above],baseline/5,0,21,bad,toward_bad,False
baseline[good=above],baseline/5,1,21,bad,toward_bad,False
baseline[good=above],baseline/5,2,21,bad,toward_bad,False
baseline[good=above],baseline/5,3,21,bad,toward_good,False
baseline[good=above],baseline/5,4,21,bad,toward_good,False
baseline[good=above],baseline/5,5,21,bad,toward_good,False
baseline[good=above],baseline/5,6,21,bad,toward_good,False
baseline[good=above],baseline/5,7,21,bad,toward_bad,False
baseline[good=above],baseline/5,8,21,bad,toward_good,False
baseline[good=above],baseline/5,9,21,bad,toward_bad,False
baseline[good=above],baseline/5,10,21,bad,toward_good,False
baseline[good=above],baseline/5,11,21,bad,toward_good,False
baseline[good=above],baseline/5,12,21,bad,toward_bad,False
baseline[good=above],baseline/5,13,21,bad,toward_bad,False
baseline[good=above],baseline/5,14,21,bad,toward_good,False
baseline[good=above],baseline/5,15,21,bad,toward_bad,False
baseline[good=above],baseline/5,16,21,bad,toward_bad,False
baseline[good=above],baseline/5,17,21,bad,toward_bad,False
baseline[good=above],baseline/5,18,21,bad,toward_good,False
baseline[good=above],baseline/5,19,21,bad,toward_bad,False
baseline[good=above],baseline/5,20,21,bad,,True
baseline[good=below],baseline/5,0,21,good,toward_good,False
baseline[good=below],baseline/5,1,21,good,toward_good,False
baseline[good=below],baseline/5,2,21,good,toward_good,False
baseline[good=below],baseline/5,3,21,good,toward_bad,False
baseline[good=below],baseline/5,4,21,good,toward_bad,False
baseline[good=below],baseline/5,5,21,good,toward_bad,False
baseline[good=below],baseline/5,6,21,good,toward_bad,False
baseline[good=below],baseline/5,7,21,good,toward_good,False
baseline[good=below],baseline/5,8,21,good,toward_bad,False
baseline[good=below],baseline/5,9,21,good,toward_good,False
baseline[good=below],baseline/5,10,21,good,toward_bad,False
baseline[good=below],baseline/5,11,21,good,toward_bad,False
baseline[good=below],baseline/5,12,21,good,toward_good,False
baseline[good=below],baseline/5,13,21,good,toward_good,False
baseline[good=below],baseline/5,14,21,good,toward_bad,False
baseline[good=below],baseline/5,15,21,good,toward_good,False
baseline[good=below],baseline/5,16,21,good,toward_good,False
baseline[good=below],baseline/5,17,21,good,toward_good,False
baseline[good=below],baseline/5,18,21,good,toward_bad,False
baseline[good=below],baseline/5,19,21,good,toward_good,False
baseline[good=below],baseline/5,20,21,good,,True
baseline[good=above],baseline/6,0,38,bad,toward_good,False
baseline[good=above],baseline/6,1,38,bad,toward_bad,False
baseline[good=above],baseline/6,2,38,bad,toward_bad,False
baseline[good=above],baseline/6,3,38,bad,toward_good,False
baseline[good=above],baseline/6,4,38,bad,toward_bad,False
baseline[good=above],baseline/6,5,38,bad,toward_bad,False
baseline[good=above],baseline/6,6,38,bad,toward_bad,False
baseline[good=above],baseline/6,7,38,bad,toward_good,False
baseline[good=above],baseline/6,8,38,bad,toward_bad,False
baseline[good=above],baseline/6,9,38,bad,toward_bad,False
baseline[good=above],baseline/6,10,38,bad,toward_good,False
baseline[good=above],baseline/6,11,38,bad,toward_bad,False
baseline[good=above],baseline/6,12,38,bad,toward_bad,False
baseline[good=above],baseline/6,13,38,bad,toward_good,False
baseline[good=above],baseline/6,14,38,bad,toward_good,False
baseline[good=above],baseline/6,15,38,bad,toward_good,False
baseline[good=above],baseline/6,16,38,bad,toward_bad,False
baseline[good=above],baseline/6,17,38,bad,toward_good,False
baseline[good=above],baseline/6,18,38,bad,toward_bad,False
baseline[good=above],baseline/6,19,38,bad,toward_good,False
baseline[good=above],baseline/6,20,38,bad,toward_good,False
baseline[good=above],baseline/6,21,38,bad,toward_bad,False
baseline[good=above],baseline/6,22,38,bad,toward_bad,False
baseline[good=above],baseline/6,23,38,bad,toward_good,False
baseline[good=above],baseline/6,24,38,bad,toward_bad,False
baseline[good=above],baseline/6,25,38,bad,toward_bad,False
baseline[good=above],baseline/6,26,38,bad,same,False
baseline[good=above],baseline/6,27,38,bad,toward_bad,False
baseline[good=above],baseline/6,28,38,bad,toward_bad,False
baseline[good=above],baseline/6,29,38,bad,toward_good,False
baseline[good=above],baseline/6,30,38,bad,toward_bad,False
baseline[good=above],baseline/6,31,38,bad,toward_good,False
baseline[good=above],baseline/6,32,38,bad,toward_bad,False
baseline[good=above],baseline/6,33,38,bad,toward_good,False
baseline[good=above],baseline/6,34,38,bad,toward_good,False
baseline[good=above],baseline/6,35,38,bad,toward_bad,False
baseline[good=above],baseline/6,36,38,bad,toward_bad,False
baseline[good=above],baseline/6,37,38,bad,,True
baseline[good=below],baseline/6,0,38,good,toward_bad,False
baseline[good=below],baseline/6,1,38,good,toward_good,False
baseline[good=below],baseline/6,2,38,good,toward_good,False
baseline[good=below],baseline/6,3,38,good,toward_bad,False
baseline[good=below],baseline/6,4,38,good,toward_good,False
baseline[good=below],baseline/6,5,38,good,toward_good,False
baseline[good=below],baseline/6,6,38,good,toward_good,False
baseline[good=below],baseline/6,7,38,good,toward_bad,False
baseline[good=below],baseline/6,8,38,good,toward_good,False
baseline[good=below],baseline/6,9,38,good,toward_good,False
baseline[good=below],baseline/6,10,38,good,toward_bad,False
baseline[good=below],baseline/6,11,38,good,toward_good,False
baseline[good=below],baseline/6,12,38,good,toward_good,False
baseline[good=below],baseline/6,13,38,good,toward_bad,False
baseline[good=below],baseline/6,14,38,good,toward_bad,False
baseline[good=below],baseline/6,15,38,good,toward_bad,False
baseline[good=below],baseline/6,16,38,good,toward_good,False
baseline[good=below],baseline/6,17,38,good,toward_bad,False
baseline[good=below],baseline/6,18,38,good,toward_good,False
baseline[good=below],baseline/6,19,38,good,toward_bad,False
baseline[good=below],baseline/6,20,38,good,toward_bad,False
baseline[good=below],baseline/6,21,38,good,toward_good,False
baseline[good=below],baseline/6,22,38,good,toward_good,False
baseline[good=below],baseline/6,23,38,good,toward_bad,False
baseline[good=below],baseline/6,24,38,good,toward_good,False
baseline[good=below],baseline/6,25,38,good,toward_good,False
baseline[good=below],baseline/6,26,38,good,same,False
baseline[good=below],baseline/6,27,38,good,toward_good,False
baseline[good=below],baseline/6,28,38,good,toward_good,False
baseline[good=below],baseline/6,29,38,good,toward_bad,False
baseline[good=below],baseline/6,30,38,good,toward_good,False
baseline[good=below],baseline/6,31,38,good,toward_bad,False
baseline[good=below],baseline/6,32,38,good,toward_good,False
baseline[good=below],baseline/6,33,38,good,toward_bad,False
baseline[good=below],baseline/6,34,38,good,toward_bad,False
baseline[good=below],baseline/6,35,38,good,toward_good,False
baseline[good=below],baseline/6,36,38,good,toward_good,False
baseline[good=below],baseline/6,37,38,good,,True
baseline[good=above],baseline/7,0,10,bad,toward_good,False
baseline[good=above],baseline/7,1,10,bad,toward_bad,False
baseline[good=above],baseline/7,2,10,bad,toward_good,False
baseline[good=above],baseline/7,3,10,bad,toward_bad,False
baseline[good=above],baseline/7,4,10,bad,toward_bad,False
baseline[good=above],baseline/7,5,10,bad,toward_good,False
baseline[good=above],baseline/7,6,10,bad,same,False
baseline[good=above],baseline/7,7,10,bad,toward_bad,False
baseline[good=above],baseline/7,8,10,bad,toward_good,False
baseline[good=above],baseline/7,9,10,bad,,True
baseline[good=below],baseline/7,0,10,good,toward_bad,False
baseline[good=below],baseline/7,1,10,good,toward_good,False
baseline[good=below],baseline/7,2,10,good,toward_bad,False
baseline[good=below],baseline/7,3,10,good,toward_good,False
baseline[good=below],baseline/7,4,10,good,toward_good,False
baseline[good=below],baseline/7,5,10,good,toward_bad,False
baseline[good=below],baseline/7,6,10,good,same,False
baseline[good=below],baseline/7,7,10,good,toward_good,False
baseline[good=below],baseline/7,8,10,good,toward_bad,False
baseline[good=below],baseline/7,9,10,good,,True
baseline[good=above],baseline/8,0,2,bad,toward_bad,False
baseline[good=above],baseline/8,1,2,bad,,True
baseline[good=below],baseline/8,0,2,good,toward_good,False
baseline[good=below],baseline/8,1,2,good,,True
baseline[good=above],baseline/9,0,12,good,toward_bad,False
baseline[good=above],baseline/9,1,12,bad,toward_good,False
baseline[good=above],baseline/9,2,12,good,toward_bad,False
baseline[good=above],baseline/9,3,12,good,toward_bad,False
baseline[good=above],baseline/9,4,12,good,toward_good,False
baseline[good=above],baseline/9,5,12,good,toward_bad,False
baseline[good=above],baseline/9,6,12,good,toward_good,False
baseline[good=above],baseline/9,7,12,good,toward_bad,False
baseline[good=above],baseline/9,8,12,good,toward_good,False
baseline[good=above],baseline/9,9,12,good,toward_good,False
baseline[good=above],baseline/9,10,12,good,toward_bad,False
baseline[good=above],baseline/9,11,12,good,,True
baseline[good=below],baseline/9,0,12,bad,toward_good,False
baseline[good=below],baseline/9,1,12,good,toward_bad,False
baseline[good=below],baseline/9,2,12,bad,toward_good,False
baseline[good=below],baseline/9,3,12,bad,toward_good,False
baseline[good=below],baseline/9,4,12,bad,toward_bad,False
baseline[good=below],baseline/9,5,12,bad,toward_good,False
baseline[good=below],baseline/9,6,12,bad,toward_bad,False
baseline[good=below],baseline/9,7,12,bad,toward_good,False
baseline[good=below],baseline/9,8,12,bad,toward_bad,False
baseline[good=below],baseline/9,9,12,bad,toward_bad,False
baseline[good=below],baseline/9,10,12,bad,toward_good,False
baseline[good=below],baseline/9,11,12,bad,,True
baseline[good=above],baseline/10,0,21,good,toward_good,False
baseline[good=above],baseline/10,1,21,good,toward_good,False
baseline[good=above],baseline/10,2,21,good,toward_bad,False
baseline[good=above],baseline/10,3,21,good,toward_good,False
baseline[good=above],baseline/10,4,21,good,toward_good,False
baseline[good=above],baseline/10,5,21,good,toward_bad,False
baseline[good=above],baseline/10,6,21,good,toward_good,False
baseline[good=above],baseline/10,7,21,good,toward_bad,False
baseline[good=above],baseline/10,8,21,good,toward_good,False
baseline[good=above],baseline/10,9,21,good,toward_good,False
baseline[good=above],baseline/10,10,21,good,toward_bad,False
baseline[good=above],baseline/10,11,21,good,toward_good,False
baseline[good=above],baseline/10,12,21,good,toward_bad,False
baseline[good=above],baseline/10,13,21,good,toward_good,False
baseline[good=above],baseline/10,14,21,good,same,False
baseline[good=above],baseline/10,15,21,good,toward_bad,False
baseline[good=above],baseline/10,16,21,good,toward_bad,False
baseline[good=above],baseline/10,17,21,good,toward_good,False
baseline[good=above],baseline/10,18,21,good,toward_good,False
baseline[good=above],baseline/10,19,21,good,toward_bad,False
baseline[good=above],baseline/10,20,21,good,,True
baseline[good=below],baseline/10,0,21,bad,toward_bad,False
baseline[good=below],baseline/10,1,21,bad,toward_bad,False
baseline[good=below],baseline/10,2,21,bad,toward_good,False
baseline[good=below],baseline/10,3,21,bad,toward_bad,False
baseline[good=below],baseline/10,4,21,bad,toward_bad,False
baseline[good=below],baseline/10,5,21,bad,toward_good,False
baseline[good=below],baseline/10,6,21,bad,toward_bad,False
baseline[good=below],baseline/10,7,21,bad,toward_good,False
baseline[good=below],baseline/10,8,21,bad,toward_bad,False
baseline[good=below],baseline/10,9,21,bad,toward_bad,False
baseline[good=below],baseline/10,10,21,bad,toward_good,False
baseline[good=below],baseline/10,11,21,bad,toward_bad,False
baseline[good=below],baseline/10,12,21,bad,toward_good,False
baseline[good=below],baseline/10,13,21,bad,toward_bad,False
baseline[good=below],baseline/10,14,21,bad,same,False
baseline[good=below],baseline/10,15,21,bad,toward_good,False
baseline[good=below],baseline/10,16,21,bad,toward_good,False
baseline[good=below],baseline/10,17,21,bad,toward_bad,False
baseline[good=below],baseline/10,18,21,bad,toward_bad,False
baseline[good=below],baseline/10,19,21,bad,toward_good,False
baseline[good=below],baseline/10,20,21,bad,,True
baseline[good=above],baseline/12,0,22,good,toward_good,False
baseline[good=above],baseline/12,1,22,good,toward_good,False
baseline[good=above],baseline/12,2,22,good,toward_bad,False
baseline[good=above],baseline/12,3,22,good,toward_bad,False
baseline[good=above],baseline/12,4,22,good,toward_good,False
baseline[good=above],baseline/12,5,22,good,toward_bad,False
baseline[good=above],baseline/12,6,22,good,toward_bad,False
baseline[good=above],baseline/12,7,22,good,toward_good,False
baseline[good=above],baseline/12,8,22,good,toward_good,False
baseline[good=above],baseline/12,9,22,good,toward_bad,False
baseline[good=above],baseline/12,10,22,good,toward_bad,False
baseline[good=above],baseline/12,11,22,good,toward_good,False
baseline[good=above],baseline/12,12,22,good,toward_bad,False
baseline[good=above],baseline/12,13,22,good,toward_good,False
baseline[good=above],baseline/12,14,22,good,toward_good,False
baseline[good=above],baseline/12,15,22,good,toward_bad,False
baseline[good=above],baseline/12,16,22,good,toward_good,False
baseline[good=above],baseline/12,17,22,good,toward_good,False
baseline[good=above],baseline/12,18,22,good,toward_bad,False
baseline[good=above],baseline/12,19,22,good,toward_good,False
baseline[good=above],baseline/12,20,22,good,toward_bad,False
baseline[good=above],baseline/12,21,22,good,,True
baseline[good=below],baseline/12,0,22,bad,toward_bad,False
baseline[good=below],baseline/12,1,22,bad,toward_bad,False
baseline[good=below],baseline/12,2,22,bad,toward_good,False
baseline[good=below],baseline/12,3,22,bad,toward_good,False
baseline[good=below],baseline/12,4,22,bad,toward_bad,False
baseline[good=below],baseline/12,5,22,bad,toward_good,False
baseline[good=below],baseline/12,6,22,bad,toward_good,False
baseline[good=below],baseline/12,7,22,bad,toward_bad,False
baseline[good=below],baseline/12,8,22,bad,toward_bad,False
baseline[good=below],baseline/12,9,22,bad,toward_good,False
baseline[good=below],baseline/12,10,22,bad,toward_good,False
baseline[good=below],baseline/12,11,22,bad,toward_bad,False
baseline[good=below],baseline/12,12,22,bad,toward_good,False
baseline[good=below],baseline/12,13,22,bad,toward_bad,False
baseline[good=below],baseline/12,14,22,bad,toward_bad,False
baseline[good=below],baseline/12,15,22,bad,toward_good,False
baseline[good=below],baseline/12,16,22,bad,toward_bad,False
baseline[good=below],baseline/12,17,22,bad,toward_bad,False
baseline[good=below],baseline/12,18,22,bad,toward_good,False
baseline[good=below],baseline/12,19,22,bad,toward_bad,False
baseline[good=below],baseline/12,20,22,bad,toward_good,False
baseline[good=below],baseline/12,21,22,bad,,True
baseline[good=above],baseline/13,0,23,bad,toward_bad,False
baseline[good=above],baseline/13,1,23,bad,toward_good,False
baseline[good=above],baseline/13,2,23,bad,toward_bad,False
baseline[good=above],baseline/13,3,23,bad,toward_good,False
baseline[good=above],baseline/13,4,23,bad,toward_bad,False
baseline[good=above],baseline/13,5,23,bad,toward_good,False
baseline[good=above],baseline/13,6,23,bad,toward_good,False
baseline[good=above],baseline/13,7,23,bad,toward_bad,False
baseline[good=above],baseline/13,8,23,bad,toward_good,False
baseline[good=above],baseline/13,9,23,bad,toward_bad,False
baseline[good=above],baseline/13,10,23,bad,toward_bad,False
baseline[good=above],baseline/13,11,23,bad,toward_good,False
baseline[good=above],baseline/13,12,23,bad,toward_good,False
baseline[good=above],baseline/13,13,23,bad,toward_bad,False
baseline[good=above],baseline/13,14,23,bad,toward_good,False
baseline[good=above],baseline/13,15,23,bad,toward_bad,False
baseline[good=above],baseline/13,16,23,bad,toward_good,False
baseline[good=above],baseline/13,17,23,bad,toward_bad,False
baseline[good=above],baseline/13,18,23,bad,toward_good,False
baseline[good=above],baseline/13,19,23,bad,toward_good,False
baseline[good=above],baseline/13,20,23,bad,toward_bad,False
baseline[good=above],baseline/13,21,23,bad,toward_bad,False
baseline[good=above],baseline/13,22,23,bad,,True
baseline[good=below],baseline/13,0,23,good,toward_good,False
baseline[good=below],baseline/13,1,23,good,toward_bad,False
baseline[good=below],baseline/13,2,23,good,toward_good,False
baseline[good=below],baseline/13,3,23,good,toward_bad,False
baseline[good=below],baseline/13,4,23,good,toward_good,False
baseline[good=below],baseline/13,5,23,good,toward_bad,False
baseline[good=below],baseline/13,6,23,good,toward_bad,False
baseline[good=below],baseline/13,7,23,good,toward_good,False
baseline[good=below],baseline/13,8,23,good,toward_bad,False
baseline[good=below],baseline/13,9,23,good,toward_good,False
baseline[good=below],baseline/13,10,23,good,toward_good,False
baseline[good=below],baseline/13,11,23,good,toward_bad,False
baseline[good=below],baseline/13,12,23,good,toward_bad,False
baseline[good=below],baseline/13,13,23,good,toward_good,False
baseline[good=below],baseline/13,14,23,good,toward_bad,False
baseline[good=below],baseline/13,15,23,good,toward_good,False
baseline[good=below],baseline/13,16,23,good,toward_bad,False
baseline[good=below],baseline/13,17,23,good,toward_good,False
baseline[good=below],baseline/13,18,23,good,toward_bad,False
baseline[good=below],baseline/13,19,23,good,toward_bad,False
baseline[good=below],baseline/13,20,23,good,toward_good,False
baseline[good=below],baseline/13,21,23,good,toward_good,False
baseline[good=below],baseline/13,22,23,good,,True
baseline[good=above],baseline/14,0,21,bad,toward_good,False
baseline[good=above],baseline/14,1,21,bad,toward_bad,False
baseline[good=above],baseline/14,2,21,bad,toward_good,False
baseline[good=above],baseline/14,3,21,bad,toward_bad,False
baseline[good=above],baseline/14,4,21,bad,toward_bad,False
baseline[good=above],baseline/14,5,21,bad,toward_good,False
baseline[good=above],baseline/14,6,21,bad,toward_good,False
baseline[good=above],baseline/14,7,21,bad,toward_bad,False
baseline[good=above],baseline/14,8,21,bad,toward_good,False
baseline[good=above],baseline/14,9,21,bad,toward_bad,False
baseline[good=above],baseline/14,10,21,bad,toward_good,False
baseline[good=above],baseline/14,11,21,bad,toward_bad,False
baseline[good=above],baseline/14,12,21,bad,toward_bad,False
baseline[good=above],baseline/14,13,21,bad,toward_good,False
baseline[good=above],baseline/14,14,21,bad,toward_good,False
baseline[good=above],baseline/14,15,21,bad,toward_bad,False
baseline[good=above],baseline/14,16,21,bad,toward_bad,False
baseline[good=above],baseline/14,17,21,bad,toward_good,False
baseline[good=above],baseline/14,18,21,bad,toward_good,False
baseline[good=above],baseline/14,19,21,bad,toward_bad,False
baseline[good=above],baseline/14,20,21,bad,,True
baseline[good=below],baseline/14,0,21,good,toward_bad,False
baseline[good=below],baseline/14,1,21,good,toward_good,False
baseline[good=below],baseline/14,2,21,good,toward_bad,False
baseline[good=below],baseline/14,3,21,good,toward_good,False
baseline[good=below],baseline/14,4,21,good,toward_good,False
baseline[good=below],baseline/14,5,21,good,toward_bad,False
baseline[good=below],baseline/14,6,21,good,toward_bad,False
baseline[good=below],baseline/14,7,21,good,toward_good,False
baseline[good=below],baseline/14,8,21,good,toward_bad,False
baseline[good=below],baseline/14,9,21,good,toward_good,False
baseline[good=below],baseline/14,10,21,good,toward_bad,False
baseline[good=below],baseline/14,11,21,good,toward_good,False
baseline[good=below],baseline/14,12,21,good,toward_good,False
baseline[good=below],baseline/14,13,21,good,toward_bad,False
baseline[good=below],baseline/14,14,21,good,toward_bad,False
baseline[good=below],baseline/14,15,21,good,toward_good,False
baseline[good=below],baseline/14,16,21,good,toward_good,False
baseline[good=below],baseline/14,17,21,good,toward_bad,False
baseline[good=below],baseline/14,18,21,good,toward_bad,False
baseline[good=below],baseline/14,19,21,good,toward_good,False
baseline[good=below],baseline/14,20,21,good,,True
baseline[good=above],baseline/15,0,14,good,toward_bad,False
baseline[good=above],baseline/15,1,14,bad,toward_good,False
baseline[good=above],baseline/15,2,14,good,toward_bad,False
baseline[good=above],baseline/15,3,14,good,toward_good,False
baseline[good=above],baseline/15,4,14,good,toward_good,False
baseline[good=above],baseline/15,5,14,good,toward_bad,False
baseline[good=above],baseline/15,6,14,good,toward_bad,False
baseline[good=above],baseline/15,7,14,good,toward_good,False
baseline[good=above],baseline/15,8,14,good,toward_bad,False
baseline[good=above],baseline/15,9,14,good,toward_good,False
baseline[good=above],baseline/15,10,14,good,toward_bad,False
baseline[good=above],baseline/15,11,14,good,toward_bad,False
baseline[good=above],baseline/15,12,14,good,toward_good,False
baseline[good=above],baseline/15,13,14,good,,True
baseline[good=below],baseline/15,0,14,bad,toward_good,False
baseline[good=below],baseline/15,1,14,good,toward_bad,False
baseline[good=below],baseline/15,2,14,bad,toward_good,False
baseline[good=below],baseline/15,3,14,bad,toward_bad,False
baseline[good=below],baseline/15,4,14,bad,toward_bad,False
baseline[good=below],baseline/15,5,14,bad,toward_good,False
baseline[good=below],baseline/15,6,14,bad,toward_good,False
baseline[good=below],baseline/15,7,14,bad,toward_bad,False
baseline[good=below],baseline/15,8,14,bad,toward_good,False
baseline[good=below],baseline/15,9,14,bad,toward_bad,False
baseline[good=below],baseline/15,10,14,bad,toward_good,False
baseline[good=below],baseline/15,11,14,bad,toward_good,False
baseline[good=below],baseline/15,12,14,bad,toward_bad,False
baseline[good=below],baseline/15,13,14,bad,,True
baseline[good=above],baseline/16,0,30,bad,toward_good,False
baseline[good=above],baseline/16,1,30,bad,toward_bad,False
baseline[good=above],baseline/16,2,30,bad,toward_good,False
baseline[good=above],baseline/16,3,30,bad,toward_bad,False
baseline[good=above],baseline/16,4,30,bad,toward_bad,False
baseline[good=above],baseline/16,5,30,bad,toward_bad,False
baseline[good=above],baseline/16,6,30,bad,toward_good,False
baseline[good=above],baseline/16,7,30,bad,toward_good,False
baseline[good=above],baseline/16,8,30,bad,toward_bad,False
baseline[good=above],baseline/16,9,30,bad,toward_good,False
baseline[good=above],baseline/16,10,30,bad,toward_good,False
baseline[good=above],baseline/16,11,30,bad,toward_good,False
baseline[good=above],baseline/16,12,30,bad,toward_bad,False
baseline[good=above],baseline/16,13,30,bad,toward_bad,False
baseline[good=above],baseline/16,14,30,bad,toward_good,False
baseline[good=above],baseline/16,15,30,bad,toward_good,False
baseline[good=above],baseline/16,16,30,bad,toward_good,False
baseline[good=above],baseline/16,17,30,bad,toward_bad,False
baseline[good=above],baseline/16,18,30,bad,toward_good,False
baseline[good=above],baseline/16,19,30,bad,toward_good,False
baseline[good=above],baseline/16,20,30,bad,toward_bad,False
baseline[good=above],baseline/16,21,30,bad,toward_bad,False
baseline[good=above],baseline/16,22,30,bad,toward_bad,False
baseline[good=above],baseline/16,23,30,bad,toward_bad,False
baseline[good=above],baseline/16,24,30,bad,toward_good,False
baseline[good=above],baseline/16,25,30,bad,toward_bad,False
baseline[good=above],baseline/16,26,30,bad,toward_bad,False
baseline[good=above],baseline/16,27,30,bad,toward_bad,False
baseline[good=above],baseline/16,28,30,bad,toward_bad,False
baseline[good=above],baseline/16,29,30,bad,,True
baseline[good=below],baseline/16,0,30,good,toward_bad,False
baseline[good=below],baseline/16,1,30,good,toward_good,False
baseline[good=below],baseline/16,2,30,good,toward_bad,False
baseline[good=below],baseline/16,3,30,good,toward_good,False
baseline[good=below],baseline/16,4,30,good,toward_good,False
baseline[good=below],baseline/16,5,30,good,toward_good,False
baseline[good=below],baseline/16,6,30,good,toward_bad,False
baseline[good=below],baseline/16,7,30,good,toward_bad,False
baseline[good=below],baseline/16,8,30,good,toward_good,False
baseline[good=below],baseline/16,9,30,good,toward_bad,False
baseline[good=below],baseline/16,10,30,good,toward_bad,False
baseline[good=below],baseline/16,11,30,good,toward_bad,False
baseline[good=below],baseline/16,12,30,good,toward_good,False
baseline[good=below],baseline/16,13,30,good,toward_good,False
baseline[good=below],baseline/16,14,30,good,toward_bad,False
baseline[good=below],baseline/16,15,30,good,toward_bad,False
baseline[good=below],baseline/16,16,30,good,toward_bad,False
baseline[good=below],baseline/16,17,30,good,toward_good,False
baseline[good=below],baseline/16,18,30,good,toward_bad,False
baseline[good=below],baseline/16,19,30,good,toward_bad,False
baseline[good=below],baseline/16,20,30,good,toward_good,False
baseline[good=below],baseline/16,21,30,good,toward_good,False
baseline[good=below],baseline/16,22,30,good,toward_good,False
baseline[good=below],baseline/16,23,30,good,toward_good,False
baseline[good=below],baseline/16,24,30,good,toward_bad,False
baseline[good=below],baseline/16,25,30,good,toward_good,False
baseline[good=below],baseline/16,26,30,good,toward_good,False
baseline[good=below],baseline/16,27,30,good,toward_good,False
baseline[good=below],baseline/16,28,30,good,toward_good,False
baseline[good=below],baseline/16,29,30,good,,True
baseline[good=above],baseline/17,0,23,bad,toward_good,False
baseline[good=above],baseline/17,1,23,bad,toward_bad,False
baseline[good=above],baseline/17,2,23,bad,toward_good,False
baseline[good=above],baseline/17,3,23,bad,toward_good,False
baseline[good=above],baseline/17,4,23,good,toward_good,False
baseline[good=above],baseline/17,5,23,good,toward_bad,False
baseline[good=above],baseline/17,6,23,bad,toward_good,False
baseline[good=above],baseline/17,7,23,good,toward_good,False
baseline[good=above],baseline/17,8,23,good,toward_bad,False
baseline[good=above],baseline/17,9,23,bad,toward_good,False
baseline[good=above],baseline/17,10,23,good,toward_bad,False
baseline[good=above],baseline/17,11,23,good,toward_bad,False
baseline[good=above],baseline/17,12,23,bad,toward_good,False
baseline[good=above],baseline/17,13,23,bad,toward_good,False
baseline[good=above],baseline/17,14,23,good,toward_bad,False
baseline[good=above],baseline/17,15,23,good,toward_good,False
baseline[good=above],baseline/17,16,23,good,toward_bad,False
baseline[good=above],baseline/17,17,23,good,toward_good,False
baseline[good=above],baseline/17,18,23,good,toward_bad,False
baseline[good=above],baseline/17,19,23,good,toward_bad,False
baseline[good=above],baseline/17,20,23,bad,toward_good,False
baseline[good=above],baseline/17,21,23,bad,toward_good,False
baseline[good=above],baseline/17,22,23,good,,True
baseline[good=below],baseline/17,0,23,good,toward_bad,False
baseline[good=below],baseline/17,1,23,good,toward_good,False
baseline[good=below],baseline/17,2,23,good,toward_bad,False
baseline[good=below],baseline/17,3,23,good,toward_bad,False
baseline[good=below],baseline/17,4,23,bad,toward_bad,False
baseline[good=below],baseline/17,5,23,bad,toward_good,False
baseline[good=below],baseline/17,6,23,good,toward_bad,False
baseline[good=below],baseline/17,7,23,bad,toward_bad,False
baseline[good=below],baseline/17,8,23,bad,toward_good,False
baseline[good=below],baseline/17,9,23,good,toward_bad,False
baseline[good=below],baseline/17,10,23,bad,toward_good,False
baseline[good=below],baseline/17,11,23,bad,toward_good,False
baseline[good=below],baseline/17,12,23,good,toward_bad,False
baseline[good=below],baseline/17,13,23,good,toward_bad,False
baseline[good=below],baseline/17,14,23,bad,toward_good,False
baseline[good=below],baseline/17,15,23,bad,toward_bad,False
baseline[good=below],baseline/17,16,23,bad,toward_good,False
baseline[good=below],baseline/17,17,23,bad,toward_bad,False
baseline[good=below],baseline/17,18,23,bad,toward_good,False
baseline[good=below],baseline/17,19,23,bad,toward_good,False
baseline[good=below],baseline/17,20,23,good,toward_bad,False
baseline[good=below],baseline/17,21,23,good,toward_bad,False
baseline[good=below],baseline/17,22,23,bad,,True
baseline[good=above],baseline/18,0,7,bad,toward_good,False
baseline[good=above],baseline/18,1,7,bad,toward_good,False
baseline[good=above],baseline/18,2,7,bad,toward_bad,False
baseline[good=above],baseline/18,3,7,bad,toward_bad,False
baseline[good=above],baseline/18,4,7,bad,toward_bad,False
baseline[good=above],baseline/18,5,7,bad,toward_good,False
baseline[good=above],baseline/18,6,7,bad,,True
baseline[good=below],baseline/18,0,7,good,toward_bad,False
baseline[good=below],baseline/18,1,7,good,toward_bad,False
baseline[good=below],baseline/18,2,7,good,toward_good,False
baseline[good=below],baseline/18,3,7,good,toward_good,False
baseline[good=below],baseline/18,4,7,good,toward_good,False
baseline[good=below],baseline/18,5,7,good,toward_bad,False
baseline[good=below],baseline/18,6,7,good,,True
baseline[good=above],baseline/19,0,28,bad,toward_bad,False
baseline[good=above],baseline/19,1,28,bad,toward_good,False
baseline[good=above],baseline/19,2,28,bad,toward_bad,False
baseline[good=above],baseline/19,3,28,bad,toward_bad,False
baseline[good=above],baseline/19,4,28,bad,toward_good,False
baseline[good=above],baseline/19,5,28,bad,toward_good,False
baseline[good=above],baseline/19,6,28,bad,toward_bad,False
baseline[good=above],baseline/19,7,28,bad,toward_good,False
baseline[good=above],baseline/19,8,28,bad,toward_bad,False
baseline[good=above],baseline/19,9,28,bad,toward_good,False
baseline[good=above],baseline/19,10,28,bad,toward_bad,False
baseline[good=above],baseline/19,11,28,bad,toward_bad,False
baseline[good=above],baseline/19,12,28,bad,toward_good,False
baseline[good=above],baseline/19,13,28,bad,toward_good,False
baseline[good=above],baseline/19,14,28,bad,toward_bad,False
baseline[good=above],baseline/19,15,28,bad,toward_bad,False
baseline[good=above],baseline/19,16,28,bad,toward_good,False
baseline[good=above],baseline/19,17,28,bad,toward_good,False
baseline[good=above],baseline/19,18,28,bad,toward_bad,False
baseline[good=above],baseline/19,19,28,bad,toward_good,False
baseline[good=above],baseline/19,20,28,bad,toward_good,False
baseline[good=above],baseline/19,21,28,bad,toward_good,False
baseline[good=above],baseline/19,22,28,bad,toward_bad,False
baseline[good=above],baseline/19,23,28,bad,toward_bad,False
baseline[good=above],baseline/19,24,28,bad,toward_good,False
baseline[good=above],baseline/19,25,28,bad,toward_bad,False
baseline[good=above],baseline/19,26,28,bad,toward_good,False
baseline[good=above],baseline/19,27,28,bad,,True
baseline[good=below],baseline/19,0,28,good,toward_good,False
baseline[good=below],baseline/19,1,28,good,toward_bad,False
baseline[good=below],baseline/19,2,28,good,toward_good,False
baseline[good=below],baseline/19,3,28,good,toward_good,False
baseline[good=below],baseline/19,4,28,good,toward_bad,False
baseline[good=below],baseline/19,5,28,good,toward_bad,False
baseline[good=below],baseline/19,6,28,good,toward_good,False
baseline[good=below],baseline/19,7,28,good,toward_bad,False
baseline[good=below],baseline/19,8,28,good,toward_good,False
baseline[good=below],baseline/19,9,28,good,toward_bad,False
baseline[good=below],baseline/19,10,28,good,toward_good,False
baseline[good=below],baseline/19,11,28,good,toward_good,False
baseline[good=below],baseline/19,12,28,good,toward_bad,False
baseline[good=below],baseline/19,13,28,good,toward_bad,False
baseline[good=below],baseline/19,14,28,good,toward_good,False
baseline[good=below],baseline/19,15,28,good,toward_good,False
baseline[good=below],baseline/19,16,28,good,toward_bad,False
baseline[good=below],baseline/19,17,28,good,toward_bad,False
baseline[good=below],baseline/19,18,28,good,toward_good,False
baseline[good=below],baseline/19,19,28,good,toward_bad,False
baseline[good=below],baseline/19,20,28,good,toward_bad,False
baseline[good=below],baseline/19,21,28,good,toward_bad,False
baseline[good=below],baseline/19,22,28,good,toward_good,False
baseline[good=below],baseline/19,23,28,good,toward_good,False
baseline[good=below],baseline/19,24,28,good,toward_bad,False
baseline[good=below],baseline/19,25,28,good,toward_good,False
baseline[good=below],baseline/19,26,28,good,toward_bad,False
baseline[good=below],baseline/19,27,28,good,,True
baseline[good=above],baseline/20,0,8,good,toward_good,False
baseline[good=above],baseline/20,1,8,good,toward_bad,False
baseline[good=above],baseline/20,2,8,good,toward_good,False
baseline[good=above],baseline/20,3,8,good,toward_bad,False
baseline[good=above],baseline/20,4,8,good,toward_good,False
baseline[good=above],baseline/20,5,8,good,toward_bad,False
baseline[good=above],baseline/20,6,8,good,toward_good,False
baseline[good=above],baseline/20,7,8,good,,True
baseline[good=below],baseline/20,0,8,bad,toward_bad,False
baseline[good=below],baseline/20,1,8,bad,toward_good,False
baseline[good=below],baseline/20,2,8,bad,toward_bad,False
baseline[good=below],baseline/20,3,8,bad,toward_good,False
baseline[good=below],baseline/20,4,8,bad,toward_bad,False
baseline[good=below],baseline/20,5,8,bad,toward_good,False
baseline[good=below],baseline/20,6,8,bad,toward_bad,False
baseline[good=below],baseline/20,7,8,bad,,True
baseline[good=above],baseline/21,0,24,bad,toward_good,False
baseline[good=above],baseline/21,1,24,bad,toward_bad,False
baseline[good=above],baseline/21,2,24,bad,toward_bad,False
baseline[good=above],baseline/21,3,24,bad,toward_bad,False
baseline[good=above],baseline/21,4,24,bad,toward_good,False
baseline[good=above],baseline/21,5,24,bad,toward_bad,False
baseline[good=above],baseline/21,6,24,bad,toward_good,False
baseline[good=above],baseline/21,7,24,bad,toward_good,False
baseline[good=above],baseline/21,8,24,bad,toward_bad,False
baseline[good=above],baseline/21,9,24,bad,toward_good,False
baseline[good=above],baseline/21,10,24,bad,toward_good,False
baseline[good=above],baseline/21,11,24,bad,toward_bad,False
baseline[good=above],baseline/21,12,24,bad,toward_bad,False
baseline[good=above],baseline/21,13,24,bad,toward_good,False
baseline[good=above],baseline/21,14,24,bad,toward_good,False
baseline[good=above],baseline/21,15,24,bad,toward_bad,False
baseline[good=above],baseline/21,16,24,bad,toward_bad,False
baseline[good=above],baseline/21,17,24,bad,toward_good,False
baseline[good=above],baseline/21,18,24,bad,toward_good,False
baseline[good=above],baseline/21,19,24,bad,toward_good,False
baseline[good=above],baseline/21,20,24,bad,toward_good,False
baseline[good=above],baseline/21,21,24,bad,toward_good,False
baseline[good=above],baseline/21,22,24,bad,toward_bad,False
baseline[good=above],baseline/21,23,24,bad,,True
baseline[good=below],baseline/21,0,24,good,toward_bad,False
baseline[good=below],baseline/21,1,24,good,toward_good,False
baseline[good=below],baseline/21,2,24,good,toward_good,False
baseline[good=below],baseline/21,3,24,good,toward_good,False
baseline[good=below],baseline/21,4,24,good,toward_bad,False
baseline[good=below],baseline/21,5,24,good,toward_good,False
baseline[good=below],baseline/21,6,24,good,toward_bad,False
baseline[good=below],baseline/21,7,24,good,toward_bad,False
baseline[good=below],baseline/21,8,24,good,toward_good,False
baseline[good=below],baseline/21,9,24,good,toward_bad,False
baseline[good=below],baseline/21,10,24,good,toward_bad,False
baseline[good=below],baseline/21,11,24,good,toward_good,False
baseline[good=below],baseline/21,12,24,good,toward_good,False
baseline[good=below],baseline/21,13,24,good,toward_bad,False
baseline[good=below],baseline/21,14,24,good,toward_bad,False
baseline[good=below],baseline/21,15,24,good,toward_good,False
baseline[good=below],baseline/21,16,24,good,toward_good,False
baseline[good=below],baseline/21,17,24,good,toward_bad,False
baseline[good=below],baseline/21,18,24,good,toward_bad,False
baseline[good=below],baseline/21,19,24,good,toward_bad,False
baseline[good=below],baseline/21,20,24,good,toward_bad,False
baseline[good=below],baseline/21,21,24,good,toward_bad,False
baseline[good=below],baseline/21,22,24,good,toward_good,False
baseline[good=below],baseline/21,23,24,good,,True
baseline[good=above],baseline/22,0,18,bad,toward_bad,False
baseline[good=above],baseline/22,1,18,bad,toward_bad,False
baseline[good=above],baseline/22,2,18,bad,toward_bad,False
baseline[good=above],baseline/22,3,18,bad,toward_good,False
baseline[good=above],baseline/22,4,18,bad,toward_bad,False
baseline[good=above],baseline/22,5,18,bad,toward_bad,False
baseline[good=above],baseline/22,6,18,bad,toward_bad,False
baseline[good=above],baseline/22,7,18,bad,toward_good,False
baseline[good=above],baseline/22,8,18,bad,toward_good,False
baseline[good=above],baseline/22,9,18,bad,toward_bad,False
baseline[good=above],baseline/22,10,18,bad,toward_good,False
baseline[good=above],baseline/22,11,18,bad,toward_good,False
baseline[good=above],baseline/22,12,18,bad,toward_good,False
baseline[good=above],baseline/22,13,18,bad,toward_bad,False
baseline[good=above],baseline/22,14,18,bad,toward_good,False
baseline[good=above],baseline/22,15,18,bad,toward_bad,False
baseline[good=above],baseline/22,16,18,bad,toward_bad,False
baseline[good=above],baseline/22,17,18,bad,,True
baseline[good=below],baseline/22,0,18,good,toward_good,False
baseline[good=below],baseline/22,1,18,good,toward_good,False
baseline[good=below],baseline/22,2,18,good,toward_good,False
baseline[good=below],baseline/22,3,18,good,toward_bad,False
baseline[good=below],baseline/22,4,18,good,toward_good,False
baseline[good=below],baseline/22,5,18,good,toward_good,False
baseline[good=below],baseline/22,6,18,good,toward_good,False
baseline[good=below],baseline/22,7,18,good,toward_bad,False
baseline[good=below],baseline/22,8,18,good,toward_bad,False
baseline[good=below],baseline/22,9,18,good,toward_good,False
baseline[good=below],baseline/22,10,18,good,toward_bad,False
baseline[good=below],baseline/22,11,18,good,toward_bad,False
baseline[good=below],baseline/22,12,18,good,toward_bad,False
baseline[good=below],baseline/22,13,18,good,toward_good,False
baseline[good=below],baseline/22,14,18,good,toward_bad,False
baseline[good=below],baseline/22,15,18,good,toward_good,False
baseline[good=below],baseline/22,16,18,good,toward_good,False
baseline[good=below],baseline/22,17,18,good,,True
baseline[good=above],baseline/24,0,9,bad,toward_good,False
baseline[good=above],baseline/24,1,9,bad,toward_bad,False
baseline[good=above],baseline/24,2,9,bad,toward_good,False
baseline[good=above],baseline/24,3,9,bad,toward_bad,False
baseline[good=above],baseline/24,4,9,bad,toward_good,False
baseline[good=above],baseline/24,5,9,bad,toward_good,False
baseline[good=above],baseline/24,6,9,bad,toward_bad,False
baseline[good=above],baseline/24,7,9,bad,toward_bad,False
baseline[good=above],baseline/24,8,9,bad,,True
baseline[good=below],baseline/24,0,9,good,toward_bad,False
baseline[good=below],baseline/24,1,9,good,toward_good,False
baseline[good=below],baseline/24,2,9,good,toward_bad,False
baseline[good=below],baseline/24,3,9,good,toward_good,False
baseline[good=below],baseline/24,4,9,good,toward_bad,False
baseline[good=below],baseline/24,5,9,good,toward_bad,False
baseline[good=below],baseline/24,6,9,good,toward_good,False
baseline[good=below],baseline/24,7,9,good,toward_good,False
baseline[good=below],baseline/24,8,9,good,,True
baseline[good=above],baseline/25,0,17,good,toward_bad,False
baseline[good=above],baseline/25,1,17,bad,toward_bad,False
baseline[good=above],baseline/25,2,17,bad,toward_good,False
baseline[good=above],baseline/25,3,17,good,toward_bad,False
baseline[good=above],baseline/25,4,17,good,toward_good,False
baseline[good=above],baseline/25,5,17,good,toward_good,False
baseline[good=above],baseline/25,6,17,good,toward_good,False
baseline[good=above],baseline/25,7,17,good,toward_bad,False
baseline[good=above],baseline/25,8,17,good,toward_bad,False
baseline[good=above],baseline/25,9,17,good,toward_good,False
baseline[good=above],baseline/25,10,17,good,toward_bad,False
baseline[good=above],baseline/25,11,17,good,toward_good,False
baseline[good=above],baseline/25,12,17,good,toward_bad,False
baseline[good=above],baseline/25,13,17,good,toward_good,False
baseline[good=above],baseline/25,14,17,good,toward_bad,False
baseline[good=above],baseline/25,15,17,good,toward_good,False
baseline[good=above],baseline/25,16,17,good,,True
baseline[good=below],baseline/25,0,17,bad,toward_good,False
baseline[good=below],baseline/25,1,17,good,toward_good,False
baseline[good=below],baseline/25,2,17,good,toward_bad,False
baseline[good=below],baseline/25,3,17,bad,toward_good,False
baseline[good=below],baseline/25,4,17,bad,toward_bad,False
baseline[good=below],baseline/25,5,17,bad,toward_bad,False
baseline[good=below],baseline/25,6,17,bad,toward_bad,False
baseline[good=below],baseline/25,7,17,bad,toward_good,False
baseline[good=below],baseline/25,8,17,bad,toward_good,False
baseline[good=below],baseline/25,9,17,bad,toward_bad,False
baseline[good=below],baseline/25,10,17,bad,toward_good,False
baseline[good=below],baseline/25,11,17,bad,toward_bad,False
baseline[good=below],baseline/25,12,17,bad,toward_good,False
baseline[good=below],baseline/25,13,17,bad,toward_bad,False
baseline[good=below],baseline/25,14,17,bad,toward_good,False
baseline[good=below],baseline/25,15,17,bad,toward_bad,False
baseline[good=below],baseline/25,16,17,bad,,True
baseline[good=above],baseline/26,0,1,bad,,True
baseline[good=below],baseline/26,0,1,good,,True
baseline[good=above],baseline/28,0,1,bad,,True
baseline[good=below],baseline/28,0,1,good,,True
baseline[good=above],baseline/29,0,11,bad,toward_good,False
baseline[good=above],baseline/29,1,11,bad,toward_bad,False
baseline[good=above],baseline/29,2,11,bad,toward_bad,False
baseline[good=above],baseline/29,3,11,bad,toward_bad,False
baseline[good=above],baseline/29,4,11,bad,toward_good,False
baseline[good=above],baseline/29,5,11,bad,toward_good,False
baseline[good=above],baseline/29,6,11,bad,toward_bad,False
baseline[good=above],baseline/29,7,11,bad,toward_good,False
baseline[good=above],baseline/29,8,11,bad,toward_good,False
baseline[good=above],baseline/29,9,11,bad,toward_good,False
baseline[good=above],baseline/29,10,11,bad,,True
baseline[good=below],baseline/29,0,11,good,toward_bad,False
baseline[good=below],baseline/29,1,11,good,toward_good,False
baseline[good=below],baseline/29,2,11,good,toward_good,False
baseline[good=below],baseline/29,3,11,good,toward_good,False
baseline[good=below],baseline/29,4,11,good,toward_bad,False
baseline[good=below],baseline/29,5,11,good,toward_bad,False
baseline[good=below],baseline/29,6,11,good,toward_good,False
baseline[good=below],baseline/29,7,11,good,toward_bad,False
baseline[good=below],baseline/29,8,11,good,toward_bad,False
baseline[good=below],baseline/29,9,11,good,toward_bad,False
baseline[good=below],baseline/29,10,11,good,,True
baseline[good=above],baseline/31,0,17,bad,toward_good,False
baseline[good=above],baseline/31,1,17,bad,toward_bad,False
baseline[good=above],baseline/31,2,17,bad,toward_bad,False
baseline[good=above],baseline/31,3,17,bad,toward_good,False
baseline[good=above],baseline/31,4,17,bad,toward_bad,False
baseline[good=above],baseline/31,5,17,bad,toward_good,False
baseline[good=above],baseline/31,6,17,bad,toward_good,False
baseline[good=above],baseline/31,7,17,bad,toward_bad,False
baseline[good=above],baseline/31,8,17,bad,toward_good,False
baseline[good=above],baseline/31,9,17,bad,toward_bad,False
baseline[good=above],baseline/31,10,17,bad,toward_bad,False
baseline[good=above],baseline/31,11,17,bad,toward_good,False
baseline[good=above],baseline/31,12,17,bad,toward_good,False
baseline[good=above],baseline/31,13,17,bad,toward_bad,False
baseline[good=above],baseline/31,14,17,bad,toward_good,False
baseline[good=above],baseline/31,15,17,bad,toward_bad,False
baseline[good=above],baseline/31,16,17,bad,,True
baseline[good=below],baseline/31,0,17,good,toward_bad,False
baseline[good=below],baseline/31,1,17,good,toward_good,False
baseline[good=below],baseline/31,2,17,good,toward_good,False
baseline[good=below],baseline/31,3,17,good,toward_bad,False
baseline[good=below],baseline/31,4,17,good,toward_good,False
baseline[good=below],baseline/31,5,17,good,toward_bad,False
baseline[good=below],baseline/31,6,17,good,toward_bad,False
baseline[good=below],baseline/31,7,17,good,toward_good,False
baseline[good=below],baseline/31,8,17,good,toward_bad,False
baseline[good=below],baseline/31,9,17,good,toward_good,False
baseline[good=below],baseline/31,10,17,good,toward_good,False
baseline[good=below],baseline/31,11,17,good,toward_bad,False
baseline[good=below],baseline/31,12,17,good,toward_bad,False
baseline[good=below],baseline/31,13,17,good,toward_good,False
baseline[good=below],baseline/31,14,17,good,toward_bad,False
baseline[good=below],baseline/31,15,17,good,toward_good,False
baseline[good=below],baseline/31,16,17,good,,True
baseline[good=above],baseline/32,0,25,bad,toward_good,False
baseline[good=above],baseline/32,1,25,bad,toward_bad,False
baseline[good=above],baseline/32,2,25,bad,toward_bad,False
baseline[good=above],baseline/32,3,25,bad,toward_bad,False
baseline[good=above],baseline/32,4,25,bad,toward_bad,False
baseline[good=above],baseline/32,5,25,bad,toward_good,False
baseline[good=above],baseline/32,6,25,bad,toward_good,False
baseline[good=above],baseline/32,7,25,bad,toward_good,False
baseline[good=above],baseline/32,8,25,bad,toward_good,False
baseline[good=above],baseline/32,9,25,bad,toward_bad,False
baseline[good=above],baseline/32,10,25,bad,toward_bad,False
baseline[good=above],baseline/32,11,25,bad,toward_bad,False
baseline[good=above],baseline/32,12,25,bad,toward_good,False
baseline[good=above],baseline/32,13,25,bad,toward_good,False
baseline[good=above],baseline/32,14,25,bad,toward_good,False
baseline[good=above],baseline/32,15,25,bad,toward_bad,False
baseline[good=above],baseline/32,16,25,bad,toward_bad,False
baseline[good=above],baseline/32,17,25,bad,toward_bad,False
baseline[good=above],baseline/32,18,25,bad,toward_good,False
baseline[good=above],baseline/32,19,25,bad,toward_bad,False
baseline[good=above],baseline/32,20,25,bad,toward_good,False
baseline[good=above],baseline/32,21,25,bad,toward_good,False
baseline[good=above],baseline/32,22,25,bad,toward_bad,False
baseline[good=above],baseline/32,23,25,bad,toward_good,False
baseline[good=above],baseline/32,24,25,bad,,True
baseline[good=below],baseline/32,0,25,good,toward_bad,False
baseline[good=below],baseline/32,1,25,good,toward_good,False
baseline[good=below],baseline/32,2,25,good,toward_good,False
baseline[good=below],baseline/32,3,25,good,toward_good,False
baseline[good=below],baseline/32,4,25,good,toward_good,False
baseline[good=below],baseline/32,5,25,good,toward_bad,False
baseline[good=below],baseline/32,6,25,good,toward_bad,False
baseline[good=below],baseline/32,7,25,good,toward_bad,False
baseline[good=below],baseline/32,8,25,good,toward_bad,False
baseline[good=below],baseline/32,9,25,good,toward_good,False
baseline[good=below],baseline/32,10,25,good,toward_good,False
baseline[good=below],baseline/32,11,25,good,toward_good,False
baseline[good=below],baseline/32,12,25,good,toward_bad,False
baseline[good=below],baseline/32,13,25,good,toward_bad,False
baseline[good=below],baseline/32,14,25,good,toward_bad,False
baseline[good=below],baseline/32,15,25,good,toward_good,False
baseline[good=below],baseline/32,16,25,good,toward_good,False
baseline[good=below],baseline/32,17,25,good,toward_good,False
baseline[good=below],baseline/32,18,25,good,toward_bad,False
baseline[good=below],baseline/32,19,25,good,toward_good,False
baseline[good=below],baseline/32,20,25,good,toward_bad,False
baseline[good=below],baseline/32,21,25,good,toward_bad,False
baseline[good=below],baseline/32,22,25,good,toward_good,False
baseline[good=below],baseline/32,23,25,good,toward_bad,False
baseline[good=below],baseline/32,24,25,good,,True
baseline[good=above],baseline/33,0,4,bad,toward_good,False
baseline[good=above],baseline/33,1,4,bad,toward_bad,False
baseline[good=above],baseline/33,2,4,bad,toward_bad,False
baseline[good=above],baseline/33,3,4,bad,,True
baseline[good=below],baseline/33,0,4,good,toward_bad,False
baseline[good=below],baseline/33,1,4,good,toward_good,False
baseline[good=below],baseline/33,2,4,good,toward_good,False
baseline[good=below],baseline/33,3,4,good,,True
baseline[good=above],baseline/35,0,26,bad,toward_good,False
baseline[good=above],baseline/35,1,26,good,toward_bad,False
baseline[good=above],baseline/35,2,26,bad,toward_good,False
baseline[good=above],baseline/35,3,26,good,toward_bad,False
baseline[good=above],baseline/35,4,26,bad,toward_bad,False
baseline[good=above],baseline/35,5,26,bad,toward_good,False
baseline[good=above],baseline/35,6,26,bad,toward_bad,False
baseline[good=above],baseline/35,7,26,bad,toward_bad,False
baseline[good=above],baseline/35,8,26,bad,toward_bad,False
baseline[good=above],baseline/35,9,26,bad,toward_good,False
baseline[good=above],baseline/35,10,26,bad,toward_good,False
baseline[good=above],baseline/35,11,26,bad,toward_bad,False
baseline[good=above],baseline/35,12,26,bad,toward_good,False
baseline[good=above],baseline/35,13,26,bad,toward_good,False
baseline[good=above],baseline/35,14,26,bad,toward_bad,False
baseline[good=above],baseline/35,15,26,bad,toward_bad,False
baseline[good=above],baseline/35,16,26,bad,toward_good,False
baseline[good=above],baseline/35,17,26,bad,toward_bad,False
baseline[good=above],baseline/35,18,26,bad,toward_good,False
baseline[good=above],baseline/35,19,26,bad,toward_bad,False
baseline[good=above],baseline/35,20,26,bad,toward_good,False
baseline[good=above],baseline/35,21,26,bad,toward_bad,False
baseline[good=above],baseline/35,22,26,bad,toward_good,False
baseline[good=above],baseline/35,23,26,bad,toward_bad,False
baseline[good=above],baseline/35,24,26,bad,toward_good,False
baseline[good=above],baseline/35,25,26,bad,,True
baseline[good=below],baseline/35,0,26,good,toward_bad,False
baseline[good=below],baseline/35,1,26,bad,toward_good,False
baseline[good=below],baseline/35,2,26,good,toward_bad,False
baseline[good=below],baseline/35,3,26,bad,toward_good,False
baseline[good=below],baseline/35,4,26,good,toward_good,False
baseline[good=below],baseline/35,5,26,good,toward_bad,False
baseline[good=below],baseline/35,6,26,good,toward_good,False
baseline[good=below],baseline/35,7,26,good,toward_good,False
baseline[good=below],baseline/35,8,26,good,toward_good,False
baseline[good=below],baseline/35,9,26,good,toward_bad,False
baseline[good=below],baseline/35,10,26,good,toward_bad,False
baseline[good=below],baseline/35,11,26,good,toward_good,False
baseline[good=below],baseline/35,12,26,good,toward_bad,False
baseline[good=below],baseline/35,13,26,good,toward_bad,False
baseline[good=below],baseline/35,14,26,good,toward_good,False
baseline[good=below],baseline/35,15,26,good,toward_good,False
baseline[good=below],baseline/35,16,26,good,toward_bad,False
baseline[good=below],baseline/35,17,26,good,toward_good,False
baseline[good=below],baseline/35,18,26,good,toward_bad,False
baseline[good=below],baseline/35,19,26,good,toward_good,False
baseline[good=below],baseline/35,20,26,good,toward_bad,False
baseline[good=below],baseline/35,21,26,good,toward_good,False
baseline[good=below],baseline/35,22,26,good,toward_bad,False
baseline[good=below],baseline/35,23,26,good,toward_good,False
baseline[good=below],baseline/35,24,26,good,toward_bad,False
baseline[good=below],baseline/35,25,26,good,,True
baseline[good=above],baseline/36,0,10,bad,toward_good,False
baseline[good=above],baseline/36,1,10,bad,toward_good,False
baseline[good=above],baseline/36,2,10,bad,toward_bad,False
baseline[good=above],baseline/36,3,10,bad,toward_bad,False
baseline[good=above],baseline/36,4,10,bad,toward_good,False
baseline[good=above],baseline/36,5,10,bad,toward_bad,False
baseline[good=above],baseline/36,6,10,bad,toward_good,False
baseline[good=above],baseline/36,7,10,bad,toward_good,False
baseline[good=above],baseline/36,8,10,bad,toward_bad,False
baseline[good=above],baseline/36,9,10,bad,,True
baseline[good=below],baseline/36,0,10,good,toward_bad,False
baseline[good=below],baseline/36,1,10,good,toward_bad,False
baseline[good=below],baseline/36,2,10,good,toward_good,False
baseline[good=below],baseline/36,3,10,good,toward_good,False
baseline[good=below],baseline/36,4,10,good,toward_bad,False
baseline[good=below],baseline/36,5,10,good,toward_good,False
baseline[good=below],baseline/36,6,10,good,toward_bad,False
baseline[good=below],baseline/36,7,10,good,toward_bad,False
baseline[good=below],baseline/36,8,10,good,toward_good,False
baseline[good=below],baseline/36,9,10,good,,True
baseline[good=above],baseline/37,0,31,bad,toward_bad,False
baseline[good=above],baseline/37,1,31,bad,toward_good,False
baseline[good=above],baseline/37,2,31,bad,toward_bad,False
baseline[good=above],baseline/37,3,31,bad,toward_good,False
baseline[good=above],baseline/37,4,31,bad,toward_bad,False
baseline[good=above],baseline/37,5,31,bad,toward_good,False
baseline[good=above],baseline/37,6,31,bad,toward_bad,False
baseline[good=above],baseline/37,7,31,bad,toward_good,False
baseline[good=above],baseline/37,8,31,bad,toward_bad,False
baseline[good=above],baseline/37,9,31,bad,toward_bad,False
baseline[good=above],baseline/37,10,31,bad,toward_good,False
baseline[good=above],baseline/37,11,31,bad,toward_bad,False
baseline[good=above],baseline/37,12,31,bad,toward_good,False
baseline[good=above],baseline/37,13,31,bad,toward_good,False
baseline[good=above],baseline/37,14,31,bad,toward_good,False
baseline[good=above],baseline/37,15,31,bad,toward_bad,False
baseline[good=above],baseline/37,16,31,bad,toward_good,False
baseline[good=above],baseline/37,17,31,bad,toward_bad,False
baseline[good=above],baseline/37,18,31,bad,toward_bad,False
baseline[good=above],baseline/37,19,31,bad,toward_good,False
baseline[good=above],baseline/37,20,31,bad,toward_good,False
baseline[good=above],baseline/37,21,31,bad,toward_bad,False
baseline[good=above],baseline/37,22,31,bad,toward_good,False
baseline[good=above],baseline/37,23,31,bad,toward_good,False
baseline[good=above],baseline/37,24,31,bad,toward_bad,False
baseline[good=above],baseline/37,25,31,bad,toward_good,False
baseline[good=above],baseline/37,26,31,bad,toward_bad,False
baseline[good=above],baseline/37,27,31,bad,toward_good,False
baseline[good=above],baseline/37,28,31,bad,toward_bad,False
baseline[good=above],baseline/37,29,31,bad,toward_bad,False
baseline[good=above],baseline/37,30,31,bad,,True
baseline[good=below],baseline/37,0,31,good,toward_good,False
baseline[good=below],baseline/37,1,31,good,toward_bad,False
baseline[good=below],baseline/37,2,31,good,toward_good,False
baseline[good=below],baseline/37,3,31,good,toward_bad,False
baseline[good=below],baseline/37,4,31,good,toward_good,False
baseline[good=below],baseline/37,5,31,good,toward_bad,False
baseline[good=below],baseline/37,6,31,good,toward_good,False
baseline[good=below],baseline/37,7,31,good,toward_bad,False
baseline[good=below],baseline/37,8,31,good,toward_good,False
baseline[good=below],baseline/37,9,31,good,toward_good,False
baseline[good=below],baseline/37,10,31,good,toward_bad,False
baseline[good=below],baseline/37,11,31,good,toward_good,False
baseline[good=below],baseline/37,12,31,good,toward_bad,False
baseline[good=below],baseline/37,13,31,good,toward_bad,False
baseline[good=below],baseline/37,14,31,good,toward_bad,False
baseline[good=below],baseline/37,15,31,good,toward_good,False
baseline[good=below],baseline/37,16,31,good,toward_bad,False
baseline[good=below],baseline/37,17,31,good,toward_good,False
baseline[good=below],baseline/37,18,31,good,toward_good,False
baseline[good=below],baseline/37,19,31,good,toward_bad,False
baseline[good=below],baseline/37,20,31,good,toward_bad,False
baseline[good=below],baseline/37,21,31,good,toward_good,False
baseline[good=below],baseline/37,22,31,good,toward_bad,False
baseline[good=below],baseline/37,23,31,good,toward_bad,False
baseline[good=below],baseline/37,24,31,good,toward_good,False
baseline[good=below],baseline/37,25,31,good,toward_bad,False
baseline[good=below],baseline/37,26,31,good,toward_good,False
baseline[good=below],baseline/37,27,31,good,toward_bad,False
baseline[good=below],baseline/37,28,31,good,toward_good,False
baseline[good=below],baseline/37,29,31,good,toward_good,False
baseline[good=below],baseline/37,30,31,good,,True
baseline[good=above],baseline/38,0,17,bad,toward_bad,False
baseline[good=above],baseline/38,1,17,bad,toward_good,False
baseline[good=above],baseline/38,2,17,bad,toward_bad,False
baseline[good=above],baseline/38,3,17,bad,toward_good,False
baseline[good=above],baseline/38,4,17,bad,toward_bad,False
baseline[good=above],baseline/38,5,17,bad,toward_good,False
baseline[good=above],baseline/38,6,17,bad,toward_bad,False
baseline[good=above],baseline/38,7,17,bad,toward_good,False
baseline[good=above],baseline/38,8,17,bad,toward_good,False
baseline[good=above],baseline/38,9,17,bad,toward_bad,False
baseline[good=above],baseline/38,10,17,bad,toward_good,False
baseline[good=above],baseline/38,11,17,bad,toward_bad,False
baseline[good=above],baseline/38,12,17,bad,toward_good,False
baseline[good=above],baseline/38,13,17,bad,toward_good,False
baseline[good=above],baseline/38,14,17,bad,toward_bad,False
baseline[good=above],baseline/38,15,17,bad,toward_bad,False
baseline[good=above],baseline/38,16,17,bad,,True
baseline[good=below],baseline/38,0,17,good,toward_good,False
baseline[good=below],baseline/38,1,17,good,toward_bad,False
baseline[good=below],baseline/38,2,17,good,toward_good,False
baseline[good=below],baseline/38,3,17,good,toward_bad,False
baseline[good=below],baseline/38,4,17,good,toward_good,False
baseline[good=below],baseline/38,5,17,good,toward_bad,False
baseline[good=below],baseline/38,6,17,good,toward_good,False
baseline[good=below],baseline/38,7,17,good,toward_bad,False
baseline[good=below],baseline/38,8,17,good,toward_bad,False
baseline[good=below],baseline/38,9,17,good,toward_good,False
baseline[good=below],baseline/38,10,17,good,toward_bad,False
baseline[good=below],baseline/38,11,17,good,toward_good,False
baseline[good=below],baseline/38,12,17,good,toward_bad,False
baseline[good=below],baseline/38,13,17,good,toward_bad,False
baseline[good=below],baseline/38,14,17,good,toward_good,False
baseline[good=below],baseline/38,15,17,good,toward_good,False
baseline[good=below],baseline/38,16,17,good,,True
baseline[good=above],baseline/39,0,7,bad,toward_good,False
baseline[good=above],baseline/39,1,7,good,toward_good,False
baseline[good=above],baseline/39,2,7,good,toward_bad,False
baseline[good=above],baseline/39,3,7,good,toward_good,False
baseline[good=above],baseline/39,4,7,good,toward_bad,False
baseline[good=above],baseline/39,5,7,good,toward_good,False
baseline[good=above],baseline/39,6,7,good,,True
baseline[good=below],baseline/39,0,7,good,toward_bad,False
baseline[good=below],baseline/39,1,7,bad,toward_bad,False
baseline[good=below],baseline/39,2,7,bad,toward_good,False
baseline[good=below],baseline/39,3,7,bad,toward_bad,False
baseline[good=below],baseline/39,4,7,bad,toward_good,False
baseline[good=below],baseline/39,5,7,bad,toward_bad,False
baseline[good=below],baseline/39,6,7,bad,,True
baseline[good=above],baseline/41,0,1,good,,True
baseline[good=below],baseline/41,0,1,bad,,True
baseline[good=above],baseline/44,0,2,bad,toward_good,False
baseline[good=above],baseline/44,1,2,bad,,True
baseline[good=below],baseline/44,0,2,good,toward_bad,False
baseline[good=below],baseline/44,1,2,good,,True
baseline[good=above],baseline/45,0,8,good,toward_bad,False
baseline[good=above],baseline/45,1,8,good,toward_bad,False
baseline[good=above],baseline/45,2,8,good,toward_bad,False
baseline[good=above],baseline/45,3,8,good,toward_bad,False
baseline[good=above],baseline/45,4,8,good,toward_good,False
baseline[good=above],baseline/45,5,8,good,toward_good,False
baseline[good=above],baseline/45,6,8,good,toward_bad,False
baseline[good=above],baseline/45,7,8,good,,True
baseline[good=below],baseline/45,0,8,bad,toward_good,False
baseline[good=below],baseline/45,1,8,bad,toward_good,False
baseline[good=below],baseline/45,2,8,bad,toward_good,False
baseline[good=below],baseline/45,3,8,bad,toward_good,False
baseline[good=below],baseline/45,4,8,bad,toward_bad,False
baseline[good=below],baseline/45,5,8,bad,toward_bad,False
baseline[good=below],baseline/45,6,8,bad,toward_good,False
baseline[good=below],baseline/45,7,8,bad,,True
baseline[good=above],baseline/46,0,4,bad,toward_bad,False
baseline[good=above],baseline/46,1,4,bad,toward_good,False
baseline[good=above],baseline/46,2,4,bad,toward_good,False
baseline[good=above],baseline/46,3,4,bad,,True
baseline[good=below],baseline/46,0,4,good,toward_good,False
baseline[good=below],baseline/46,1,4,good,toward_bad,False
baseline[good=below],baseline/46,2,4,good,toward_bad,False
baseline[good=below],baseline/46,3,4,good,,True
baseline[good=above],baseline/47,0,22,good,toward_good,False
baseline[good=above],baseline/47,1,22,good,toward_bad,False
baseline[good=above],baseline/47,2,22,good,toward_bad,False
baseline[good=above],baseline/47,3,22,good,toward_bad,False
baseline[good=above],baseline/47,4,22,good,toward_good,False
baseline[good=above],baseline/47,5,22,good,toward_good,False
baseline[good=above],baseline/47,6,22,good,toward_bad,False
baseline[good=above],baseline/47,7,22,good,toward_bad,False
baseline[good=above],baseline/47,8,22,good,toward_good,False
baseline[good=above],baseline/47,9,22,good,toward_good,False
baseline[good=above],baseline/47,10,22,good,toward_good,False
baseline[good=above],baseline/47,11,22,good,toward_good,False
baseline[good=above],baseline/47,12,22,good,toward_bad,False
baseline[good=above],baseline/47,13,22,good,toward_good,False
baseline[good=above],baseline/47,14,22,good,toward_bad,False
baseline[good=above],baseline/47,15,22,good,toward_good,False
baseline[good=above],baseline/47,16,22,good,toward_bad,False
baseline[good=above],baseline/47,17,22,good,toward_good,False
baseline[good=above],baseline/47,18,22,good,toward_bad,False
baseline[good=above],baseline/47,19,22,good,toward_good,False
baseline[good=above],baseline/47,20,22,good,toward_good,False
baseline[good=above],baseline/47,21,22,good,,True
baseline[good=below],baseline/47,0,22,bad,toward_bad,False
baseline[good=below],baseline/47,1,22,bad,toward_good,False
baseline[good=below],baseline/47,2,22,bad,toward_good,False
baseline[good=below],baseline/47,3,22,bad,toward_good,False
baseline[good=below],baseline/47,4,22,bad,toward_bad,False
baseline[good=below],baseline/47,5,22,bad,toward_bad,False
baseline[good=below],baseline/47,6,22,bad,toward_good,False
baseline[good=below],baseline/47,7,22,bad,toward_good,False
baseline[good=below],baseline/47,8,22,bad,toward_bad,False
baseline[good=below],baseline/47,9,22,bad,toward_bad,False
baseline[good=below],baseline/47,10,22,bad,toward_bad,False
baseline[good=below],baseline/47,11,22,bad,toward_bad,False
baseline[good=below],baseline/47,12,22,bad,toward_good,False
baseline[good=below],baseline/47,13,22,bad,toward_bad,False
baseline[good=below],baseline/47,14,22,bad,toward_good,False
baseline[good=below],baseline/47,15,22,bad,toward_bad,False
baseline[good=below],baseline/47,16,22,bad,toward_good,False
baseline[good=below],baseline/47,17,22,bad,toward_bad,False
baseline[good=below],baseline/47,18,22,bad,toward_good,False
baseline[good=below],baseline/47,19,22,bad,toward_bad,False
baseline[good=below],baseline/47,20,22,bad,toward_bad,False
baseline[good=below],baseline/47,21,22,bad,,True
baseline[good=above],baseline/48,0,9,good,toward_bad,False
baseline[good=above],baseline/48,1,9,good,toward_good,False
baseline[good=above],baseline/48,2,9,good,toward_good,False
baseline[good=above],baseline/48,3,9,good,toward_bad,False
baseline[good=above],baseline/48,4,9,good,toward_bad,False
baseline[good=above],baseline/48,5,9,good,toward_bad,False
baseline[good=above],baseline/48,6,9,good,toward_bad,False
baseline[good=above],baseline/48,7,9,good,toward_bad,False
baseline[good=above],baseline/48,8,9,good,,True
baseline[good=below],baseline/48,0,9,bad,toward_good,False
baseline[good=below],baseline/48,1,9,bad,toward_bad,False
baseline[good=below],baseline/48,2,9,bad,toward_bad,False
baseline[good=below],baseline/48,3,9,bad,toward_good,False
baseline[good=below],baseline/48,4,9,bad,toward_good,False
baseline[good=below],baseline/48,5,9,bad,toward_good,False
baseline[good=below],baseline/48,6,9,bad,toward_good,False
baseline[good=below],baseline/48,7,9,bad,toward_good,False
baseline[good=below],baseline/48,8,9,bad,,True
baseline[good=above],baseline/49,0,15,bad,toward_good,False
baseline[good=above],baseline/49,1,15,bad,toward_good,False
baseline[good=above],baseline/49,2,15,bad,toward_bad,False
baseline[good=above],baseline/49,3,15,bad,toward_good,False
baseline[good=above],baseline/49,4,15,bad,toward_good,False
baseline[good=above],baseline/49,5,15,bad,toward_bad,False
baseline[good=above],baseline/49,6,15,bad,toward_bad,False
baseline[good=above],baseline/49,7,15,bad,toward_good,False
baseline[good=above],baseline/49,8,15,bad,toward_good,False
baseline[good=above],baseline/49,9,15,bad,toward_good,False
baseline[good=above],baseline/49,10,15,bad,toward_bad,False
baseline[good=above],baseline/49,11,15,bad,toward_bad,False
baseline[good=above],baseline/49,12,15,bad,toward_bad,False
baseline[good=above],baseline/49,13,15,bad,toward_bad,False
baseline[good=above],baseline/49,14,15,bad,,True
baseline[good=below],baseline/49,0,15,good,toward_bad,False
baseline[good=below],baseline/49,1,15,good,toward_bad,False
baseline[good=below],baseline/49,2,15,good,toward_good,False
baseline[good=below],baseline/49,3,15,good,toward_bad,False
baseline[good=below],baseline/49,4,15,good,toward_bad,False
baseline[good=below],baseline/49,5,15,good,toward_good,False
baseline[good=below],baseline/49,6,15,good,toward_good,False
baseline[good=below],baseline/49,7,15,good,toward_bad,False
baseline[good=below],baseline/49,8,15,good,toward_bad,False
baseline[good=below],baseline/49,9,15,good,toward_bad,False
baseline[good=below],baseline/49,10,15,good,toward_good,False
baseline[good=below],baseline/49,11,15,good,toward_good,False
baseline[good=below],baseline/49,12,15,good,toward_good,False
baseline[good=below],baseline/49,13,15,good,toward_good,False
baseline[good=below],baseline/49,14,15,good,,True
baseline[good=above],baseline/50,0,12,bad,toward_good,False
baseline[good=above],baseline/50,1,12,bad,toward_good,False
baseline[good=above],baseline/50,2,12,bad,toward_bad,False
baseline[good=above],baseline/50,3,12,bad,toward_good,False
baseline[good=above],baseline/50,4,12,bad,toward_bad,False
baseline[good=above],baseline/50,5,12,bad,toward_bad,False
baseline[good=above],baseline/50,6,12,bad,toward_bad,False
baseline[good=above],baseline/50,7,12,bad,toward_good,False
baseline[good=above],baseline/50,8,12,bad,toward_bad,False
baseline[good=above],baseline/50,9,12,bad,toward_good,False
baseline[good=above],baseline/50,10,12,bad,toward_bad,False
baseline[good=above],baseline/50,11,12,bad,,True
baseline[good=below],baseline/50,0,12,good,toward_bad,False
baseline[good=below],baseline/50,1,12,good,toward_bad,False
baseline[good=below],baseline/50,2,12,good,toward_good,False
baseline[good=below],baseline/50,3,12,good,toward_bad,False
baseline[good=below],baseline/50,4,12,good,toward_good,False
baseline[good=below],baseline/50,5,12,good,toward_good,False
baseline[good=below],baseline/50,6,12,good,toward_good,False
baseline[good=below],baseline/50,7,12,good,toward_bad,False
baseline[good=below],baseline/50,8,12,good,toward_good,False
baseline[good=below],baseline/50,9,12,good,toward_bad,False
baseline[good=below],baseline/50,10,12,good,toward_good,False
baseline[good=below],baseline/50,11,12,good,,True
baseline[good=above],baseline/51,0,1,bad,,True
baseline[good=below],baseline/51,0,1,good,,True
baseline[good=above],baseline/52,0,20,bad,toward_bad,False
baseline[good=above],baseline/52,1,20,bad,toward_bad,False
baseline[good=above],baseline/52,2,20,bad,toward_bad,False
baseline[good=above],baseline/52,3,20,bad,toward_bad,False
baseline[good=above],baseline/52,4,20,bad,toward_good,False
baseline[good=above],baseline/52,5,20,bad,toward_bad,False
baseline[good=above],baseline/52,6,20,bad,toward_bad,False
baseline[good=above],baseline/52,7,20,bad,toward_good,False
baseline[good=above],baseline/52,8,20,bad,toward_bad,False
baseline[good=above],baseline/52,9,20,bad,toward_good,False
baseline[good=above],baseline/52,10,20,bad,toward_bad,False
baseline[good=above],baseline/52,11,20,bad,toward_good,False
baseline[good=above],baseline/52,12,20,bad,toward_good,False
baseline[good=above],baseline/52,13,20,bad,toward_bad,False
baseline[good=above],baseline/52,14,20,bad,toward_good,False
baseline[good=above],baseline/52,15,20,bad,toward_bad,False
baseline[good=above],baseline/52,16,20,bad,toward_bad,False
baseline[good=above],baseline/52,17,20,bad,toward_good,False
baseline[good=above],baseline/52,18,20,bad,toward_bad,False
baseline[good=above],baseline/52,19,20,bad,,True
baseline[good=below],baseline/52,0,20,good,toward_good,False
baseline[good=below],baseline/52,1,20,good,toward_good,False
baseline[good=below],baseline/52,2,20,good,toward_good,False
baseline[good=below],baseline/52,3,20,good,toward_good,False
baseline[good=below],baseline/52,4,20,good,toward_bad,False
baseline[good=below],baseline/52,5,20,good,toward_good,False
baseline[good=below],baseline/52,6,20,good,toward_good,False
baseline[good=below],baseline/52,7,20,good,toward_bad,False
baseline[good=below],baseline/52,8,20,good,toward_good,False
baseline[good=below],baseline/52,9,20,good,toward_bad,False
baseline[good=below],baseline/52,10,20,good,toward_good,False
baseline[good=below],baseline/52,11,20,good,toward_bad,False
baseline[good=below],baseline/52,12,20,good,toward_bad,False
baseline[good=below],baseline/52,13,20,good,toward_good,False
baseline[good=below],baseline/52,14,20,good,toward_bad,False
baseline[good=below],baseline/52,15,20,good,toward_good,False
baseline[good=below],baseline/52,16,20,good,toward_good,False
baseline[good=below],baseline/52,17,20,good,toward_bad,False
baseline[good=below],baseline/52,18,20,good,toward_good,False
baseline[good=below],baseline/52,19,20,good,,True
baseline[good=above],baseline/53,0,5,bad,toward_bad,False
baseline[good=above],baseline/53,1,5,bad,toward_bad,False
baseline[good=above],baseline/53,2,5,bad,toward_good,False
baseline[good=above],baseline/53,3,5,bad,toward_good,False
baseline[good=above],baseline/53,4,5,bad,,True
baseline[good=below],baseline/53,0,5,good,toward_good,False
baseline[good=below],baseline/53,1,5,good,toward_good,False
baseline[good=below],baseline/53,2,5,good,toward_bad,False
baseline[good=below],baseline/53,3,5,good,toward_bad,False
baseline[good=below],baseline/53,4,5,good,,True
baseline[good=above],baseline/55,0,14,good,toward_bad,False
baseline[good=above],baseline/55,1,14,good,toward_good,False
baseline[good=above],baseline/55,2,14,good,toward_bad,False
baseline[good=above],baseline/55,3,14,good,toward_good,False
baseline[good=above],baseline/55,4,14,good,toward_bad,False
baseline[good=above],baseline/55,5,14,good,toward_good,False
baseline[good=above],baseline/55,6,14,good,toward_bad,False
baseline[good=above],baseline/55,7,14,good,toward_bad,False
baseline[good=above],baseline/55,8,14,good,toward_good,False
baseline[good=above],baseline/55,9,14,good,toward_bad,False
baseline[good=above],baseline/55,10,14,good,toward_good,False
baseline[good=above],baseline/55,11,14,good,toward_bad,False
baseline[good=above],baseline/55,12,14,good,toward_good,False
baseline[good=above],baseline/55,13,14,good,,True
baseline[good=below],baseline/55,0,14,bad,toward_good,False
baseline[good=below],baseline/55,1,14,bad,toward_bad,False
baseline[good=below],baseline/55,2,14,bad,toward_good,False
baseline[good=below],baseline/55,3,14,bad,toward_bad,False
baseline[good=below],baseline/55,4,14,bad,toward_good,False
baseline[good=below],baseline/55,5,14,bad,toward_bad,False
baseline[good=below],baseline/55,6,14,bad,toward_good,False
baseline[good=below],baseline/55,7,14,bad,toward_good,False
baseline[good=below],baseline/55,8,14,bad,toward_bad,False
baseline[good=below],baseline/55,9,14,bad,toward_good,False
baseline[good=below],baseline/55,10,14,bad,toward_bad,False
baseline[good=below],baseline/55,11,14,bad,toward_good,False
baseline[good=below],baseline/55,12,14,bad,toward_bad,False
baseline[good=below],baseline/55,13,14,bad,,True
baseline[good=above],baseline/56,0,3,bad,toward_good,False
baseline[good=above],baseline/56,1,3,bad,toward_good,False
baseline[good=above],baseline/56,2,3,bad,,True
baseline[good=below],baseline/56,0,3,good,toward_bad,False
baseline[good=below],baseline/56,1,3,good,toward_bad,False
baseline[good=below],baseline/56,2,3,good,,True
baseline[good=above],baseline/57,0,3,good,toward_bad,False
baseline[good=above],baseline/57,1,3,good,toward_good,False
baseline[good=above],baseline/57,2,3,good,,True
baseline[good=below],baseline/57,0,3,bad,toward_good,False
baseline[good=below],baseline/57,1,3,bad,toward_bad,False
baseline[good=below],baseline/57,2,3,bad,,True
baseline[good=above],baseline/58,0,28,bad,toward_bad,False
baseline[good=above],baseline/58,1,28,bad,toward_good,False
baseline[good=above],baseline/58,2,28,bad,toward_bad,False
baseline[good=above],baseline/58,3,28,bad,toward_bad,False
baseline[good=above],baseline/58,4,28,bad,toward_good,False
baseline[good=above],baseline/58,5,28,bad,toward_bad,False
baseline[good=above],baseline/58,6,28,bad,toward_good,False
baseline[good=above],baseline/58,7,28,bad,toward_good,False
baseline[good=above],baseline/58,8,28,bad,toward_good,False
baseline[good=above],baseline/58,9,28,bad,toward_bad,False
baseline[good=above],baseline/58,10,28,bad,toward_good,False
baseline[good=above],baseline/58,11,28,bad,toward_good,False
baseline[good=above],baseline/58,12,28,bad,toward_good,False
baseline[good=above],baseline/58,13,28,bad,toward_bad,False
baseline[good=above],baseline/58,14,28,bad,toward_bad,False
baseline[good=above],baseline/58,15,28,bad,toward_bad,False
baseline[good=above],baseline/58,16,28,bad,toward_good,False
baseline[good=above],baseline/58,17,28,bad,toward_bad,False
baseline[good=above],baseline/58,18,28,bad,toward_good,False
baseline[good=above],baseline/58,19,28,bad,toward_bad,False
baseline[good=above],baseline/58,20,28,bad,toward_bad,False
baseline[good=above],baseline/58,21,28,bad,toward_good,False
baseline[good=above],baseline/58,22,28,bad,toward_bad,False
baseline[good=above],baseline/58,23,28,bad,toward_bad,False
baseline[good=above],baseline/58,24,28,bad,toward_good,False
baseline[good=above],baseline/58,25,28,bad,toward_bad,False
baseline[good=above],baseline/58,26,28,bad,toward_bad,False
baseline[good=above],baseline/58,27,28,bad,,True
baseline[good=below],baseline/58,0,28,good,toward_good,False
baseline[good=below],baseline/58,1,28,good,toward_bad,False
baseline[good=below],baseline/58,2,28,good,toward_good,False
baseline[good=below],baseline/58,3,28,good,toward_good,False
baseline[good=below],baseline/58,4,28,good,toward_bad,False
baseline[good=below],baseline/58,5,28,good,toward_good,False
baseline[good=below],baseline/58,6,28,good,toward_bad,False
baseline[good=below],baseline/58,7,28,good,toward_bad,False
baseline[good=below],baseline/58,8,28,good,toward_bad,False
baseline[good=below],baseline/58,9,28,good,toward_good,False
baseline[good=below],baseline/58,10,28,good,toward_bad,False
baseline[good=below],baseline/58,11,28,good,toward_bad,False
baseline[good=below],baseline/58,12,28,good,toward_bad,False
baseline[good=below],baseline/58,13,28,good,toward_good,False
baseline[good=below],baseline/58,14,28,good,toward_good,False
baseline[good=below],baseline/58,15,28,good,toward_good,False
baseline[good=below],baseline/58,16,28,good,toward_bad,False
baseline[good=below],baseline/58,17,28,good,toward_good,False
baseline[good=below],baseline/58,18,28,good,toward_bad,False
baseline[good=below],baseline/58,19,28,good,toward_good,False
baseline[good=below],baseline/58,20,28,good,toward_good,False
baseline[good=below],baseline/58,21,28,good,toward_bad,False
baseline[good=below],baseline/58,22,28,good,toward_good,False
baseline[good=below],baseline/58,23,28,good,toward_good,False
baseline[good=below],baseline/58,24,28,good,toward_bad,False
baseline[good=below],baseline/58,25,28,good,toward_good,False
baseline[good=below],baseline/58,26,28,good,toward_good,False
baseline[good=below],baseline/58,27,28,good,,True
baseline[good=above],baseline/59,0,29,good,toward_bad,False
baseline[good=above],baseline/59,1,29,good,toward_good,False
baseline[good=above],baseline/59,2,29,good,toward_good,False
baseline[good=above],baseline/59,3,29,good,toward_good,False
baseline[good=above],baseline/59,4,29,good,toward_bad,False
baseline[good=above],baseline/59,5,29,good,toward_good,False
baseline[good=above],baseline/59,6,29,good,toward_good,False
baseline[good=above],baseline/59,7,29,good,toward_good,False
baseline[good=above],baseline/59,8,29,good,toward_bad,False
baseline[good=above],baseline/59,9,29,good,toward_good,False
baseline[good=above],baseline/59,10,29,good,same,False
baseline[good=above],baseline/59,11,29,good,toward_good,False
baseline[good=above],baseline/59,12,29,good,toward_good,False
baseline[good=above],baseline/59,13,29,good,toward_bad,False
baseline[good=above],baseline/59,14,29,good,toward_bad,False
baseline[good=above],baseline/59,15,29,good,toward_bad,False
baseline[good=above],baseline/59,16,29,good,toward_good,False
baseline[good=above],baseline/59,17,29,good,toward_bad,False
baseline[good=above],baseline/59,18,29,good,toward_good,False
baseline[good=above],baseline/59,19,29,good,toward_good,False
baseline[good=above],baseline/59,20,29,good,toward_good,False
baseline[good=above],baseline/59,21,29,good,toward_bad,False
baseline[good=above],baseline/59,22,29,good,toward_good,False
baseline[good=above],baseline/59,23,29,good,toward_bad,False
baseline[good=above],baseline/59,24,29,good,toward_good,False
baseline[good=above],baseline/59,25,29,good,toward_good,False
baseline[good=above],baseline/59,26,29,good,toward_bad,False
baseline[good=above],baseline/59,27,29,good,toward_bad,False
baseline[good=above],baseline/59,28,29,good,,True
baseline[good=below],baseline/59,0,29,bad,toward_good,False
baseline[good=below],baseline/59,1,29,bad,toward_bad,False
baseline[good=below],baseline/59,2,29,bad,toward_bad,False
baseline[good=below],baseline/59,3,29,bad,toward_bad,False
baseline[good=below],baseline/59,4,29,bad,toward_good,False
baseline[good=below],baseline/59,5,29,bad,toward_bad,False
baseline[good=below],baseline/59,6,29,bad,toward_bad,False
baseline[good=below],baseline/59,7,29,bad,toward_bad,False
baseline[good=below],baseline/59,8,29,bad,toward_good,False
baseline[good=below],baseline/59,9,29,bad,toward_bad,False
baseline[good=below],baseline/59,10,29,bad,same,False
baseline[good=below],baseline/59,11,29,bad,toward_bad,False
baseline[good=below],baseline/59,12,29,bad,toward_bad,False
baseline[good=below],baseline/59,13,29,bad,toward_good,False
baseline[good=below],baseline/59,14,29,bad,toward_good,False
baseline[good=below],baseline/59,15,29,bad,toward_good,False
baseline[good=below],baseline/59,16,29,bad,toward_bad,False
baseline[good=below],baseline/59,17,29,bad,toward_good,False
baseline[good=below],baseline/59,18,29,bad,toward_bad,False
baseline[good=below],baseline/59,19,29,bad,toward_bad,False
baseline[good=below],baseline/59,20,29,bad,toward_bad,False
baseline[good=below],baseline/59,21,29,bad,toward_good,False
baseline[good=below],baseline/59,22,29,bad,toward_bad,False
baseline[good=below],baseline/59,23,29,bad,toward_good,False
baseline[good=below],baseline/59,24,29,bad,toward_bad,False
baseline[good=below],baseline/59,25,29,bad,toward_bad,False
baseline[good=below],baseline/59,26,29,bad,toward_good,False
baseline[good=below],baseline/59,27,29,bad,toward_good,False
baseline[good=below],baseline/59,28,29,bad,,True
baseline[good=above],baseline/60,0,29,bad,toward_bad,False
baseline[good=above],baseline/60,1,29,bad,toward_good,False
baseline[good=above],baseline/60,2,29,bad,toward_good,False
baseline[good=above],baseline/60,3,29,good,toward_bad,False
baseline[good=above],baseline/60,4,29,bad,toward_good,False
baseline[good=above],baseline/60,5,29,bad,toward_good,False
baseline[good=above],baseline/60,6,29,bad,toward_bad,False
baseline[good=above],baseline/60,7,29,bad,toward_good,False
baseline[good=above],baseline/60,8,29,bad,toward_bad,False
baseline[good=above],baseline/60,9,29,bad,toward_bad,False
baseline[good=above],baseline/60,10,29,bad,toward_good,False
baseline[good=above],baseline/60,11,29,bad,toward_bad,False
baseline[good=above],baseline/60,12,29,bad,toward_bad,False
baseline[good=above],baseline/60,13,29,bad,toward_good,False
baseline[good=above],baseline/60,14,29,good,toward_bad,False
baseline[good=above],baseline/60,15,29,bad,toward_good,False
baseline[good=above],baseline/60,16,29,bad,toward_bad,False
baseline[good=above],baseline/60,17,29,bad,toward_bad,False
baseline[good=above],baseline/60,18,29,bad,toward_good,False
baseline[good=above],baseline/60,19,29,good,toward_good,False
baseline[good=above],baseline/60,20,29,good,toward_bad,False
baseline[good=above],baseline/60,21,29,good,toward_bad,False
baseline[good=above],baseline/60,22,29,bad,toward_good,False
baseline[good=above],baseline/60,23,29,bad,toward_bad,False
baseline[good=above],baseline/60,24,29,bad,toward_bad,False
baseline[good=above],baseline/60,25,29,bad,toward_good,False
baseline[good=above],baseline/60,26,29,bad,toward_bad,False
baseline[good=above],baseline/60,27,29,bad,toward_good,False
baseline[good=above],baseline/60,28,29,bad,,True
baseline[good=below],baseline/60,0,29,good,toward_good,False
baseline[good=below],baseline/60,1,29,good,toward_bad,False
baseline[good=below],baseline/60,2,29,good,toward_bad,False
baseline[good=below],baseline/60,3,29,bad,toward_good,False
baseline[good=below],baseline/60,4,29,good,toward_bad,False
baseline[good=below],baseline/60,5,29,good,toward_bad,False
baseline[good=below],baseline/60,6,29,good,toward_good,False
baseline[good=below],baseline/60,7,29,good,toward_bad,False
baseline[good=below],baseline/60,8,29,good,toward_good,False
baseline[good=below],baseline/60,9,29,good,toward_good,False
baseline[good=below],baseline/60,10,29,good,toward_bad,False
baseline[good=below],baseline/60,11,29,good,toward_good,False
baseline[good=below],baseline/60,12,29,good,toward_good,False
baseline[good=below],baseline/60,13,29,good,toward_bad,False
baseline[good=below],baseline/60,14,29,bad,toward_good,False
baseline[good=below],baseline/60,15,29,good,toward_bad,False
baseline[good=below],baseline/60,16,29,good,toward_good,False
baseline[good=below],baseline/60,17,29,good,toward_good,False
baseline[good=below],baseline/60,18,29,good,toward_bad,False
baseline[good=below],baseline/60,19,29,bad,toward_bad,False
baseline[good=below],baseline/60,20,29,bad,toward_good,False
baseline[good=below],baseline/60,21,29,bad,toward_good,False
baseline[good=below],baseline/60,22,29,good,toward_bad,False
baseline[good=below],baseline/60,23,29,good,toward_good,False
baseline[good=below],baseline/60,24,29,good,toward_good,False
baseline[good=below],baseline/60,25,29,good,toward_bad,False
baseline[good=below],baseline/60,26,29,good,toward_good,False
baseline[good=below],baseline/60,27,29,good,toward_bad,False
baseline[good=below],baseline/60,28,29,good,,True
baseline[good=above],baseline/61,0,7,good,toward_bad,False
baseline[good=above],baseline/61,1,7,good,toward_good,False
baseline[good=above],baseline/61,2,7,good,toward_bad,False
baseline[good=above],baseline/61,3,7,bad,toward_bad,False
baseline[good=above],baseline/61,4,7,bad,toward_good,False
baseline[good=above],baseline/61,5,7,good,toward_good,False
baseline[good=above],baseline/61,6,7,good,,True
baseline[good=below],baseline/61,0,7,bad,toward_good,False
baseline[good=below],baseline/61,1,7,bad,toward_bad,False
baseline[good=below],baseline/61,2,7,bad,toward_good,False
baseline[good=below],baseline/61,3,7,good,toward_good,False
baseline[good=below],baseline/61,4,7,good,toward_bad,False
baseline[good=below],baseline/61,5,7,bad,toward_bad,False
baseline[good=below],baseline/61,6,7,bad,,True
baseline[good=above],baseline/62,0,1,good,,True
baseline[good=below],baseline/62,0,1,bad,,True
baseline[good=above],baseline/64,0,32,good,toward_good,False
baseline[good=above],baseline/64,1,32,good,toward_good,False
baseline[good=above],baseline/64,2,32,good,toward_bad,False
baseline[good=above],baseline/64,3,32,good,toward_good,False
baseline[good=above],baseline/64,4,32,good,toward_good,False
baseline[good=above],baseline/64,5,32,good,toward_bad,False
baseline[good=above],baseline/64,6,32,good,toward_good,False
baseline[good=above],baseline/64,7,32,good,toward_bad,False
baseline[good=above],baseline/64,8,32,good,toward_bad,False
baseline[good=above],baseline/64,9,32,good,toward_good,False
baseline[good=above],baseline/64,10,32,good,toward_bad,False
baseline[good=above],baseline/64,11,32,good,toward_good,False
baseline[good=above],baseline/64,12,32,good,toward_bad,False
baseline[good=above],baseline/64,13,32,good,toward_good,False
baseline[good=above],baseline/64,14,32,good,toward_good,False
baseline[good=above],baseline/64,15,32,good,toward_bad,False
baseline[good=above],baseline/64,16,32,good,toward_bad,False
baseline[good=above],baseline/64,17,32,good,toward_good,False
baseline[good=above],baseline/64,18,32,good,toward_good,False
baseline[good=above],baseline/64,19,32,good,toward_bad,False
baseline[good=above],baseline/64,20,32,good,toward_good,False
baseline[good=above],baseline/64,21,32,good,toward_bad,False
baseline[good=above],baseline/64,22,32,good,toward_bad,False
baseline[good=above],baseline/64,23,32,good,toward_good,False
baseline[good=above],baseline/64,24,32,good,toward_good,False
baseline[good=above],baseline/64,25,32,good,toward_bad,False
baseline[good=above],baseline/64,26,32,good,toward_good,False
baseline[good=above],baseline/64,27,32,good,toward_good,False
baseline[good=above],baseline/64,28,32,good,toward_good,False
baseline[good=above],baseline/64,29,32,good,same,False
baseline[good=above],baseline/64,30,32,good,toward_bad,False
baseline[good=above],baseline/64,31,32,good,,True
baseline[good=below],baseline/64,0,32,bad,toward_bad,False
baseline[good=below],baseline/64,1,32,bad,toward_bad,False
baseline[good=below],baseline/64,2,32,bad,toward_good,False
baseline[good=below],baseline/64,3,32,bad,toward_bad,False
baseline[good=below],baseline/64,4,32,bad,toward_bad,False
baseline[good=below],baseline/64,5,32,bad,toward_good,False
baseline[good=below],baseline/64,6,32,bad,toward_bad,False
baseline[good=below],baseline/64,7,32,bad,toward_good,False
baseline[good=below],baseline/64,8,32,bad,toward_good,False
baseline[good=below],baseline/64,9,32,bad,toward_bad,False
baseline[good=below],baseline/64,10,32,bad,toward_good,False
baseline[good=below],baseline/64,11,32,bad,toward_bad,False
baseline[good=below],baseline/64,12,32,bad,toward_good,False
baseline[good=below],baseline/64,13,32,bad,toward_bad,False
baseline[good=below],baseline/64,14,32,bad,toward_bad,False
baseline[good=below],baseline/64,15,32,bad,toward_good,False
baseline[good=below],baseline/64,16,32,bad,toward_good,False
baseline[good=below],baseline/64,17,32,bad,toward_bad,False
baseline[good=below],baseline/64,18,32,bad,toward_bad,False
baseline[good=below],baseline/64,19,32,bad,toward_good,False
baseline[good=below],baseline/64,20,32,bad,toward_bad,False
baseline[good=below],baseline/64,21,32,bad,toward_good,False
baseline[good=below],baseline/64,22,32,bad,toward_good,False
baseline[good=below],baseline/64,23,32,bad,toward_bad,False
baseline[good=below],baseline/64,24,32,bad,toward_bad,False
baseline[good=below],baseline/64,25,32,bad,toward_good,False
baseline[good=below],baseline/64,26,32,bad,toward_bad,False
baseline[good=below],baseline/64,27,32,bad,toward_bad,False
baseline[good=below],baseline/64,28,32,bad,toward_bad,False
baseline[good=below],baseline/64,29,32,bad,same,False
baseline[good=below],baseline/64,30,32,bad,toward_good,False
baseline[good=below],baseline/64,31,32,bad,,True
baseline[good=above],baseline/65,0,2,bad,toward_bad,False
baseline[good=above],baseline/65,1,2,bad,,True
baseline[good=below],baseline/65,0,2,good,toward_good,False
baseline[good=below],baseline/65,1,2,good,,True
baseline[good=above],baseline/66,0,16,good,toward_bad,False
baseline[good=above],baseline/66,1,16,good,toward_good,False
baseline[good=above],baseline/66,2,16,good,toward_good,False
baseline[good=above],baseline/66,3,16,good,toward_bad,False
baseline[good=above],baseline/66,4,16,bad,toward_good,False
baseline[good=above],baseline/66,5,16,good,toward_good,False
baseline[good=above],baseline/66,6,16,good,toward_good,False
baseline[good=above],baseline/66,7,16,good,toward_bad,False
baseline[good=above],baseline/66,8,16,good,toward_bad,False
baseline[good=above],baseline/66,9,16,good,toward_good,False
baseline[good=above],baseline/66,10,16,good,toward_good,False
baseline[good=above],baseline/66,11,16,good,toward_good,False
baseline[good=above],baseline/66,12,16,good,toward_bad,False
baseline[good=above],baseline/66,13,16,good,toward_good,False
baseline[good=above],baseline/66,14,16,good,toward_bad,False
baseline[good=above],baseline/66,15,16,good,,True
baseline[good=below],baseline/66,0,16,bad,toward_good,False
baseline[good=below],baseline/66,1,16,bad,toward_bad,False
baseline[good=below],baseline/66,2,16,bad,toward_bad,False
baseline[good=below],baseline/66,3,16,bad,toward_good,False
baseline[good=below],baseline/66,4,16,good,toward_bad,False
baseline[good=below],baseline/66,5,16,bad,toward_bad,False
baseline[good=below],baseline/66,6,16,bad,toward_bad,False
baseline[good=below],baseline/66,7,16,bad,toward_good,False
baseline[good=below],baseline/66,8,16,bad,toward_good,False
baseline[good=below],baseline/66,9,16,bad,toward_bad,False
baseline[good=below],baseline/66,10,16,bad,toward_bad,False
baseline[good=below],baseline/66,11,16,bad,toward_bad,False
baseline[good=below],baseline/66,12,16,bad,toward_good,False
baseline[good=below],baseline/66,13,16,bad,toward_bad,False
baseline[good=below],baseline/66,14,16,bad,toward_good,False
baseline[good=below],baseline/66,15,16,bad,,True
baseline[good=above],baseline/67,0,2,good,toward_bad,False
baseline[good=above],baseline/67,1,2,good,,True
baseline[good=below],baseline/67,0,2,bad,toward_good,False
baseline[good=below],baseline/67,1,2,bad,,True
baseline[good=above],baseline/68,0,5,good,toward_bad,False
baseline[good=above],baseline/68,1,5,good,toward_good,False
baseline[good=above],baseline/68,2,5,good,toward_bad,False
baseline[good=above],baseline/68,3,5,good,toward_bad,False
baseline[good=above],baseline/68,4,5,good,,True
baseline[good=below],baseline/68,0,5,bad,toward_good,False
baseline[good=below],baseline/68,1,5,bad,toward_bad,False
baseline[good=below],baseline/68,2,5,bad,toward_good,False
baseline[good=below],baseline/68,3,5,bad,toward_good,False
baseline[good=below],baseline/68,4,5,bad,,True
baseline[good=above],baseline/69,0,5,bad,toward_good,False
baseline[good=above],baseline/69,1,5,bad,toward_bad,False
baseline[good=above],baseline/69,2,5,bad,toward_good,False
baseline[good=above],baseline/69,3,5,bad,toward_bad,False
baseline[good=above],baseline/69,4,5,bad,,True
baseline[good=below],baseline/69,0,5,good,toward_bad,False
baseline[good=below],baseline/69,1,5,good,toward_good,False
baseline[good=below],baseline/69,2,5,good,toward_bad,False
baseline[good=below],baseline/69,3,5,good,toward_good,False
baseline[good=below],baseline/69,4,5,good,,True
baseline[good=above],baseline/70,0,23,bad,toward_good,False
baseline[good=above],baseline/70,1,23,bad,toward_good,False
baseline[good=above],baseline/70,2,23,bad,toward_bad,False
baseline[good=above],baseline/70,3,23,bad,toward_good,False
baseline[good=above],baseline/70,4,23,bad,toward_good,False
baseline[good=above],baseline/70,5,23,bad,toward_good,False
baseline[good=above],baseline/70,6,23,bad,toward_bad,False
baseline[good=above],baseline/70,7,23,bad,toward_good,False
baseline[good=above],baseline/70,8,23,bad,toward_good,False
baseline[good=above],baseline/70,9,23,bad,toward_bad,False
baseline[good=above],baseline/70,10,23,bad,toward_good,False
baseline[good=above],baseline/70,11,23,bad,toward_good,False
baseline[good=above],baseline/70,12,23,bad,toward_good,False
baseline[good=above],baseline/70,13,23,bad,toward_bad,False
baseline[good=above],baseline/70,14,23,bad,toward_good,False
baseline[good=above],baseline/70,15,23,bad,toward_good,False
baseline[good=above],baseline/70,16,23,bad,toward_good,False
baseline[good=above],baseline/70,17,23,bad,toward_bad,False
baseline[good=above],baseline/70,18,23,bad,toward_good,False
baseline[good=above],baseline/70,19,23,bad,toward_bad,False
baseline[good=above],baseline/70,20,23,bad,toward_good,False
baseline[good=above],baseline/70,21,23,bad,toward_good,False
baseline[good=above],baseline/70,22,23,bad,,True
baseline[good=below],baseline/70,0,23,good,toward_bad,False
baseline[good=below],baseline/70,1,23,good,toward_bad,False
baseline[good=below],baseline/70,2,23,good,toward_good,False
baseline[good=below],baseline/70,3,23,good,toward_bad,False
baseline[good=below],baseline/70,4,23,good,toward_bad,False
baseline[good=below],baseline/70,5,23,good,toward_bad,False
baseline[good=below],baseline/70,6,23,good,toward_good,False
baseline[good=below],baseline/70,7,23,good,toward_bad,False
baseline[good=below],baseline/70,8,23,good,toward_bad,False
baseline[good=below],baseline/70,9,23,good,toward_good,False
baseline[good=below],baseline/70,10,23,good,toward_bad,False
baseline[good=below],baseline/70,11,23,good,toward_bad,False
baseline[good=below],baseline/70,12,23,good,toward_bad,False
baseline[good=below],baseline/70,13,23,good,toward_good,False
baseline[good=below],baseline/70,14,23,good,toward_bad,False
baseline[good=below],baseline/70,15,23,good,toward_bad,False
baseline[good=below],baseline/70,16,23,good,toward_bad,False
baseline[good=below],baseline/70,17,23,good,toward_good,False
baseline[good=below],baseline/70,18,23,good,toward_bad,False
baseline[good=below],baseline/70,19,23,good,toward_good,False
baseline[good=below],baseline/70,20,23,good,toward_bad,False
baseline[good=below],baseline/70,21,23,good,toward_bad,False
baseline[good=below],baseline/70,22,23,good,,True
baseline[good=above],baseline/71,0,16,good,toward_bad,False
baseline[good=above],baseline/71,1,16,good,toward_bad,False
baseline[good=above],baseline/71,2,16,good,toward_bad,False
baseline[good=above],baseline/71,3,16,good,toward_good,False
baseline[good=above],baseline/71,4,16,good,toward_good,False
baseline[good=above],baseline/71,5,16,good,toward_bad,False
baseline[good=above],baseline/71,6,16,good,toward_good,False
baseline[good=above],baseline/71,7,16,good,toward_bad,False
baseline[good=above],baseline/71,8,16,good,toward_good,False
baseline[good=above],baseline/71,9,16,good,toward_bad,False
baseline[good=above],baseline/71,10,16,good,toward_good,False
baseline[good=above],baseline/71,11,16,good,toward_bad,False
baseline[good=above],baseline/71,12,16,good,toward_good,False
baseline[good=above],baseline/71,13,16,good,toward_good,False
baseline[good=above],baseline/71,14,16,good,toward_good,False
baseline[good=above],baseline/71,15,16,good,,True
baseline[good=below],baseline/71,0,16,bad,toward_good,False
baseline[good=below],baseline/71,1,16,bad,toward_good,False
baseline[good=below],baseline/71,2,16,bad,toward_good,False
baseline[good=below],baseline/71,3,16,bad,toward_bad,False
baseline[good=below],baseline/71,4,16,bad,toward_bad,False
baseline[good=below],baseline/71,5,16,bad,toward_good,False
baseline[good=below],baseline/71,6,16,bad,toward_bad,False
baseline[good=below],baseline/71,7,16,bad,toward_good,False
baseline[good=below],baseline/71,8,16,bad,toward_bad,False
baseline[good=below],baseline/71,9,16,bad,toward_good,False
baseline[good=below],baseline/71,10,16,bad,toward_bad,False
baseline[good=below],baseline/71,11,16,bad,toward_good,False
baseline[good=below],baseline/71,12,16,bad,toward_bad,False
baseline[good=below],baseline/71,13,16,bad,toward_bad,False
baseline[good=below],baseline/71,14,16,bad,toward_bad,False
baseline[good=below],baseline/71,15,16,bad,,True
baseline[good=above],baseline/72,0,19,bad,toward_good,False
baseline[good=above],baseline/72,1,19,bad,toward_bad,False
baseline[good=above],baseline/72,2,19,bad,toward_good,False
baseline[good=above],baseline/72,3,19,bad,toward_bad,False
baseline[good=above],baseline/72,4,19,bad,toward_good,False
baseline[good=above],baseline/72,5,19,bad,toward_good,False
baseline[good=above],baseline/72,6,19,bad,toward_bad,False
baseline[good=above],baseline/72,7,19,bad,toward_good,False
baseline[good=above],baseline/72,8,19,bad,toward_bad,False
baseline[good=above],baseline/72,9,19,bad,toward_good,False
baseline[good=above],baseline/72,10,19,bad,toward_good,False
baseline[good=above],baseline/72,11,19,bad,toward_bad,False
baseline[good=above],baseline/72,12,19,bad,toward_bad,False
baseline[good=above],baseline/72,13,19,bad,toward_good,False
baseline[good=above],baseline/72,14,19,bad,toward_bad,False
baseline[good=above],baseline/72,15,19,bad,toward_good,False
baseline[good=above],baseline/72,16,19,bad,same,False
baseline[good=above],baseline/72,17,19,bad,toward_bad,False
baseline[good=above],baseline/72,18,19,bad,,True
baseline[good=below],baseline/72,0,19,good,toward_bad,False
baseline[good=below],baseline/72,1,19,good,toward_good,False
baseline[good=below],baseline/72,2,19,good,toward_bad,False
baseline[good=below],baseline/72,3,19,good,toward_good,False
baseline[good=below],baseline/72,4,19,good,toward_bad,False
baseline[good=below],baseline/72,5,19,good,toward_bad,False
baseline[good=below],baseline/72,6,19,good,toward_good,False
baseline[good=below],baseline/72,7,19,good,toward_bad,False
baseline[good=below],baseline/72,8,19,good,toward_good,False
baseline[good=below],baseline/72,9,19,good,toward_bad,False
baseline[good=below],baseline/72,10,19,good,toward_bad,False
baseline[good=below],baseline/72,11,19,good,toward_good,False
baseline[good=below],baseline/72,12,19,good,toward_good,False
baseline[good=below],baseline/72,13,19,good,toward_bad,False
baseline[good=below],baseline/72,14,19,good,toward_good,False
baseline[good=below],baseline/72,15,19,good,toward_bad,False
baseline[good=below],baseline/72,16,19,good,same,False
baseline[good=below],baseline/72,17,19,good,toward_good,False
baseline[good=below],baseline/72,18,19,good,,True
baseline[good=above],baseline/74,0,1,bad,,True
baseline[good=below],baseline/74,0,1,good,,True
baseline[good=above],baseline/75,0,29,bad,toward_bad,False
baseline[good=above],baseline/75,1,29,bad,toward_bad,False
baseline[good=above],baseline/75,2,29,bad,toward_good,False
baseline[good=above],baseline/75,3,29,bad,toward_good,False
baseline[good=above],baseline/75,4,29,bad,toward_bad,False
baseline[good=above],baseline/75,5,29,bad,toward_bad,False
baseline[good=above],baseline/75,6,29,bad,toward_bad,False
baseline[good=above],baseline/75,7,29,bad,toward_bad,False
baseline[good=above],baseline/75,8,29,bad,toward_good,False
baseline[good=above],baseline/75,9,29,bad,toward_bad,False
baseline[good=above],baseline/75,10,29,bad,toward_bad,False
baseline[good=above],baseline/75,11,29,bad,toward_good,False
baseline[good=above],baseline/75,12,29,bad,toward_good,False
baseline[good=above],baseline/75,13,29,bad,toward_good,False
baseline[good=above],baseline/75,14,29,bad,toward_good,False
baseline[good=above],baseline/75,15,29,bad,toward_good,False
baseline[good=above],baseline/75,16,29,bad,toward_bad,False
baseline[good=above],baseline/75,17,29,bad,toward_bad,False
baseline[good=above],baseline/75,18,29,bad,toward_bad,False
baseline[good=above],baseline/75,19,29,bad,toward_good,False
baseline[good=above],baseline/75,20,29,bad,toward_good,False
baseline[good=above],baseline/75,21,29,bad,toward_good,False
baseline[good=above],baseline/75,22,29,bad,toward_bad,False
baseline[good=above],baseline/75,23,29,bad,same,False
baseline[good=above],baseline/75,24,29,bad,toward_good,False
baseline[good=above],baseline/75,25,29,bad,toward_bad,False
baseline[good=above],baseline/75,26,29,bad,toward_good,False
baseline[good=above],baseline/75,27,29,bad,toward_bad,False
baseline[good=above],baseline/75,28,29,bad,,True
baseline[good=below],baseline/75,0,29,good,toward_good,False
baseline[good=below],baseline/75,1,29,good,toward_good,False
baseline[good=below],baseline/75,2,29,good,toward_bad,False
baseline[good=below],baseline/75,3,29,good,toward_bad,False
baseline[good=below],baseline/75,4,29,good,toward_good,False
baseline[good=below],baseline/75,5,29,good,toward_good,False
baseline[good=below],baseline/75,6,29,good,toward_good,False
baseline[good=below],baseline/75,7,29,good,toward_good,False
baseline[good=below],baseline/75,8,29,good,toward_bad,False
baseline[good=below],baseline/75,9,29,good,toward_good,False
baseline[good=below],baseline/75,10,29,good,toward_good,False
baseline[good=below],baseline/75,11,29,good,toward_bad,False
baseline[good=below],baseline/75,12,29,good,toward_bad,False
baseline[good=below],baseline/75,13,29,good,toward_bad,False
baseline[good=below],baseline/75,14,29,good,toward_bad,False
baseline[good=below],baseline/75,15,29,good,toward_bad,False
baseline[good=below],baseline/75,16,29,good,toward_good,False
baseline[good=below],baseline/75,17,29,good,toward_good,False
baseline[good=below],baseline/75,18,29,good,toward_good,False
baseline[good=below],baseline/75,19,29,good,toward_bad,False
baseline[good=below],baseline/75,20,29,good,toward_bad,False
baseline[good=below],baseline/75,21,29,good,toward_bad,False
baseline[good=below],baseline/75,22,29,good,toward_good,False
baseline[good=below],baseline/75,23,29,good,same,False
baseline[good=below],baseline/75,24,29,good,toward_bad,False
baseline[good=below],baseline/75,25,29,good,toward_good,False
baseline[good=below],baseline/75,26,29,good,toward_bad,False
baseline[good=below],baseline/75,27,29,good,toward_good,False
baseline[good=below],baseline/75,28,29,good,,True
baseline[good=above],baseline/76,0,18,bad,toward_good,False
baseline[good=above],baseline/76,1,18,bad,toward_bad,False
baseline[good=above],baseline/76,2,18,bad,toward_bad,False
baseline[good=above],baseline/76,3,18,bad,toward_good,False
baseline[good=above],baseline/76,4,18,bad,toward_bad,False
baseline[good=above],baseline/76,5,18,bad,toward_good,False
baseline[good=above],baseline/76,6,18,bad,toward_bad,False
baseline[good=above],baseline/76,7,18,bad,toward_bad,False
baseline[good=above],baseline/76,8,18,bad,toward_good,False
baseline[good=above],baseline/76,9,18,bad,toward_bad,False
baseline[good=above],baseline/76,10,18,bad,toward_bad,False
baseline[good=above],baseline/76,11,18,bad,toward_bad,False
baseline[good=above],baseline/76,12,18,bad,toward_good,False
baseline[good=above],baseline/76,13,18,bad,toward_bad,False
baseline[good=above],baseline/76,14,18,bad,toward_good,False
baseline[good=above],baseline/76,15,18,bad,toward_bad,False
baseline[good=above],baseline/76,16,18,bad,toward_bad,False
baseline[good=above],baseline/76,17,18,bad,,True
baseline[good=below],baseline/76,0,18,good,toward_bad,False
baseline[good=below],baseline/76,1,18,good,toward_good,False
baseline[good=below],baseline/76,2,18,good,toward_good,False
baseline[good=below],baseline/76,3,18,good,toward_bad,False
baseline[good=below],baseline/76,4,18,good,toward_good,False
baseline[good=below],baseline/76,5,18,good,toward_bad,False
baseline[good=below],baseline/76,6,18,good,toward_good,False
baseline[good=below],baseline/76,7,18,good,toward_good,False
baseline[good=below],baseline/76,8,18,good,toward_bad,False
baseline[good=below],baseline/76,9,18,good,toward_good,False
baseline[good=below],baseline/76,10,18,good,toward_good,False
baseline[good=below],baseline/76,11,18,good,toward_good,False
baseline[good=below],baseline/76,12,18,good,toward_bad,False
baseline[good=below],baseline/76,13,18,good,toward_good,False
baseline[good=below],baseline/76,14,18,good,toward_bad,False
baseline[good=below],baseline/76,15,18,good,toward_good,False
baseline[good=below],baseline/76,16,18,good,toward_good,False
baseline[good=below],baseline/76,17,18,good,,True
baseline[good=above],baseline/77,0,14,good,toward_bad,False
baseline[good=above],baseline/77,1,14,good,toward_good,False
baseline[good=above],baseline/77,2,14,good,toward_bad,False
baseline[good=above],baseline/77,3,14,good,toward_good,False
baseline[good=above],baseline/77,4,14,good,toward_bad,False
baseline[good=above],baseline/77,5,14,good,toward_good,False
baseline[good=above],baseline/77,6,14,good,toward_bad,False
baseline[good=above],baseline/77,7,14,good,toward_good,False
baseline[good=above],baseline/77,8,14,good,toward_bad,False
baseline[good=above],baseline/77,9,14,good,toward_good,False
baseline[good=above],baseline/77,10,14,good,toward_good,False
baseline[good=above],baseline/77,11,14,good,toward_good,False
baseline[good=above],baseline/77,12,14,good,toward_bad,False
baseline[good=above],baseline/77,13,14,good,,True
baseline[good=below],baseline/77,0,14,bad,toward_good,False
baseline[good=below],baseline/77,1,14,bad,toward_bad,False
baseline[good=below],baseline/77,2,14,bad,toward_good,False
baseline[good=below],baseline/77,3,14,bad,toward_bad,False
baseline[good=below],baseline/77,4,14,bad,toward_good,False
baseline[good=below],baseline/77,5,14,bad,toward_bad,False
baseline[good=below],baseline/77,6,14,bad,toward_good,False
baseline[good=below],baseline/77,7,14,bad,toward_bad,False
baseline[good=below],baseline/77,8,14,bad,toward_good,False
baseline[good=below],baseline/77,9,14,bad,toward_bad,False
baseline[good=below],baseline/77,10,14,bad,toward_bad,False
baseline[good=below],baseline/77,11,14,bad,toward_bad,False
baseline[good=below],baseline/77,12,14,bad,toward_good,False
baseline[good=below],baseline/77,13,14,bad,,True
baseline[good=above],baseline/78,0,24,bad,toward_good,False
baseline[good=above],baseline/78,1,24,good,toward_bad,False
baseline[good=above],baseline/78,2,24,bad,toward_good,False
baseline[good=above],baseline/78,3,24,good,toward_bad,False
baseline[good=above],baseline/78,4,24,bad,toward_good,False
baseline[good=above],baseline/78,5,24,bad,toward_good,False
baseline[good=above],baseline/78,6,24,good,toward_bad,False
baseline[good=above],baseline/78,7,24,good,toward_bad,False
baseline[good=above],baseline/78,8,24,good,toward_bad,False
baseline[good=above],baseline/78,9,24,bad,toward_good,False
baseline[good=above],baseline/78,10,24,good,toward_good,False
baseline[good=above],baseline/78,11,24,good,toward_bad,False
baseline[good=above],baseline/78,12,24,good,toward_bad,False
baseline[good=above],baseline/78,13,24,bad,toward_good,False
baseline[good=above],baseline/78,14,24,bad,toward_good,False
baseline[good=above],baseline/78,15,24,good,toward_bad,False
baseline[good=above],baseline/78,16,24,good,toward_good,False
baseline[good=above],baseline/78,17,24,good,toward_bad,False
baseline[good=above],baseline/78,18,24,good,toward_good,False
baseline[good=above],baseline/78,19,24,good,toward_bad,False
baseline[good=above],baseline/78,20,24,bad,toward_good,False
baseline[good=above],baseline/78,21,24,good,toward_bad,False
baseline[good=above],baseline/78,22,24,good,toward_bad,False
baseline[good=above],baseline/78,23,24,good,,True
baseline[good=below],baseline/78,0,24,good,toward_bad,False
baseline[good=below],baseline/78,1,24,bad,toward_good,False
baseline[good=below],baseline/78,2,24,good,toward_bad,False
baseline[good=below],baseline/78,3,24,bad,toward_good,False
baseline[good=below],baseline/78,4,24,good,toward_bad,False
baseline[good=below],baseline/78,5,24,good,toward_bad,False
baseline[good=below],baseline/78,6,24,bad,toward_good,False
baseline[good=below],baseline/78,7,24,bad,toward_good,False
baseline[good=below],baseline/78,8,24,bad,toward_good,False
baseline[good=below],baseline/78,9,24,good,toward_bad,False
baseline[good=below],baseline/78,10,24,bad,toward_bad,False
baseline[good=below],baseline/78,11,24,bad,toward_good,False
baseline[good=below],baseline/78,12,24,bad,toward_good,False
baseline[good=below],baseline/78,13,24,good,toward_bad,False
baseline[good=below],baseline/78,14,24,good,toward_bad,False
baseline[good=below],baseline/78,15,24,bad,toward_good,False
baseline[good=below],baseline/78,16,24,bad,toward_bad,False
baseline[good=below],baseline/78,17,24,bad,toward_good,False
baseline[good=below],baseline/78,18,24,bad,toward_bad,False
baseline[good=below],baseline/78,19,24,bad,toward_good,False
baseline[good=below],baseline/78,20,24,good,toward_bad,False
baseline[good=below],baseline/78,21,24,bad,toward_good,False
baseline[good=below],baseline/78,22,24,bad,toward_good,False
baseline[good=below],baseline/78,23,24,bad,,True
baseline[good=above],baseline/79,0,29,good,toward_bad,False
baseline[good=above],baseline/79,1,29,good,toward_good,False
baseline[good=above],baseline/79,2,29,good,toward_good,False
baseline[good=above],baseline/79,3,29,good,toward_good,False
baseline[good=above],baseline/79,4,29,good,toward_good,False
baseline[good=above],baseline/79,5,29,good,toward_bad,False
baseline[good=above],baseline/79,6,29,good,toward_bad,False
baseline[good=above],baseline/79,7,29,good,toward_bad,False
baseline[good=above],baseline/79,8,29,good,toward_bad,False
baseline[good=above],baseline/79,9,29,good,toward_bad,False
baseline[good=above],baseline/79,10,29,good,toward_good,False
baseline[good=above],baseline/79,11,29,good,toward_good,False
baseline[good=above],baseline/79,12,29,good,toward_good,False
baseline[good=above],baseline/79,13,29,good,toward_bad,False
baseline[good=above],baseline/79,14,29,good,toward_bad,False
baseline[good=above],baseline/79,15,29,good,toward_good,False
baseline[good=above],baseline/79,16,29,good,toward_good,False
baseline[good=above],baseline/79,17,29,good,toward_bad,False
baseline[good=above],baseline/79,18,29,good,toward_bad,False
baseline[good=above],baseline/79,19,29,good,toward_good,False
baseline[good=above],baseline/79,20,29,good,toward_bad,False
baseline[good=above],baseline/79,21,29,good,toward_good,False
baseline[good=above],baseline/79,22,29,good,toward_good,False
baseline[good=above],baseline/79,23,29,good,toward_bad,False
baseline[good=above],baseline/79,24,29,good,toward_good,False
baseline[good=above],baseline/79,25,29,good,toward_bad,False
baseline[good=above],baseline/79,26,29,good,toward_good,False
baseline[good=above],baseline/79,27,29,good,toward_good,False
baseline[good=above],baseline/79,28,29,good,,True
baseline[good=below],baseline/79,0,29,bad,toward_good,False
baseline[good=below],baseline/79,1,29,bad,toward_bad,False
baseline[good=below],baseline/79,2,29,bad,toward_bad,False
baseline[good=below],baseline/79,3,29,bad,toward_bad,False
baseline[good=below],baseline/79,4,29,bad,toward_bad,False
baseline[good=below],baseline/79,5,29,bad,toward_good,False
baseline[good=below],baseline/79,6,29,bad,toward_good,False
baseline[good=below],baseline/79,7,29,bad,toward_good,False
baseline[good=below],baseline/79,8,29,bad,toward_good,False
baseline[good=below],baseline/79,9,29,bad,toward_good,False
baseline[good=below],baseline/79,10,29,bad,toward_bad,False
baseline[good=below],baseline/79,11,29,bad,toward_bad,False
baseline[good=below],baseline/79,12,29,bad,toward_bad,False
baseline[good=below],baseline/79,13,29,bad,toward_good,False
baseline[good=below],baseline/79,14,29,bad,toward_good,False
baseline[good=below],baseline/79,15,29,bad,toward_bad,False
baseline[good=below],baseline/79,16,29,bad,toward_bad,False
baseline[good=below],baseline/79,17,29,bad,toward_good,False
baseline[good=below],baseline/79,18,29,bad,toward_good,False
baseline[good=below],baseline/79,19,29,bad,toward_bad,False
baseline[good=below],baseline/79,20,29,bad,toward_good,False
baseline[good=below],baseline/79,21,29,bad,toward_bad,False
baseline[good=below],baseline/79,22,29,bad,toward_bad,False
baseline[good=below],baseline/79,23,29,bad,toward_good,False
baseline[good=below],baseline/79,24,29,bad,toward_bad,False
baseline[good=below],baseline/79,25,29,bad,toward_good,False
baseline[good=below],baseline/79,26,29,bad,toward_bad,False
baseline[good=below],baseline/79,27,29,bad,toward_bad,False
baseline[good=below],baseline/79,28,29,bad,,True
baseline[good=above],baseline/80,0,3,bad,toward_bad,False
baseline[good=above],baseline/80,1,3,bad,toward_bad,False
baseline[good=above],baseline/80,2,3,bad,,True
baseline[good=below],baseline/80,0,3,good,toward_good,False
baseline[good=below],baseline/80,1,3,good,toward_good,False
baseline[good=below],baseline/80,2,3,good,,True
baseline[good=above],baseline/81,0,10,bad,toward_good,False
baseline[good=above],baseline/81,1,10,bad,toward_good,False
baseline[good=above],baseline/81,2,10,bad,toward_bad,False
baseline[good=above],baseline/81,3,10,bad,toward_good,False
baseline[good=above],baseline/81,4,10,bad,toward_bad,False
baseline[good=above],baseline/81,5,10,bad,toward_bad,False
baseline[good=above],baseline/81,6,10,bad,toward_good,False
baseline[good=above],baseline/81,7,10,bad,toward_bad,False
baseline[good=above],baseline/81,8,10,bad,toward_good,False
baseline[good=above],baseline/81,9,10,bad,,True
baseline[good=below],baseline/81,0,10,good,toward_bad,False
baseline[good=below],baseline/81,1,10,good,toward_bad,False
baseline[good=below],baseline/81,2,10,good,toward_good,False
baseline[good=below],baseline/81,3,10,good,toward_bad,False
baseline[good=below],baseline/81,4,10,good,toward_good,False
baseline[good=below],baseline/81,5,10,good,toward_good,False
baseline[good=below],baseline/81,6,10,good,toward_bad,False
baseline[good=below],baseline/81,7,10,good,toward_good,False
baseline[good=below],baseline/81,8,10,good,toward_bad,False
baseline[good=below],baseline/81,9,10,good,,True
baseline[good=above],baseline/82,0,1,bad,,True
baseline[good=below],baseline/82,0,1,good,,True
baseline[good=above],baseline/83,0,1,bad,,True
baseline[good=below],baseline/83,0,1,good,,True
baseline[good=above],baseline/84,0,12,bad,toward_bad,False
baseline[good=above],baseline/84,1,12,bad,toward_bad,False
baseline[good=above],baseline/84,2,12,bad,toward_good,False
baseline[good=above],baseline/84,3,12,bad,toward_good,False
baseline[good=above],baseline/84,4,12,bad,toward_bad,False
baseline[good=above],baseline/84,5,12,bad,toward_bad,False
baseline[good=above],baseline/84,6,12,bad,toward_good,False
baseline[good=above],baseline/84,7,12,bad,toward_bad,False
baseline[good=above],baseline/84,8,12,bad,toward_good,False
baseline[good=above],baseline/84,9,12,bad,toward_bad,False
baseline[good=above],baseline/84,10,12,bad,toward_good,False
baseline[good=above],baseline/84,11,12,bad,,True
baseline[good=below],baseline/84,0,12,good,toward_good,False
baseline[good=below],baseline/84,1,12,good,toward_good,False
baseline[good=below],baseline/84,2,12,good,toward_bad,False
baseline[good=below],baseline/84,3,12,good,toward_bad,False
baseline[good=below],baseline/84,4,12,good,toward_good,False
baseline[good=below],baseline/84,5,12,good,toward_good,False
baseline[good=below],baseline/84,6,12,good,toward_bad,False
baseline[good=below],baseline/84,7,12,good,toward_good,False
baseline[good=below],baseline/84,8,12,good,toward_bad,False
baseline[good=below],baseline/84,9,12,good,toward_good,False
baseline[good=below],baseline/84,10,12,good,toward_bad,False
baseline[good=below],baseline/84,11,12,good,,True
baseline[good=above],baseline/85,0,16,bad,toward_bad,False
baseline[good=above],baseline/85,1,16,bad,toward_bad,False
baseline[good=above],baseline/85,2,16,bad,toward_good,False
baseline[good=above],baseline/85,3,16,good,toward_bad,False
baseline[good=above],baseline/85,4,16,good,toward_good,False
baseline[good=above],baseline/85,5,16,good,toward_bad,False
baseline[good=above],baseline/85,6,16,good,toward_bad,False
baseline[good=above],baseline/85,7,16,good,toward_bad,False
baseline[good=above],baseline/85,8,16,good,toward_bad,False
baseline[good=above],baseline/85,9,16,bad,toward_good,False
baseline[good=above],baseline/85,10,16,bad,toward_bad,False
baseline[good=above],baseline/85,11,16,bad,toward_good,False
baseline[good=above],baseline/85,12,16,good,toward_bad,False
baseline[good=above],baseline/85,13,16,good,toward_bad,False
baseline[good=above],baseline/85,14,16,bad,toward_good,False
baseline[good=above],baseline/85,15,16,good,,True
baseline[good=below],baseline/85,0,16,good,toward_good,False
baseline[good=below],baseline/85,1,16,good,toward_good,False
baseline[good=below],baseline/85,2,16,good,toward_bad,False
baseline[good=below],baseline/85,3,16,bad,toward_good,False
baseline[good=below],baseline/85,4,16,bad,toward_bad,False
baseline[good=below],baseline/85,5,16,bad,toward_good,False
baseline[good=below],baseline/85,6,16,bad,toward_good,False
baseline[good=below],baseline/85,7,16,bad,toward_good,False
baseline[good=below],baseline/85,8,16,bad,toward_good,False
baseline[good=below],baseline/85,9,16,good,toward_bad,False
baseline[good=below],baseline/85,10,16,good,toward_good,False
baseline[good=below],baseline/85,11,16,good,toward_bad,False
baseline[good=below],baseline/85,12,16,bad,toward_good,False
baseline[good=below],baseline/85,13,16,bad,toward_good,False
baseline[good=below],baseline/85,14,16,good,toward_bad,False
baseline[good=below],baseline/85,15,16,bad,,True
baseline[good=above],baseline/87,0,8,bad,toward_bad,False
baseline[good=above],baseline/87,1,8,bad,toward_good,False
baseline[good=above],baseline/87,2,8,bad,toward_bad,False
baseline[good=above],baseline/87,3,8,bad,toward_good,False
baseline[good=above],baseline/87,4,8,bad,toward_good,False
baseline[good=above],baseline/87,5,8,bad,toward_bad,False
baseline[good=above],baseline/87,6,8,bad,toward_bad,False
baseline[good=above],baseline/87,7,8,bad,,True
baseline[good=below],baseline/87,0,8,good,toward_good,False
baseline[good=below],baseline/87,1,8,good,toward_bad,False
baseline[good=below],baseline/87,2,8,good,toward_good,False
baseline[good=below],baseline/87,3,8,good,toward_bad,False
baseline[good=below],baseline/87,4,8,good,toward_bad,False
baseline[good=below],baseline/87,5,8,good,toward_good,False
baseline[good=below],baseline/87,6,8,good,toward_good,False
baseline[good=below],baseline/87,7,8,good,,True
baseline[good=above],baseline/88,0,7,good,toward_bad,False
baseline[good=above],baseline/88,1,7,good,toward_bad,False
baseline[good=above],baseline/88,2,7,good,toward_good,False
baseline[good=above],baseline/88,3,7,good,toward_good,False
baseline[good=above],baseline/88,4,7,good,toward_good,False
baseline[good=above],baseline/88,5,7,good,toward_bad,False
baseline[good=above],baseline/88,6,7,good,,True
baseline[good=below],baseline/88,0,7,bad,toward_good,False
baseline[good=below],baseline/88,1,7,bad,toward_good,False
baseline[good=below],baseline/88,2,7,bad,toward_bad,False
baseline[good=below],baseline/88,3,7,bad,toward_bad,False
baseline[good=below],baseline/88,4,7,bad,toward_bad,False
baseline[good=below],baseline/88,5,7,bad,toward_good,False
baseline[good=below],baseline/88,6,7,bad,,True
baseline[good=above],baseline/89,0,36,bad,toward_good,False
baseline[good=above],baseline/89,1,36,bad,toward_bad,False
baseline[good=above],baseline/89,2,36,bad,toward_good,False
baseline[good=above],baseline/89,3,36,bad,toward_bad,False
baseline[good=above],baseline/89,4,36,bad,toward_good,False
baseline[good=above],baseline/89,5,36,bad,toward_bad,False
baseline[good=above],baseline/89,6,36,bad,toward_good,False
baseline[good=above],baseline/89,7,36,bad,toward_good,False
baseline[good=above],baseline/89,8,36,bad,toward_bad,False
baseline[good=above],baseline/89,9,36,bad,toward_bad,False
baseline[good=above],baseline/89,10,36,bad,toward_bad,False
baseline[good=above],baseline/89,11,36,bad,toward_good,False
baseline[good=above],baseline/89,12,36,bad,toward_bad,False
baseline[good=above],baseline/89,13,36,bad,toward_good,False
baseline[good=above],baseline/89,14,36,bad,toward_good,False
baseline[good=above],baseline/89,15,36,bad,toward_bad,False
baseline[good=above],baseline/89,16,36,bad,toward_good,False
baseline[good=above],baseline/89,17,36,bad,toward_good,False
baseline[good=above],baseline/89,18,36,bad,toward_good,False
baseline[good=above],baseline/89,19,36,bad,toward_bad,False
baseline[good=above],baseline/89,20,36,bad,toward_bad,False
baseline[good=above],baseline/89,21,36,bad,toward_good,False
baseline[good=above],baseline/89,22,36,bad,toward_good,False
baseline[good=above],baseline/89,23,36,bad,toward_bad,False
baseline[good=above],baseline/89,24,36,bad,toward_bad,False
baseline[good=above],baseline/89,25,36,bad,toward_good,False
baseline[good=above],baseline/89,26,36,bad,toward_good,False
baseline[good=above],baseline/89,27,36,bad,toward_good,False
baseline[good=above],baseline/89,28,36,bad,toward_good,False
baseline[good=above],baseline/89,29,36,bad,toward_good,False
baseline[good=above],baseline/89,30,36,bad,toward_bad,False
baseline[good=above],baseline/89,31,36,bad,toward_good,False
baseline[good=above],baseline/89,32,36,bad,toward_good,False
baseline[good=above],baseline/89,33,36,bad,toward_good,False
baseline[good=above],baseline/89,34,36,bad,toward_bad,False
baseline[good=above],baseline/89,35,36,bad,,True
baseline[good=below],baseline/89,0,36,good,toward_bad,False
baseline[good=below],baseline/89,1,36,good,toward_good,False
baseline[good=below],baseline/89,2,36,good,toward_bad,False
baseline[good=below],baseline/89,3,36,good,toward_good,False
baseline[good=below],baseline/89,4,36,good,toward_bad,False
baseline[good=below],baseline/89,5,36,good,toward_good,False
baseline[good=below],baseline/89,6,36,good,toward_bad,False
baseline[good=below],baseline/89,7,36,good,toward_bad,False
baseline[good=below],baseline/89,8,36,good,toward_good,False
baseline[good=below],baseline/89,9,36,good,toward_good,False
baseline[good=below],baseline/89,10,36,good,toward_good,False
baseline[good=below],baseline/89,11,36,good,toward_bad,False
baseline[good=below],baseline/89,12,36,good,toward_good,False
baseline[good=below],baseline/89,13,36,good,toward_bad,False
baseline[good=below],baseline/89,14,36,good,toward_bad,False
baseline[good=below],baseline/89,15,36,good,toward_good,False
baseline[good=below],baseline/89,16,36,good,toward_bad,False
baseline[good=below],baseline/89,17,36,good,toward_bad,False
baseline[good=below],baseline/89,18,36,good,toward_bad,False
baseline[good=below],baseline/89,19,36,good,toward_good,False
baseline[good=below],baseline/89,20,36,good,toward_good,False
baseline[good=below],baseline/89,21,36,good,toward_bad,False
baseline[good=below],baseline/89,22,36,good,toward_bad,False
baseline[good=below],baseline/89,23,36,good,toward_good,False
baseline[good=below],baseline/89,24,36,good,toward_good,False
baseline[good=below],baseline/89,25,36,good,toward_bad,False
baseline[good=below],baseline/89,26,36,good,toward_bad,False
baseline[good=below],baseline/89,27,36,good,toward_bad,False
baseline[good=below],baseline/89,28,36,good,toward_bad,False
baseline[good=below],baseline/89,29,36,good,toward_bad,False
baseline[good=below],baseline/89,30,36,good,toward_good,False
baseline[good=below],baseline/89,31,36,good,toward_bad,False
baseline[good=below],baseline/89,32,36,good,toward_bad,False
baseline[good=below],baseline/89,33,36,good,toward_bad,False
baseline[good=below],baseline/89,34,36,good,toward_good,False
baseline[good=below],baseline/89,35,36,good,,True
baseline[good=above],baseline/90,0,15,good,toward_good,False
baseline[good=above],baseline/90,1,15,good,toward_good,False
baseline[good=above],baseline/90,2,15,good,toward_bad,False
baseline[good=above],baseline/90,3,15,bad,toward_good,False
baseline[good=above],baseline/90,4,15,good,toward_good,False
baseline[good=above],baseline/90,5,15,good,toward_bad,False
baseline[good=above],baseline/90,6,15,good,toward_bad,False
baseline[good=above],baseline/90,7,15,good,toward_bad,False
baseline[good=above],baseline/90,8,15,bad,toward_good,False
baseline[good=above],baseline/90,9,15,good,toward_bad,False
baseline[good=above],baseline/90,10,15,bad,toward_good,False
baseline[good=above],baseline/90,11,15,good,toward_good,False
baseline[good=above],baseline/90,12,15,good,toward_good,False
baseline[good=above],baseline/90,13,15,good,toward_good,False
baseline[good=above],baseline/90,14,15,good,,True
baseline[good=below],baseline/90,0,15,bad,toward_bad,False
baseline[good=below],baseline/90,1,15,bad,toward_bad,False
baseline[good=below],baseline/90,2,15,bad,toward_good,False
baseline[good=below],baseline/90,3,15,good,toward_bad,False
baseline[good=below],baseline/90,4,15,bad,toward_bad,False
baseline[good=below],baseline/90,5,15,bad,toward_good,False
baseline[good=below],baseline/90,6,15,bad,toward_good,False
baseline[good=below],baseline/90,7,15,bad,toward_good,False
baseline[good=below],baseline/90,8,15,good,toward_bad,False
baseline[good=below],baseline/90,9,15,bad,toward_good,False
baseline[good=below],baseline/90,10,15,good,toward_bad,False
baseline[good=below],baseline/90,11,15,bad,toward_bad,False
baseline[good=below],baseline/90,12,15,bad,toward_bad,False
baseline[good=below],baseline/90,13,15,bad,toward_bad,False
baseline[good=below],baseline/90,14,15,bad,,True
baseline[good=above],baseline/91,0,18,bad,toward_bad,False
baseline[good=above],baseline/91,1,18,bad,toward_bad,False
baseline[good=above],baseline/91,2,18,bad,toward_good,False
baseline[good=above],baseline/91,3,18,bad,toward_good,False
baseline[good=above],baseline/91,4,18,bad,toward_bad,False
baseline[good=above],baseline/91,5,18,bad,toward_bad,False
baseline[good=above],baseline/91,6,18,bad,toward_good,False
baseline[good=above],baseline/91,7,18,bad,toward_good,False
baseline[good=above],baseline/91,8,18,bad,toward_good,False
baseline[good=above],baseline/91,9,18,bad,toward_bad,False
baseline[good=above],baseline/91,10,18,bad,toward_bad,False
baseline[good=above],baseline/91,11,18,bad,toward_good,False
baseline[good=above],baseline/91,12,18,bad,toward_bad,False
baseline[good=above],baseline/91,13,18,bad,toward_bad,False
baseline[good=above],baseline/91,14,18,bad,toward_good,False
baseline[good=above],baseline/91,15,18,bad,toward_good,False
baseline[good=above],baseline/91,16,18,bad,toward_bad,False
baseline[good=above],baseline/91,17,18,bad,,True
baseline[good=below],baseline/91,0,18,good,toward_good,False
baseline[good=below],baseline/91,1,18,good,toward_good,False
baseline[good=below],baseline/91,2,18,good,toward_bad,False
baseline[good=below],baseline/91,3,18,good,toward_bad,False
baseline[good=below],baseline/91,4,18,good,toward_good,False
baseline[good=below],baseline/91,5,18,good,toward_good,False
baseline[good=below],baseline/91,6,18,good,toward_bad,False
baseline[good=below],baseline/91,7,18,good,toward_bad,False
baseline[good=below],baseline/91,8,18,good,toward_bad,False
baseline[good=below],baseline/91,9,18,good,toward_good,False
baseline[good=below],baseline/91,10,18,good,toward_good,False
baseline[good=below],baseline/91,11,18,good,toward_bad,False
baseline[good=below],baseline/91,12,18,good,toward_good,False
baseline[good=below],baseline/91,13,18,good,toward_good,False
baseline[good=below],baseline/91,14,18,good,toward_bad,False
baseline[good=below],baseline/91,15,18,good,toward_bad,False
baseline[good=below],baseline/91,16,18,good,toward_good,False
baseline[good=below],baseline/91,17,18,good,,True
baseline[good=above],baseline/92,0,26,bad,toward_bad,False
baseline[good=above],baseline/92,1,26,bad,toward_good,False
baseline[good=above],baseline/92,2,26,bad,toward_good,False
baseline[good=above],baseline/92,3,26,bad,toward_bad,False
baseline[good=above],baseline/92,4,26,bad,toward_good,False
baseline[good=above],baseline/92,5,26,bad,toward_good,False
baseline[good=above],baseline/92,6,26,bad,toward_bad,False
baseline[good=above],baseline/92,7,26,bad,toward_bad,False
baseline[good=above],baseline/92,8,26,bad,toward_bad,False
baseline[good=above],baseline/92,9,26,bad,toward_bad,False
baseline[good=above],baseline/92,10,26,bad,toward_bad,False
baseline[good=above],baseline/92,11,26,bad,toward_good,False
baseline[good=above],baseline/92,12,26,bad,toward_bad,False
baseline[good=above],baseline/92,13,26,bad,toward_bad,False
baseline[good=above],baseline/92,14,26,bad,toward_good,False
baseline[good=above],baseline/92,15,26,bad,toward_good,False
baseline[good=above],baseline/92,16,26,bad,toward_bad,False
baseline[good=above],baseline/92,17,26,bad,toward_bad,False
baseline[good=above],baseline/92,18,26,bad,toward_good,False
baseline[good=above],baseline/92,19,26,bad,toward_bad,False
baseline[good=above],baseline/92,20,26,bad,toward_good,False
baseline[good=above],baseline/92,21,26,bad,toward_bad,False
baseline[good=above],baseline/92,22,26,bad,toward_good,False
baseline[good=above],baseline/92,23,26,bad,toward_good,False
baseline[good=above],baseline/92,24,26,bad,toward_bad,False
baseline[good=above],baseline/92,25,26,bad,,True
baseline[good=below],baseline/92,0,26,good,toward_good,False
baseline[good=below],baseline/92,1,26,good,toward_bad,False
baseline[good=below],baseline/92,2,26,good,toward_bad,False
baseline[good=below],baseline/92,3,26,good,toward_good,False
baseline[good=below],baseline/92,4,26,good,toward_bad,False
baseline[good=below],baseline/92,5,26,good,toward_bad,False
baseline[good=below],baseline/92,6,26,good,toward_good,False
baseline[good=below],baseline/92,7,26,good,toward_good,False
baseline[good=below],baseline/92,8,26,good,toward_good,False
baseline[good=below],baseline/92,9,26,good,toward_good,False
baseline[good=below],baseline/92,10,26,good,toward_good,False
baseline[good=below],baseline/92,11,26,good,toward_bad,False
baseline[good=below],baseline/92,12,26,good,toward_good,False
baseline[good=below],baseline/92,13,26,good,toward_good,False
baseline[good=below],baseline/92,14,26,good,toward_bad,False
baseline[good=below],baseline/92,15,26,good,toward_bad,False
baseline[good=below],baseline/92,16,26,good,toward_good,False
baseline[good=below],baseline/92,17,26,good,toward_good,False
baseline[good=below],baseline/92,18,26,good,toward_bad,False
baseline[good=below],baseline/92,19,26,good,toward_good,False
baseline[good=below],baseline/92,20,26,good,toward_bad,False
baseline[good=below],baseline/92,21,26,good,toward_good,False
baseline[good=below],baseline/92,22,26,good,toward_bad,False
baseline[good=below],baseline/92,23,26,good,toward_bad,False
baseline[good=below],baseline/92,24,26,good,toward_good,False
baseline[good=below],baseline/92,25,26,good,,True
baseline[good=above],baseline/93,0,19,bad,toward_bad,False
baseline[good=above],baseline/93,1,19,bad,toward_good,False
baseline[good=above],baseline/93,2,19,bad,toward_good,False
baseline[good=above],baseline/93,3,19,bad,toward_bad,False
baseline[good=above],baseline/93,4,19,bad,toward_good,False
baseline[good=above],baseline/93,5,19,bad,toward_bad,False
baseline[good=above],baseline/93,6,19,bad,toward_bad,False
baseline[good=above],baseline/93,7,19,bad,toward_bad,False
baseline[good=above],baseline/93,8,19,bad,toward_bad,False
baseline[good=above],baseline/93,9,19,bad,toward_good,False
baseline[good=above],baseline/93,10,19,bad,toward_good,False
baseline[good=above],baseline/93,11,19,bad,toward_bad,False
baseline[good=above],baseline/93,12,19,bad,toward_good,False
baseline[good=above],baseline/93,13,19,bad,toward_good,False
baseline[good=above],baseline/93,14,19,bad,toward_bad,False
baseline[good=above],baseline/93,15,19,bad,toward_bad,False
baseline[good=above],baseline/93,16,19,bad,toward_good,False
baseline[good=above],baseline/93,17,19,bad,toward_bad,False
baseline[good=above],baseline/93,18,19,bad,,True
baseline[good=below],baseline/93,0,19,good,toward_good,False
baseline[good=below],baseline/93,1,19,good,toward_bad,False
baseline[good=below],baseline/93,2,19,good,toward_bad,False
baseline[good=below],baseline/93,3,19,good,toward_good,False
baseline[good=below],baseline/93,4,19,good,toward_bad,False
baseline[good=below],baseline/93,5,19,good,toward_good,False
baseline[good=below],baseline/93,6,19,good,toward_good,False
baseline[good=below],baseline/93,7,19,good,toward_good,False
baseline[good=below],baseline/93,8,19,good,toward_good,False
baseline[good=below],baseline/93,9,19,good,toward_bad,False
baseline[good=below],baseline/93,10,19,good,toward_bad,False
baseline[good=below],baseline/93,11,19,good,toward_good,False
baseline[good=below],baseline/93,12,19,good,toward_bad,False
baseline[good=below],baseline/93,13,19,good,toward_bad,False
baseline[good=below],baseline/93,14,19,good,toward_good,False
baseline[good=below],baseline/93,15,19,good,toward_good,False
baseline[good=below],baseline/93,16,19,good,toward_bad,False
baseline[good=below],baseline/93,17,19,good,toward_good,False
baseline[good=below],baseline/93,18,19,good,,True
baseline[good=above],baseline/96,0,17,good,toward_bad,False
baseline[good=above],baseline/96,1,17,good,toward_bad,False
baseline[good=above],baseline/96,2,17,good,toward_bad,False
baseline[good=above],baseline/96,3,17,good,toward_good,False
baseline[good=above],baseline/96,4,17,good,toward_good,False
baseline[good=above],baseline/96,5,17,good,toward_bad,False
baseline[good=above],baseline/96,6,17,good,toward_good,False
baseline[good=above],baseline/96,7,17,good,toward_good,False
baseline[good=above],baseline/96,8,17,good,toward_good,False
baseline[good=above],baseline/96,9,17,good,toward_bad,False
baseline[good=above],baseline/96,10,17,good,toward_good,False
baseline[good=above],baseline/96,11,17,good,toward_bad,False
baseline[good=above],baseline/96,12,17,good,toward_bad,False
baseline[good=above],baseline/96,13,17,good,toward_good,False
baseline[good=above],baseline/96,14,17,good,toward_good,False
baseline[good=above],baseline/96,15,17,good,toward_good,False
baseline[good=above],baseline/96,16,17,good,,True
baseline[good=below],baseline/96,0,17,bad,toward_good,False
baseline[good=below],baseline/96,1,17,bad,toward_good,False
baseline[good=below],baseline/96,2,17,bad,toward_good,False
baseline[good=below],baseline/96,3,17,bad,toward_bad,False
baseline[good=below],baseline/96,4,17,bad,toward_bad,False
baseline[good=below],baseline/96,5,17,bad,toward_good,False
baseline[good=below],baseline/96,6,17,bad,toward_bad,False
baseline[good=below],baseline/96,7,17,bad,toward_bad,False
baseline[good=below],baseline/96,8,17,bad,toward_bad,False
baseline[good=below],baseline/96,9,17,bad,toward_good,False
baseline[good=below],baseline/96,10,17,bad,toward_bad,False
baseline[good=below],baseline/96,11,17,bad,toward_good,False
baseline[good=below],baseline/96,12,17,bad,toward_good,False
baseline[good=below],baseline/96,13,17,bad,toward_bad,False
baseline[good=below],baseline/96,14,17,bad,toward_bad,False
baseline[good=below],baseline/96,15,17,bad,toward_bad,False
baseline[good=below],baseline/96,16,17,bad,,True
baseline[good=above],baseline/97,0,20,bad,toward_good,False
baseline[good=above],baseline/97,1,20,bad,toward_bad,False
baseline[good=above],baseline/97,2,20,bad,toward_good,False
baseline[good=above],baseline/97,3,20,bad,toward_good,False
baseline[good=above],baseline/97,4,20,bad,toward_bad,False
baseline[good=above],baseline/97,5,20,bad,toward_good,False
baseline[good=above],baseline/97,6,20,bad,toward_bad,False
baseline[good=above],baseline/97,7,20,bad,toward_good,False
baseline[good=above],baseline/97,8,20,bad,toward_bad,False
baseline[good=above],baseline/97,9,20,bad,toward_bad,False
baseline[good=above],baseline/97,10,20,bad,toward_good,False
baseline[good=above],baseline/97,11,20,bad,toward_bad,False
baseline[good=above],baseline/97,12,20,bad,toward_good,False
baseline[good=above],baseline/97,13,20,bad,toward_good,False
baseline[good=above],baseline/97,14,20,bad,toward_bad,False
baseline[good=above],baseline/97,15,20,bad,toward_bad,False
baseline[good=above],baseline/97,16,20,bad,toward_bad,False
baseline[good=above],baseline/97,17,20,bad,toward_good,False
baseline[good=above],baseline/97,18,20,bad,toward_good,False
baseline[good=above],baseline/97,19,20,bad,,True
baseline[good=below],baseline/97,0,20,good,toward_bad,False
baseline[good=below],baseline/97,1,20,good,toward_good,False
baseline[good=below],baseline/97,2,20,good,toward_bad,False
baseline[good=below],baseline/97,3,20,good,toward_bad,False
baseline[good=below],baseline/97,4,20,good,toward_good,False
baseline[good=below],baseline/97,5,20,good,toward_bad,False
baseline[good=below],baseline/97,6,20,good,toward_good,False
baseline[good=below],baseline/97,7,20,good,toward_bad,False
baseline[good=below],baseline/97,8,20,good,toward_good,False
baseline[good=below],baseline/97,9,20,good,toward_good,False
baseline[good=below],baseline/97,10,20,good,toward_bad,False
baseline[good=below],baseline/97,11,20,good,toward_good,False
baseline[good=below],baseline/97,12,20,good,toward_bad,False
baseline[good=below],baseline/97,13,20,good,toward_bad,False
baseline[good=below],baseline/97,14,20,good,toward_good,False
baseline[good=below],baseline/97,15,20,good,toward_good,False
baseline[good=below],baseline/97,16,20,good,toward_good,False
baseline[good=below],baseline/97,17,20,good,toward_bad,False
baseline[good=below],baseline/97,18,20,good,toward_bad,False
baseline[good=below],baseline/97,19,20,good,,True
baseline[good=above],baseline/99,0,24,bad,toward_good,False
baseline[good=above],baseline/99,1,24,bad,toward_bad,False
baseline[good=above],baseline/99,2,24,bad,toward_bad,False
baseline[good=above],baseline/99,3,24,bad,toward_good,False
baseline[good=above],baseline/99,4,24,bad,toward_bad,False
baseline[good=above],baseline/99,5,24,bad,toward_good,False
baseline[good=above],baseline/99,6,24,bad,toward_bad,False
baseline[good=above],baseline/99,7,24,bad,toward_good,False
baseline[good=above],baseline/99,8,24,bad,toward_good,False
baseline[good=above],baseline/99,9,24,bad,toward_good,False
baseline[good=above],baseline/99,10,24,bad,toward_bad,False
baseline[good=above],baseline/99,11,24,bad,toward_good,False
baseline[good=above],baseline/99,12,24,bad,toward_good,False
baseline[good=above],baseline/99,13,24,bad,toward_bad,False
baseline[good=above],baseline/99,14,24,bad,toward_bad,False
baseline[good=above],baseline/99,15,24,bad,toward_good,False
baseline[good=above],baseline/99,16,24,bad,toward_bad,False
baseline[good=above],baseline/99,17,24,bad,toward_good,False
baseline[good=above],baseline/99,18,24,bad,toward_bad,False
baseline[good=above],baseline/99,19,24,bad,toward_good,False
baseline[good=above],baseline/99,20,24,bad,toward_bad,False
baseline[good=above],baseline/99,21,24,bad,toward_good,False
baseline[good=above],baseline/99,22,24,bad,toward_good,False
baseline[good=above],baseline/99,23,24,bad,,True
baseline[good=below],baseline/99,0,24,good,toward_bad,False
baseline[good=below],baseline/99,1,24,good,toward_good,False
baseline[good=below],baseline/99,2,24,good,toward_good,False
baseline[good=below],baseline/99,3,24,good,toward_bad,False
baseline[good=below],baseline/99,4,24,good,toward_good,False
baseline[good=below],baseline/99,5,24,good,toward_bad,False
baseline[good=below],baseline/99,6,24,good,toward_good,False
baseline[good=below],baseline/99,7,24,good,toward_bad,False
baseline[good=below],baseline/99,8,24,good,toward_bad,False
baseline[good=below],baseline/99,9,24,good,toward_bad,False
baseline[good=below],baseline/99,10,24,good,toward_good,False
baseline[good=below],baseline/99,11,24,good,toward_bad,False
baseline[good=below],baseline/99,12,24,good,toward_bad,False
baseline[good=below],baseline/99,13,24,good,toward_good,False
baseline[good=below],baseline/99,14,24,good,toward_good,False
baseline[good=below],baseline/99,15,24,good,toward_bad,False
baseline[good=below],baseline/99,16,24,good,toward_good,False
baseline[good=below],baseline/99,17,24,good,toward_bad,False
baseline[good=below],baseline/99,18,24,good,toward_good,False
baseline[good=below],baseline/99,19,24,good,toward_bad,False
baseline[good=below],baseline/99,20,24,good,toward_good,False
baseline[good=below],baseline/99,21,24,good,toward_bad,False
baseline[good=below],baseline/99,22,24,good,toward_bad,False
baseline[good=below],baseline/99,23,24,good,,True
below_good,below_good/0,0,1,good,,True
below_good,below_good/1,0,8,bad,toward_bad,False
below_good,below_good/1,1,8,bad,toward_good,False
below_good,below_good/1,2,8,bad,toward_good,False
below_good,below_good/1,3,8,bad,toward_good,False
below_good,below_good/1,4,8,good,toward_good,False
below_good,below_good/1,5,8,good,toward_good,False
below_good,below_good/1,6,8,good,toward_bad,False
below_good,below_good/1,7,8,good,,True
below_good,below_good/2,0,8,bad,toward_good,False
below_good,below_good/2,1,8,good,toward_bad,False
below_good,below_good/2,2,8,bad,toward_bad,False
below_good,below_good/2,3,8,bad,toward_good,False
below_good,below_good/2,4,8,bad,toward_bad,False
below_good,below_good/2,5,8,bad,toward_good,False
below_good,below_good/2,6,8,bad,toward_bad,False
below_good,below_good/2,7,8,bad,,True
below_good,below_good/3,0,1,good,,True
below_good,below_good/4,0,1,good,,True
below_good,below_good/5,0,8,good,toward_bad,False
below_good,below_good/5,1,8,bad,toward_bad,False
below_good,below_good/5,2,8,bad,toward_bad,False
below_good,below_good/5,3,8,bad,toward_bad,False
below_good,below_good/5,4,8,bad,toward_good,False
below_good,below_good/5,5,8,bad,toward_good,False
below_good,below_good/5,6,8,bad,toward_good,False
below_good,below_good/5,7,8,good,,True
below_good,below_good/6,0,4,good,toward_good,False
below_good,below_good/6,1,4,good,toward_bad,False
below_good,below_good/6,2,4,good,toward_good,False
below_good,below_good/6,3,4,good,,True
below_good,below_good/7,0,3,good,toward_bad,False
below_good,below_good/7,1,3,good,toward_good,False
below_good,below_good/7,2,3,good,,True
below_good,below_good/8,0,4,bad,toward_good,False
below_good,below_good/8,1,4,good,toward_bad,False
below_good,below_good/8,2,4,bad,toward_bad,False
below_good,below_good/8,3,4,bad,,True
below_good,below_good/9,0,30,good,toward_good,False
below_good,below_good/9,1,30,good,toward_bad,False
below_good,below_good/9,2,30,good,toward_bad,False
below_good,below_good/9,3,30,good,toward_good,False
below_good,below_good/9,4,30,good,toward_good,False
below_good,below_good/9,5,30,good,toward_bad,False
below_good,below_good/9,6,30,good,toward_bad,False
below_good,below_good/9,7,30,good,toward_good,False
below_good,below_good/9,8,30,good,toward_bad,False
below_good,below_good/9,9,30,good,toward_good,False
below_good,below_good/9,10,30,good,toward_bad,False
below_good,below_good/9,11,30,good,toward_good,False
below_good,below_good/9,12,30,good,toward_good,False
below_good,below_good/9,13,30,good,toward_bad,False
below_good,below_good/9,14,30,good,toward_good,False
below_good,below_good/9,15,30,good,toward_bad,False
below_good,below_good/9,16,30,good,toward_bad,False
below_good,below_good/9,17,30,good,toward_good,False
below_good,below_good/9,18,30,good,toward_good,False
below_good,below_good/9,19,30,good,toward_bad,False
below_good,below_good/9,20,30,good,toward_good,False
below_good,below_good/9,21,30,good,toward_good,False
below_good,below_good/9,22,30,good,toward_bad,False
below_good,below_good/9,23,30,good,toward_good,False
below_good,below_good/9,24,30,good,toward_bad,False
below_good,below_good/9,25,30,good,toward_bad,False
below_good,below_good/9,26,30,good,toward_bad,False
below_good,below_good/9,27,30,bad,toward_good,False
below_good,below_good/9,28,30,good,toward_good,False
below_good,below_good/9,29,30,good,,True
below_good,below_good/11,0,3,good,toward_bad,False
below_good,below_good/11,1,3,good,toward_good,False
below_good,below_good/11,2,3,good,,True
below_good,below_good/12,0,1,good,,True
below_good,below_good/13,0,5,good,toward_bad,False
below_good,below_good/13,1,5,good,toward_bad,False
below_good,below_good/13,2,5,good,toward_good,False
below_good,below_good/13,3,5,good,toward_bad,False
below_good,below_good/13,4,5,good,,True
below_good,below_good/15,0,27,good,toward_bad,False
below_good,below_good/15,1,27,bad,toward_good,False
below_good,below_good/15,2,27,good,toward_bad,False
below_good,below_good/15,3,27,good,toward_bad,False
below_good,below_good/15,4,27,good,toward_good,False
below_good,below_good/15,5,27,good,toward_good,False
below_good,below_good/15,6,27,good,toward_bad,False
below_good,below_good/15,7,27,good,toward_bad,False
below_good,below_good/15,8,27,good,toward_good,False
below_good,below_good/15,9,27,good,toward_bad,False
below_good,below_good/15,10,27,good,toward_good,False
below_good,below_good/15,11,27,good,toward_good,False
below_good,below_good/15,12,27,good,toward_bad,False
below_good,below_good/15,13,27,good,toward_good,False
below_good,below_good/15,14,27,good,toward_good,False
below_good,below_good/15,15,27,good,toward_good,False
below_good,below_good/15,16,27,good,toward_bad,False
below_good,below_good/15,17,27,good,toward_good,False
below_good,below_good/15,18,27,good,toward_bad,False
below_good,below_good/15,19,27,good,toward_bad,False
below_good,below_good/15,20,27,good,toward_good,False
below_good,below_good/15,21,27,good,toward_bad,False
below_good,below_good/15,22,27,good,toward_bad,False
below_good,below_good/15,23,27,good,toward_good,False
below_good,below_good/15,24,27,good,toward_bad,False
below_good,below_good/15,25,27,good,toward_bad,False
below_good,below_good/15,26,27,good,,True
below_good,below_good/16,0,18,good,toward_bad,False
below_good,below_good/16,1,18,bad,toward_good,False
below_good,below_good/16,2,18,good,toward_bad,False
below_good,below_good/16,3,18,bad,toward_good,False
below_good,below_good/16,4,18,good,toward_good,False
below_good,below_good/16,5,18,good,toward_bad,False
below_good,below_good/16,6,18,bad,toward_good,False
below_good,below_good/16,7,18,good,toward_bad,False
below_good,below_good/16,8,18,good,toward_bad,False
below_good,below_good/16,9,18,good,toward_good,False
below_good,below_good/16,10,18,good,toward_bad,False
below_good,below_good/16,11,18,good,toward_good,False
below_good,below_good/16,12,18,good,toward_bad,False
below_good,below_good/16,13,18,good,toward_bad,False
below_good,below_good/16,14,18,good,toward_good,False
below_good,below_good/16,15,18,good,toward_bad,False
below_good,below_good/16,16,18,good,toward_bad,False
below_good,below_good/16,17,18,good,,True
below_good,below_good/17,0,17,bad,toward_bad,False
below_good,below_good/17,1,17,bad,toward_good,False
below_good,below_good/17,2,17,bad,toward_bad,False
below_good,below_good/17,3,17,bad,toward_good,False
below_good,below_good/17,4,17,good,toward_bad,False
below_good,below_good/17,5,17,bad,toward_bad,False
below_good,below_good/17,6,17,bad,toward_good,False
below_good,below_good/17,7,17,bad,toward_good,False
below_good,below_good/17,8,17,bad,toward_good,False
below_good,below_good/17,9,17,bad,toward_good,False
below_good,below_good/17,10,17,bad,toward_bad,False
below_good,below_good/17,11,17,bad,toward_good,False
below_good,below_good/17,12,17,bad,toward_bad,False
below_good,below_good/17,13,17,bad,toward_good,False
below_good,below_good/17,14,17,bad,toward_good,False
below_good,below_good/17,15,17,bad,toward_bad,False
below_good,below_good/17,16,17,bad,,True
below_good,below_good/18,0,11,good,toward_bad,False
below_good,below_good/18,1,11,good,toward_bad,False
below_good,below_good/18,2,11,good,toward_good,False
below_good,below_good/18,3,11,good,toward_bad,False
below_good,below_good/18,4,11,good,toward_good,False
below_good,below_good/18,5,11,good,toward_good,False
below_good,below_good/18,6,11,good,toward_bad,False
below_good,below_good/18,7,11,good,toward_good,False
below_good,below_good/18,8,11,good,toward_bad,False
below_good,below_good/18,9,11,good,toward_good,False
below_good,below_good/18,10,11,good,,True
below_good,below_good/19,0,2,good,toward_bad,False
below_good,below_good/19,1,2,good,,True
below_good,below_good/20,0,1,bad,,True
below_good,below_good/21,0,1,bad,,True
below_good,below_good/22,0,1,good,,True
below_good,below_good/23,0,1,good,,True
below_good,below_good/24,0,21,good,toward_bad,False
below_good,below_good/24,1,21,bad,toward_good,False
below_good,below_good/24,2,21,good,toward_bad,False
below_good,below_good/24,3,21,good,toward_bad,False
below_good,below_good/24,4,21,good,toward_good,False
below_good,below_good/24,5,21,good,toward_bad,False
below_good,below_good/24,6,21,good,toward_bad,False
below_good,below_good/24,7,21,good,toward_good,False
below_good,below_good/24,8,21,good,toward_bad,False
below_good,below_good/24,9,21,good,toward_good,False
below_good,below_good/24,10,21,good,toward_bad,False
below_good,below_good/24,11,21,good,toward_bad,False
below_good,below_good/24,12,21,good,toward_good,False
below_good,below_good/24,13,21,good,toward_bad,False
below_good,below_good/24,14,21,good,toward_bad,False
below_good,below_good/24,15,21,good,toward_good,False
below_good,below_good/24,16,21,good,toward_bad,False
below_good,below_good/24,17,21,good,toward_good,False
below_good,below_good/24,18,21,good,toward_bad,False
below_good,below_good/24,19,21,good,toward_good,False
below_good,below_good/24,20,21,good,,True
below_good,below_good/25,0,9,good,toward_bad,False
below_good,below_good/25,1,9,good,toward_bad,False
below_good,below_good/25,2,9,good,toward_bad,False
below_good,below_good/25,3,9,good,toward_bad,False
below_good,below_good/25,4,9,bad,toward_bad,False
below_good,below_good/25,5,9,bad,toward_good,False
below_good,below_good/25,6,9,bad,toward_bad,False
below_good,below_good/25,7,9,bad,toward_good,False
below_good,below_good/25,8,9,good,,True
below_good,below_good/26,0,6,good,toward_bad,False
below_good,below_good/26,1,6,good,toward_good,False
below_good,below_good/26,2,6,good,toward_bad,False
below_good,below_good/26,3,6,good,toward_good,False
below_good,below_good/26,4,6,good,toward_bad,False
below_good,below_good/26,5,6,good,,True
below_good,below_good/27,0,10,good,toward_bad,False
below_good,below_good/27,1,10,good,toward_good,False
below_good,below_good/27,2,10,good,toward_good,False
below_good,below_good/27,3,10,good,toward_good,False
below_good,below_good/27,4,10,good,toward_bad,False
below_good,below_good/27,5,10,good,toward_bad,False
below_good,below_good/27,6,10,good,toward_bad,False
below_good,below_good/27,7,10,good,toward_good,False
below_good,below_good/27,8,10,good,toward_good,False
below_good,below_good/27,9,10,good,,True
below_good,below_good/28,0,1,good,,True
below_good,below_good/29,0,1,good,,True
below_good,below_good/30,0,1,good,,True
below_good,below_good/31,0,1,bad,,True
below_good,below_good/32,0,38,bad,toward_good,False
below_good,below_good/32,1,38,good,toward_bad,False
below_good,below_good/32,2,38,bad,toward_good,False
below_good,below_good/32,3,38,bad,toward_bad,False
below_good,below_good/32,4,38,bad,toward_good,False
below_good,below_good/32,5,38,good,toward_bad,False
below_good,below_good/32,6,38,good,toward_bad,False
below_good,below_good/32,7,38,good,toward_good,False
below_good,below_good/32,8,38,good,toward_bad,False
below_good,below_good/32,9,38,bad,toward_good,False
below_good,below_good/32,10,38,good,toward_bad,False
below_good,below_good/32,11,38,good,toward_good,False
below_good,below_good/32,12,38,good,toward_bad,False
below_good,below_good/32,13,38,good,toward_bad,False
below_good,below_good/32,14,38,good,toward_bad,False
below_good,below_good/32,15,38,good,toward_bad,False
below_good,below_good/32,16,38,good,toward_good,False
below_good,below_good/32,17,38,good,toward_bad,False
below_good,below_good/32,18,38,good,toward_good,False
below_good,below_good/32,19,38,good,toward_bad,False
below_good,below_good/32,20,38,good,toward_good,False
below_good,below_good/32,21,38,good,toward_bad,False
below_good,below_good/32,22,38,good,toward_bad,False
below_good,below_good/32,23,38,good,toward_good,False
below_good,below_good/32,24,38,good,same,False
below_good,below_good/32,25,38,good,toward_bad,False
below_good,below_good/32,26,38,good,toward_good,False
below_good,below_good/32,27,38,good,toward_bad,False
below_good,below_good/32,28,38,good,toward_good,False
below_good,below_good/32,29,38,good,toward_bad,False
below_good,below_good/32,30,38,good,toward_good,False
below_good,below_good/32,31,38,good,toward_good,False
below_good,below_good/32,32,38,good,toward_good,False
below_good,below_good/32,33,38,good,toward_bad,False
below_good,below_good/32,34,38,good,toward_good,False
below_good,below_good/32,35,38,good,toward_bad,False
below_good,below_good/32,36,38,good,same,False
below_good,below_good/32,37,38,good,,True
below_good,below_good/33,0,5,good,toward_bad,False
below_good,below_good/33,1,5,good,toward_bad,False
below_good,below_good/33,2,5,good,toward_bad,False
below_good,below_good/33,3,5,good,toward_good,False
below_good,below_good/33,4,5,good,,True
below_good,below_good/34,0,4,bad,toward_good,False
below_good,below_good/34,1,4,good,toward_bad,False
below_good,below_good/34,2,4,good,toward_good,False
below_good,below_good/34,3,4,good,,True
below_good,below_good/35,0,1,good,,True
below_good,below_good/36,0,11,good,toward_bad,False
below_good,below_good/36,1,11,good,toward_good,False
below_good,below_good/36,2,11,good,toward_bad,False
below_good,below_good/36,3,11,good,toward_bad,False
below_good,below_good/36,4,11,good,toward_bad,False
below_good,below_good/36,5,11,good,toward_good,False
below_good,below_good/36,6,11,good,toward_bad,False
below_good,below_good/36,7,11,good,toward_good,False
below_good,below_good/36,8,11,good,toward_bad,False
below_good,below_good/36,9,11,good,toward_good,False
below_good,below_good/36,10,11,good,,True
below_good,below_good/37,0,21,good,toward_bad,False
below_good,below_good/37,1,21,good,toward_good,False
below_good,below_good/37,2,21,good,toward_bad,False
below_good,below_good/37,3,21,good,toward_bad,False
below_good,below_good/37,4,21,good,toward_bad,False
below_good,below_good/37,5,21,good,toward_good,False
below_good,below_good/37,6,21,good,toward_bad,False
below_good,below_good/37,7,21,good,toward_bad,False
below_good,below_good/37,8,21,good,toward_bad,False
below_good,below_good/37,9,21,good,toward_good,False
below_good,below_good/37,10,21,good,toward_bad,False
below_good,below_good/37,11,21,good,toward_bad,False
below_good,below_good/37,12,21,good,toward_good,False
below_good,below_good/37,13,21,good,toward_good,False
below_good,below_good/37,14,21,good,toward_bad,False
below_good,below_good/37,15,21,good,toward_good,False
below_good,below_good/37,16,21,good,toward_bad,False
below_good,below_good/37,17,21,good,toward_good,False
below_good,below_good/37,18,21,good,toward_bad,False
below_good,below_good/37,19,21,good,toward_good,False
below_good,below_good/37,20,21,good,,True
below_good,below_good/38,0,4,bad,toward_good,False
below_good,below_good/38,1,4,bad,toward_bad,False
below_good,below_good/38,2,4,bad,toward_bad,False
below_good,below_good/38,3,4,bad,,True
below_good,below_good/39,0,9,good,toward_bad,False
below_good,below_good/39,1,9,good,toward_bad,False
below_good,below_good/39,2,9,bad,toward_good,False
below_good,below_good/39,3,9,good,toward_bad,False
below_good,below_good/39,4,9,bad,toward_good,False
below_good,below_good/39,5,9,good,toward_bad,False
below_good,below_good/39,6,9,good,toward_good,False
below_good,below_good/39,7,9,good,toward_bad,False
below_good,below_good/39,8,9,good,,True
below_good,below_good/40,0,11,bad,toward_good,False
below_good,below_good/40,1,11,good,toward_good,False
below_good,below_good/40,2,11,good,toward_bad,False
below_good,below_good/40,3,11,good,toward_bad,False
below_good,below_good/40,4,11,bad,toward_good,False
below_good,below_good/40,5,11,good,toward_good,False
below_good,below_good/40,6,11,good,toward_bad,False
below_good,below_good/40,7,11,good,toward_bad,False
below_good,below_good/40,8,11,good,toward_good,False
below_good,below_good/40,9,11,good,toward_bad,False
below_good,below_good/40,10,11,good,,True
below_good,below_good/41,0,1,good,,True
below_good,below_good/42,0,4,good,toward_bad,False
below_good,below_good/42,1,4,good,toward_bad,False
below_good,below_good/42,2,4,good,toward_good,False
below_good,below_good/42,3,4,good,,True
below_good,below_good/43,0,1,good,,True
below_good,below_good/44,0,19,good,toward_bad,False
below_good,below_good/44,1,19,good,toward_good,False
below_good,below_good/44,2,19,good,toward_bad,False
below_good,below_good/44,3,19,good,toward_good,False
below_good,below_good/44,4,19,good,toward_bad,False
below_good,below_good/44,5,19,good,toward_bad,False
below_good,below_good/44,6,19,good,toward_bad,False
below_good,below_good/44,7,19,bad,toward_good,False
below_good,below_good/44,8,19,good,toward_bad,False
below_good,below_good/44,9,19,good,toward_bad,False
below_good,below_good/44,10,19,good,toward_good,False
below_good,below_good/44,11,19,good,toward_bad,False
below_good,below_good/44,12,19,good,toward_bad,False
below_good,below_good/44,13,19,good,toward_good,False
below_good,below_good/44,14,19,good,toward_bad,False
below_good,below_good/44,15,19,good,toward_good,False
below_good,below_good/44,16,19,good,toward_bad,False
below_good,below_good/44,17,19,good,toward_bad,False
below_good,below_good/44,18,19,good,,True
below_good,below_good/45,0,9,good,toward_bad,False
below_good,below_good/45,1,9,good,toward_bad,False
below_good,below_good/45,2,9,good,toward_good,False
below_good,below_good/45,3,9,good,toward_good,False
below_good,below_good/45,4,9,good,toward_good,False
below_good,below_good/45,5,9,good,toward_bad,False
below_good,below_good/45,6,9,good,toward_bad,False
below_good,below_good/45,7,9,good,toward_bad,False
below_good,below_good/45,8,9,good,,True
below_good,below_good/47,0,1,good,,True
below_good,below_good/48,0,1,good,,True
below_good,below_good/49,0,27,bad,toward_good,False
below_good,below_good/49,1,27,good,toward_bad,False
below_good,below_good/49,2,27,bad,toward_bad,False
below_good,below_good/49,3,27,bad,toward_good,False
below_good,below_good/49,4,27,good,toward_bad,False
below_good,below_good/49,5,27,bad,toward_bad,False
below_good,below_good/49,6,27,bad,toward_good,False
below_good,below_good/49,7,27,bad,toward_good,False
below_good,below_good/49,8,27,good,toward_bad,False
below_good,below_good/49,9,27,bad,toward_bad,False
below_good,below_good/49,10,27,bad,toward_good,False
below_good,below_good/49,11,27,good,toward_good,False
below_good,below_good/49,12,27,good,toward_bad,False
below_good,below_good/49,13,27,bad,toward_good,False
below_good,below_good/49,14,27,good,toward_bad,False
below_good,below_good/49,15,27,good,toward_bad,False
below_good,below_good/49,16,27,bad,toward_good,False
below_good,below_good/49,17,27,good,toward_bad,False
below_good,below_good/49,18,27,good,toward_bad,False
below_good,below_good/49,19,27,good,toward_bad,False
below_good,below_good/49,20,27,good,toward_bad,False
below_good,below_good/49,21,27,good,same,False
below_good,below_good/49,22,27,good,toward_bad,False
below_good,below_good/49,23,27,bad,toward_good,False
below_good,below_good/49,24,27,good,toward_bad,False
below_good,below_good/49,25,27,good,toward_bad,False
below_good,below_good/49,26,27,good,,True
below_good,below_good/50,0,1,good,,True
below_good,below_good/51,0,19,bad,toward_good,False
below_good,below_good/51,1,19,bad,toward_bad,False
below_good,below_good/51,2,19,bad,toward_good,False
below_good,below_good/51,3,19,bad,toward_good,False
below_good,below_good/51,4,19,bad,toward_good,False
below_good,below_good/51,5,19,bad,toward_bad,False
below_good,below_good/51,6,19,bad,toward_good,False
below_good,below_good/51,7,19,bad,toward_good,False
below_good,below_good/51,8,19,bad,toward_bad,False
below_good,below_good/51,9,19,bad,toward_bad,False
below_good,below_good/51,10,19,bad,toward_good,False
below_good,below_good/51,11,19,bad,toward_bad,False
below_good,below_good/51,12,19,bad,toward_bad,False
below_good,below_good/51,13,19,bad,toward_good,False
below_good,below_good/51,14,19,bad,toward_good,False
below_good,below_good/51,15,19,bad,toward_bad,False
below_good,below_good/51,16,19,bad,toward_good,False
below_good,below_good/51,17,19,bad,toward_bad,False
below_good,below_good/51,18,19,bad,,True
below_good,below_good/52,0,9,good,toward_good,False
below_good,below_good/52,1,9,good,toward_bad,False
below_good,below_good/52,2,9,good,toward_bad,False
below_good,below_good/52,3,9,good,toward_good,False
below_good,below_good/52,4,9,good,toward_bad,False
below_good,below_good/52,5,9,good,toward_bad,False
below_good,below_good/52,6,9,good,toward_good,False
below_good,below_good/52,7,9,good,toward_bad,False
below_good,below_good/52,8,9,good,,True
below_good,below_good/53,0,16,good,toward_bad,False
below_good,below_good/53,1,16,good,toward_good,False
below_good,below_good/53,2,16,good,toward_bad,False
below_good,below_good/53,3,16,bad,toward_good,False
below_good,below_good/53,4,16,good,toward_good,False
below_good,below_good/53,5,16,good,toward_bad,False
below_good,below_good/53,6,16,good,toward_good,False
below_good,below_good/53,7,16,good,toward_bad,False
below_good,below_good/53,8,16,good,toward_bad,False
below_good,below_good/53,9,16,good,toward_bad,False
below_good,below_good/53,10,16,good,toward_good,False
below_good,below_good/53,11,16,good,toward_good,False
below_good,below_good/53,12,16,good,toward_good,False
below_good,below_good/53,13,16,good,toward_bad,False
below_good,below_good/53,14,16,good,toward_good,False
below_good,below_good/53,15,16,good,,True
below_good,below_good/55,0,1,good,,True
below_good,below_good/56,0,10,bad,toward_good,False
below_good,below_good/56,1,10,bad,toward_bad,False
below_good,below_good/56,2,10,bad,toward_good,False
below_good,below_good/56,3,10,bad,toward_good,False
below_good,below_good/56,4,10,bad,toward_good,False
below_good,below_good/56,5,10,bad,toward_bad,False
below_good,below_good/56,6,10,bad,toward_good,False
below_good,below_good/56,7,10,bad,toward_good,False
below_good,below_good/56,8,10,good,toward_bad,False
below_good,below_good/56,9,10,bad,,True
below_good,below_good/57,0,2,good,toward_bad,False
below_good,below_good/57,1,2,good,,True
below_good,below_good/58,0,1,good,,True
below_good,below_good/59,0,16,good,toward_bad,False
below_good,below_good/59,1,16,good,toward_good,False
below_good,below_good/59,2,16,good,toward_bad,False
below_good,below_good/59,3,16,good,toward_bad,False
below_good,below_good/59,4,16,good,toward_good,False
below_good,below_good/59,5,16,good,toward_bad,False
below_good,below_good/59,6,16,good,toward_good,False
below_good,below_good/59,7,16,good,toward_good,False
below_good,below_good/59,8,16,good,toward_bad,False
below_good,below_good/59,9,16,good,toward_good,False
below_good,below_good/59,10,16,good,toward_bad,False
below_good,below_good/59,11,16,good,toward_bad,False
below_good,below_good/59,12,16,good,toward_bad,False
below_good,below_good/59,13,16,good,toward_bad,False
below_good,below_good/59,14,16,good,toward_good,False
below_good,below_good/59,15,16,good,,True
below_good,below_good/60,0,1,good,,True
below_good,below_good/61,0,1,good,,True
below_good,below_good/62,0,22,bad,toward_good,False
below_good,below_good/62,1,22,bad,toward_good,False
below_good,below_good/62,2,22,bad,toward_good,False
below_good,below_good/62,3,22,good,toward_bad,False
below_good,below_good/62,4,22,good,toward_bad,False
below_good,below_good/62,5,22,good,toward_good,False
below_good,below_good/62,6,22,good,toward_bad,False
below_good,below_good/62,7,22,good,same,False
below_good,below_good/62,8,22,good,toward_good,False
below_good,below_good/62,9,22,good,toward_bad,False
below_good,below_good/62,10,22,good,toward_bad,False
below_good,below_good/62,11,22,bad,toward_good,False
below_good,below_good/62,12,22,good,toward_good,False
below_good,below_good/62,13,22,good,toward_bad,False
below_good,below_good/62,14,22,good,toward_bad,False
below_good,below_good/62,15,22,good,toward_good,False
below_good,below_good/62,16,22,good,toward_good,False
below_good,below_good/62,17,22,good,toward_good,False
below_good,below_good/62,18,22,good,toward_bad,False
below_good,below_good/62,19,22,good,toward_good,False
below_good,below_good/62,20,22,good,toward_bad,False
below_good,below_good/62,21,22,good,,True
below_good,below_good/63,0,24,good,toward_bad,False
below_good,below_good/63,1,24,good,toward_good,False
below_good,below_good/63,2,24,good,toward_bad,False
below_good,below_good/63,3,24,good,toward_bad,False
below_good,below_good/63,4,24,good,toward_bad,False
below_good,below_good/63,5,24,bad,toward_good,False
below_good,below_good/63,6,24,good,toward_good,False
below_good,below_good/63,7,24,good,toward_bad,False
below_good,below_good/63,8,24,bad,toward_good,False
below_good,below_good/63,9,24,good,toward_bad,False
below_good,below_good/63,10,24,good,toward_bad,False
below_good,below_good/63,11,24,good,toward_good,False
below_good,below_good/63,12,24,good,toward_good,False
below_good,below_good/63,13,24,good,toward_bad,False
below_good,below_good/63,14,24,good,toward_bad,False
below_good,below_good/63,15,24,good,toward_good,False
below_good,below_good/63,16,24,good,toward_bad,False
below_good,below_good/63,17,24,bad,toward_good,False
below_good,below_good/63,18,24,good,toward_bad,False
below_good,below_good/63,19,24,good,toward_bad,False
below_good,below_good/63,20,24,good,toward_good,False
below_good,below_good/63,21,24,good,toward_good,False
below_good,below_good/63,22,24,good,toward_bad,False
below_good,below_good/63,23,24,good,,True
below_good,below_good/64,0,9,bad,toward_good,False
below_good,below_good/64,1,9,bad,toward_good,False
below_good,below_good/64,2,9,bad,toward_good,False
below_good,below_good/64,3,9,bad,toward_good,False
below_good,below_good/64,4,9,bad,toward_bad,False
below_good,below_good/64,5,9,bad,toward_good,False
below_good,below_good/64,6,9,good,toward_bad,False
below_good,below_good/64,7,9,bad,toward_bad,False
below_good,below_good/64,8,9,bad,,True
below_good,below_good/65,0,20,good,toward_bad,False
below_good,below_good/65,1,20,good,toward_good,False
below_good,below_good/65,2,20,good,toward_bad,False
below_good,below_good/65,3,20,good,toward_good,False
below_good,below_good/65,4,20,good,toward_good,False
below_good,below_good/65,5,20,good,toward_bad,False
below_good,below_good/65,6,20,good,toward_good,False
below_good,below_good/65,7,20,good,toward_good,False
below_good,below_good/65,8,20,good,toward_bad,False
below_good,below_good/65,9,20,good,toward_good,False
below_good,below_good/65,10,20,good,toward_good,False
below_good,below_good/65,11,20,good,toward_bad,False
below_good,below_good/65,12,20,good,toward_bad,False
below_good,below_good/65,13,20,good,toward_good,False
below_good,below_good/65,14,20,good,toward_bad,False
below_good,below_good/65,15,20,good,toward_bad,False
below_good,below_good/65,16,20,good,toward_bad,False
below_good,below_good/65,17,20,good,toward_good,False
below_good,below_good/65,18,20,good,toward_good,False
below_good,below_good/65,19,20,good,,True
below_good,below_good/66,0,27,good,same,False
below_good,below_good/66,1,27,good,toward_bad,False
below_good,below_good/66,2,27,good,toward_bad,False
below_good,below_good/66,3,27,good,toward_bad,False
below_good,below_good/66,4,27,good,toward_good,False
below_good,below_good/66,5,27,good,toward_bad,False
below_good,below_good/66,6,27,good,toward_bad,False
below_good,below_good/66,7,27,good,toward_bad,False
below_good,below_good/66,8,27,good,toward_good,False
below_good,below_good/66,9,27,good,toward_good,False
below_good,below_good/66,10,27,good,toward_good,False
below_good,below_good/66,11,27,good,toward_bad,False
below_good,below_good/66,12,27,good,toward_bad,False
below_good,below_good/66,13,27,good,toward_bad,False
below_good,below_good/66,14,27,good,toward_good,False
below_good,below_good/66,15,27,good,toward_good,False
below_good,below_good/66,16,27,good,toward_bad,False
below_good,below_good/66,17,27,good,toward_good,False
below_good,below_good/66,18,27,good,toward_bad,False
below_good,below_good/66,19,27,good,toward_bad,False
below_good,below_good/66,20,27,good,toward_good,False
below_good,below_good/66,21,27,good,toward_bad,False
below_good,below_good/66,22,27,good,toward_good,False
below_good,below_good/66,23,27,good,toward_bad,False
below_good,below_good/66,24,27,good,toward_bad,False
below_good,below_good/66,25,27,good,same,False
below_good,below_good/66,26,27,good,,True
below_good,below_good/67,0,6,good,toward_bad,False
below_good,below_good/67,1,6,good,toward_bad,False
below_good,below_good/67,2,6,good,toward_good,False
below_good,below_good/67,3,6,good,toward_bad,False
below_good,below_good/67,4,6,good,toward_good,False
below_good,below_good/67,5,6,good,,True
below_good,below_good/68,0,14,good,toward_bad,False
below_good,below_good/68,1,14,good,toward_bad,False
below_good,below_good/68,2,14,good,toward_bad,False
below_good,below_good/68,3,14,good,toward_bad,False
below_good,below_good/68,4,14,good,toward_good,False
below_good,below_good/68,5,14,good,toward_bad,False
below_good,below_good/68,6,14,good,toward_good,False
below_good,below_good/68,7,14,good,toward_bad,False
below_good,below_good/68,8,14,good,toward_good,False
below_good,below_good/68,9,14,good,toward_bad,False
below_good,below_good/68,10,14,good,toward_bad,False
below_good,below_good/68,11,14,good,toward_good,False
below_good,below_good/68,12,14,good,toward_good,False
below_good,below_good/68,13,14,good,,True
below_good,below_good/70,0,33,good,toward_good,False
below_good,below_good/70,1,33,good,toward_bad,False
below_good,below_good/70,2,33,good,toward_bad,False
below_good,below_good/70,3,33,bad,toward_good,False
below_good,below_good/70,4,33,good,toward_bad,False
below_good,below_good/70,5,33,bad,toward_good,False
below_good,below_good/70,6,33,good,toward_bad,False
below_good,below_good/70,7,33,bad,toward_good,False
below_good,below_good/70,8,33,good,toward_bad,False
below_good,below_good/70,9,33,good,toward_good,False
below_good,below_good/70,10,33,good,toward_good,False
below_good,below_good/70,11,33,good,toward_bad,False
below_good,below_good/70,12,33,bad,toward_good,False
below_good,below_good/70,13,33,good,toward_bad,False
below_good,below_good/70,14,33,good,toward_good,False
below_good,below_good/70,15,33,good,toward_good,False
below_good,below_good/70,16,33,good,toward_good,False
below_good,below_good/70,17,33,good,toward_bad,False
below_good,below_good/70,18,33,good,toward_bad,False
below_good,below_good/70,19,33,good,toward_good,False
below_good,below_good/70,20,33,good,toward_good,False
below_good,below_good/70,21,33,good,toward_bad,False
below_good,below_good/70,22,33,good,toward_good,False
below_good,below_good/70,23,33,good,toward_good,False
below_good,below_good/70,24,33,good,toward_good,False
below_good,below_good/70,25,33,good,toward_bad,False
below_good,below_good/70,26,33,good,toward_bad,False
below_good,below_good/70,27,33,good,toward_good,False
below_good,below_good/70,28,33,good,toward_bad,False
below_good,below_good/70,29,33,good,toward_bad,False
below_good,below_good/70,30,33,good,toward_good,False
below_good,below_good/70,31,33,good,toward_bad,False
below_good,below_good/70,32,33,good,,True
below_good,below_good/71,0,15,bad,toward_good,False
below_good,below_good/71,1,15,good,toward_bad,False
below_good,below_good/71,2,15,bad,toward_bad,False
below_good,below_good/71,3,15,bad,toward_good,False
below_good,below_good/71,4,15,bad,toward_good,False
below_good,below_good/71,5,15,bad,toward_good,False
below_good,below_good/71,6,15,bad,toward_good,False
below_good,below_good/71,7,15,bad,toward_good,False
below_good,below_good/71,8,15,good,toward_bad,False
below_good,below_good/71,9,15,bad,toward_bad,False
below_good,below_good/71,10,15,bad,toward_bad,False
below_good,below_good/71,11,15,bad,toward_good,False
below_good,below_good/71,12,15,bad,toward_good,False
below_good,below_good/71,13,15,good,toward_bad,False
below_good,below_good/71,14,15,bad,,True
below_good,below_good/72,0,12,good,toward_bad,False
below_good,below_good/72,1,12,good,toward_good,False
below_good,below_good/72,2,12,good,toward_good,False
below_good,below_good/72,3,12,good,toward_bad,False
below_good,below_good/72,4,12,good,toward_bad,False
below_good,below_good/72,5,12,good,toward_bad,False
below_good,below_good/72,6,12,bad,toward_good,False
below_good,below_good/72,7,12,good,toward_good,False
below_good,below_good/72,8,12,good,toward_bad,False
below_good,below_good/72,9,12,good,toward_good,False
below_good,below_good/72,10,12,good,toward_good,False
below_good,below_good/72,11,12,good,,True
below_good,below_good/73,0,10,good,toward_bad,False
below_good,below_good/73,1,10,good,toward_good,False
below_good,below_good/73,2,10,good,toward_good,False
below_good,below_good/73,3,10,good,toward_bad,False
below_good,below_good/73,4,10,good,toward_bad,False
below_good,below_good/73,5,10,good,toward_bad,False
below_good,below_good/73,6,10,good,toward_good,False
below_good,below_good/73,7,10,good,toward_good,False
below_good,below_good/73,8,10,good,toward_bad,False
below_good,below_good/73,9,10,good,,True
below_good,below_good/74,0,10,bad,toward_good,False
below_good,below_good/74,1,10,bad,toward_good,False
below_good,below_good/74,2,10,bad,toward_bad,False
below_good,below_good/74,3,10,bad,toward_good,False
below_good,below_good/74,4,10,good,toward_bad,False
below_good,below_good/74,5,10,bad,toward_good,False
below_good,below_good/74,6,10,bad,toward_bad,False
below_good,below_good/74,7,10,bad,toward_bad,False
below_good,below_good/74,8,10,bad,toward_good,False
below_good,below_good/74,9,10,bad,,True
below_good,below_good/75,0,2,good,toward_good,False
below_good,below_good/75,1,2,good,,True
below_good,below_good/76,0,1,good,,True
below_good,below_good/77,0,25,good,toward_bad,False
below_good,below_good/77,1,25,good,toward_bad,False
below_good,below_good/77,2,25,good,toward_bad,False
below_good,below_good/77,3,25,good,toward_bad,False
below_good,below_good/77,4,25,good,toward_good,False
below_good,below_good/77,5,25,good,toward_bad,False
below_good,below_good/77,6,25,good,toward_bad,False
below_good,below_good/77,7,25,good,toward_good,False
below_good,below_good/77,8,25,good,toward_bad,False
below_good,below_good/77,9,25,good,toward_good,False
below_good,below_good/77,10,25,good,toward_bad,False
below_good,below_good/77,11,25,good,toward_bad,False
below_good,below_good/77,12,25,good,toward_good,False
below_good,below_good/77,13,25,good,toward_bad,False
below_good,below_good/77,14,25,good,toward_good,False
below_good,below_good/77,15,25,good,toward_bad,False
below_good,below_good/77,16,25,good,toward_bad,False
below_good,below_good/77,17,25,good,toward_bad,False
below_good,below_good/77,18,25,good,toward_good,False
below_good,below_good/77,19,25,good,toward_good,False
below_good,below_good/77,20,25,good,toward_good,False
below_good,below_good/77,21,25,good,toward_bad,False
below_good,below_good/77,22,25,good,toward_bad,False
below_good,below_good/77,23,25,good,toward_good,False
below_good,below_good/77,24,25,good,,True
below_good,below_good/78,0,1,good,,True
below_good,below_good/79,0,1,good,,True
below_good,below_good/80,0,4,good,toward_bad,False
below_good,below_good/80,1,4,good,toward_bad,False
below_good,below_good/80,2,4,good,toward_bad,False
below_good,below_good/80,3,4,good,,True
below_good,below_good/81,0,27,bad,toward_bad,False
below_good,below_good/81,1,27,bad,toward_good,False
below_good,below_good/81,2,27,bad,toward_good,False
below_good,below_good/81,3,27,bad,toward_good,False
below_good,below_good/81,4,27,good,toward_good,False
below_good,below_good/81,5,27,good,toward_bad,False
below_good,below_good/81,6,27,bad,toward_bad,False
below_good,below_good/81,7,27,bad,toward_good,False
below_good,below_good/81,8,27,good,toward_bad,False
below_good,below_good/81,9,27,bad,toward_bad,False
below_good,below_good/81,10,27,bad,toward_bad,False
below_good,below_good/81,11,27,bad,toward_good,False
below_good,below_good/81,12,27,good,toward_bad,False
below_good,below_good/81,13,27,good,toward_bad,False
below_good,below_good/81,14,27,bad,toward_good,False
below_good,below_good/81,15,27,good,toward_bad,False
below_good,below_good/81,16,27,bad,toward_bad,False
below_good,below_good/81,17,27,bad,toward_good,False
below_good,below_good/81,18,27,good,toward_bad,False
below_good,below_good/81,19,27,bad,toward_good,False
below_good,below_good/81,20,27,good,toward_bad,False
below_good,below_good/81,21,27,good,toward_good,False
below_good,below_good/81,22,27,good,toward_bad,False
below_good,below_good/81,23,27,bad,toward_good,False
below_good,below_good/81,24,27,good,toward_good,False
below_good,below_good/81,25,27,good,toward_bad,False
below_good,below_good/81,26,27,good,,True
below_good,below_good/82,0,26,good,toward_bad,False
below_good,below_good/82,1,26,good,toward_good,False
below_good,below_good/82,2,26,good,toward_good,False
below_good,below_good/82,3,26,good,toward_good,False
below_good,below_good/82,4,26,good,toward_bad,False
below_good,below_good/82,5,26,good,toward_good,False
below_good,below_good/82,6,26,good,toward_bad,False
below_good,below_good/82,7,26,good,toward_good,False
below_good,below_good/82,8,26,good,toward_bad,False
below_good,below_good/82,9,26,good,toward_bad,False
below_good,below_good/82,10,26,good,toward_bad,False
below_good,below_good/82,11,26,good,toward_bad,False
below_good,below_good/82,12,26,good,toward_good,False
below_good,below_good/82,13,26,good,toward_bad,False
below_good,below_good/82,14,26,good,toward_bad,False
below_good,below_good/82,15,26,good,toward_good,False
below_good,below_good/82,16,26,good,toward_bad,False
below_good,below_good/82,17,26,good,toward_bad,False
below_good,below_good/82,18,26,good,toward_good,False
below_good,below_good/82,19,26,good,toward_good,False
below_good,below_good/82,20,26,good,toward_bad,False
below_good,below_good/82,21,26,good,toward_good,False
below_good,below_good/82,22,26,good,toward_bad,False
below_good,below_good/82,23,26,good,toward_good,False
below_good,below_good/82,24,26,good,toward_bad,False
below_good,below_good/82,25,26,good,,True
below_good,below_good/83,0,1,good,,True
below_good,below_good/84,0,22,good,toward_good,False
below_good,below_good/84,1,22,good,toward_bad,False
below_good,below_good/84,2,22,good,toward_good,False
below_good,below_good/84,3,22,good,toward_good,False
below_good,below_good/84,4,22,good,toward_bad,False
below_good,below_good/84,5,22,good,toward_good,False
below_good,below_good/84,6,22,good,toward_bad,False
below_good,below_good/84,7,22,good,toward_good,False
below_good,below_good/84,8,22,good,toward_bad,False
below_good,below_good/84,9,22,good,toward_bad,False
below_good,below_good/84,10,22,good,toward_bad,False
below_good,below_good/84,11,22,good,toward_good,False
below_good,below_good/84,12,22,good,toward_bad,False
below_good,below_good/84,13,22,good,toward_bad,False
below_good,below_good/84,14,22,good,toward_good,False
below_good,below_good/84,15,22,good,toward_bad,False
below_good,below_good/84,16,22,good,toward_good,False
below_good,below_good/84,17,22,good,same,False
below_good,below_good/84,18,22,good,toward_good,False
below_good,below_good/84,19,22,good,toward_good,False
below_good,below_good/84,20,22,good,toward_bad,False
below_good,below_good/84,21,22,good,,True
below_good,below_good/85,0,8,bad,toward_good,False
below_good,below_good/85,1,8,bad,toward_bad,False
below_good,below_good/85,2,8,bad,toward_good,False
below_good,below_good/85,3,8,bad,toward_bad,False
below_good,below_good/85,4,8,bad,toward_good,False
below_good,below_good/85,5,8,bad,toward_good,False
below_good,below_good/85,6,8,bad,toward_bad,False
below_good,below_good/85,7,8,bad,,True
below_good,below_good/86,0,19,good,toward_bad,False
below_good,below_good/86,1,19,good,toward_bad,False
below_good,below_good/86,2,19,good,toward_bad,False
below_good,below_good/86,3,19,good,toward_bad,False
below_good,below_good/86,4,19,good,toward_good,False
below_good,below_good/86,5,19,good,toward_bad,False
below_good,below_good/86,6,19,good,toward_bad,False
below_good,below_good/86,7,19,good,toward_bad,False
below_good,below_good/86,8,19,good,toward_good,False
below_good,below_good/86,9,19,good,toward_good,False
below_good,below_good/86,10,19,good,toward_good,False
below_good,below_good/86,11,19,good,toward_good,False
below_good,below_good/86,12,19,good,toward_bad,False
below_good,below_good/86,13,19,good,toward_good,False
below_good,below_good/86,14,19,good,toward_good,False
below_good,below_good/86,15,19,good,toward_bad,False
below_good,below_good/86,16,19,good,toward_good,False
below_good,below_good/86,17,19,good,toward_bad,False
below_good,below_good/86,18,19,good,,True
below_good,below_good/87,0,1,good,,True
below_good,below_good/89,0,1,good,,True
below_good,below_good/90,0,1,good,,True
below_good,below_good/92,0,2,good,toward_good,False
below_good,below_good/92,1,2,good,,True
below_good,below_good/93,0,6,good,toward_good,False
below_good,below_good/93,1,6,good,toward_bad,False
below_good,below_good/93,2,6,good,toward_good,False
below_good,below_good/93,3,6,good,toward_bad,False
below_good,below_good/93,4,6,good,toward_good,False
below_good,below_good/93,5,6,good,,True
below_good,below_good/94,0,22,bad,toward_bad,False
below_good,below_good/94,1,22,bad,toward_bad,False
below_good,below_good/94,2,22,bad,toward_good,False
below_good,below_good/94,3,22,bad,toward_good,False
below_good,below_good/94,4,22,bad,toward_good,False
below_good,below_good/94,5,22,bad,toward_good,False
below_good,below_good/94,6,22,bad,toward_good,False
below_good,below_good/94,7,22,bad,toward_bad,False
below_good,below_good/94,8,22,bad,toward_good,False
below_good,below_good/94,9,22,bad,toward_good,False
below_good,below_good/94,10,22,bad,toward_good,False
below_good,below_good/94,11,22,bad,toward_bad,False
below_good,below_good/94,12,22,bad,toward_good,False
below_good,below_good/94,13,22,bad,toward_bad,False
below_good,below_good/94,14,22,bad,toward_good,False
below_good,below_good/94,15,22,bad,toward_bad,False
below_good,below_good/94,16,22,bad,toward_good,False
below_good,below_good/94,17,22,bad,toward_bad,False
below_good,below_good/94,18,22,bad,toward_good,False
below_good,below_good/94,19,22,bad,toward_bad,False
below_good,below_good/94,20,22,bad,toward_good,False
below_good,below_good/94,21,22,bad,,True
below_good,below_good/95,0,16,good,toward_bad,False
below_good,below_good/95,1,16,good,toward_bad,False
below_good,below_good/95,2,16,good,toward_good,False
below_good,below_good/95,3,16,good,toward_bad,False
below_good,below_good/95,4,16,good,toward_bad,False
below_good,below_good/95,5,16,good,toward_good,False
below_good,below_good/95,6,16,good,toward_bad,False
below_good,below_good/95,7,16,good,toward_bad,False
below_good,below_good/95,8,16,good,toward_bad,False
below_good,below_good/95,9,16,good,toward_good,False
below_good,below_good/95,10,16,good,toward_bad,False
below_good,below_good/95,11,16,good,toward_good,False
below_good,below_good/95,12,16,good,toward_good,False
below_good,below_good/95,13,16,good,toward_good,False
below_good,below_good/95,14,16,good,toward_bad,False
below_good,below_good/95,15,16,good,,True
below_good,below_good/98,0,21,good,toward_bad,False
below_good,below_good/98,1,21,good,toward_bad,False
below_good,below_good/98,2,21,bad,toward_good,False
below_good,below_good/98,3,21,good,toward_bad,False
below_good,below_good/98,4,21,bad,toward_good,False
below_good,below_good/98,5,21,good,toward_bad,False
below_good,below_good/98,6,21,bad,toward_good,False
below_good,below_good/98,7,21,bad,toward_good,False
below_good,below_good/98,8,21,good,toward_bad,False
below_good,below_good/98,9,21,bad,toward_bad,False
below_good,below_good/98,10,21,bad,toward_good,False
below_good,below_good/98,11,21,good,toward_bad,False
below_good,below_good/98,12,21,good,toward_bad,False
below_good,below_good/98,13,21,bad,toward_good,False
below_good,below_good/98,14,21,good,toward_good,False
below_good,below_good/98,15,21,good,toward_bad,False
below_good,below_good/98,16,21,good,toward_bad,False
below_good,below_good/98,17,21,good,toward_good,False
below_good,below_good/98,18,21,good,toward_bad,False
below_good,below_good/98,19,21,good,toward_good,False
below_good,below_good/98,20,21,good,,True
below_good,below_good/99,0,5,good,toward_bad,False
below_good,below_good/99,1,5,good,toward_bad,False
below_good,below_good/99,2,5,good,toward_good,False
below_good,below_good/99,3,5,good,toward_bad,False
below_good,below_good/99,4,5,good,,True
above_good,above_good/0,0,5,bad,toward_good,False
above_good,above_good/0,1,5,bad,toward_bad,False
above_good,above_good/0,2,5,bad,toward_good,False
above_good,above_good/0,3,5,bad,toward_bad,False
above_good,above_good/0,4,5,bad,,True
above_good,above_good/1,0,11,bad,toward_good,False
above_good,above_good/1,1,11,good,toward_bad,False
above_good,above_good/1,2,11,bad,toward_good,False
above_good,above_good/1,3,11,bad,toward_good,False
above_good,above_good/1,4,11,good,toward_good,False
above_good,above_good/1,5,11,good,toward_bad,False
above_good,above_good/1,6,11,bad,toward_good,False
above_good,above_good/1,7,11,good,toward_bad,False
above_good,above_good/1,8,11,good,toward_bad,False
above_good,above_good/1,9,11,good,toward_good,False
above_good,above_good/1,10,11,good,,True
above_good,above_good/2,0,15,bad,toward_good,False
above_good,above_good/2,1,15,bad,toward_good,False
above_good,above_good/2,2,15,bad,toward_good,False
above_good,above_good/2,3,15,bad,toward_good,False
above_good,above_good/2,4,15,bad,toward_bad,False
above_good,above_good/2,5,15,bad,toward_bad,False
above_good,above_good/2,6,15,bad,toward_good,False
above_good,above_good/2,7,15,bad,toward_good,False
above_good,above_good/2,8,15,bad,toward_bad,False
above_good,above_good/2,9,15,bad,toward_bad,False
above_good,above_good/2,10,15,bad,toward_good,False
above_good,above_good/2,11,15,bad,toward_bad,False
above_good,above_good/2,12,15,bad,toward_good,False
above_good,above_good/2,13,15,bad,toward_bad,False
above_good,above_good/2,14,15,bad,,True
above_good,above_good/3,0,22,bad,toward_good,False
above_good,above_good/3,1,22,bad,toward_bad,False
above_good,above_good/3,2,22,bad,toward_good,False
above_good,above_good/3,3,22,bad,toward_good,False
above_good,above_good/3,4,22,good,toward_good,False
above_good,above_good/3,5,22,good,toward_bad,False
above_good,above_good/3,6,22,good,toward_bad,False
above_good,above_good/3,7,22,good,toward_bad,False
above_good,above_good/3,8,22,good,toward_bad,False
above_good,above_good/3,9,22,bad,toward_bad,False
above_good,above_good/3,10,22,bad,toward_bad,False
above_good,above_good/3,11,22,bad,toward_bad,False
above_good,above_good/3,12,22,bad,toward_good,False
above_good,above_good/3,13,22,bad,toward_good,False
above_good,above_good/3,14,22,good,toward_good,False
above_good,above_good/3,15,22,good,toward_bad,False
above_good,above_good/3,16,22,bad,toward_bad,False
above_good,above_good/3,17,22,bad,toward_good,False
above_good,above_good/3,18,22,bad,toward_good,False
above_good,above_good/3,19,22,bad,toward_good,False
above_good,above_good/3,20,22,good,toward_good,False
above_good,above_good/3,21,22,good,,True
above_good,above_good/5,0,13,bad,toward_bad,False
above_good,above_good/5,1,13,bad,toward_good,False
above_good,above_good/5,2,13,bad,toward_bad,False
above_good,above_good/5,3,13,bad,toward_good,False
above_good,above_good/5,4,13,bad,toward_good,False
above_good,above_good/5,5,13,bad,toward_good,False
above_good,above_good/5,6,13,bad,toward_good,False
above_good,above_good/5,7,13,good,toward_good,False
above_good,above_good/5,8,13,good,toward_bad,False
above_good,above_good/5,9,13,good,toward_good,False
above_good,above_good/5,10,13,good,toward_good,False
above_good,above_good/5,11,13,good,toward_bad,False
above_good,above_good/5,12,13,good,,True
above_good,above_good/6,0,6,good,toward_good,False
above_good,above_good/6,1,6,good,toward_good,False
above_good,above_good/6,2,6,good,toward_bad,False
above_good,above_good/6,3,6,good,toward_bad,False
above_good,above_good/6,4,6,good,toward_good,False
above_good,above_good/6,5,6,good,,True
above_good,above_good/8,0,41,bad,toward_good,False
above_good,above_good/8,1,41,bad,toward_good,False
above_good,above_good/8,2,41,good,toward_bad,False
above_good,above_good/8,3,41,bad,toward_good,False
above_good,above_good/8,4,41,good,toward_bad,False
above_good,above_good/8,5,41,bad,toward_bad,False
above_good,above_good/8,6,41,bad,toward_good,False
above_good,above_good/8,7,41,good,toward_good,False
above_good,above_good/8,8,41,good,toward_bad,False
above_good,above_good/8,9,41,bad,toward_good,False
above_good,above_good/8,10,41,good,toward_bad,False
above_good,above_good/8,11,41,bad,toward_bad,False
above_good,above_good/8,12,41,bad,toward_good,False
above_good,above_good/8,13,41,good,toward_bad,False
above_good,above_good/8,14,41,bad,toward_good,False
above_good,above_good/8,15,41,good,toward_good,False
above_good,above_good/8,16,41,good,toward_bad,False
above_good,above_good/8,17,41,bad,toward_good,False
above_good,above_good/8,18,41,bad,toward_bad,False
above_good,above_good/8,19,41,bad,toward_good,False
above_good,above_good/8,20,41,good,toward_good,False
above_good,above_good/8,21,41,good,toward_good,False
above_good,above_good/8,22,41,good,toward_bad,False
above_good,above_good/8,23,41,good,toward_bad,False
above_good,above_good/8,24,41,bad,toward_bad,False
above_good,above_good/8,25,41,bad,toward_bad,False
above_good,above_good/8,26,41,bad,toward_good,False
above_good,above_good/8,27,41,good,toward_good,False
above_good,above_good/8,28,41,good,toward_good,False
above_good,above_good/8,29,41,good,toward_bad,False
above_good,above_good/8,30,41,good,toward_good,False
above_good,above_good/8,31,41,good,toward_good,False
above_good,above_good/8,32,41,good,toward_bad,False
above_good,above_good/8,33,41,good,toward_good,False
above_good,above_good/8,34,41,good,toward_good,False
above_good,above_good/8,35,41,good,toward_bad,False
above_good,above_good/8,36,41,good,toward_bad,False
above_good,above_good/8,37,41,good,toward_good,False
above_good,above_good/8,38,41,good,toward_good,False
above_good,above_good/8,39,41,good,toward_good,False
above_good,above_good/8,40,41,good,,True
above_good,above_good/9,0,2,bad,toward_good,False
above_good,above_good/9,1,2,good,,True
above_good,above_good/10,0,1,bad,,True
above_good,above_good/11,0,4,bad,toward_good,False
above_good,above_good/11,1,4,bad,toward_good,False
above_good,above_good/11,2,4,good,toward_bad,False
above_good,above_good/11,3,4,good,,True
above_good,above_good/12,0,1,good,,True
above_good,above_good/13,0,26,bad,toward_good,False
above_good,above_good/13,1,26,bad,toward_good,False
above_good,above_good/13,2,26,bad,toward_good,False
above_good,above_good/13,3,26,bad,toward_good,False
above_good,above_good/13,4,26,bad,toward_bad,False
above_good,above_good/13,5,26,bad,toward_good,False
above_good,above_good/13,6,26,bad,toward_good,False
above_good,above_good/13,7,26,bad,toward_bad,False
above_good,above_good/13,8,26,bad,toward_good,False
above_good,above_good/13,9,26,bad,toward_bad,False
above_good,above_good/13,10,26,bad,toward_good,False
above_good,above_good/13,11,26,good,toward_bad,False
above_good,above_good/13,12,26,bad,toward_good,False
above_good,above_good/13,13,26,bad,toward_good,False
above_good,above_good/13,14,26,bad,toward_bad,False
above_good,above_good/13,15,26,bad,toward_good,False
above_good,above_good/13,16,26,bad,toward_bad,False
above_good,above_good/13,17,26,bad,toward_good,False
above_good,above_good/13,18,26,good,toward_bad,False
above_good,above_good/13,19,26,bad,toward_bad,False
above_good,above_good/13,20,26,bad,toward_good,False
above_good,above_good/13,21,26,bad,toward_good,False
above_good,above_good/13,22,26,bad,toward_bad,False
above_good,above_good/13,23,26,bad,toward_good,False
above_good,above_good/13,24,26,bad,toward_good,False
above_good,above_good/13,25,26,bad,,True
above_good,above_good/14,0,1,good,,True
above_good,above_good/15,0,4,good,toward_bad,False
above_good,above_good/15,1,4,good,toward_good,False
above_good,above_good/15,2,4,good,toward_good,False
above_good,above_good/15,3,4,good,,True
above_good,above_good/16,0,3,bad,toward_bad,False
above_good,above_good/16,1,3,bad,toward_bad,False
above_good,above_good/16,2,3,bad,,True
above_good,above_good/17,0,9,bad,toward_good,False
above_good,above_good/17,1,9,bad,toward_bad,False
above_good,above_good/17,2,9,bad,toward_good,False
above_good,above_good/17,3,9,bad,toward_bad,False
above_good,above_good/17,4,9,bad,toward_bad,False
above_good,above_good/17,5,9,bad,toward_good,False
above_good,above_good/17,6,9,bad,toward_bad,False
above_good,above_good/17,7,9,bad,toward_bad,False
above_good,above_good/17,8,9,bad,,True
above_good,above_good/18,0,6,bad,toward_good,False
above_good,above_good/18,1,6,good,toward_bad,False
above_good,above_good/18,2,6,bad,toward_good,False
above_good,above_good/18,3,6,good,toward_good,False
above_good,above_good/18,4,6,good,toward_bad,False
above_good,above_good/18,5,6,good,,True
above_good,above_good/20,0,8,bad,toward_good,False
above_good,above_good/20,1,8,bad,toward_bad,False
above_good,above_good/20,2,8,bad,toward_good,False
above_good,above_good/20,3,8,bad,toward_good,False
above_good,above_good/20,4,8,bad,toward_good,False
above_good,above_good/20,5,8,bad,toward_bad,False
above_good,above_good/20,6,8,bad,toward_bad,False
above_good,above_good/20,7,8,bad,,True
above_good,above_good/21,0,23,good,toward_bad,False
above_good,above_good/21,1,23,good,toward_bad,False
above_good,above_good/21,2,23,bad,toward_good,False
above_good,above_good/21,3,23,good,toward_bad,False
above_good,above_good/21,4,23,bad,toward_good,False
above_good,above_good/21,5,23,good,toward_good,False
above_good,above_good/21,6,23,good,toward_bad,False
above_good,above_good/21,7,23,good,toward_good,False
above_good,above_good/21,8,23,good,toward_good,False
above_good,above_good/21,9,23,good,toward_bad,False
above_good,above_good/21,10,23,good,toward_good,False
above_good,above_good/21,11,23,good,toward_bad,False
above_good,above_good/21,12,23,good,toward_good,False
above_good,above_good/21,13,23,good,toward_good,False
above_good,above_good/21,14,23,good,toward_bad,False
above_good,above_good/21,15,23,good,toward_good,False
above_good,above_good/21,16,23,good,toward_bad,False
above_good,above_good/21,17,23,good,toward_good,False
above_good,above_good/21,18,23,good,toward_good,False
above_good,above_good/21,19,23,good,toward_good,False
above_good,above_good/21,20,23,good,toward_good,False
above_good,above_good/21,21,23,good,toward_bad,False
above_good,above_good/21,22,23,good,,True
above_good,above_good/22,0,20,bad,toward_good,False
above_good,above_good/22,1,20,good,toward_bad,False
above_good,above_good/22,2,20,bad,toward_good,False
above_good,above_good/22,3,20,good,toward_good,False
above_good,above_good/22,4,20,good,toward_bad,False
above_good,above_good/22,5,20,good,toward_bad,False
above_good,above_good/22,6,20,bad,toward_good,False
above_good,above_good/22,7,20,good,toward_bad,False
above_good,above_good/22,8,20,bad,toward_good,False
above_good,above_good/22,9,20,bad,toward_good,False
above_good,above_good/22,10,20,good,toward_bad,False
above_good,above_good/22,11,20,bad,toward_good,False
above_good,above_good/22,12,20,good,toward_bad,False
above_good,above_good/22,13,20,good,toward_good,False
above_good,above_good/22,14,20,good,toward_good,False
above_good,above_good/22,15,20,good,toward_good,False
above_good,above_good/22,16,20,good,toward_bad,False
above_good,above_good/22,17,20,good,toward_bad,False
above_good,above_good/22,18,20,bad,toward_good,False
above_good,above_good/22,19,20,good,,True
above_good,above_good/24,0,20,good,toward_bad,False
above_good,above_good/24,1,20,bad,toward_good,False
above_good,above_good/24,2,20,good,toward_bad,False
above_good,above_good/24,3,20,good,toward_bad,False
above_good,above_good/24,4,20,bad,toward_good,False
above_good,above_good/24,5,20,good,toward_good,False
above_good,above_good/24,6,20,good,toward_bad,False
above_good,above_good/24,7,20,good,toward_good,False
above_good,above_good/24,8,20,good,toward_bad,False
above_good,above_good/24,9,20,good,toward_good,False
above_good,above_good/24,10,20,good,toward_bad,False
above_good,above_good/24,11,20,good,toward_bad,False
above_good,above_good/24,12,20,good,toward_bad,False
above_good,above_good/24,13,20,good,toward_good,False
above_good,above_good/24,14,20,good,toward_bad,False
above_good,above_good/24,15,20,good,toward_good,False
above_good,above_good/24,16,20,good,toward_good,False
above_good,above_good/24,17,20,good,toward_good,False
above_good,above_good/24,18,20,good,toward_bad,False
above_good,above_good/24,19,20,good,,True
above_good,above_good/25,0,1,good,,True
above_good,above_good/26,0,7,bad,toward_bad,False
above_good,above_good/26,1,7,bad,toward_good,False
above_good,above_good/26,2,7,bad,toward_bad,False
above_good,above_good/26,3,7,bad,toward_good,False
above_good,above_good/26,4,7,bad,toward_bad,False
above_good,above_good/26,5,7,bad,toward_bad,False
above_good,above_good/26,6,7,bad,,True
above_good,above_good/27,0,1,good,,True
above_good,above_good/29,0,4,good,toward_bad,False
above_good,above_good/29,1,4,good,toward_good,False
above_good,above_good/29,2,4,good,toward_good,False
above_good,above_good/29,3,4,good,,True
above_good,above_good/30,0,2,good,toward_bad,False
above_good,above_good/30,1,2,good,,True
above_good,above_good/31,0,29,bad,toward_good,False
above_good,above_good/31,1,29,good,toward_bad,False
above_good,above_good/31,2,29,good,toward_bad,False
above_good,above_good/31,3,29,bad,toward_bad,False
above_good,above_good/31,4,29,bad,toward_good,False
above_good,above_good/31,5,29,bad,toward_good,False
above_good,above_good/31,6,29,good,toward_good,False
above_good,above_good/31,7,29,good,toward_good,False
above_good,above_good/31,8,29,good,toward_bad,False
above_good,above_good/31,9,29,good,toward_bad,False
above_good,above_good/31,10,29,bad,toward_good,False
above_good,above_good/31,11,29,good,toward_bad,False
above_good,above_good/31,12,29,bad,toward_good,False
above_good,above_good/31,13,29,good,toward_good,False
above_good,above_good/31,14,29,good,toward_good,False
above_good,above_good/31,15,29,good,toward_bad,False
above_good,above_good/31,16,29,good,toward_good,False
above_good,above_good/31,17,29,good,toward_good,False
above_good,above_good/31,18,29,good,toward_bad,False
above_good,above_good/31,19,29,good,toward_bad,False
above_good,above_good/31,20,29,bad,toward_bad,False
above_good,above_good/31,21,29,bad,toward_good,False
above_good,above_good/31,22,29,bad,toward_good,False
above_good,above_good/31,23,29,good,toward_good,False
above_good,above_good/31,24,29,good,toward_bad,False
above_good,above_good/31,25,29,bad,toward_good,False
above_good,above_good/31,26,29,good,toward_good,False
above_good,above_good/31,27,29,good,toward_good,False
above_good,above_good/31,28,29,good,,True
above_good,above_good/32,0,2,bad,toward_good,False
above_good,above_good/32,1,2,good,,True
above_good,above_good/33,0,13,bad,toward_good,False
above_good,above_good/33,1,13,good,toward_bad,False
above_good,above_good/33,2,13,bad,toward_good,False
above_good,above_good/33,3,13,bad,toward_bad,False
above_good,above_good/33,4,13,bad,toward_good,False
above_good,above_good/33,5,13,bad,toward_bad,False
above_good,above_good/33,6,13,bad,toward_bad,False
above_good,above_good/33,7,13,bad,toward_bad,False
above_good,above_good/33,8,13,bad,toward_good,False
above_good,above_good/33,9,13,bad,toward_bad,False
above_good,above_good/33,10,13,bad,toward_good,False
above_good,above_good/33,11,13,bad,toward_bad,False
above_good,above_good/33,12,13,bad,,True
above_good,above_good/34,0,1,good,,True
above_good,above_good/35,0,2,good,toward_bad,False
above_good,above_good/35,1,2,good,,True
above_good,above_good/36,0,15,bad,toward_good,False
above_good,above_good/36,1,15,good,toward_good,False
above_good,above_good/36,2,15,good,toward_bad,False
above_good,above_good/36,3,15,bad,toward_good,False
above_good,above_good/36,4,15,good,toward_good,False
above_good,above_good/36,5,15,good,toward_bad,False
above_good,above_good/36,6,15,good,toward_bad,False
above_good,above_good/36,7,15,good,toward_bad,False
above_good,above_good/36,8,15,good,toward_good,False
above_good,above_good/36,9,15,good,toward_bad,False
above_good,above_good/36,10,15,good,toward_bad,False
above_good,above_good/36,11,15,good,toward_good,False
above_good,above_good/36,12,15,good,toward_bad,False
above_good,above_good/36,13,15,good,toward_good,False
above_good,above_good/36,14,15,good,,True
above_good,above_good/37,0,8,bad,toward_good,False
above_good,above_good/37,1,8,bad,toward_bad,False
above_good,above_good/37,2,8,bad,toward_good,False
above_good,above_good/37,3,8,bad,toward_bad,False
above_good,above_good/37,4,8,bad,toward_bad,False
above_good,above_good/37,5,8,bad,toward_good,False
above_good,above_good/37,6,8,bad,toward_bad,False
above_good,above_good/37,7,8,bad,,True
above_good,above_good/38,0,8,good,toward_good,False
above_good,above_good/38,1,8,good,toward_good,False
above_good,above_good/38,2,8,good,toward_good,False
above_good,above_good/38,3,8,good,toward_bad,False
above_good,above_good/38,4,8,good,toward_good,False
above_good,above_good/38,5,8,good,toward_good,False
above_good,above_good/38,6,8,good,toward_bad,False
above_good,above_good/38,7,8,good,,True
above_good,above_good/39,0,3,good,toward_bad,False
above_good,above_good/39,1,3,good,toward_good,False
above_good,above_good/39,2,3,good,,True
above_good,above_good/40,0,1,good,,True
above_good,above_good/41,0,8,bad,toward_good,False
above_good,above_good/41,1,8,bad,toward_good,False
above_good,above_good/41,2,8,bad,toward_good,False
above_good,above_good/41,3,8,good,toward_good,False
above_good,above_good/41,4,8,good,toward_bad,False
above_good,above_good/41,5,8,good,toward_bad,False
above_good,above_good/41,6,8,good,toward_bad,False
above_good,above_good/41,7,8,bad,,True
above_good,above_good/42,0,21,good,toward_good,False
above_good,above_good/42,1,21,good,toward_bad,False
above_good,above_good/42,2,21,good,toward_bad,False
above_good,above_good/42,3,21,good,toward_bad,False
above_good,above_good/42,4,21,good,toward_bad,False
above_good,above_good/42,5,21,good,toward_bad,False
above_good,above_good/42,6,21,good,toward_bad,False
above_good,above_good/42,7,21,good,toward_bad,False
above_good,above_good/42,8,21,good,toward_bad,False
above_good,above_good/42,9,21,bad,toward_good,False
above_good,above_good/42,10,21,good,toward_bad,False
above_good,above_good/42,11,21,bad,toward_good,False
above_good,above_good/42,12,21,good,toward_bad,False
above_good,above_good/42,13,21,good,toward_good,False
above_good,above_good/42,14,21,good,toward_bad,False
above_good,above_good/42,15,21,bad,toward_good,False
above_good,above_good/42,16,21,bad,toward_good,False
above_good,above_good/42,17,21,good,toward_bad,False
above_good,above_good/42,18,21,bad,toward_good,False
above_good,above_good/42,19,21,good,toward_bad,False
above_good,above_good/42,20,21,good,,True
above_good,above_good/43,0,3,bad,toward_good,False
above_good,above_good/43,1,3,good,toward_bad,False
above_good,above_good/43,2,3,good,,True
above_good,above_good/44,0,25,bad,toward_good,False
above_good,above_good/44,1,25,good,toward_bad,False
above_good,above_good/44,2,25,bad,toward_good,False
above_good,above_good/44,3,25,good,toward_bad,False
above_good,above_good/44,4,25,bad,toward_bad,False
above_good,above_good/44,5,25,bad,toward_good,False
above_good,above_good/44,6,25,bad,toward_good,False
above_good,above_good/44,7,25,good,toward_bad,False
above_good,above_good/44,8,25,good,toward_bad,False
above_good,above_good/44,9,25,good,toward_bad,False
above_good,above_good/44,10,25,bad,toward_good,False
above_good,above_good/44,11,25,good,toward_bad,False
above_good,above_good/44,12,25,good,toward_good,False
above_good,above_good/44,13,25,good,toward_bad,False
above_good,above_good/44,14,25,bad,toward_good,False
above_good,above_good/44,15,25,good,toward_bad,False
above_good,above_good/44,16,25,good,toward_bad,False
above_good,above_good/44,17,25,good,toward_bad,False
above_good,above_good/44,18,25,good,toward_good,False
above_good,above_good/44,19,25,good,toward_good,False
above_good,above_good/44,20,25,good,toward_bad,False
above_good,above_good/44,21,25,good,toward_bad,False
above_good,above_good/44,22,25,bad,toward_good,False
above_good,above_good/44,23,25,good,toward_bad,False
above_good,above_good/44,24,25,good,,True
above_good,above_good/45,0,1,good,,True
above_good,above_good/46,0,13,good,toward_good,False
above_good,above_good/46,1,13,good,toward_bad,False
above_good,above_good/46,2,13,good,toward_good,False
above_good,above_good/46,3,13,good,toward_bad,False
above_good,above_good/46,4,13,good,toward_good,False
above_good,above_good/46,5,13,good,toward_good,False
above_good,above_good/46,6,13,good,toward_bad,False
above_good,above_good/46,7,13,good,toward_good,False
above_good,above_good/46,8,13,good,toward_good,False
above_good,above_good/46,9,13,good,toward_bad,False
above_good,above_good/46,10,13,good,toward_good,False
above_good,above_good/46,11,13,good,toward_good,False
above_good,above_good/46,12,13,good,,True
above_good,above_good/47,0,1,good,,True
above_good,above_good/48,0,15,good,toward_bad,False
above_good,above_good/48,1,15,bad,toward_good,False
above_good,above_good/48,2,15,good,toward_bad,False
above_good,above_good/48,3,15,good,toward_bad,False
above_good,above_good/48,4,15,good,toward_good,False
above_good,above_good/48,5,15,good,toward_good,False
above_good,above_good/48,6,15,good,toward_bad,False
above_good,above_good/48,7,15,good,toward_bad,False
above_good,above_good/48,8,15,good,toward_good,False
above_good,above_good/48,9,15,good,toward_good,False
above_good,above_good/48,10,15,good,toward_bad,False
above_good,above_good/48,11,15,good,toward_good,False
above_good,above_good/48,12,15,good,toward_bad,False
above_good,above_good/48,13,15,good,toward_bad,False
above_good,above_good/48,14,15,good,,True
above_good,above_good/49,0,2,good,toward_bad,False
above_good,above_good/49,1,2,good,,True
above_good,above_good/50,0,21,bad,toward_bad,False
above_good,above_good/50,1,21,bad,toward_bad,False
above_good,above_good/50,2,21,bad,toward_good,False
above_good,above_good/50,3,21,good,toward_good,False
above_good,above_good/50,4,21,good,toward_bad,False
above_good,above_good/50,5,21,bad,toward_good,False
above_good,above_good/50,6,21,bad,toward_good,False
above_good,above_good/50,7,21,good,toward_bad,False
above_good,above_good/50,8,21,bad,toward_good,False
above_good,above_good/50,9,21,good,toward_bad,False
above_good,above_good/50,10,21,good,toward_bad,False
above_good,above_good/50,11,21,good,toward_bad,False
above_good,above_good/50,12,21,bad,toward_good,False
above_good,above_good/50,13,21,good,toward_bad,False
above_good,above_good/50,14,21,bad,toward_good,False
above_good,above_good/50,15,21,good,toward_bad,False
above_good,above_good/50,16,21,good,toward_good,False
above_good,above_good/50,17,21,good,toward_bad,False
above_good,above_good/50,18,21,good,toward_bad,False
above_good,above_good/50,19,21,good,toward_good,False
above_good,above_good/50,20,21,good,,True
above_good,above_good/51,0,5,bad,toward_good,False
above_good,above_good/51,1,5,good,toward_bad,False
above_good,above_good/51,2,5,good,toward_bad,False
above_good,above_good/51,3,5,good,toward_bad,False
above_good,above_good/51,4,5,good,,True
above_good,above_good/52,0,1,good,,True
above_good,above_good/53,0,37,bad,toward_good,False
above_good,above_good/53,1,37,bad,toward_bad,False
above_good,above_good/53,2,37,bad,toward_good,False
above_good,above_good/53,3,37,bad,toward_bad,False
above_good,above_good/53,4,37,bad,toward_good,False
above_good,above_good/53,5,37,bad,toward_good,False
above_good,above_good/53,6,37,bad,toward_bad,False
above_good,above_good/53,7,37,bad,toward_good,False
above_good,above_good/53,8,37,good,toward_good,False
above_good,above_good/53,9,37,good,toward_bad,False
above_good,above_good/53,10,37,good,toward_bad,False
above_good,above_good/53,11,37,good,toward_bad,False
above_good,above_good/53,12,37,bad,toward_good,False
above_good,above_good/53,13,37,bad,toward_bad,False
above_good,above_good/53,14,37,bad,toward_bad,False
above_good,above_good/53,15,37,bad,toward_bad,False
above_good,above_good/53,16,37,bad,toward_good,False
above_good,above_good/53,17,37,bad,toward_good,False
above_good,above_good/53,18,37,good,toward_bad,False
above_good,above_good/53,19,37,bad,toward_good,False
above_good,above_good/53,20,37,good,toward_bad,False
above_good,above_good/53,21,37,good,toward_bad,False
above_good,above_good/53,22,37,bad,toward_good,False
above_good,above_good/53,23,37,bad,toward_good,False
above_good,above_good/53,24,37,bad,same,False
above_good,above_good/53,25,37,bad,toward_good,False
above_good,above_good/53,26,37,bad,toward_good,False
above_good,above_good/53,27,37,bad,toward_bad,False
above_good,above_good/53,28,37,bad,toward_bad,False
above_good,above_good/53,29,37,bad,toward_bad,False
above_good,above_good/53,30,37,bad,toward_bad,False
above_good,above_good/53,31,37,bad,toward_good,False
above_good,above_good/53,32,37,good,toward_bad,False
above_good,above_good/53,33,37,bad,toward_bad,False
above_good,above_good/53,34,37,bad,toward_bad,False
above_good,above_good/53,35,37,bad,toward_good,False
above_good,above_good/53,36,37,bad,,True
above_good,above_good/54,0,9,bad,toward_bad,False
above_good,above_good/54,1,9,bad,toward_good,False
above_good,above_good/54,2,9,bad,toward_bad,False
above_good,above_good/54,3,9,bad,toward_good,False
above_good,above_good/54,4,9,bad,toward_good,False
above_good,above_good/54,5,9,good,toward_bad,False
above_good,above_good/54,6,9,bad,toward_good,False
above_good,above_good/54,7,9,bad,toward_bad,False
above_good,above_good/54,8,9,bad,,True
above_good,above_good/55,0,3,good,toward_bad,False
above_good,above_good/55,1,3,good,toward_good,False
above_good,above_good/55,2,3,good,,True
above_good,above_good/56,0,19,bad,toward_good,False
above_good,above_good/56,1,19,bad,toward_good,False
above_good,above_good/56,2,19,bad,toward_good,False
above_good,above_good/56,3,19,bad,toward_bad,False
above_good,above_good/56,4,19,bad,toward_good,False
above_good,above_good/56,5,19,bad,toward_good,False
above_good,above_good/56,6,19,bad,toward_good,False
above_good,above_good/56,7,19,bad,toward_good,False
above_good,above_good/56,8,19,good,toward_bad,False
above_good,above_good/56,9,19,good,toward_good,False
above_good,above_good/56,10,19,good,toward_bad,False
above_good,above_good/56,11,19,good,toward_good,False
above_good,above_good/56,12,19,good,toward_good,False
above_good,above_good/56,13,19,good,toward_bad,False
above_good,above_good/56,14,19,good,toward_bad,False
above_good,above_good/56,15,19,good,toward_bad,False
above_good,above_good/56,16,19,good,toward_good,False
above_good,above_good/56,17,19,good,toward_bad,False
above_good,above_good/56,18,19,good,,True
above_good,above_good/57,0,5,good,toward_bad,False
above_good,above_good/57,1,5,good,toward_good,False
above_good,above_good/57,2,5,good,toward_good,False
above_good,above_good/57,3,5,good,toward_good,False
above_good,above_good/57,4,5,good,,True
above_good,above_good/58,0,2,bad,toward_good,False
above_good,above_good/58,1,2,good,,True
above_good,above_good/59,0,6,good,toward_bad,False
above_good,above_good/59,1,6,bad,toward_good,False
above_good,above_good/59,2,6,good,toward_good,False
above_good,above_good/59,3,6,good,toward_bad,False
above_good,above_good/59,4,6,good,toward_good,False
above_good,above_good/59,5,6,good,,True
above_good,above_good/60,0,25,good,toward_bad,False
above_good,above_good/60,1,25,good,toward_bad,False
above_good,above_good/60,2,25,good,toward_good,False
above_good,above_good/60,3,25,good,toward_bad,False
above_good,above_good/60,4,25,good,toward_good,False
above_good,above_good/60,5,25,good,toward_bad,False
above_good,above_good/60,6,25,good,toward_good,False
above_good,above_good/60,7,25,good,toward_bad,False
above_good,above_good/60,8,25,good,toward_good,False
above_good,above_good/60,9,25,good,toward_good,False
above_good,above_good/60,10,25,good,toward_good,False
above_good,above_good/60,11,25,good,toward_bad,False
above_good,above_good/60,12,25,good,toward_good,False
above_good,above_good/60,13,25,good,toward_good,False
above_good,above_good/60,14,25,good,toward_good,False
above_good,above_good/60,15,25,good,toward_bad,False
above_good,above_good/60,16,25,good,toward_good,False
above_good,above_good/60,17,25,good,toward_bad,False
above_good,above_good/60,18,25,good,toward_bad,False
above_good,above_good/60,19,25,good,toward_bad,False
above_good,above_good/60,20,25,good,toward_good,False
above_good,above_good/60,21,25,good,same,False
above_good,above_good/60,22,25,good,toward_bad,False
above_good,above_good/60,23,25,good,toward_good,False
above_good,above_good/60,24,25,good,,True
above_good,above_good/61,0,26,bad,toward_good,False
above_good,above_good/61,1,26,bad,toward_good,False
above_good,above_good/61,2,26,bad,toward_bad,False
above_good,above_good/61,3,26,bad,toward_bad,False
above_good,above_good/61,4,26,bad,toward_bad,False
above_good,above_good/61,5,26,bad,toward_bad,False
above_good,above_good/61,6,26,bad,toward_good,False
above_good,above_good/61,7,26,bad,toward_good,False
above_good,above_good/61,8,26,bad,toward_bad,False
above_good,above_good/61,9,26,bad,toward_good,False
above_good,above_good/61,10,26,bad,toward_bad,False
above_good,above_good/61,11,26,bad,toward_good,False
above_good,above_good/61,12,26,bad,toward_bad,False
above_good,above_good/61,13,26,bad,toward_good,False
above_good,above_good/61,14,26,bad,toward_bad,False
above_good,above_good/61,15,26,bad,toward_bad,False
above_good,above_good/61,16,26,bad,toward_good,False
above_good,above_good/61,17,26,good,toward_bad,False
above_good,above_good/61,18,26,good,toward_bad,False
above_good,above_good/61,19,26,bad,toward_good,False
above_good,above_good/61,20,26,bad,toward_bad,False
above_good,above_good/61,21,26,bad,toward_good,False
above_good,above_good/61,22,26,bad,toward_good,False
above_good,above_good/61,23,26,bad,toward_bad,False
above_good,above_good/61,24,26,bad,toward_good,False
above_good,above_good/61,25,26,bad,,True
above_good,above_good/62,0,1,good,,True
above_good,above_good/63,0,2,bad,toward_bad,False
above_good,above_good/63,1,2,bad,,True
above_good,above_good/64,0,23,bad,toward_bad,False
above_good,above_good/64,1,23,bad,toward_good,False
above_good,above_good/64,2,23,bad,toward_bad,False
above_good,above_good/64,3,23,bad,toward_good,False
above_good,above_good/64,4,23,bad,toward_bad,False
above_good,above_good/64,5,23,bad,toward_good,False
above_good,above_good/64,6,23,bad,toward_bad,False
above_good,above_good/64,7,23,bad,toward_bad,False
above_good,above_good/64,8,23,bad,toward_good,False
above_good,above_good/64,9,23,bad,toward_bad,False
above_good,above_good/64,10,23,bad,toward_good,False
above_good,above_good/64,11,23,bad,toward_bad,False
above_good,above_good/64,12,23,bad,toward_bad,False
above_good,above_good/64,13,23,bad,toward_good,False
above_good,above_good/64,14,23,bad,toward_bad,False
above_good,above_good/64,15,23,bad,toward_good,False
above_good,above_good/64,16,23,bad,toward_good,False
above_good,above_good/64,17,23,bad,toward_bad,False
above_good,above_good/64,18,23,bad,toward_good,False
above_good,above_good/64,19,23,bad,toward_good,False
above_good,above_good/64,20,23,bad,toward_good,False
above_good,above_good/64,21,23,bad,toward_bad,False
above_good,above_good/64,22,23,bad,,True
above_good,above_good/65,0,1,good,,True
above_good,above_good/66,0,18,bad,toward_good,False
above_good,above_good/66,1,18,good,toward_good,False
above_good,above_good/66,2,18,good,toward_bad,False
above_good,above_good/66,3,18,good,toward_bad,False
above_good,above_good/66,4,18,good,toward_good,False
above_good,above_good/66,5,18,good,toward_good,False
above_good,above_good/66,6,18,good,toward_bad,False
above_good,above_good/66,7,18,good,toward_good,False
above_good,above_good/66,8,18,good,toward_bad,False
above_good,above_good/66,9,18,good,toward_good,False
above_good,above_good/66,10,18,good,toward_good,False
above_good,above_good/66,11,18,good,toward_good,False
above_good,above_good/66,12,18,good,toward_bad,False
above_good,above_good/66,13,18,good,toward_bad,False
above_good,above_good/66,14,18,good,toward_good,False
above_good,above_good/66,15,18,good,toward_bad,False
above_good,above_good/66,16,18,good,toward_bad,False
above_good,above_good/66,17,18,good,,True
above_good,above_good/67,0,24,bad,toward_good,False
above_good,above_good/67,1,24,bad,toward_good,False
above_good,above_good/67,2,24,bad,toward_good,False
above_good,above_good/67,3,24,good,toward_bad,False
above_good,above_good/67,4,24,bad,toward_good,False
above_good,above_good/67,5,24,good,toward_bad,False
above_good,above_good/67,6,24,bad,toward_good,False
above_good,above_good/67,7,24,bad,toward_bad,False
above_good,above_good/67,8,24,bad,toward_good,False
above_good,above_good/67,9,24,bad,toward_bad,False
above_good,above_good/67,10,24,bad,toward_good,False
above_good,above_good/67,11,24,bad,toward_good,False
above_good,above_good/67,12,24,bad,toward_bad,False
above_good,above_good/67,13,24,bad,toward_good,False
above_good,above_good/67,14,24,bad,toward_good,False
above_good,above_good/67,15,24,bad,toward_good,False
above_good,above_good/67,16,24,bad,toward_bad,False
above_good,above_good/67,17,24,bad,toward_good,False
above_good,above_good/67,18,24,bad,toward_good,False
above_good,above_good/67,19,24,bad,toward_bad,False
above_good,above_good/67,20,24,bad,toward_good,False
above_good,above_good/67,21,24,bad,toward_good,False
above_good,above_good/67,22,24,bad,toward_bad,False
above_good,above_good/67,23,24,bad,,True
above_good,above_good/68,0,2,good,toward_good,False
above_good,above_good/68,1,2,good,,True
above_good,above_good/70,0,1,bad,,True
above_good,above_good/71,0,4,good,toward_bad,False
above_good,above_good/71,1,4,good,toward_bad,False
above_good,above_good/71,2,4,bad,toward_good,False
above_good,above_good/71,3,4,good,,True
above_good,above_good/72,0,2,bad,toward_good,False
above_good,above_good/72,1,2,good,,True
above_good,above_good/73,0,4,good,toward_bad,False
above_good,above_good/73,1,4,good,toward_good,False
above_good,above_good/73,2,4,good,toward_good,False
above_good,above_good/73,3,4,good,,True
above_good,above_good/74,0,15,good,toward_bad,False
above_good,above_good/74,1,15,good,toward_good,False
above_good,above_good/74,2,15,good,toward_bad,False
above_good,above_good/74,3,15,good,toward_good,False
above_good,above_good/74,4,15,good,toward_bad,False
above_good,above_good/74,5,15,good,toward_good,False
above_good,above_good/74,6,15,good,toward_good,False
above_good,above_good/74,7,15,good,toward_bad,False
above_good,above_good/74,8,15,good,toward_good,False
above_good,above_good/74,9,15,good,toward_bad,False
above_good,above_good/74,10,15,good,toward_good,False
above_good,above_good/74,11,15,good,toward_bad,False
above_good,above_good/74,12,15,good,toward_good,False
above_good,above_good/74,13,15,good,toward_good,False
above_good,above_good/74,14,15,good,,True
above_good,above_good/75,0,9,good,toward_bad,False
above_good,above_good/75,1,9,good,toward_bad,False
above_good,above_good/75,2,9,good,toward_good,False
above_good,above_good/75,3,9,good,toward_good,False
above_good,above_good/75,4,9,good,toward_bad,False
above_good,above_good/75,5,9,good,toward_bad,False
above_good,above_good/75,6,9,good,toward_good,False
above_good,above_good/75,7,9,good,toward_bad,False
above_good,above_good/75,8,9,good,,True
above_good,above_good/76,0,5,bad,toward_good,False
above_good,above_good/76,1,5,bad,toward_bad,False
above_good,above_good/76,2,5,bad,toward_good,False
above_good,above_good/76,3,5,bad,toward_good,False
above_good,above_good/76,4,5,bad,,True
above_good,above_good/78,0,2,good,toward_good,False
above_good,above_good/78,1,2,good,,True
above_good,above_good/79,0,1,good,,True
above_good,above_good/80,0,4,bad,toward_good,False
above_good,above_good/80,1,4,bad,toward_bad,False
above_good,above_good/80,2,4,bad,toward_bad,False
above_good,above_good/80,3,4,bad,,True
above_good,above_good/81,0,7,bad,toward_good,False
above_good,above_good/81,1,7,bad,toward_good,False
above_good,above_good/81,2,7,bad,toward_bad,False
above_good,above_good/81,3,7,bad,toward_bad,False
above_good,above_good/81,4,7,bad,toward_bad,False
above_good,above_good/81,5,7,bad,toward_good,False
above_good,above_good/81,6,7,bad,,True
above_good,above_good/82,0,6,bad,toward_good,False
above_good,above_good/82,1,6,bad,toward_good,False
above_good,above_good/82,2,6,bad,toward_bad,False
above_good,above_good/82,3,6,bad,toward_good,False
above_good,above_good/82,4,6,bad,toward_good,False
above_good,above_good/82,5,6,bad,,True
above_good,above_good/83,0,1,good,,True
above_good,above_good/84,0,16,good,toward_good,False
above_good,above_good/84,1,16,good,toward_bad,False
above_good,above_good/84,2,16,good,toward_bad,False
above_good,above_good/84,3,16,bad,toward_good,False
above_good,above_good/84,4,16,good,toward_bad,False
above_good,above_good/84,5,16,bad,toward_good,False
above_good,above_good/84,6,16,good,toward_bad,False
above_good,above_good/84,7,16,bad,toward_good,False
above_good,above_good/84,8,16,good,toward_bad,False
above_good,above_good/84,9,16,bad,toward_good,False
above_good,above_good/84,10,16,good,toward_bad,False
above_good,above_good/84,11,16,good,toward_good,False
above_good,above_good/84,12,16,good,toward_good,False
above_good,above_good/84,13,16,good,toward_good,False
above_good,above_good/84,14,16,good,toward_bad,False
above_good,above_good/84,15,16,good,,True
above_good,above_good/86,0,22,bad,toward_good,False
above_good,above_good/86,1,22,bad,toward_good,False
above_good,above_good/86,2,22,good,toward_bad,False
above_good,above_good/86,3,22,bad,toward_good,False
above_good,above_good/86,4,22,bad,toward_good,False
above_good,above_good/86,5,22,bad,toward_bad,False
above_good,above_good/86,6,22,bad,toward_bad,False
above_good,above_good/86,7,22,bad,toward_good,False
above_good,above_good/86,8,22,good,toward_bad,False
above_good,above_good/86,9,22,good,toward_bad,False
above_good,above_good/86,10,22,bad,toward_good,False
above_good,above_good/86,11,22,bad,toward_good,False
above_good,above_good/86,12,22,good,toward_good,False
above_good,above_good/86,13,22,good,toward_bad,False
above_good,above_good/86,14,22,good,toward_bad,False
above_good,above_good/86,15,22,good,toward_bad,False
above_good,above_good/86,16,22,bad,toward_good,False
above_good,above_good/86,17,22,good,toward_bad,False
above_good,above_good/86,18,22,good,toward_bad,False
above_good,above_good/86,19,22,good,toward_good,False
above_good,above_good/86,20,22,good,toward_good,False
above_good,above_good/86,21,22,good,,True
above_good,above_good/87,0,16,bad,toward_good,False
above_good,above_good/87,1,16,bad,toward_good,False
above_good,above_good/87,2,16,bad,toward_good,False
above_good,above_good/87,3,16,bad,toward_bad,False
above_good,above_good/87,4,16,bad,toward_good,False
above_good,above_good/87,5,16,good,toward_bad,False
above_good,above_good/87,6,16,good,toward_bad,False
above_good,above_good/87,7,16,good,toward_good,False
above_good,above_good/87,8,16,good,toward_good,False
above_good,above_good/87,9,16,good,toward_bad,False
above_good,above_good/87,10,16,good,toward_good,False
above_good,above_good/87,11,16,good,toward_bad,False
above_good,above_good/87,12,16,bad,toward_good,False
above_good,above_good/87,13,16,good,toward_good,False
above_good,above_good/87,14,16,good,toward_good,False
above_good,above_good/87,15,16,good,,True
above_good,above_good/88,0,5,bad,toward_good,False
above_good,above_good/88,1,5,good,toward_bad,False
above_good,above_good/88,2,5,good,toward_good,False
above_good,above_good/88,3,5,good,toward_bad,False
above_good,above_good/88,4,5,good,,True
above_good,above_good/90,0,5,good,toward_good,False
above_good,above_good/90,1,5,good,toward_good,False
above_good,above_good/90,2,5,good,toward_good,False
above_good,above_good/90,3,5,good,toward_bad,False
above_good,above_good/90,4,5,good,,True
above_good,above_good/91,0,12,bad,toward_good,False
above_good,above_good/91,1,12,bad,toward_good,False
above_good,above_good/91,2,12,bad,toward_bad,False
above_good,above_good/91,3,12,bad,toward_good,False
above_good,above_good/91,4,12,bad,toward_good,False
above_good,above_good/91,5,12,bad,toward_bad,False
above_good,above_good/91,6,12,bad,toward_good,False
above_good,above_good/91,7,12,bad,toward_bad,False
above_good,above_good/91,8,12,bad,toward_good,False
above_good,above_good/91,9,12,bad,toward_bad,False
above_good,above_good/91,10,12,bad,toward_good,False
above_good,above_good/91,11,12,bad,,True
above_good,above_good/92,0,4,good,toward_bad,False
above_good,above_good/92,1,4,good,toward_bad,False
above_good,above_good/92,2,4,good,toward_good,False
above_good,above_good/92,3,4,good,,True
above_good,above_good/93,0,12,bad,toward_good,False
above_good,above_good/93,1,12,bad,toward_bad,False
above_good,above_good/93,2,12,bad,toward_good,False
above_good,above_good/93,3,12,good,toward_bad,False
above_good,above_good/93,4,12,bad,toward_bad,False
above_good,above_good/93,5,12,bad,toward_good,False
above_good,above_good/93,6,12,bad,toward_bad,False
above_good,above_good/93,7,12,bad,toward_good,False
above_good,above_good/93,8,12,bad,toward_good,False
above_good,above_good/93,9,12,bad,toward_good,False
above_good,above_good/93,10,12,bad,toward_good,False
above_good,above_good/93,11,12,bad,,True
above_good,above_good/94,0,33,bad,toward_bad,False
above_good,above_good/94,1,33,bad,toward_good,False
above_good,above_good/94,2,33,bad,toward_bad,False
above_good,above_good/94,3,33,bad,toward_good,False
above_good,above_good/94,4,33,bad,toward_good,False
above_good,above_good/94,5,33,bad,toward_bad,False
above_good,above_good/94,6,33,bad,toward_bad,False
above_good,above_good/94,7,33,bad,toward_good,False
above_good,above_good/94,8,33,bad,toward_good,False
above_good,above_good/94,9,33,bad,toward_good,False
above_good,above_good/94,10,33,bad,toward_bad,False
above_good,above_good/94,11,33,bad,toward_good,False
above_good,above_good/94,12,33,bad,toward_good,False
above_good,above_good/94,13,33,good,toward_bad,False
above_good,above_good/94,14,33,bad,toward_good,False
above_good,above_good/94,15,33,good,toward_bad,False
above_good,above_good/94,16,33,bad,toward_good,False
above_good,above_good/94,17,33,good,toward_bad,False
above_good,above_good/94,18,33,good,toward_bad,False
above_good,above_good/94,19,33,bad,toward_bad,False
above_good,above_good/94,20,33,bad,toward_good,False
above_good,above_good/94,21,33,bad,toward_good,False
above_good,above_good/94,22,33,good,toward_bad,False
above_good,above_good/94,23,33,bad,toward_good,False
above_good,above_good/94,24,33,bad,toward_bad,False
above_good,above_good/94,25,33,bad,toward_bad,False
above_good,above_good/94,26,33,bad,toward_good,False
above_good,above_good/94,27,33,bad,toward_good,False
above_good,above_good/94,28,33,bad,toward_good,False
above_good,above_good/94,29,33,good,toward_bad,False
above_good,above_good/94,30,33,bad,toward_good,False
above_good,above_good/94,31,33,bad,toward_bad,False
above_good,above_good/94,32,33,bad,,True
above_good,above_good/95,0,5,good,toward_good,False
above_good,above_good/95,1,5,good,toward_good,False
above_good,above_good/95,2,5,good,toward_bad,False
above_good,above_good/95,3,5,good,toward_bad,False
above_good,above_good/95,4,5,good,,True
above_good,above_good/96,0,2,bad,toward_good,False
above_good,above_good/96,1,2,good,,True
above_good,above_good/97,0,15,good,toward_bad,False
above_good,above_good/97,1,15,bad,toward_good,False
above_good,above_good/97,2,15,good,toward_bad,False
above_good,above_good/97,3,15,bad,toward_good,False
above_good,above_good/97,4,15,good,toward_bad,False
above_good,above_good/97,5,15,good,toward_bad,False
above_good,above_good/97,6,15,bad,toward_good,False
above_good,above_good/97,7,15,bad,toward_good,False
above_good,above_good/97,8,15,good,toward_good,False
above_good,above_good/97,9,15,good,toward_bad,False
above_good,above_good/97,10,15,good,toward_bad,False
above_good,above_good/97,11,15,good,toward_bad,False
above_good,above_good/97,12,15,good,toward_good,False
above_good,above_good/97,13,15,good,toward_bad,False
above_good,above_good/97,14,15,good,,True
above_good,above_good/98,0,1,good,,True
above_good,above_good/99,0,24,bad,toward_good,False
above_good,above_good/99,1,24,bad,toward_good,False
above_good,above_good/99,2,24,bad,toward_good,False
above_good,above_good/99,3,24,bad,toward_good,False
above_good,above_good/99,4,24,bad,toward_good,False
above_good,above_good/99,5,24,bad,toward_bad,False
above_good,above_good/99,6,24,bad,toward_good,False
above_good,above_good/99,7,24,bad,toward_good,False
above_good,above_good/99,8,24,bad,toward_bad,False
above_good,above_good/99,9,24,bad,toward_bad,False
above_good,above_good/99,10,24,bad,toward_good,False
above_good,above_good/99,11,24,bad,toward_good,False
above_good,above_good/99,12,24,bad,toward_bad,False
above_good,above_good/99,13,24,bad,toward_good,False
above_good,above_good/99,14,24,bad,toward_good,False
above_good,above_good/99,15,24,bad,toward_good,False
above_good,above_good/99,16,24,bad,toward_bad,False
above_good,above_good/99,17,24,bad,toward_good,False
above_good,above_good/99,18,24,good,toward_bad,False
above_good,above_good/99,19,24,good,toward_bad,False
above_good,above_good/99,20,24,bad,toward_good,False
above_good,above_good/99,21,24,bad,toward_good,False
above_good,above_good/99,22,24,bad,toward_bad,False
above_good,above_good/99,23,24,bad,,True
