group,rollout,t,K,side,move,is_last
baseline[good=above],baseline/0,0,1,good,,True
baseline[good=below],baseline/0,0,1,bad,,True
baseline[good=above],baseline/2,0,66,good,toward_good,False
baseline[good=above],baseline/2,1,66,good,toward_good,False
baseline[good=above],baseline/2,2,66,good,toward_bad,False
baseline[good=above],baseline/2,3,66,good,toward_good,False
baseline[good=above],baseline/2,4,66,good,toward_bad,False
baseline[good=above],baseline/2,5,66,good,toward_good,False
baseline[good=above],baseline/2,6,66,good,toward_bad,False
baseline[good=above],baseline/2,7,66,good,toward_good,False
baseline[good=above],baseline/2,8,66,good,toward_bad,False
baseline[good=above],baseline/2,9,66,good,toward_good,False
baseline[good=above],baseline/2,10,66,good,toward_bad,False
baseline[good=above],baseline/2,11,66,good,toward_good,False
baseline[good=above],baseline/2,12,66,good,toward_bad,False
baseline[good=above],baseline/2,13,66,good,toward_good,False
baseline[good=above],baseline/2,14,66,good,toward_good,False
baseline[good=above],baseline/2,15,66,good,toward_bad,False
baseline[good=above],baseline/2,16,66,good,toward_good,False
baseline[good=above],baseline/2,17,66,good,toward_bad,False
baseline[good=above],baseline/2,18,66,good,toward_good,False
baseline[good=above],baseline/2,19,66,good,toward_bad,False
baseline[good=above],baseline/2,20,66,good,toward_good,False
baseline[good=above],baseline/2,21,66,good,toward_good,False
baseline[good=above],baseline/2,22,66,good,toward_good,False
baseline[good=above],baseline/2,23,66,good,toward_bad,False
baseline[good=above],baseline/2,24,66,good,toward_bad,False
baseline[good=above],baseline/2,25,66,good,toward_bad,False
baseline[good=above],baseline/2,26,66,good,toward_bad,False
baseline[good=above],baseline/2,27,66,good,toward_bad,False
baseline[good=above],baseline/2,28,66,good,toward_good,False
baseline[good=above],baseline/2,29,66,good,toward_bad,False
baseline[good=above],baseline/2,30,66,good,toward_good,False
baseline[good=above],baseline/2,31,66,good,toward_good,False
baseline[good=above],baseline/2,32,66,good,toward_bad,False
baseline[good=above],baseline/2,33,66,good,toward_good,False
baseline[good=above],baseline/2,34,66,good,toward_good,False
baseline[good=above],baseline/2,35,66,good,toward_bad,False
baseline[good=above],baseline/2,36,66,good,toward_bad,False
baseline[good=above],baseline/2,37,66,good,toward_good,False
baseline[good=above],baseline/2,38,66,good,toward_good,False
baseline[good=above],baseline/2,39,66,good,same,False
baseline[good=above],baseline/2,40,66,good,toward_bad,False
baseline[good=above],baseline/2,41,66,good,toward_good,False
baseline[good=above],baseline/2,42,66,good,toward_bad,False
baseline[good=above],baseline/2,43,66,good,toward_good,False
baseline[good=above],baseline/2,44,66,good,toward_good,False
baseline[good=above],baseline/2,45,66,good,toward_bad,False
baseline[good=above],baseline/2,46,66,good,toward_bad,False
baseline[good=above],baseline/2,47,66,good,toward_good,False
baseline[good=above],baseline/2,48,66,good,toward_good,False
baseline[good=above],baseline/2,49,66,good,toward_bad,False
baseline[good=above],baseline/2,50,66,good,toward_bad,False
baseline[good=above],baseline/2,51,66,good,toward_good,False
baseline[good=above],baseline/2,52,66,good,toward_bad,False
baseline[good=above],baseline/2,53,66,good,toward_good,False
baseline[good=above],baseline/2,54,66,good,toward_bad,False
baseline[good=above],baseline/2,55,66,good,toward_bad,False
baseline[good=above],baseline/2,56,66,good,toward_good,False
baseline[good=above],baseline/2,57,66,good,toward_good,False
baseline[good=above],baseline/2,58,66,good,toward_bad,False
baseline[good=above],baseline/2,59,66,good,toward_bad,False
baseline[good=above],baseline/2,60,66,good,toward_good,False
baseline[good=above],baseline/2,61,66,good,toward_bad,False
baseline[good=above],baseline/2,62,66,good,toward_good,False
baseline[good=above],baseline/2,63,66,good,toward_good,False
baseline[good=above],baseline/2,64,66,good,toward_bad,False
baseline[good=above],baseline/2,65,66,good,,True
baseline[good=below],baseline/2,0,66,bad,toward_bad,False
baseline[good=below],baseline/2,1,66,bad,toward_bad,False
baseline[good=below],baseline/2,2,66,bad,toward_good,False
baseline[good=below],baseline/2,3,66,bad,toward_bad,False
baseline[good=below],baseline/2,4,66,bad,toward_good,False
baseline[good=below],baseline/2,5,66,bad,toward_bad,False
baseline[good=below],baseline/2,6,66,bad,toward_good,False
baseline[good=below],baseline/2,7,66,bad,toward_bad,False
baseline[good=below],baseline/2,8,66,bad,toward_good,False
baseline[good=below],baseline/2,9,66,bad,toward_bad,False
baseline[good=below],baseline/2,10,66,bad,toward_good,False
baseline[good=below],baseline/2,11,66,bad,toward_bad,False
baseline[good=below],baseline/2,12,66,bad,toward_good,False
baseline[good=below],baseline/2,13,66,bad,toward_bad,False
baseline[good=below],baseline/2,14,66,bad,toward_bad,False
baseline[good=below],baseline/2,15,66,bad,toward_good,False
baseline[good=below],baseline/2,16,66,bad,toward_bad,False
baseline[good=below],baseline/2,17,66,bad,toward_good,False
baseline[good=below],baseline/2,18,66,bad,toward_bad,False
baseline[good=below],baseline/2,19,66,bad,toward_good,False
baseline[good=below],baseline/2,20,66,bad,toward_bad,False
baseline[good=below],baseline/2,21,66,bad,toward_bad,False
baseline[good=below],baseline/2,22,66,bad,toward_bad,False
baseline[good=below],baseline/2,23,66,bad,toward_good,False
baseline[good=below],baseline/2,24,66,bad,toward_good,False
baseline[good=below],baseline/2,25,66,bad,toward_good,False
baseline[good=below],baseline/2,26,66,bad,toward_good,False
baseline[good=below],baseline/2,27,66,bad,toward_good,False
baseline[good=below],baseline/2,28,66,bad,toward_bad,False
baseline[good=below],baseline/2,29,66,bad,toward_good,False
baseline[good=below],baseline/2,30,66,bad,toward_bad,False
baseline[good=below],baseline/2,31,66,bad,toward_bad,False
baseline[good=below],baseline/2,32,66,bad,toward_good,False
baseline[good=below],baseline/2,33,66,bad,toward_bad,False
baseline[good=below],baseline/2,34,66,bad,toward_bad,False
baseline[good=below],baseline/2,35,66,bad,toward_good,False
baseline[good=below],baseline/2,36,66,bad,toward_good,False
baseline[good=below],baseline/2,37,66,bad,toward_bad,False
baseline[good=below],baseline/2,38,66,bad,toward_bad,False
baseline[good=below],baseline/2,39,66,bad,same,False
baseline[good=below],baseline/2,40,66,bad,toward_good,False
baseline[good=below],baseline/2,41,66,bad,toward_bad,False
baseline[good=below],baseline/2,42,66,bad,toward_good,False
baseline[good=below],baseline/2,43,66,bad,toward_bad,False
baseline[good=below],baseline/2,44,66,bad,toward_bad,False
baseline[good=below],baseline/2,45,66,bad,toward_good,False
baseline[good=below],baseline/2,46,66,bad,toward_good,False
baseline[good=below],baseline/2,47,66,bad,toward_bad,False
baseline[good=below],baseline/2,48,66,bad,toward_bad,False
baseline[good=below],baseline/2,49,66,bad,toward_good,False
baseline[good=below],baseline/2,50,66,bad,toward_good,False
baseline[good=below],baseline/2,51,66,bad,toward_bad,False
baseline[good=below],baseline/2,52,66,bad,toward_good,False
baseline[good=below],baseline/2,53,66,bad,toward_bad,False
baseline[good=below],baseline/2,54,66,bad,toward_good,False
baseline[good=below],baseline/2,55,66,bad,toward_good,False
baseline[good=below],baseline/2,56,66,bad,toward_bad,False
baseline[good=below],baseline/2,57,66,bad,toward_bad,False
baseline[good=below],baseline/2,58,66,bad,toward_good,False
baseline[good=below],baseline/2,59,66,bad,toward_good,False
baseline[good=below],baseline/2,60,66,bad,toward_bad,False
baseline[good=below],baseline/2,61,66,bad,toward_good,False
baseline[good=below],baseline/2,62,66,bad,toward_bad,False
baseline[good=below],baseline/2,63,66,bad,toward_bad,False
baseline[good=below],baseline/2,64,66,bad,toward_good,False
baseline[good=below],baseline/2,65,66,bad,,True
baseline[good=above],baseline/8,0,15,good,toward_good,False
baseline[good=above],baseline/8,1,15,good,toward_good,False
baseline[good=above],baseline/8,2,15,good,toward_bad,False
baseline[good=above],baseline/8,3,15,good,toward_good,False
baseline[good=above],baseline/8,4,15,good,toward_good,False
baseline[good=above],baseline/8,5,15,good,toward_bad,False
baseline[good=above],baseline/8,6,15,good,toward_good,False
baseline[good=above],baseline/8,7,15,good,toward_good,False
baseline[good=above],baseline/8,8,15,good,toward_good,False
baseline[good=above],baseline/8,9,15,good,toward_bad,False
baseline[good=above],baseline/8,10,15,good,toward_good,False
baseline[good=above],baseline/8,11,15,good,toward_bad,False
baseline[good=above],baseline/8,12,15,good,toward_bad,False
baseline[good=above],baseline/8,13,15,good,toward_good,False
baseline[good=above],baseline/8,14,15,good,,True
baseline[good=below],baseline/8,0,15,bad,toward_bad,False
baseline[good=below],baseline/8,1,15,bad,toward_bad,False
baseline[good=below],baseline/8,2,15,bad,toward_good,False
baseline[good=below],baseline/8,3,15,bad,toward_bad,False
baseline[good=below],baseline/8,4,15,bad,toward_bad,False
baseline[good=below],baseline/8,5,15,bad,toward_good,False
baseline[good=below],baseline/8,6,15,bad,toward_bad,False
baseline[good=below],baseline/8,7,15,bad,toward_bad,False
baseline[good=below],baseline/8,8,15,bad,toward_bad,False
baseline[good=below],baseline/8,9,15,bad,toward_good,False
baseline[good=below],baseline/8,10,15,bad,toward_bad,False
baseline[good=below],baseline/8,11,15,bad,toward_good,False
baseline[good=below],baseline/8,12,15,bad,toward_good,False
baseline[good=below],baseline/8,13,15,bad,toward_bad,False
baseline[good=below],baseline/8,14,15,bad,,True
baseline[good=above],baseline/9,0,15,good,toward_bad,False
baseline[good=above],baseline/9,1,15,good,toward_bad,False
baseline[good=above],baseline/9,2,15,good,toward_good,False
baseline[good=above],baseline/9,3,15,good,toward_bad,False
baseline[good=above],baseline/9,4,15,bad,toward_good,False
baseline[good=above],baseline/9,5,15,good,toward_bad,False
baseline[good=above],baseline/9,6,15,good,toward_good,False
baseline[good=above],baseline/9,7,15,good,toward_good,False
baseline[good=above],baseline/9,8,15,good,toward_good,False
baseline[good=above],baseline/9,9,15,good,toward_bad,False
baseline[good=above],baseline/9,10,15,good,toward_good,False
baseline[good=above],baseline/9,11,15,good,toward_good,False
baseline[good=above],baseline/9,12,15,good,toward_good,False
baseline[good=above],baseline/9,13,15,good,toward_bad,False
baseline[good=above],baseline/9,14,15,good,,True
baseline[good=below],baseline/9,0,15,bad,toward_good,False
baseline[good=below],baseline/9,1,15,bad,toward_good,False
baseline[good=below],baseline/9,2,15,bad,toward_bad,False
baseline[good=below],baseline/9,3,15,bad,toward_good,False
baseline[good=below],baseline/9,4,15,good,toward_bad,False
baseline[good=below],baseline/9,5,15,bad,toward_good,False
baseline[good=below],baseline/9,6,15,bad,toward_bad,False
baseline[good=below],baseline/9,7,15,bad,toward_bad,False
baseline[good=below],baseline/9,8,15,bad,toward_bad,False
baseline[good=below],baseline/9,9,15,bad,toward_good,False
baseline[good=below],baseline/9,10,15,bad,toward_bad,False
baseline[good=below],baseline/9,11,15,bad,toward_bad,False
baseline[good=below],baseline/9,12,15,bad,toward_bad,False
baseline[good=below],baseline/9,13,15,bad,toward_good,False
baseline[good=below],baseline/9,14,15,bad,,True
baseline[good=above],baseline/10,0,9,good,toward_good,False
baseline[good=above],baseline/10,1,9,good,toward_bad,False
baseline[good=above],baseline/10,2,9,good,toward_good,False
baseline[good=above],baseline/10,3,9,good,toward_good,False
baseline[good=above],baseline/10,4,9,good,toward_bad,False
baseline[good=above],baseline/10,5,9,good,toward_good,False
baseline[good=above],baseline/10,6,9,good,toward_good,False
baseline[good=above],baseline/10,7,9,good,toward_bad,False
baseline[good=above],baseline/10,8,9,good,,True
baseline[good=below],baseline/10,0,9,bad,toward_bad,False
baseline[good=below],baseline/10,1,9,bad,toward_good,False
baseline[good=below],baseline/10,2,9,bad,toward_bad,False
baseline[good=below],baseline/10,3,9,bad,toward_bad,False
baseline[good=below],baseline/10,4,9,bad,toward_good,False
baseline[good=below],baseline/10,5,9,bad,toward_bad,False
baseline[good=below],baseline/10,6,9,bad,toward_bad,False
baseline[good=below],baseline/10,7,9,bad,toward_good,False
baseline[good=below],baseline/10,8,9,bad,,True
baseline[good=above],baseline/12,0,96,bad,toward_bad,False
baseline[good=above],baseline/12,1,96,bad,toward_good,False
baseline[good=above],baseline/12,2,96,bad,toward_bad,False
baseline[good=above],baseline/12,3,96,bad,toward_good,False
baseline[good=above],baseline/12,4,96,bad,toward_bad,False
baseline[good=above],baseline/12,5,96,bad,toward_good,False
baseline[good=above],baseline/12,6,96,bad,toward_bad,False
baseline[good=above],baseline/12,7,96,bad,toward_bad,False
baseline[good=above],baseline/12,8,96,bad,toward_good,False
baseline[good=above],baseline/12,9,96,bad,toward_bad,False
baseline[good=above],baseline/12,10,96,bad,toward_bad,False
baseline[good=above],baseline/12,11,96,bad,toward_good,False
baseline[good=above],baseline/12,12,96,bad,toward_bad,False
baseline[good=above],baseline/12,13,96,bad,toward_good,False
baseline[good=above],baseline/12,14,96,bad,toward_bad,False
baseline[good=above],baseline/12,15,96,bad,toward_good,False
baseline[good=above],baseline/12,16,96,bad,toward_bad,False
baseline[good=above],baseline/12,17,96,bad,toward_good,False
baseline[good=above],baseline/12,18,96,bad,toward_bad,False
baseline[good=above],baseline/12,19,96,bad,toward_bad,False
baseline[good=above],baseline/12,20,96,bad,toward_good,False
baseline[good=above],baseline/12,21,96,bad,toward_good,False
baseline[good=above],baseline/12,22,96,bad,toward_bad,False
baseline[good=above],baseline/12,23,96,bad,toward_good,False
baseline[good=above],baseline/12,24,96,bad,toward_good,False
baseline[good=above],baseline/12,25,96,bad,toward_bad,False
baseline[good=above],baseline/12,26,96,bad,toward_bad,False
baseline[good=above],baseline/12,27,96,bad,toward_good,False
baseline[good=above],baseline/12,28,96,bad,toward_good,False
baseline[good=above],baseline/12,29,96,bad,toward_good,False
baseline[good=above],baseline/12,30,96,bad,toward_good,False
baseline[good=above],baseline/12,31,96,bad,toward_bad,False
baseline[good=above],baseline/12,32,96,bad,toward_good,False
baseline[good=above],baseline/12,33,96,bad,toward_bad,False
baseline[good=above],baseline/12,34,96,bad,toward_bad,False
baseline[good=above],baseline/12,35,96,bad,toward_good,False
baseline[good=above],baseline/12,36,96,bad,toward_good,False
baseline[good=above],baseline/12,37,96,bad,toward_bad,False
baseline[good=above],baseline/12,38,96,bad,toward_bad,False
baseline[good=above],baseline/12,39,96,bad,toward_bad,False
baseline[good=above],baseline/12,40,96,bad,toward_good,False
baseline[good=above],baseline/12,41,96,bad,toward_bad,False
baseline[good=above],baseline/12,42,96,bad,toward_good,False
baseline[good=above],baseline/12,43,96,bad,toward_bad,False
baseline[good=above],baseline/12,44,96,bad,toward_good,False
baseline[good=above],baseline/12,45,96,bad,toward_bad,False
baseline[good=above],baseline/12,46,96,bad,toward_good,False
baseline[good=above],baseline/12,47,96,bad,toward_good,False
baseline[good=above],baseline/12,48,96,bad,toward_bad,False
baseline[good=above],baseline/12,49,96,bad,toward_bad,False
baseline[good=above],baseline/12,50,96,bad,toward_bad,False
baseline[good=above],baseline/12,51,96,bad,toward_good,False
baseline[good=above],baseline/12,52,96,bad,toward_bad,False
baseline[good=above],baseline/12,53,96,bad,toward_good,False
baseline[good=above],baseline/12,54,96,bad,toward_bad,False
baseline[good=above],baseline/12,55,96,bad,toward_good,False
baseline[good=above],baseline/12,56,96,bad,toward_bad,False
baseline[good=above],baseline/12,57,96,bad,toward_good,False
baseline[good=above],baseline/12,58,96,bad,toward_bad,False
baseline[good=above],baseline/12,59,96,bad,toward_good,False
baseline[good=above],baseline/12,60,96,bad,toward_bad,False
baseline[good=above],baseline/12,61,96,bad,toward_good,False
baseline[good=above],baseline/12,62,96,bad,toward_good,False
baseline[good=above],baseline/12,63,96,bad,toward_good,False
baseline[good=above],baseline/12,64,96,bad,toward_bad,False
baseline[good=above],baseline/12,65,96,bad,toward_good,False
baseline[good=above],baseline/12,66,96,bad,toward_bad,False
baseline[good=above],baseline/12,67,96,bad,toward_good,False
baseline[good=above],baseline/12,68,96,bad,toward_bad,False
baseline[good=above],baseline/12,69,96,bad,toward_good,False
baseline[good=above],baseline/12,70,96,bad,toward_bad,False
baseline[good=above],baseline/12,71,96,bad,toward_bad,False
baseline[good=above],baseline/12,72,96,bad,toward_good,False
baseline[good=above],baseline/12,73,96,bad,toward_bad,False
baseline[good=above],baseline/12,74,96,bad,toward_good,False
baseline[good=above],baseline/12,75,96,bad,toward_bad,False
baseline[good=above],baseline/12,76,96,bad,toward_good,False
baseline[good=above],baseline/12,77,96,bad,toward_bad,False
baseline[good=above],baseline/12,78,96,bad,toward_good,False
baseline[good=above],baseline/12,79,96,bad,toward_good,False
baseline[good=above],baseline/12,80,96,bad,toward_good,False
baseline[good=above],baseline/12,81,96,bad,toward_bad,False
baseline[good=above],baseline/12,82,96,bad,toward_good,False
baseline[good=above],baseline/12,83,96,bad,toward_good,False
baseline[good=above],baseline/12,84,96,bad,toward_good,False
baseline[good=above],baseline/12,85,96,bad,toward_bad,False
baseline[good=above],baseline/12,86,96,bad,toward_good,False
baseline[good=above],baseline/12,87,96,bad,toward_bad,False
baseline[good=above],baseline/12,88,96,bad,toward_bad,False
baseline[good=above],baseline/12,89,96,bad,toward_bad,False
baseline[good=above],baseline/12,90,96,bad,toward_good,False
baseline[good=above],baseline/12,91,96,bad,toward_good,False
baseline[good=above],baseline/12,92,96,bad,toward_bad,False
baseline[good=above],baseline/12,93,96,bad,toward_bad,False
baseline[good=above],baseline/12,94,96,bad,toward_bad,False
baseline[good=above],baseline/12,95,96,bad,,True
baseline[good=below],baseline/12,0,96,good,toward_good,False
baseline[good=below],baseline/12,1,96,good,toward_bad,False
baseline[good=below],baseline/12,2,96,good,toward_good,False
baseline[good=below],baseline/12,3,96,good,toward_bad,False
baseline[good=below],baseline/12,4,96,good,toward_good,False
baseline[good=below],baseline/12,5,96,good,toward_bad,False
baseline[good=below],baseline/12,6,96,good,toward_good,False
baseline[good=below],baseline/12,7,96,good,toward_good,False
baseline[good=below],baseline/12,8,96,good,toward_bad,False
baseline[good=below],baseline/12,9,96,good,toward_good,False
baseline[good=below],baseline/12,10,96,good,toward_good,False
baseline[good=below],baseline/12,11,96,good,toward_bad,False
baseline[good=below],baseline/12,12,96,good,toward_good,False
baseline[good=below],baseline/12,13,96,good,toward_bad,False
baseline[good=below],baseline/12,14,96,good,toward_good,False
baseline[good=below],baseline/12,15,96,good,toward_bad,False
baseline[good=below],baseline/12,16,96,good,toward_good,False
baseline[good=below],baseline/12,17,96,good,toward_bad,False
baseline[good=below],baseline/12,18,96,good,toward_good,False
baseline[good=below],baseline/12,19,96,good,toward_good,False
baseline[good=below],baseline/12,20,96,good,toward_bad,False
baseline[good=below],baseline/12,21,96,good,toward_bad,False
baseline[good=below],baseline/12,22,96,good,toward_good,False
baseline[good=below],baseline/12,23,96,good,toward_bad,False
baseline[good=below],baseline/12,24,96,good,toward_bad,False
baseline[good=below],baseline/12,25,96,good,toward_good,False
baseline[good=below],baseline/12,26,96,good,toward_good,False
baseline[good=below],baseline/12,27,96,good,toward_bad,False
baseline[good=below],baseline/12,28,96,good,toward_bad,False
baseline[good=below],baseline/12,29,96,good,toward_bad,False
baseline[good=below],baseline/12,30,96,good,toward_bad,False
baseline[good=below],baseline/12,31,96,good,toward_good,False
baseline[good=below],baseline/12,32,96,good,toward_bad,False
baseline[good=below],baseline/12,33,96,good,toward_good,False
baseline[good=below],baseline/12,34,96,good,toward_good,False
baseline[good=below],baseline/12,35,96,good,toward_bad,False
baseline[good=below],baseline/12,36,96,good,toward_bad,False
baseline[good=below],baseline/12,37,96,good,toward_good,False
baseline[good=below],baseline/12,38,96,good,toward_good,False
baseline[good=below],baseline/12,39,96,good,toward_good,False
baseline[good=below],baseline/12,40,96,good,toward_bad,False
baseline[good=below],baseline/12,41,96,good,toward_good,False
baseline[good=below],baseline/12,42,96,good,toward_bad,False
baseline[good=below],baseline/12,43,96,good,toward_good,False
baseline[good=below],baseline/12,44,96,good,toward_bad,False
baseline[good=below],baseline/12,45,96,good,toward_good,False
baseline[good=below],baseline/12,46,96,good,toward_bad,False
baseline[good=below],baseline/12,47,96,good,toward_bad,False
baseline[good=below],baseline/12,48,96,good,toward_good,False
baseline[good=below],baseline/12,49,96,good,toward_good,False
baseline[good=below],baseline/12,50,96,good,toward_good,False
baseline[good=below],baseline/12,51,96,good,toward_bad,False
baseline[good=below],baseline/12,52,96,good,toward_good,False
baseline[good=below],baseline/12,53,96,good,toward_bad,False
baseline[good=below],baseline/12,54,96,good,toward_good,False
baseline[good=below],baseline/12,55,96,good,toward_bad,False
baseline[good=below],baseline/12,56,96,good,toward_good,False
baseline[good=below],baseline/12,57,96,good,toward_bad,False
baseline[good=below],baseline/12,58,96,good,toward_good,False
baseline[good=below],baseline/12,59,96,good,toward_bad,False
baseline[good=below],baseline/12,60,96,good,toward_good,False
baseline[good=below],baseline/12,61,96,good,toward_bad,False
baseline[good=below],baseline/12,62,96,good,toward_bad,False
baseline[good=below],baseline/12,63,96,good,toward_bad,False
baseline[good=below],baseline/12,64,96,good,toward_good,False
baseline[good=below],baseline/12,65,96,good,toward_bad,False
baseline[good=below],baseline/12,66,96,good,toward_good,False
baseline[good=below],baseline/12,67,96,good,toward_bad,False
baseline[good=below],baseline/12,68,96,good,toward_good,False
baseline[good=below],baseline/12,69,96,good,toward_bad,False
baseline[good=below],baseline/12,70,96,good,toward_good,False
baseline[good=below],baseline/12,71,96,good,toward_good,False
baseline[good=below],baseline/12,72,96,good,toward_bad,False
baseline[good=below],baseline/12,73,96,good,toward_good,False
baseline[good=below],baseline/12,74,96,good,toward_bad,False
baseline[good=below],baseline/12,75,96,good,toward_good,False
baseline[good=below],baseline/12,76,96,good,toward_bad,False
baseline[good=below],baseline/12,77,96,good,toward_good,False
baseline[good=below],baseline/12,78,96,good,toward_bad,False
baseline[good=below],baseline/12,79,96,good,toward_bad,False
baseline[good=below],baseline/12,80,96,good,toward_bad,False
baseline[good=below],baseline/12,81,96,good,toward_good,False
baseline[good=below],baseline/12,82,96,good,toward_bad,False
baseline[good=below],baseline/12,83,96,good,toward_bad,False
baseline[good=below],baseline/12,84,96,good,toward_bad,False
baseline[good=below],baseline/12,85,96,good,toward_good,False
baseline[good=below],baseline/12,86,96,good,toward_bad,False
baseline[good=below],baseline/12,87,96,good,toward_good,False
baseline[good=below],baseline/12,88,96,good,toward_good,False
baseline[good=below],baseline/12,89,96,good,toward_good,False
baseline[good=below],baseline/12,90,96,good,toward_bad,False
baseline[good=below],baseline/12,91,96,good,toward_bad,False
baseline[good=below],baseline/12,92,96,good,toward_good,False
baseline[good=below],baseline/12,93,96,good,toward_good,False
baseline[good=below],baseline/12,94,96,good,toward_good,False
baseline[good=below],baseline/12,95,96,good,,True
baseline[good=above],baseline/13,0,71,good,toward_good,False
baseline[good=above],baseline/13,1,71,good,toward_bad,False
baseline[good=above],baseline/13,2,71,good,toward_bad,False
baseline[good=above],baseline/13,3,71,good,toward_good,False
baseline[good=above],baseline/13,4,71,good,toward_bad,False
baseline[good=above],baseline/13,5,71,good,toward_good,False
baseline[good=above],baseline/13,6,71,good,toward_bad,False
baseline[good=above],baseline/13,7,71,good,toward_good,False
baseline[good=above],baseline/13,8,71,good,toward_bad,False
baseline[good=above],baseline/13,9,71,good,toward_good,False
baseline[good=above],baseline/13,10,71,good,toward_bad,False
baseline[good=above],baseline/13,11,71,good,toward_good,False
baseline[good=above],baseline/13,12,71,good,toward_bad,False
baseline[good=above],baseline/13,13,71,good,toward_good,False
baseline[good=above],baseline/13,14,71,good,toward_bad,False
baseline[good=above],baseline/13,15,71,good,toward_bad,False
baseline[good=above],baseline/13,16,71,good,toward_good,False
baseline[good=above],baseline/13,17,71,good,toward_bad,False
baseline[good=above],baseline/13,18,71,good,toward_bad,False
baseline[good=above],baseline/13,19,71,good,toward_bad,False
baseline[good=above],baseline/13,20,71,good,toward_good,False
baseline[good=above],baseline/13,21,71,good,toward_bad,False
baseline[good=above],baseline/13,22,71,good,toward_bad,False
baseline[good=above],baseline/13,23,71,good,toward_good,False
baseline[good=above],baseline/13,24,71,good,toward_good,False
baseline[good=above],baseline/13,25,71,good,toward_bad,False
baseline[good=above],baseline/13,26,71,good,toward_good,False
baseline[good=above],baseline/13,27,71,good,toward_bad,False
baseline[good=above],baseline/13,28,71,good,toward_good,False
baseline[good=above],baseline/13,29,71,good,toward_bad,False
baseline[good=above],baseline/13,30,71,good,toward_bad,False
baseline[good=above],baseline/13,31,71,good,toward_good,False
baseline[good=above],baseline/13,32,71,good,toward_bad,False
baseline[good=above],baseline/13,33,71,good,toward_good,False
baseline[good=above],baseline/13,34,71,good,toward_good,False
baseline[good=above],baseline/13,35,71,good,toward_bad,False
baseline[good=above],baseline/13,36,71,good,toward_good,False
baseline[good=above],baseline/13,37,71,good,toward_good,False
baseline[good=above],baseline/13,38,71,good,toward_good,False
baseline[good=above],baseline/13,39,71,good,toward_bad,False
baseline[good=above],baseline/13,40,71,good,toward_bad,False
baseline[good=above],baseline/13,41,71,good,toward_good,False
baseline[good=above],baseline/13,42,71,good,toward_bad,False
baseline[good=above],baseline/13,43,71,good,toward_good,False
baseline[good=above],baseline/13,44,71,good,toward_bad,False
baseline[good=above],baseline/13,45,71,good,toward_bad,False
baseline[good=above],baseline/13,46,71,good,toward_good,False
baseline[good=above],baseline/13,47,71,good,toward_good,False
baseline[good=above],baseline/13,48,71,good,toward_good,False
baseline[good=above],baseline/13,49,71,good,toward_bad,False
baseline[good=above],baseline/13,50,71,good,toward_good,False
baseline[good=above],baseline/13,51,71,good,toward_bad,False
baseline[good=above],baseline/13,52,71,good,toward_good,False
baseline[good=above],baseline/13,53,71,good,toward_bad,False
baseline[good=above],baseline/13,54,71,good,toward_good,False
baseline[good=above],baseline/13,55,71,good,toward_good,False
baseline[good=above],baseline/13,56,71,good,toward_bad,False
baseline[good=above],baseline/13,57,71,good,toward_good,False
baseline[good=above],baseline/13,58,71,good,toward_good,False
baseline[good=above],baseline/13,59,71,good,toward_good,False
baseline[good=above],baseline/13,60,71,good,toward_good,False
baseline[good=above],baseline/13,61,71,good,toward_bad,False
baseline[good=above],baseline/13,62,71,good,toward_bad,False
baseline[good=above],baseline/13,63,71,good,toward_good,False
baseline[good=above],baseline/13,64,71,good,toward_good,False
baseline[good=above],baseline/13,65,71,good,toward_bad,False
baseline[good=above],baseline/13,66,71,good,toward_good,False
baseline[good=above],baseline/13,67,71,good,toward_good,False
baseline[good=above],baseline/13,68,71,good,toward_bad,False
baseline[good=above],baseline/13,69,71,good,toward_good,False
baseline[good=above],baseline/13,70,71,good,,True
baseline[good=below],baseline/13,0,71,bad,toward_bad,False
baseline[good=below],baseline/13,1,71,bad,toward_good,False
baseline[good=below],baseline/13,2,71,bad,toward_good,False
baseline[good=below],baseline/13,3,71,bad,toward_bad,False
baseline[good=below],baseline/13,4,71,bad,toward_good,False
baseline[good=below],baseline/13,5,71,bad,toward_bad,False
baseline[good=below],baseline/13,6,71,bad,toward_good,False
baseline[good=below],baseline/13,7,71,bad,toward_bad,False
baseline[good=below],baseline/13,8,71,bad,toward_good,False
baseline[good=below],baseline/13,9,71,bad,toward_bad,False
baseline[good=below],baseline/13,10,71,bad,toward_good,False
baseline[good=below],baseline/13,11,71,bad,toward_bad,False
baseline[good=below],baseline/13,12,71,bad,toward_good,False
baseline[good=below],baseline/13,13,71,bad,toward_bad,False
baseline[good=below],baseline/13,14,71,bad,toward_good,False
baseline[good=below],baseline/13,15,71,bad,toward_good,False
baseline[good=below],baseline/13,16,71,bad,toward_bad,False
baseline[good=below],baseline/13,17,71,bad,toward_good,False
baseline[good=below],baseline/13,18,71,bad,toward_good,False
baseline[good=below],baseline/13,19,71,bad,toward_good,False
baseline[good=below],baseline/13,20,71,bad,toward_bad,False
baseline[good=below],baseline/13,21,71,bad,toward_good,False
baseline[good=below],baseline/13,22,71,bad,toward_good,False
baseline[good=below],baseline/13,23,71,bad,toward_bad,False
baseline[good=below],baseline/13,24,71,bad,toward_bad,False
baseline[good=below],baseline/13,25,71,bad,toward_good,False
baseline[good=below],baseline/13,26,71,bad,toward_bad,False
baseline[good=below],baseline/13,27,71,bad,toward_good,False
baseline[good=below],baseline/13,28,71,bad,toward_bad,False
baseline[good=below],baseline/13,29,71,bad,toward_good,False
baseline[good=below],baseline/13,30,71,bad,toward_good,False
baseline[good=below],baseline/13,31,71,bad,toward_bad,False
baseline[good=below],baseline/13,32,71,bad,toward_good,False
baseline[good=below],baseline/13,33,71,bad,toward_bad,False
baseline[good=below],baseline/13,34,71,bad,toward_bad,False
baseline[good=below],baseline/13,35,71,bad,toward_good,False
baseline[good=below],baseline/13,36,71,bad,toward_bad,False
baseline[good=below],baseline/13,37,71,bad,toward_bad,False
baseline[good=below],baseline/13,38,71,bad,toward_bad,False
baseline[good=below],baseline/13,39,71,bad,toward_good,False
baseline[good=below],baseline/13,40,71,bad,toward_good,False
baseline[good=below],baseline/13,41,71,bad,toward_bad,False
baseline[good=below],baseline/13,42,71,bad,toward_good,False
baseline[good=below],baseline/13,43,71,bad,toward_bad,False
baseline[good=below],baseline/13,44,71,bad,toward_good,False
baseline[good=below],baseline/13,45,71,bad,toward_good,False
baseline[good=below],baseline/13,46,71,bad,toward_bad,False
baseline[good=below],baseline/13,47,71,bad,toward_bad,False
baseline[good=below],baseline/13,48,71,bad,toward_bad,False
baseline[good=below],baseline/13,49,71,bad,toward_good,False
baseline[good=below],baseline/13,50,71,bad,toward_bad,False
baseline[good=below],baseline/13,51,71,bad,toward_good,False
baseline[good=below],baseline/13,52,71,bad,toward_bad,False
baseline[good=below],baseline/13,53,71,bad,toward_good,False
baseline[good=below],baseline/13,54,71,bad,toward_bad,False
baseline[good=below],baseline/13,55,71,bad,toward_bad,False
baseline[good=below],baseline/13,56,71,bad,toward_good,False
baseline[good=below],baseline/13,57,71,bad,toward_bad,False
baseline[good=below],baseline/13,58,71,bad,toward_bad,False
baseline[good=below],baseline/13,59,71,bad,toward_bad,False
baseline[good=below],baseline/13,60,71,bad,toward_bad,False
baseline[good=below],baseline/13,61,71,bad,toward_good,False
baseline[good=below],baseline/13,62,71,bad,toward_good,False
baseline[good=below],baseline/13,63,71,bad,toward_bad,False
baseline[good=below],baseline/13,64,71,bad,toward_bad,False
baseline[good=below],baseline/13,65,71,bad,toward_good,False
baseline[good=below],baseline/13,66,71,bad,toward_bad,False
baseline[good=below],baseline/13,67,71,bad,toward_bad,False
baseline[good=below],baseline/13,68,71,bad,toward_good,False
baseline[good=below],baseline/13,69,71,bad,toward_bad,False
baseline[good=below],baseline/13,70,71,bad,,True
baseline[good=above],baseline/16,0,17,good,toward_bad,False
baseline[good=above],baseline/16,1,17,good,toward_good,False
baseline[good=above],baseline/16,2,17,good,toward_good,False
baseline[good=above],baseline/16,3,17,good,toward_good,False
baseline[good=above],baseline/16,4,17,good,toward_bad,False
baseline[good=above],baseline/16,5,17,good,toward_good,False
baseline[good=above],baseline/16,6,17,good,toward_good,False
baseline[good=above],baseline/16,7,17,good,toward_bad,False
baseline[good=above],baseline/16,8,17,good,toward_good,False
baseline[good=above],baseline/16,9,17,good,toward_bad,False
baseline[good=above],baseline/16,10,17,good,toward_good,False
baseline[good=above],baseline/16,11,17,good,toward_bad,False
baseline[good=above],baseline/16,12,17,good,toward_good,False
baseline[good=above],baseline/16,13,17,good,toward_bad,False
baseline[good=above],baseline/16,14,17,good,toward_good,False
baseline[good=above],baseline/16,15,17,good,toward_bad,False
baseline[good=above],baseline/16,16,17,good,,True
baseline[good=below],baseline/16,0,17,bad,toward_good,False
baseline[good=below],baseline/16,1,17,bad,toward_bad,False
baseline[good=below],baseline/16,2,17,bad,toward_bad,False
baseline[good=below],baseline/16,3,17,bad,toward_bad,False
baseline[good=below],baseline/16,4,17,bad,toward_good,False
baseline[good=below],baseline/16,5,17,bad,toward_bad,False
baseline[good=below],baseline/16,6,17,bad,toward_bad,False
baseline[good=below],baseline/16,7,17,bad,toward_good,False
baseline[good=below],baseline/16,8,17,bad,toward_bad,False
baseline[good=below],baseline/16,9,17,bad,toward_good,False
baseline[good=below],baseline/16,10,17,bad,toward_bad,False
baseline[good=below],baseline/16,11,17,bad,toward_good,False
baseline[good=below],baseline/16,12,17,bad,toward_bad,False
baseline[good=below],baseline/16,13,17,bad,toward_good,False
baseline[good=below],baseline/16,14,17,bad,toward_bad,False
baseline[good=below],baseline/16,15,17,bad,toward_good,False
baseline[good=below],baseline/16,16,17,bad,,True
baseline[good=above],baseline/18,0,1,good,,True
baseline[good=below],baseline/18,0,1,bad,,True
baseline[good=above],baseline/23,0,45,good,toward_good,False
baseline[good=above],baseline/23,1,45,good,toward_good,False
baseline[good=above],baseline/23,2,45,good,toward_bad,False
baseline[good=above],baseline/23,3,45,good,toward_bad,False
baseline[good=above],baseline/23,4,45,good,toward_good,False
baseline[good=above],baseline/23,5,45,good,toward_good,False
baseline[good=above],baseline/23,6,45,good,toward_bad,False
baseline[good=above],baseline/23,7,45,good,toward_bad,False
baseline[good=above],baseline/23,8,45,good,toward_good,False
baseline[good=above],baseline/23,9,45,good,toward_bad,False
baseline[good=above],baseline/23,10,45,good,toward_good,False
baseline[good=above],baseline/23,11,45,good,toward_good,False
baseline[good=above],baseline/23,12,45,good,toward_good,False
baseline[good=above],baseline/23,13,45,good,toward_bad,False
baseline[good=above],baseline/23,14,45,good,toward_good,False
baseline[good=above],baseline/23,15,45,good,toward_bad,False
baseline[good=above],baseline/23,16,45,good,toward_good,False
baseline[good=above],baseline/23,17,45,good,toward_good,False
baseline[good=above],baseline/23,18,45,good,toward_bad,False
baseline[good=above],baseline/23,19,45,good,toward_good,False
baseline[good=above],baseline/23,20,45,good,toward_good,False
baseline[good=above],baseline/23,21,45,good,toward_good,False
baseline[good=above],baseline/23,22,45,good,toward_bad,False
baseline[good=above],baseline/23,23,45,good,toward_bad,False
baseline[good=above],baseline/23,24,45,good,toward_good,False
baseline[good=above],baseline/23,25,45,good,toward_bad,False
baseline[good=above],baseline/23,26,45,good,toward_good,False
baseline[good=above],baseline/23,27,45,good,toward_bad,False
baseline[good=above],baseline/23,28,45,good,toward_good,False
baseline[good=above],baseline/23,29,45,good,toward_good,False
baseline[good=above],baseline/23,30,45,good,toward_bad,False
baseline[good=above],baseline/23,31,45,good,toward_good,False
baseline[good=above],baseline/23,32,45,good,toward_good,False
baseline[good=above],baseline/23,33,45,good,toward_good,False
baseline[good=above],baseline/23,34,45,good,toward_bad,False
baseline[good=above],baseline/23,35,45,good,toward_bad,False
baseline[good=above],baseline/23,36,45,good,toward_bad,False
baseline[good=above],baseline/23,37,45,good,same,False
baseline[good=above],baseline/23,38,45,good,toward_good,False
baseline[good=above],baseline/23,39,45,good,toward_bad,False
baseline[good=above],baseline/23,40,45,good,toward_good,False
baseline[good=above],baseline/23,41,45,good,toward_good,False
baseline[good=above],baseline/23,42,45,good,toward_bad,False
baseline[good=above],baseline/23,43,45,good,toward_bad,False
baseline[good=above],baseline/23,44,45,good,,True
baseline[good=below],baseline/23,0,45,bad,toward_bad,False
baseline[good=below],baseline/23,1,45,bad,toward_bad,False
baseline[good=below],baseline/23,2,45,bad,toward_good,False
baseline[good=below],baseline/23,3,45,bad,toward_good,False
baseline[good=below],baseline/23,4,45,bad,toward_bad,False
baseline[good=below],baseline/23,5,45,bad,toward_bad,False
baseline[good=below],baseline/23,6,45,bad,toward_good,False
baseline[good=below],baseline/23,7,45,bad,toward_good,False
baseline[good=below],baseline/23,8,45,bad,toward_bad,False
baseline[good=below],baseline/23,9,45,bad,toward_good,False
baseline[good=below],baseline/23,10,45,bad,toward_bad,False
baseline[good=below],baseline/23,11,45,bad,toward_bad,False
baseline[good=below],baseline/23,12,45,bad,toward_bad,False
baseline[good=below],baseline/23,13,45,bad,toward_good,False
baseline[good=below],baseline/23,14,45,bad,toward_bad,False
baseline[good=below],baseline/23,15,45,bad,toward_good,False
baseline[good=below],baseline/23,16,45,bad,toward_bad,False
baseline[good=below],baseline/23,17,45,bad,toward_bad,False
baseline[good=below],baseline/23,18,45,bad,toward_good,False
baseline[good=below],baseline/23,19,45,bad,toward_bad,False
baseline[good=below],baseline/23,20,45,bad,toward_bad,False
baseline[good=below],baseline/23,21,45,bad,toward_bad,False
baseline[good=below],baseline/23,22,45,bad,toward_good,False
baseline[good=below],baseline/23,23,45,bad,toward_good,False
baseline[good=below],baseline/23,24,45,bad,toward_bad,False
baseline[good=below],baseline/23,25,45,bad,toward_good,False
baseline[good=below],baseline/23,26,45,bad,toward_bad,False
baseline[good=below],baseline/23,27,45,bad,toward_good,False
baseline[good=below],baseline/23,28,45,bad,toward_bad,False
baseline[good=below],baseline/23,29,45,bad,toward_bad,False
baseline[good=below],baseline/23,30,45,bad,toward_good,False
baseline[good=below],baseline/23,31,45,bad,toward_bad,False
baseline[good=below],baseline/23,32,45,bad,toward_bad,False
baseline[good=below],baseline/23,33,45,bad,toward_bad,False
baseline[good=below],baseline/23,34,45,bad,toward_good,False
baseline[good=below],baseline/23,35,45,bad,toward_good,False
baseline[good=below],baseline/23,36,45,bad,toward_good,False
baseline[good=below],baseline/23,37,45,bad,same,False
baseline[good=below],baseline/23,38,45,bad,toward_bad,False
baseline[good=below],baseline/23,39,45,bad,toward_good,False
baseline[good=below],baseline/23,40,45,bad,toward_bad,False
baseline[good=below],baseline/23,41,45,bad,toward_bad,False
baseline[good=below],baseline/23,42,45,bad,toward_good,False
baseline[good=below],baseline/23,43,45,bad,toward_good,False
baseline[good=below],baseline/23,44,45,bad,,True
baseline[good=above],baseline/24,0,1,good,,True
baseline[good=below],baseline/24,0,1,bad,,True
baseline[good=above],baseline/25,0,127,good,toward_good,False
baseline[good=above],baseline/25,1,127,good,toward_bad,False
baseline[good=above],baseline/25,2,127,bad,toward_bad,False
baseline[good=above],baseline/25,3,127,bad,toward_bad,False
baseline[good=above],baseline/25,4,127,bad,toward_bad,False
baseline[good=above],baseline/25,5,127,bad,toward_good,False
baseline[good=above],baseline/25,6,127,bad,toward_good,False
baseline[good=above],baseline/25,7,127,good,toward_bad,False
baseline[good=above],baseline/25,8,127,bad,toward_bad,False
baseline[good=above],baseline/25,9,127,bad,toward_good,False
baseline[good=above],baseline/25,10,127,good,toward_bad,False
baseline[good=above],baseline/25,11,127,good,toward_good,False
baseline[good=above],baseline/25,12,127,good,toward_bad,False
baseline[good=above],baseline/25,13,127,bad,toward_good,False
baseline[good=above],baseline/25,14,127,good,toward_bad,False
baseline[good=above],baseline/25,15,127,bad,toward_good,False
baseline[good=above],baseline/25,16,127,good,toward_bad,False
baseline[good=above],baseline/25,17,127,good,toward_good,False
baseline[good=above],baseline/25,18,127,good,toward_good,False
baseline[good=above],baseline/25,19,127,good,toward_bad,False
baseline[good=above],baseline/25,20,127,bad,toward_good,False
baseline[good=above],baseline/25,21,127,good,toward_good,False
baseline[good=above],baseline/25,22,127,good,toward_bad,False
baseline[good=above],baseline/25,23,127,good,toward_good,False
baseline[good=above],baseline/25,24,127,good,toward_good,False
baseline[good=above],baseline/25,25,127,good,toward_bad,False
baseline[good=above],baseline/25,26,127,bad,toward_good,False
baseline[good=above],baseline/25,27,127,good,toward_good,False
baseline[good=above],baseline/25,28,127,good,toward_good,False
baseline[good=above],baseline/25,29,127,good,toward_bad,False
baseline[good=above],baseline/25,30,127,bad,toward_good,False
baseline[good=above],baseline/25,31,127,good,toward_good,False
baseline[good=above],baseline/25,32,127,good,toward_good,False
baseline[good=above],baseline/25,33,127,good,toward_bad,False
baseline[good=above],baseline/25,34,127,good,toward_bad,False
baseline[good=above],baseline/25,35,127,good,toward_bad,False
baseline[good=above],baseline/25,36,127,good,toward_good,False
baseline[good=above],baseline/25,37,127,good,toward_good,False
baseline[good=above],baseline/25,38,127,good,toward_good,False
baseline[good=above],baseline/25,39,127,good,toward_good,False
baseline[good=above],baseline/25,40,127,good,toward_good,False
baseline[good=above],baseline/25,41,127,good,toward_bad,False
baseline[good=above],baseline/25,42,127,good,toward_bad,False
baseline[good=above],baseline/25,43,127,bad,toward_good,False
baseline[good=above],baseline/25,44,127,good,toward_bad,False
baseline[good=above],baseline/25,45,127,good,toward_bad,False
baseline[good=above],baseline/25,46,127,bad,toward_good,False
baseline[good=above],baseline/25,47,127,good,toward_good,False
baseline[good=above],baseline/25,48,127,good,toward_bad,False
baseline[good=above],baseline/25,49,127,good,toward_good,False
baseline[good=above],baseline/25,50,127,good,toward_bad,False
baseline[good=above],baseline/25,51,127,good,toward_good,False
baseline[good=above],baseline/25,52,127,good,toward_good,False
baseline[good=above],baseline/25,53,127,good,toward_bad,False
baseline[good=above],baseline/25,54,127,good,toward_good,False
baseline[good=above],baseline/25,55,127,good,toward_good,False
baseline[good=above],baseline/25,56,127,good,toward_good,False
baseline[good=above],baseline/25,57,127,good,toward_bad,False
baseline[good=above],baseline/25,58,127,good,toward_good,False
baseline[good=above],baseline/25,59,127,good,toward_bad,False
baseline[good=above],baseline/25,60,127,good,toward_good,False
baseline[good=above],baseline/25,61,127,good,toward_good,False
baseline[good=above],baseline/25,62,127,good,toward_good,False
baseline[good=above],baseline/25,63,127,good,toward_bad,False
baseline[good=above],baseline/25,64,127,good,toward_good,False
baseline[good=above],baseline/25,65,127,good,toward_bad,False
baseline[good=above],baseline/25,66,127,good,toward_bad,False
baseline[good=above],baseline/25,67,127,bad,toward_good,False
baseline[good=above],baseline/25,68,127,good,toward_bad,False
baseline[good=above],baseline/25,69,127,good,toward_good,False
baseline[good=above],baseline/25,70,127,good,toward_good,False
baseline[good=above],baseline/25,71,127,good,toward_good,False
baseline[good=above],baseline/25,72,127,good,toward_bad,False
baseline[good=above],baseline/25,73,127,bad,toward_good,False
baseline[good=above],baseline/25,74,127,good,toward_good,False
baseline[good=above],baseline/25,75,127,good,toward_bad,False
baseline[good=above],baseline/25,76,127,good,toward_good,False
baseline[good=above],baseline/25,77,127,good,toward_good,False
baseline[good=above],baseline/25,78,127,good,toward_bad,False
baseline[good=above],baseline/25,79,127,good,toward_bad,False
baseline[good=above],baseline/25,80,127,good,toward_good,False
baseline[good=above],baseline/25,81,127,good,toward_bad,False
baseline[good=above],baseline/25,82,127,good,toward_bad,False
baseline[good=above],baseline/25,83,127,bad,toward_good,False
baseline[good=above],baseline/25,84,127,good,toward_good,False
baseline[good=above],baseline/25,85,127,good,same,False
baseline[good=above],baseline/25,86,127,good,toward_good,False
baseline[good=above],baseline/25,87,127,good,toward_bad,False
baseline[good=above],baseline/25,88,127,bad,toward_good,False
baseline[good=above],baseline/25,89,127,good,toward_bad,False
baseline[good=above],baseline/25,90,127,good,toward_good,False
baseline[good=above],baseline/25,91,127,good,toward_bad,False
baseline[good=above],baseline/25,92,127,good,toward_good,False
baseline[good=above],baseline/25,93,127,good,toward_good,False
baseline[good=above],baseline/25,94,127,good,toward_good,False
baseline[good=above],baseline/25,95,127,good,toward_bad,False
baseline[good=above],baseline/25,96,127,good,toward_bad,False
baseline[good=above],baseline/25,97,127,good,toward_good,False
baseline[good=above],baseline/25,98,127,good,toward_bad,False
baseline[good=above],baseline/25,99,127,bad,toward_bad,False
baseline[good=above],baseline/25,100,127,bad,toward_good,False
baseline[good=above],baseline/25,101,127,good,toward_good,False
baseline[good=above],baseline/25,102,127,good,toward_good,False
baseline[good=above],baseline/25,103,127,good,toward_bad,False
baseline[good=above],baseline/25,104,127,good,toward_good,False
baseline[good=above],baseline/25,105,127,good,toward_bad,False
baseline[good=above],baseline/25,106,127,good,toward_bad,False
baseline[good=above],baseline/25,107,127,good,toward_bad,False
baseline[good=above],baseline/25,108,127,good,toward_good,False
baseline[good=above],baseline/25,109,127,good,toward_bad,False
baseline[good=above],baseline/25,110,127,bad,toward_bad,False
baseline[good=above],baseline/25,111,127,bad,toward_good,False
baseline[good=above],baseline/25,112,127,bad,toward_good,False
baseline[good=above],baseline/25,113,127,good,toward_good,False
baseline[good=above],baseline/25,114,127,good,toward_bad,False
baseline[good=above],baseline/25,115,127,good,toward_bad,False
baseline[good=above],baseline/25,116,127,good,toward_good,False
baseline[good=above],baseline/25,117,127,good,toward_bad,False
baseline[good=above],baseline/25,118,127,bad,toward_good,False
baseline[good=above],baseline/25,119,127,good,toward_bad,False
baseline[good=above],baseline/25,120,127,good,toward_bad,False
baseline[good=above],baseline/25,121,127,good,same,False
baseline[good=above],baseline/25,122,127,good,toward_bad,False
baseline[good=above],baseline/25,123,127,bad,toward_bad,False
baseline[good=above],baseline/25,124,127,bad,toward_good,False
baseline[good=above],baseline/25,125,127,good,toward_bad,False
baseline[good=above],baseline/25,126,127,good,,True
baseline[good=below],baseline/25,0,127,bad,toward_bad,False
baseline[good=below],baseline/25,1,127,bad,toward_good,False
baseline[good=below],baseline/25,2,127,good,toward_good,False
baseline[good=below],baseline/25,3,127,good,toward_good,False
baseline[good=below],baseline/25,4,127,good,toward_good,False
baseline[good=below],baseline/25,5,127,good,toward_bad,False
baseline[good=below],baseline/25,6,127,good,toward_bad,False
baseline[good=below],baseline/25,7,127,bad,toward_good,False
baseline[good=below],baseline/25,8,127,good,toward_good,False
baseline[good=below],baseline/25,9,127,good,toward_bad,False
baseline[good=below],baseline/25,10,127,bad,toward_good,False
baseline[good=below],baseline/25,11,127,bad,toward_bad,False
baseline[good=below],baseline/25,12,127,bad,toward_good,False
baseline[good=below],baseline/25,13,127,good,toward_bad,False
baseline[good=below],baseline/25,14,127,bad,toward_good,False
baseline[good=below],baseline/25,15,127,good,toward_bad,False
baseline[good=below],baseline/25,16,127,bad,toward_good,False
baseline[good=below],baseline/25,17,127,bad,toward_bad,False
baseline[good=below],baseline/25,18,127,bad,toward_bad,False
baseline[good=below],baseline/25,19,127,bad,toward_good,False
baseline[good=below],baseline/25,20,127,good,toward_bad,False
baseline[good=below],baseline/25,21,127,bad,toward_bad,False
baseline[good=below],baseline/25,22,127,bad,toward_good,False
baseline[good=below],baseline/25,23,127,bad,toward_bad,False
baseline[good=below],baseline/25,24,127,bad,toward_bad,False
baseline[good=below],baseline/25,25,127,bad,toward_good,False
baseline[good=below],baseline/25,26,127,good,toward_bad,False
baseline[good=below],baseline/25,27,127,bad,toward_bad,False
baseline[good=below],baseline/25,28,127,bad,toward_bad,False
baseline[good=below],baseline/25,29,127,bad,toward_good,False
baseline[good=below],baseline/25,30,127,good,toward_bad,False
baseline[good=below],baseline/25,31,127,bad,toward_bad,False
baseline[good=below],baseline/25,32,127,bad,toward_bad,False
baseline[good=below],baseline/25,33,127,bad,toward_good,False
baseline[good=below],baseline/25,34,127,bad,toward_good,False
baseline[good=below],baseline/25,35,127,bad,toward_good,False
baseline[good=below],baseline/25,36,127,bad,toward_bad,False
baseline[good=below],baseline/25,37,127,bad,toward_bad,False
baseline[good=below],baseline/25,38,127,bad,toward_bad,False
baseline[good=below],baseline/25,39,127,bad,toward_bad,False
baseline[good=below],baseline/25,40,127,bad,toward_bad,False
baseline[good=below],baseline/25,41,127,bad,toward_good,False
baseline[good=below],baseline/25,42,127,bad,toward_good,False
baseline[good=below],baseline/25,43,127,good,toward_bad,False
baseline[good=below],baseline/25,44,127,bad,toward_good,False
baseline[good=below],baseline/25,45,127,bad,toward_good,False
baseline[good=below],baseline/25,46,127,good,toward_bad,False
baseline[good=below],baseline/25,47,127,bad,toward_bad,False
baseline[good=below],baseline/25,48,127,bad,toward_good,False
baseline[good=below],baseline/25,49,127,bad,toward_bad,False
baseline[good=below],baseline/25,50,127,bad,toward_good,False
baseline[good=below],baseline/25,51,127,bad,toward_bad,False
baseline[good=below],baseline/25,52,127,bad,toward_bad,False
baseline[good=below],baseline/25,53,127,bad,toward_good,False
baseline[good=below],baseline/25,54,127,bad,toward_bad,False
baseline[good=below],baseline/25,55,127,bad,toward_bad,False
baseline[good=below],baseline/25,56,127,bad,toward_bad,False
baseline[good=below],baseline/25,57,127,bad,toward_good,False
baseline[good=below],baseline/25,58,127,bad,toward_bad,False
baseline[good=below],baseline/25,59,127,bad,toward_good,False
baseline[good=below],baseline/25,60,127,bad,toward_bad,False
baseline[good=below],baseline/25,61,127,bad,toward_bad,False
baseline[good=below],baseline/25,62,127,bad,toward_bad,False
baseline[good=below],baseline/25,63,127,bad,toward_good,False
baseline[good=below],baseline/25,64,127,bad,toward_bad,False
baseline[good=below],baseline/25,65,127,bad,toward_good,False
baseline[good=below],baseline/25,66,127,bad,toward_good,False
baseline[good=below],baseline/25,67,127,good,toward_bad,False
baseline[good=below],baseline/25,68,127,bad,toward_good,False
baseline[good=below],baseline/25,69,127,bad,toward_bad,False
baseline[good=below],baseline/25,70,127,bad,toward_bad,False
baseline[good=below],baseline/25,71,127,bad,toward_bad,False
baseline[good=below],baseline/25,72,127,bad,toward_good,False
baseline[good=below],baseline/25,73,127,good,toward_bad,False
baseline[good=below],baseline/25,74,127,bad,toward_bad,False
baseline[good=below],baseline/25,75,127,bad,toward_good,False
baseline[good=below],baseline/25,76,127,bad,toward_bad,False
baseline[good=below],baseline/25,77,127,bad,toward_bad,False
baseline[good=below],baseline/25,78,127,bad,toward_good,False
baseline[good=below],baseline/25,79,127,bad,toward_good,False
baseline[good=below],baseline/25,80,127,bad,toward_bad,False
baseline[good=below],baseline/25,81,127,bad,toward_good,False
baseline[good=below],baseline/25,82,127,bad,toward_good,False
baseline[good=below],baseline/25,83,127,good,toward_bad,False
baseline[good=below],baseline/25,84,127,bad,toward_bad,False
baseline[good=below],baseline/25,85,127,bad,same,False
baseline[good=below],baseline/25,86,127,bad,toward_bad,False
baseline[good=below],baseline/25,87,127,bad,toward_good,False
baseline[good=below],baseline/25,88,127,good,toward_bad,False
baseline[good=below],baseline/25,89,127,bad,toward_good,False
baseline[good=below],baseline/25,90,127,bad,toward_bad,False
baseline[good=below],baseline/25,91,127,bad,toward_good,False
baseline[good=below],baseline/25,92,127,bad,toward_bad,False
baseline[good=below],baseline/25,93,127,bad,toward_bad,False
baseline[good=below],baseline/25,94,127,bad,toward_bad,False
baseline[good=below],baseline/25,95,127,bad,toward_good,False
baseline[good=below],baseline/25,96,127,bad,toward_good,False
baseline[good=below],baseline/25,97,127,bad,toward_bad,False
baseline[good=below],baseline/25,98,127,bad,toward_good,False
baseline[good=below],baseline/25,99,127,good,toward_good,False
baseline[good=below],baseline/25,100,127,good,toward_bad,False
baseline[good=below],baseline/25,101,127,bad,toward_bad,False
baseline[good=below],baseline/25,102,127,bad,toward_bad,False
baseline[good=below],baseline/25,103,127,bad,toward_good,False
baseline[good=below],baseline/25,104,127,bad,toward_bad,False
baseline[good=below],baseline/25,105,127,bad,toward_good,False
baseline[good=below],baseline/25,106,127,bad,toward_good,False
baseline[good=below],baseline/25,107,127,bad,toward_good,False
baseline[good=below],baseline/25,108,127,bad,toward_bad,False
baseline[good=below],baseline/25,109,127,bad,toward_good,False
baseline[good=below],baseline/25,110,127,good,toward_good,False
baseline[good=below],baseline/25,111,127,good,toward_bad,False
baseline[good=below],baseline/25,112,127,good,toward_bad,False
baseline[good=below],baseline/25,113,127,bad,toward_bad,False
baseline[good=below],baseline/25,114,127,bad,toward_good,False
baseline[good=below],baseline/25,115,127,bad,toward_good,False
baseline[good=below],baseline/25,116,127,bad,toward_bad,False
baseline[good=below],baseline/25,117,127,bad,toward_good,False
baseline[good=below],baseline/25,118,127,good,toward_bad,False
baseline[good=below],baseline/25,119,127,bad,toward_good,False
baseline[good=below],baseline/25,120,127,bad,toward_good,False
baseline[good=below],baseline/25,121,127,bad,same,False
baseline[good=below],baseline/25,122,127,bad,toward_good,False
baseline[good=below],baseline/25,123,127,good,toward_good,False
baseline[good=below],baseline/25,124,127,good,toward_bad,False
baseline[good=below],baseline/25,125,127,bad,toward_good,False
baseline[good=below],baseline/25,126,127,bad,,True
baseline[good=above],baseline/29,0,1,good,,True
baseline[good=below],baseline/29,0,1,bad,,True
baseline[good=above],baseline/31,0,29,good,toward_good,False
baseline[good=above],baseline/31,1,29,good,toward_good,False
baseline[good=above],baseline/31,2,29,good,toward_good,False
baseline[good=above],baseline/31,3,29,good,toward_bad,False
baseline[good=above],baseline/31,4,29,good,toward_good,False
baseline[good=above],baseline/31,5,29,good,toward_bad,False
baseline[good=above],baseline/31,6,29,good,toward_bad,False
baseline[good=above],baseline/31,7,29,good,toward_good,False
baseline[good=above],baseline/31,8,29,good,toward_good,False
baseline[good=above],baseline/31,9,29,good,toward_bad,False
baseline[good=above],baseline/31,10,29,good,toward_good,False
baseline[good=above],baseline/31,11,29,good,toward_bad,False
baseline[good=above],baseline/31,12,29,good,toward_bad,False
baseline[good=above],baseline/31,13,29,good,toward_good,False
baseline[good=above],baseline/31,14,29,good,toward_bad,False
baseline[good=above],baseline/31,15,29,good,toward_bad,False
baseline[good=above],baseline/31,16,29,good,toward_bad,False
baseline[good=above],baseline/31,17,29,good,toward_good,False
baseline[good=above],baseline/31,18,29,good,toward_bad,False
baseline[good=above],baseline/31,19,29,good,toward_good,False
baseline[good=above],baseline/31,20,29,good,toward_good,False
baseline[good=above],baseline/31,21,29,good,toward_bad,False
baseline[good=above],baseline/31,22,29,good,toward_good,False
baseline[good=above],baseline/31,23,29,good,toward_good,False
baseline[good=above],baseline/31,24,29,good,toward_bad,False
baseline[good=above],baseline/31,25,29,good,toward_good,False
baseline[good=above],baseline/31,26,29,good,toward_bad,False
baseline[good=above],baseline/31,27,29,good,toward_good,False
baseline[good=above],baseline/31,28,29,good,,True
baseline[good=below],baseline/31,0,29,bad,toward_bad,False
baseline[good=below],baseline/31,1,29,bad,toward_bad,False
baseline[good=below],baseline/31,2,29,bad,toward_bad,False
baseline[good=below],baseline/31,3,29,bad,toward_good,False
baseline[good=below],baseline/31,4,29,bad,toward_bad,False
baseline[good=below],baseline/31,5,29,bad,toward_good,False
baseline[good=below],baseline/31,6,29,bad,toward_good,False
baseline[good=below],baseline/31,7,29,bad,toward_bad,False
baseline[good=below],baseline/31,8,29,bad,toward_bad,False
baseline[good=below],baseline/31,9,29,bad,toward_good,False
baseline[good=below],baseline/31,10,29,bad,toward_bad,False
baseline[good=below],baseline/31,11,29,bad,toward_good,False
baseline[good=below],baseline/31,12,29,bad,toward_good,False
baseline[good=below],baseline/31,13,29,bad,toward_bad,False
baseline[good=below],baseline/31,14,29,bad,toward_good,False
baseline[good=below],baseline/31,15,29,bad,toward_good,False
baseline[good=below],baseline/31,16,29,bad,toward_good,False
baseline[good=below],baseline/31,17,29,bad,toward_bad,False
baseline[good=below],baseline/31,18,29,bad,toward_good,False
baseline[good=below],baseline/31,19,29,bad,toward_bad,False
baseline[good=below],baseline/31,20,29,bad,toward_bad,False
baseline[good=below],baseline/31,21,29,bad,toward_good,False
baseline[good=below],baseline/31,22,29,bad,toward_bad,False
baseline[good=below],baseline/31,23,29,bad,toward_bad,False
baseline[good=below],baseline/31,24,29,bad,toward_good,False
baseline[good=below],baseline/31,25,29,bad,toward_bad,False
baseline[good=below],baseline/31,26,29,bad,toward_good,False
baseline[good=below],baseline/31,27,29,bad,toward_bad,False
baseline[good=below],baseline/31,28,29,bad,,True
baseline[good=above],baseline/32,0,8,good,toward_bad,False
baseline[good=above],baseline/32,1,8,good,toward_bad,False
baseline[good=above],baseline/32,2,8,good,toward_good,False
baseline[good=above],baseline/32,3,8,good,toward_good,False
baseline[good=above],baseline/32,4,8,good,toward_good,False
baseline[good=above],baseline/32,5,8,good,toward_good,False
baseline[good=above],baseline/32,6,8,good,toward_bad,False
baseline[good=above],baseline/32,7,8,good,,True
baseline[good=below],baseline/32,0,8,bad,toward_good,False
baseline[good=below],baseline/32,1,8,bad,toward_good,False
baseline[good=below],baseline/32,2,8,bad,toward_bad,False
baseline[good=below],baseline/32,3,8,bad,toward_bad,False
baseline[good=below],baseline/32,4,8,bad,toward_bad,False
baseline[good=below],baseline/32,5,8,bad,toward_bad,False
baseline[good=below],baseline/32,6,8,bad,toward_good,False
baseline[good=below],baseline/32,7,8,bad,,True
baseline[good=above],baseline/35,0,52,bad,toward_good,False
baseline[good=above],baseline/35,1,52,good,toward_good,False
baseline[good=above],baseline/35,2,52,good,toward_bad,False
baseline[good=above],baseline/35,3,52,good,toward_good,False
baseline[good=above],baseline/35,4,52,good,toward_good,False
baseline[good=above],baseline/35,5,52,good,toward_bad,False
baseline[good=above],baseline/35,6,52,good,toward_good,False
baseline[good=above],baseline/35,7,52,good,toward_bad,False
baseline[good=above],baseline/35,8,52,good,toward_good,False
baseline[good=above],baseline/35,9,52,good,toward_bad,False
baseline[good=above],baseline/35,10,52,good,toward_good,False
baseline[good=above],baseline/35,11,52,good,toward_good,False
baseline[good=above],baseline/35,12,52,good,toward_bad,False
baseline[good=above],baseline/35,13,52,good,toward_good,False
baseline[good=above],baseline/35,14,52,good,toward_good,False
baseline[good=above],baseline/35,15,52,good,toward_good,False
baseline[good=above],baseline/35,16,52,good,toward_bad,False
baseline[good=above],baseline/35,17,52,good,toward_bad,False
baseline[good=above],baseline/35,18,52,good,toward_good,False
baseline[good=above],baseline/35,19,52,good,toward_good,False
baseline[good=above],baseline/35,20,52,good,toward_bad,False
baseline[good=above],baseline/35,21,52,good,toward_good,False
baseline[good=above],baseline/35,22,52,good,toward_good,False
baseline[good=above],baseline/35,23,52,good,toward_bad,False
baseline[good=above],baseline/35,24,52,good,toward_good,False
baseline[good=above],baseline/35,25,52,good,toward_good,False
baseline[good=above],baseline/35,26,52,good,toward_bad,False
baseline[good=above],baseline/35,27,52,good,toward_bad,False
baseline[good=above],baseline/35,28,52,good,toward_good,False
baseline[good=above],baseline/35,29,52,good,toward_good,False
baseline[good=above],baseline/35,30,52,good,toward_good,False
baseline[good=above],baseline/35,31,52,good,toward_bad,False
baseline[good=above],baseline/35,32,52,good,toward_bad,False
baseline[good=above],baseline/35,33,52,good,toward_bad,False
baseline[good=above],baseline/35,34,52,good,toward_good,False
baseline[good=above],baseline/35,35,52,good,toward_good,False
baseline[good=above],baseline/35,36,52,good,toward_bad,False
baseline[good=above],baseline/35,37,52,good,toward_good,False
baseline[good=above],baseline/35,38,52,good,toward_bad,False
baseline[good=above],baseline/35,39,52,good,toward_bad,False
baseline[good=above],baseline/35,40,52,good,toward_good,False
baseline[good=above],baseline/35,41,52,good,toward_bad,False
baseline[good=above],baseline/35,42,52,good,toward_good,False
baseline[good=above],baseline/35,43,52,good,toward_good,False
baseline[good=above],baseline/35,44,52,good,toward_good,False
baseline[good=above],baseline/35,45,52,good,toward_bad,False
baseline[good=above],baseline/35,46,52,good,toward_bad,False
baseline[good=above],baseline/35,47,52,good,toward_good,False
baseline[good=above],baseline/35,48,52,good,toward_bad,False
baseline[good=above],baseline/35,49,52,good,toward_good,False
baseline[good=above],baseline/35,50,52,good,toward_good,False
baseline[good=above],baseline/35,51,52,good,,True
baseline[good=below],baseline/35,0,52,good,toward_bad,False
baseline[good=below],baseline/35,1,52,bad,toward_bad,False
baseline[good=below],baseline/35,2,52,bad,toward_good,False
baseline[good=below],baseline/35,3,52,bad,toward_bad,False
baseline[good=below],baseline/35,4,52,bad,toward_bad,False
baseline[good=below],baseline/35,5,52,bad,toward_good,False
baseline[good=below],baseline/35,6,52,bad,toward_bad,False
baseline[good=below],baseline/35,7,52,bad,toward_good,False
baseline[good=below],baseline/35,8,52,bad,toward_bad,False
baseline[good=below],baseline/35,9,52,bad,toward_good,False
baseline[good=below],baseline/35,10,52,bad,toward_bad,False
baseline[good=below],baseline/35,11,52,bad,toward_bad,False
baseline[good=below],baseline/35,12,52,bad,toward_good,False
baseline[good=below],baseline/35,13,52,bad,toward_bad,False
baseline[good=below],baseline/35,14,52,bad,toward_bad,False
baseline[good=below],baseline/35,15,52,bad,toward_bad,False
baseline[good=below],baseline/35,16,52,bad,toward_good,False
baseline[good=below],baseline/35,17,52,bad,toward_good,False
baseline[good=below],baseline/35,18,52,bad,toward_bad,False
baseline[good=below],baseline/35,19,52,bad,toward_bad,False
baseline[good=below],baseline/35,20,52,bad,toward_good,False
baseline[good=below],baseline/35,21,52,bad,toward_bad,False
baseline[good=below],baseline/35,22,52,bad,toward_bad,False
baseline[good=below],baseline/35,23,52,bad,toward_good,False
baseline[good=below],baseline/35,24,52,bad,toward_bad,False
baseline[good=below],baseline/35,25,52,bad,toward_bad,False
baseline[good=below],baseline/35,26,52,bad,toward_good,False
baseline[good=below],baseline/35,27,52,bad,toward_good,False
baseline[good=below],baseline/35,28,52,bad,toward_bad,False
baseline[good=below],baseline/35,29,52,bad,toward_bad,False
baseline[good=below],baseline/35,30,52,bad,toward_bad,False
baseline[good=below],baseline/35,31,52,bad,toward_good,False
baseline[good=below],baseline/35,32,52,bad,toward_good,False
baseline[good=below],baseline/35,33,52,bad,toward_good,False
baseline[good=below],baseline/35,34,52,bad,toward_bad,False
baseline[good=below],baseline/35,35,52,bad,toward_bad,False
baseline[good=below],baseline/35,36,52,bad,toward_good,False
baseline[good=below],baseline/35,37,52,bad,toward_bad,False
baseline[good=below],baseline/35,38,52,bad,toward_good,False
baseline[good=below],baseline/35,39,52,bad,toward_good,False
baseline[good=below],baseline/35,40,52,bad,toward_bad,False
baseline[good=below],baseline/35,41,52,bad,toward_good,False
baseline[good=below],baseline/35,42,52,bad,toward_bad,False
baseline[good=below],baseline/35,43,52,bad,toward_bad,False
baseline[good=below],baseline/35,44,52,bad,toward_bad,False
baseline[good=below],baseline/35,45,52,bad,toward_good,False
baseline[good=below],baseline/35,46,52,bad,toward_good,False
baseline[good=below],baseline/35,47,52,bad,toward_bad,False
baseline[good=below],baseline/35,48,52,bad,toward_good,False
baseline[good=below],baseline/35,49,52,bad,toward_bad,False
baseline[good=below],baseline/35,50,52,bad,toward_bad,False
baseline[good=below],baseline/35,51,52,bad,,True
baseline[good=above],baseline/37,0,6,good,toward_bad,False
baseline[good=above],baseline/37,1,6,good,toward_bad,False
baseline[good=above],baseline/37,2,6,good,toward_good,False
baseline[good=above],baseline/37,3,6,good,toward_bad,False
baseline[good=above],baseline/37,4,6,good,toward_bad,False
baseline[good=above],baseline/37,5,6,good,,True
baseline[good=below],baseline/37,0,6,bad,toward_good,False
baseline[good=below],baseline/37,1,6,bad,toward_good,False
baseline[good=below],baseline/37,2,6,bad,toward_bad,False
baseline[good=below],baseline/37,3,6,bad,toward_good,False
baseline[good=below],baseline/37,4,6,bad,toward_good,False
baseline[good=below],baseline/37,5,6,bad,,True
baseline[good=above],baseline/38,0,5,good,toward_bad,False
baseline[good=above],baseline/38,1,5,good,toward_good,False
baseline[good=above],baseline/38,2,5,good,toward_bad,False
baseline[good=above],baseline/38,3,5,good,toward_good,False
baseline[good=above],baseline/38,4,5,good,,True
baseline[good=below],baseline/38,0,5,bad,toward_good,False
baseline[good=below],baseline/38,1,5,bad,toward_bad,False
baseline[good=below],baseline/38,2,5,bad,toward_good,False
baseline[good=below],baseline/38,3,5,bad,toward_bad,False
baseline[good=below],baseline/38,4,5,bad,,True
baseline[good=above],baseline/44,0,4,good,toward_good,False
baseline[good=above],baseline/44,1,4,good,toward_bad,False
baseline[good=above],baseline/44,2,4,good,toward_bad,False
baseline[good=above],baseline/44,3,4,good,,True
baseline[good=below],baseline/44,0,4,bad,toward_bad,False
baseline[good=below],baseline/44,1,4,bad,toward_good,False
baseline[good=below],baseline/44,2,4,bad,toward_good,False
baseline[good=below],baseline/44,3,4,bad,,True
baseline[good=above],baseline/45,0,8,good,toward_bad,False
baseline[good=above],baseline/45,1,8,good,toward_bad,False
baseline[good=above],baseline/45,2,8,good,toward_bad,False
baseline[good=above],baseline/45,3,8,good,toward_bad,False
baseline[good=above],baseline/45,4,8,good,toward_good,False
baseline[good=above],baseline/45,5,8,good,toward_good,False
baseline[good=above],baseline/45,6,8,good,toward_good,False
baseline[good=above],baseline/45,7,8,good,,True
baseline[good=below],baseline/45,0,8,bad,toward_good,False
baseline[good=below],baseline/45,1,8,bad,toward_good,False
baseline[good=below],baseline/45,2,8,bad,toward_good,False
baseline[good=below],baseline/45,3,8,bad,toward_good,False
baseline[good=below],baseline/45,4,8,bad,toward_bad,False
baseline[good=below],baseline/45,5,8,bad,toward_bad,False
baseline[good=below],baseline/45,6,8,bad,toward_bad,False
baseline[good=below],baseline/45,7,8,bad,,True
baseline[good=above],baseline/47,0,11,good,toward_bad,False
baseline[good=above],baseline/47,1,11,good,toward_good,False
baseline[good=above],baseline/47,2,11,good,toward_good,False
baseline[good=above],baseline/47,3,11,good,toward_good,False
baseline[good=above],baseline/47,4,11,good,toward_good,False
baseline[good=above],baseline/47,5,11,good,toward_good,False
baseline[good=above],baseline/47,6,11,good,toward_good,False
baseline[good=above],baseline/47,7,11,good,toward_good,False
baseline[good=above],baseline/47,8,11,good,toward_bad,False
baseline[good=above],baseline/47,9,11,good,toward_bad,False
baseline[good=above],baseline/47,10,11,good,,True
baseline[good=below],baseline/47,0,11,bad,toward_good,False
baseline[good=below],baseline/47,1,11,bad,toward_bad,False
baseline[good=below],baseline/47,2,11,bad,toward_bad,False
baseline[good=below],baseline/47,3,11,bad,toward_bad,False
baseline[good=below],baseline/47,4,11,bad,toward_bad,False
baseline[good=below],baseline/47,5,11,bad,toward_bad,False
baseline[good=below],baseline/47,6,11,bad,toward_bad,False
baseline[good=below],baseline/47,7,11,bad,toward_bad,False
baseline[good=below],baseline/47,8,11,bad,toward_good,False
baseline[good=below],baseline/47,9,11,bad,toward_good,False
baseline[good=below],baseline/47,10,11,bad,,True
baseline[good=above],baseline/48,0,236,bad,toward_good,False
baseline[good=above],baseline/48,1,236,bad,toward_bad,False
baseline[good=above],baseline/48,2,236,bad,toward_good,False
baseline[good=above],baseline/48,3,236,bad,toward_good,False
baseline[good=above],baseline/48,4,236,good,toward_bad,False
baseline[good=above],baseline/48,5,236,good,toward_bad,False
baseline[good=above],baseline/48,6,236,bad,toward_good,False
baseline[good=above],baseline/48,7,236,bad,toward_good,False
baseline[good=above],baseline/48,8,236,bad,toward_good,False
baseline[good=above],baseline/48,9,236,good,toward_bad,False
baseline[good=above],baseline/48,10,236,bad,toward_good,False
baseline[good=above],baseline/48,11,236,good,toward_good,False
baseline[good=above],baseline/48,12,236,good,toward_bad,False
baseline[good=above],baseline/48,13,236,good,toward_good,False
baseline[good=above],baseline/48,14,236,good,toward_bad,False
baseline[good=above],baseline/48,15,236,bad,toward_good,False
baseline[good=above],baseline/48,16,236,good,toward_bad,False
baseline[good=above],baseline/48,17,236,bad,toward_good,False
baseline[good=above],baseline/48,18,236,good,toward_bad,False
baseline[good=above],baseline/48,19,236,good,toward_good,False
baseline[good=above],baseline/48,20,236,good,toward_bad,False
baseline[good=above],baseline/48,21,236,good,toward_good,False
baseline[good=above],baseline/48,22,236,good,toward_good,False
baseline[good=above],baseline/48,23,236,good,toward_bad,False
baseline[good=above],baseline/48,24,236,good,toward_good,False
baseline[good=above],baseline/48,25,236,good,toward_bad,False
baseline[good=above],baseline/48,26,236,good,toward_bad,False
baseline[good=above],baseline/48,27,236,good,toward_good,False
baseline[good=above],baseline/48,28,236,good,toward_bad,False
baseline[good=above],baseline/48,29,236,good,toward_good,False
baseline[good=above],baseline/48,30,236,good,toward_bad,False
baseline[good=above],baseline/48,31,236,good,toward_bad,False
baseline[good=above],baseline/48,32,236,good,toward_good,False
baseline[good=above],baseline/48,33,236,good,toward_bad,False
baseline[good=above],baseline/48,34,236,good,toward_bad,False
baseline[good=above],baseline/48,35,236,good,toward_good,False
baseline[good=above],baseline/48,36,236,good,toward_bad,False
baseline[good=above],baseline/48,37,236,good,toward_bad,False
baseline[good=above],baseline/48,38,236,good,toward_good,False
baseline[good=above],baseline/48,39,236,good,toward_bad,False
baseline[good=above],baseline/48,40,236,good,toward_bad,False
baseline[good=above],baseline/48,41,236,good,toward_bad,False
baseline[good=above],baseline/48,42,236,good,toward_good,False
baseline[good=above],baseline/48,43,236,good,toward_bad,False
baseline[good=above],baseline/48,44,236,good,toward_good,False
baseline[good=above],baseline/48,45,236,good,toward_good,False
baseline[good=above],baseline/48,46,236,good,toward_bad,False
baseline[good=above],baseline/48,47,236,good,toward_good,False
baseline[good=above],baseline/48,48,236,good,toward_good,False
baseline[good=above],baseline/48,49,236,good,toward_bad,False
baseline[good=above],baseline/48,50,236,good,toward_good,False
baseline[good=above],baseline/48,51,236,good,toward_good,False
baseline[good=above],baseline/48,52,236,good,toward_good,False
baseline[good=above],baseline/48,53,236,good,toward_bad,False
baseline[good=above],baseline/48,54,236,good,toward_bad,False
baseline[good=above],baseline/48,55,236,good,toward_good,False
baseline[good=above],baseline/48,56,236,good,toward_bad,False
baseline[good=above],baseline/48,57,236,good,toward_good,False
baseline[good=above],baseline/48,58,236,good,toward_bad,False
baseline[good=above],baseline/48,59,236,good,toward_good,False
baseline[good=above],baseline/48,60,236,good,toward_bad,False
baseline[good=above],baseline/48,61,236,good,toward_good,False
baseline[good=above],baseline/48,62,236,good,toward_bad,False
baseline[good=above],baseline/48,63,236,good,toward_good,False
baseline[good=above],baseline/48,64,236,good,toward_good,False
baseline[good=above],baseline/48,65,236,good,toward_bad,False
baseline[good=above],baseline/48,66,236,good,toward_good,False
baseline[good=above],baseline/48,67,236,good,toward_bad,False
baseline[good=above],baseline/48,68,236,good,toward_good,False
baseline[good=above],baseline/48,69,236,good,toward_good,False
baseline[good=above],baseline/48,70,236,good,toward_good,False
baseline[good=above],baseline/48,71,236,good,toward_good,False
baseline[good=above],baseline/48,72,236,good,toward_bad,False
baseline[good=above],baseline/48,73,236,good,toward_good,False
baseline[good=above],baseline/48,74,236,good,toward_bad,False
baseline[good=above],baseline/48,75,236,good,toward_bad,False
baseline[good=above],baseline/48,76,236,good,toward_bad,False
baseline[good=above],baseline/48,77,236,good,toward_bad,False
baseline[good=above],baseline/48,78,236,good,toward_good,False
baseline[good=above],baseline/48,79,236,good,toward_good,False
baseline[good=above],baseline/48,80,236,good,toward_bad,False
baseline[good=above],baseline/48,81,236,good,toward_good,False
baseline[good=above],baseline/48,82,236,good,toward_bad,False
baseline[good=above],baseline/48,83,236,good,toward_good,False
baseline[good=above],baseline/48,84,236,good,toward_bad,False
baseline[good=above],baseline/48,85,236,good,toward_good,False
baseline[good=above],baseline/48,86,236,good,toward_good,False
baseline[good=above],baseline/48,87,236,good,toward_bad,False
baseline[good=above],baseline/48,88,236,good,toward_bad,False
baseline[good=above],baseline/48,89,236,good,toward_bad,False
baseline[good=above],baseline/48,90,236,good,toward_good,False
baseline[good=above],baseline/48,91,236,good,toward_bad,False
baseline[good=above],baseline/48,92,236,good,toward_bad,False
baseline[good=above],baseline/48,93,236,good,toward_good,False
baseline[good=above],baseline/48,94,236,good,toward_bad,False
baseline[good=above],baseline/48,95,236,good,toward_bad,False
baseline[good=above],baseline/48,96,236,good,toward_bad,False
baseline[good=above],baseline/48,97,236,good,toward_bad,False
baseline[good=above],baseline/48,98,236,good,toward_good,False
baseline[good=above],baseline/48,99,236,good,toward_good,False
baseline[good=above],baseline/48,100,236,good,toward_bad,False
baseline[good=above],baseline/48,101,236,good,toward_good,False
baseline[good=above],baseline/48,102,236,good,toward_bad,False
baseline[good=above],baseline/48,103,236,good,toward_good,False
baseline[good=above],baseline/48,104,236,good,toward_bad,False
baseline[good=above],baseline/48,105,236,good,toward_good,False
baseline[good=above],baseline/48,106,236,good,toward_good,False
baseline[good=above],baseline/48,107,236,good,toward_good,False
baseline[good=above],baseline/48,108,236,good,toward_good,False
baseline[good=above],baseline/48,109,236,good,toward_good,False
baseline[good=above],baseline/48,110,236,good,toward_bad,False
baseline[good=above],baseline/48,111,236,good,toward_good,False
baseline[good=above],baseline/48,112,236,good,toward_bad,False
baseline[good=above],baseline/48,113,236,good,toward_good,False
baseline[good=above],baseline/48,114,236,good,toward_bad,False
baseline[good=above],baseline/48,115,236,good,toward_good,False
baseline[good=above],baseline/48,116,236,good,toward_bad,False
baseline[good=above],baseline/48,117,236,good,same,False
baseline[good=above],baseline/48,118,236,good,toward_good,False
baseline[good=above],baseline/48,119,236,good,toward_good,False
baseline[good=above],baseline/48,120,236,good,toward_good,False
baseline[good=above],baseline/48,121,236,good,toward_good,False
baseline[good=above],baseline/48,122,236,good,toward_bad,False
baseline[good=above],baseline/48,123,236,good,toward_bad,False
baseline[good=above],baseline/48,124,236,good,toward_good,False
baseline[good=above],baseline/48,125,236,good,toward_bad,False
baseline[good=above],baseline/48,126,236,good,toward_good,False
baseline[good=above],baseline/48,127,236,good,same,False
baseline[good=above],baseline/48,128,236,good,same,False
baseline[good=above],baseline/48,129,236,good,same,False
baseline[good=above],baseline/48,130,236,good,toward_good,False
baseline[good=above],baseline/48,131,236,good,toward_bad,False
baseline[good=above],baseline/48,132,236,good,toward_good,False
baseline[good=above],baseline/48,133,236,good,toward_bad,False
baseline[good=above],baseline/48,134,236,good,toward_good,False
baseline[good=above],baseline/48,135,236,good,toward_bad,False
baseline[good=above],baseline/48,136,236,good,toward_bad,False
baseline[good=above],baseline/48,137,236,good,toward_good,False
baseline[good=above],baseline/48,138,236,good,toward_bad,False
baseline[good=above],baseline/48,139,236,good,toward_good,False
baseline[good=above],baseline/48,140,236,good,toward_bad,False
baseline[good=above],baseline/48,141,236,good,toward_bad,False
baseline[good=above],baseline/48,142,236,good,toward_good,False
baseline[good=above],baseline/48,143,236,good,toward_bad,False
baseline[good=above],baseline/48,144,236,good,toward_good,False
baseline[good=above],baseline/48,145,236,good,toward_good,False
baseline[good=above],baseline/48,146,236,good,same,False
baseline[good=above],baseline/48,147,236,good,toward_bad,False
baseline[good=above],baseline/48,148,236,good,toward_bad,False
baseline[good=above],baseline/48,149,236,good,toward_good,False
baseline[good=above],baseline/48,150,236,good,toward_bad,False
baseline[good=above],baseline/48,151,236,good,toward_good,False
baseline[good=above],baseline/48,152,236,good,toward_bad,False
baseline[good=above],baseline/48,153,236,good,toward_bad,False
baseline[good=above],baseline/48,154,236,good,toward_good,False
baseline[good=above],baseline/48,155,236,good,toward_good,False
baseline[good=above],baseline/48,156,236,good,same,False
baseline[good=above],baseline/48,157,236,good,same,False
baseline[good=above],baseline/48,158,236,good,toward_bad,False
baseline[good=above],baseline/48,159,236,good,toward_good,False
baseline[good=above],baseline/48,160,236,good,toward_bad,False
baseline[good=above],baseline/48,161,236,good,toward_good,False
baseline[good=above],baseline/48,162,236,good,toward_good,False
baseline[good=above],baseline/48,163,236,good,toward_good,False
baseline[good=above],baseline/48,164,236,good,toward_bad,False
baseline[good=above],baseline/48,165,236,good,toward_good,False
baseline[good=above],baseline/48,166,236,good,toward_bad,False
baseline[good=above],baseline/48,167,236,good,toward_bad,False
baseline[good=above],baseline/48,168,236,good,toward_bad,False
baseline[good=above],baseline/48,169,236,good,toward_bad,False
baseline[good=above],baseline/48,170,236,good,toward_good,False
baseline[good=above],baseline/48,171,236,good,toward_bad,False
baseline[good=above],baseline/48,172,236,good,toward_bad,False
baseline[good=above],baseline/48,173,236,good,toward_good,False
baseline[good=above],baseline/48,174,236,good,toward_bad,False
baseline[good=above],baseline/48,175,236,good,same,False
baseline[good=above],baseline/48,176,236,good,toward_bad,False
baseline[good=above],baseline/48,177,236,good,toward_good,False
baseline[good=above],baseline/48,178,236,good,toward_bad,False
baseline[good=above],baseline/48,179,236,good,same,False
baseline[good=above],baseline/48,180,236,good,toward_good,False
baseline[good=above],baseline/48,181,236,good,same,False
baseline[good=above],baseline/48,182,236,good,same,False
baseline[good=above],baseline/48,183,236,good,toward_bad,False
baseline[good=above],baseline/48,184,236,good,toward_good,False
baseline[good=above],baseline/48,185,236,good,toward_bad,False
baseline[good=above],baseline/48,186,236,good,toward_good,False
baseline[good=above],baseline/48,187,236,good,toward_good,False
baseline[good=above],baseline/48,188,236,good,toward_good,False
baseline[good=above],baseline/48,189,236,good,toward_bad,False
baseline[good=above],baseline/48,190,236,good,toward_good,False
baseline[good=above],baseline/48,191,236,good,toward_bad,False
baseline[good=above],baseline/48,192,236,good,toward_good,False
baseline[good=above],baseline/48,193,236,good,toward_good,False
baseline[good=above],baseline/48,194,236,good,toward_bad,False
baseline[good=above],baseline/48,195,236,good,toward_bad,False
baseline[good=above],baseline/48,196,236,good,toward_good,False
baseline[good=above],baseline/48,197,236,good,toward_good,False
baseline[good=above],baseline/48,198,236,good,toward_good,False
baseline[good=above],baseline/48,199,236,good,toward_bad,False
baseline[good=above],baseline/48,200,236,good,same,False
baseline[good=above],baseline/48,201,236,good,toward_good,False
baseline[good=above],baseline/48,202,236,good,toward_bad,False
baseline[good=above],baseline/48,203,236,good,toward_good,False
baseline[good=above],baseline/48,204,236,good,toward_good,False
baseline[good=above],baseline/48,205,236,good,toward_bad,False
baseline[good=above],baseline/48,206,236,good,toward_good,False
baseline[good=above],baseline/48,207,236,good,toward_good,False
baseline[good=above],baseline/48,208,236,good,toward_good,False
baseline[good=above],baseline/48,209,236,good,toward_bad,False
baseline[good=above],baseline/48,210,236,good,toward_bad,False
baseline[good=above],baseline/48,211,236,good,toward_good,False
baseline[good=above],baseline/48,212,236,good,toward_good,False
baseline[good=above],baseline/48,213,236,good,toward_bad,False
baseline[good=above],baseline/48,214,236,good,toward_good,False
baseline[good=above],baseline/48,215,236,good,toward_good,False
baseline[good=above],baseline/48,216,236,good,toward_bad,False
baseline[good=above],baseline/48,217,236,good,toward_good,False
baseline[good=above],baseline/48,218,236,good,toward_good,False
baseline[good=above],baseline/48,219,236,good,toward_good,False
baseline[good=above],baseline/48,220,236,good,toward_bad,False
baseline[good=above],baseline/48,221,236,good,toward_bad,False
baseline[good=above],baseline/48,222,236,good,toward_bad,False
baseline[good=above],baseline/48,223,236,good,toward_bad,False
baseline[good=above],baseline/48,224,236,good,toward_good,False
baseline[good=above],baseline/48,225,236,good,toward_bad,False
baseline[good=above],baseline/48,226,236,good,same,False
baseline[good=above],baseline/48,227,236,good,same,False
baseline[good=above],baseline/48,228,236,good,toward_good,False
baseline[good=above],baseline/48,229,236,good,toward_bad,False
baseline[good=above],baseline/48,230,236,good,toward_good,False
baseline[good=above],baseline/48,231,236,good,same,False
baseline[good=above],baseline/48,232,236,good,toward_good,False
baseline[good=above],baseline/48,233,236,good,toward_bad,False
baseline[good=above],baseline/48,234,236,good,toward_bad,False
baseline[good=above],baseline/48,235,236,good,,True
baseline[good=below],baseline/48,0,236,good,toward_bad,False
baseline[good=below],baseline/48,1,236,good,toward_good,False
baseline[good=below],baseline/48,2,236,good,toward_bad,False
baseline[good=below],baseline/48,3,236,good,toward_bad,False
baseline[good=below],baseline/48,4,236,bad,toward_good,False
baseline[good=below],baseline/48,5,236,bad,toward_good,False
baseline[good=below],baseline/48,6,236,good,toward_bad,False
baseline[good=below],baseline/48,7,236,good,toward_bad,False
baseline[good=below],baseline/48,8,236,good,toward_bad,False
baseline[good=below],baseline/48,9,236,bad,toward_good,False
baseline[good=below],baseline/48,10,236,good,toward_bad,False
baseline[good=below],baseline/48,11,236,bad,toward_bad,False
baseline[good=below],baseline/48,12,236,bad,toward_good,False
baseline[good=below],baseline/48,13,236,bad,toward_bad,False
baseline[good=below],baseline/48,14,236,bad,toward_good,False
baseline[good=below],baseline/48,15,236,good,toward_bad,False
baseline[good=below],baseline/48,16,236,bad,toward_good,False
baseline[good=below],baseline/48,17,236,good,toward_bad,False
baseline[good=below],baseline/48,18,236,bad,toward_good,False
baseline[good=below],baseline/48,19,236,bad,toward_bad,False
baseline[good=below],baseline/48,20,236,bad,toward_good,False
baseline[good=below],baseline/48,21,236,bad,toward_bad,False
baseline[good=below],baseline/48,22,236,bad,toward_bad,False
baseline[good=below],baseline/48,23,236,bad,toward_good,False
baseline[good=below],baseline/48,24,236,bad,toward_bad,False
baseline[good=below],baseline/48,25,236,bad,toward_good,False
baseline[good=below],baseline/48,26,236,bad,toward_good,False
baseline[good=below],baseline/48,27,236,bad,toward_bad,False
baseline[good=below],baseline/48,28,236,bad,toward_good,False
baseline[good=below],baseline/48,29,236,bad,toward_bad,False
baseline[good=below],baseline/48,30,236,bad,toward_good,False
baseline[good=below],baseline/48,31,236,bad,toward_good,False
baseline[good=below],baseline/48,32,236,bad,toward_bad,False
baseline[good=below],baseline/48,33,236,bad,toward_good,False
baseline[good=below],baseline/48,34,236,bad,toward_good,False
baseline[good=below],baseline/48,35,236,bad,toward_bad,False
baseline[good=below],baseline/48,36,236,bad,toward_good,False
baseline[good=below],baseline/48,37,236,bad,toward_good,False
baseline[good=below],baseline/48,38,236,bad,toward_bad,False
baseline[good=below],baseline/48,39,236,bad,toward_good,False
baseline[good=below],baseline/48,40,236,bad,toward_good,False
baseline[good=below],baseline/48,41,236,bad,toward_good,False
baseline[good=below],baseline/48,42,236,bad,toward_bad,False
baseline[good=below],baseline/48,43,236,bad,toward_good,False
baseline[good=below],baseline/48,44,236,bad,toward_bad,False
baseline[good=below],baseline/48,45,236,bad,toward_bad,False
baseline[good=below],baseline/48,46,236,bad,toward_good,False
baseline[good=below],baseline/48,47,236,bad,toward_bad,False
baseline[good=below],baseline/48,48,236,bad,toward_bad,False
baseline[good=below],baseline/48,49,236,bad,toward_good,False
baseline[good=below],baseline/48,50,236,bad,toward_bad,False
baseline[good=below],baseline/48,51,236,bad,toward_bad,False
baseline[good=below],baseline/48,52,236,bad,toward_bad,False
baseline[good=below],baseline/48,53,236,bad,toward_good,False
baseline[good=below],baseline/48,54,236,bad,toward_good,False
baseline[good=below],baseline/48,55,236,bad,toward_bad,False
baseline[good=below],baseline/48,56,236,bad,toward_good,False
baseline[good=below],baseline/48,57,236,bad,toward_bad,False
baseline[good=below],baseline/48,58,236,bad,toward_good,False
baseline[good=below],baseline/48,59,236,bad,toward_bad,False
baseline[good=below],baseline/48,60,236,bad,toward_good,False
baseline[good=below],baseline/48,61,236,bad,toward_bad,False
baseline[good=below],baseline/48,62,236,bad,toward_good,False
baseline[good=below],baseline/48,63,236,bad,toward_bad,False
baseline[good=below],baseline/48,64,236,bad,toward_bad,False
baseline[good=below],baseline/48,65,236,bad,toward_good,False
baseline[good=below],baseline/48,66,236,bad,toward_bad,False
baseline[good=below],baseline/48,67,236,bad,toward_good,False
baseline[good=below],baseline/48,68,236,bad,toward_bad,False
baseline[good=below],baseline/48,69,236,bad,toward_bad,False
baseline[good=below],baseline/48,70,236,bad,toward_bad,False
baseline[good=below],baseline/48,71,236,bad,toward_bad,False
baseline[good=below],baseline/48,72,236,bad,toward_good,False
baseline[good=below],baseline/48,73,236,bad,toward_bad,False
baseline[good=below],baseline/48,74,236,bad,toward_good,False
baseline[good=below],baseline/48,75,236,bad,toward_good,False
baseline[good=below],baseline/48,76,236,bad,toward_good,False
baseline[good=below],baseline/48,77,236,bad,toward_good,False
baseline[good=below],baseline/48,78,236,bad,toward_bad,False
baseline[good=below],baseline/48,79,236,bad,toward_bad,False
baseline[good=below],baseline/48,80,236,bad,toward_good,False
baseline[good=below],baseline/48,81,236,bad,toward_bad,False
baseline[good=below],baseline/48,82,236,bad,toward_good,False
baseline[good=below],baseline/48,83,236,bad,toward_bad,False
baseline[good=below],baseline/48,84,236,bad,toward_good,False
baseline[good=below],baseline/48,85,236,bad,toward_bad,False
baseline[good=below],baseline/48,86,236,bad,toward_bad,False
baseline[good=below],baseline/48,87,236,bad,toward_good,False
baseline[good=below],baseline/48,88,236,bad,toward_good,False
baseline[good=below],baseline/48,89,236,bad,toward_good,False
baseline[good=below],baseline/48,90,236,bad,toward_bad,False
baseline[good=below],baseline/48,91,236,bad,toward_good,False
baseline[good=below],baseline/48,92,236,bad,toward_good,False
baseline[good=below],baseline/48,93,236,bad,toward_bad,False
baseline[good=below],baseline/48,94,236,bad,toward_good,False
baseline[good=below],baseline/48,95,236,bad,toward_good,False
baseline[good=below],baseline/48,96,236,bad,toward_good,False
baseline[good=below],baseline/48,97,236,bad,toward_good,False
baseline[good=below],baseline/48,98,236,bad,toward_bad,False
baseline[good=below],baseline/48,99,236,bad,toward_bad,False
baseline[good=below],baseline/48,100,236,bad,toward_good,False
baseline[good=below],baseline/48,101,236,bad,toward_bad,False
baseline[good=below],baseline/48,102,236,bad,toward_good,False
baseline[good=below],baseline/48,103,236,bad,toward_bad,False
baseline[good=below],baseline/48,104,236,bad,toward_good,False
baseline[good=below],baseline/48,105,236,bad,toward_bad,False
baseline[good=below],baseline/48,106,236,bad,toward_bad,False
baseline[good=below],baseline/48,107,236,bad,toward_bad,False
baseline[good=below],baseline/48,108,236,bad,toward_bad,False
baseline[good=below],baseline/48,109,236,bad,toward_bad,False
baseline[good=below],baseline/48,110,236,bad,toward_good,False
baseline[good=below],baseline/48,111,236,bad,toward_bad,False
baseline[good=below],baseline/48,112,236,bad,toward_good,False
baseline[good=below],baseline/48,113,236,bad,toward_bad,False
baseline[good=below],baseline/48,114,236,bad,toward_good,False
baseline[good=below],baseline/48,115,236,bad,toward_bad,False
baseline[good=below],baseline/48,116,236,bad,toward_good,False
baseline[good=below],baseline/48,117,236,bad,same,False
baseline[good=below],baseline/48,118,236,bad,toward_bad,False
baseline[good=below],baseline/48,119,236,bad,toward_bad,False
baseline[good=below],baseline/48,120,236,bad,toward_bad,False
baseline[good=below],baseline/48,121,236,bad,toward_bad,False
baseline[good=below],baseline/48,122,236,bad,toward_good,False
baseline[good=below],baseline/48,123,236,bad,toward_good,False
baseline[good=below],baseline/48,124,236,bad,toward_bad,False
baseline[good=below],baseline/48,125,236,bad,toward_good,False
baseline[good=below],baseline/48,126,236,bad,toward_bad,False
baseline[good=below],baseline/48,127,236,bad,same,False
baseline[good=below],baseline/48,128,236,bad,same,False
baseline[good=below],baseline/48,129,236,bad,same,False
baseline[good=below],baseline/48,130,236,bad,toward_bad,False
baseline[good=below],baseline/48,131,236,bad,toward_good,False
baseline[good=below],baseline/48,132,236,bad,toward_bad,False
baseline[good=below],baseline/48,133,236,bad,toward_good,False
baseline[good=below],baseline/48,134,236,bad,toward_bad,False
baseline[good=below],baseline/48,135,236,bad,toward_good,False
baseline[good=below],baseline/48,136,236,bad,toward_good,False
baseline[good=below],baseline/48,137,236,bad,toward_bad,False
baseline[good=below],baseline/48,138,236,bad,toward_good,False
baseline[good=below],baseline/48,139,236,bad,toward_bad,False
baseline[good=below],baseline/48,140,236,bad,toward_good,False
baseline[good=below],baseline/48,141,236,bad,toward_good,False
baseline[good=below],baseline/48,142,236,bad,toward_bad,False
baseline[good=below],baseline/48,143,236,bad,toward_good,False
baseline[good=below],baseline/48,144,236,bad,toward_bad,False
baseline[good=below],baseline/48,145,236,bad,toward_bad,False
baseline[good=below],baseline/48,146,236,bad,same,False
baseline[good=below],baseline/48,147,236,bad,toward_good,False
baseline[good=below],baseline/48,148,236,bad,toward_good,False
baseline[good=below],baseline/48,149,236,bad,toward_bad,False
baseline[good=below],baseline/48,150,236,bad,toward_good,False
baseline[good=below],baseline/48,151,236,bad,toward_bad,False
baseline[good=below],baseline/48,152,236,bad,toward_good,False
baseline[good=below],baseline/48,153,236,bad,toward_good,False
baseline[good=below],baseline/48,154,236,bad,toward_bad,False
baseline[good=below],baseline/48,155,236,bad,toward_bad,False
baseline[good=below],baseline/48,156,236,bad,same,False
baseline[good=below],baseline/48,157,236,bad,same,False
baseline[good=below],baseline/48,158,236,bad,toward_good,False
baseline[good=below],baseline/48,159,236,bad,toward_bad,False
baseline[good=below],baseline/48,160,236,bad,toward_good,False
baseline[good=below],baseline/48,161,236,bad,toward_bad,False
baseline[good=below],baseline/48,162,236,bad,toward_bad,False
baseline[good=below],baseline/48,163,236,bad,toward_bad,False
baseline[good=below],baseline/48,164,236,bad,toward_good,False
baseline[good=below],baseline/48,165,236,bad,toward_bad,False
baseline[good=below],baseline/48,166,236,bad,toward_good,False
baseline[good=below],baseline/48,167,236,bad,toward_good,False
baseline[good=below],baseline/48,168,236,bad,toward_good,False
baseline[good=below],baseline/48,169,236,bad,toward_good,False
baseline[good=below],baseline/48,170,236,bad,toward_bad,False
baseline[good=below],baseline/48,171,236,bad,toward_good,False
baseline[good=below],baseline/48,172,236,bad,toward_good,False
baseline[good=below],baseline/48,173,236,bad,toward_bad,False
baseline[good=below],baseline/48,174,236,bad,toward_good,False
baseline[good=below],baseline/48,175,236,bad,same,False
baseline[good=below],baseline/48,176,236,bad,toward_good,False
baseline[good=below],baseline/48,177,236,bad,toward_bad,False
baseline[good=below],baseline/48,178,236,bad,toward_good,False
baseline[good=below],baseline/48,179,236,bad,same,False
baseline[good=below],baseline/48,180,236,bad,toward_bad,False
baseline[good=below],baseline/48,181,236,bad,same,False
baseline[good=below],baseline/48,182,236,bad,same,False
baseline[good=below],baseline/48,183,236,bad,toward_good,False
baseline[good=below],baseline/48,184,236,bad,toward_bad,False
baseline[good=below],baseline/48,185,236,bad,toward_good,False
baseline[good=below],baseline/48,186,236,bad,toward_bad,False
baseline[good=below],baseline/48,187,236,bad,toward_bad,False
baseline[good=below],baseline/48,188,236,bad,toward_bad,False
baseline[good=below],baseline/48,189,236,bad,toward_good,False
baseline[good=below],baseline/48,190,236,bad,toward_bad,False
baseline[good=below],baseline/48,191,236,bad,toward_good,False
baseline[good=below],baseline/48,192,236,bad,toward_bad,False
baseline[good=below],baseline/48,193,236,bad,toward_bad,False
baseline[good=below],baseline/48,194,236,bad,toward_good,False
baseline[good=below],baseline/48,195,236,bad,toward_good,False
baseline[good=below],baseline/48,196,236,bad,toward_bad,False
baseline[good=below],baseline/48,197,236,bad,toward_bad,False
baseline[good=below],baseline/48,198,236,bad,toward_bad,False
baseline[good=below],baseline/48,199,236,bad,toward_good,False
baseline[good=below],baseline/48,200,236,bad,same,False
baseline[good=below],baseline/48,201,236,bad,toward_bad,False
baseline[good=below],baseline/48,202,236,bad,toward_good,False
baseline[good=below],baseline/48,203,236,bad,toward_bad,False
baseline[good=below],baseline/48,204,236,bad,toward_bad,False
baseline[good=below],baseline/48,205,236,bad,toward_good,False
baseline[good=below],baseline/48,206,236,bad,toward_bad,False
baseline[good=below],baseline/48,207,236,bad,toward_bad,False
baseline[good=below],baseline/48,208,236,bad,toward_bad,False
baseline[good=below],baseline/48,209,236,bad,toward_good,False
baseline[good=below],baseline/48,210,236,bad,toward_good,False
baseline[good=below],baseline/48,211,236,bad,toward_bad,False
baseline[good=below],baseline/48,212,236,bad,toward_bad,False
baseline[good=below],baseline/48,213,236,bad,toward_good,False
baseline[good=below],baseline/48,214,236,bad,toward_bad,False
baseline[good=below],baseline/48,215,236,bad,toward_bad,False
baseline[good=below],baseline/48,216,236,bad,toward_good,False
baseline[good=below],baseline/48,217,236,bad,toward_bad,False
baseline[good=below],baseline/48,218,236,bad,toward_bad,False
baseline[good=below],baseline/48,219,236,bad,toward_bad,False
baseline[good=below],baseline/48,220,236,bad,toward_good,False
baseline[good=below],baseline/48,221,236,bad,toward_good,False
baseline[good=below],baseline/48,222,236,bad,toward_good,False
baseline[good=below],baseline/48,223,236,bad,toward_good,False
baseline[good=below],baseline/48,224,236,bad,toward_bad,False
baseline[good=below],baseline/48,225,236,bad,toward_good,False
baseline[good=below],baseline/48,226,236,bad,same,False
baseline[good=below],baseline/48,227,236,bad,same,False
baseline[good=below],baseline/48,228,236,bad,toward_bad,False
baseline[good=below],baseline/48,229,236,bad,toward_good,False
baseline[good=below],baseline/48,230,236,bad,toward_bad,False
baseline[good=below],baseline/48,231,236,bad,same,False
baseline[good=below],baseline/48,232,236,bad,toward_bad,False
baseline[good=below],baseline/48,233,236,bad,toward_good,False
baseline[good=below],baseline/48,234,236,bad,toward_good,False
baseline[good=below],baseline/48,235,236,bad,,True
baseline[good=above],baseline/53,0,12,good,toward_good,False
baseline[good=above],baseline/53,1,12,good,toward_good,False
baseline[good=above],baseline/53,2,12,good,toward_good,False
baseline[good=above],baseline/53,3,12,good,toward_bad,False
baseline[good=above],baseline/53,4,12,good,toward_bad,False
baseline[good=above],baseline/53,5,12,good,toward_bad,False
baseline[good=above],baseline/53,6,12,good,toward_good,False
baseline[good=above],baseline/53,7,12,good,toward_bad,False
baseline[good=above],baseline/53,8,12,good,toward_good,False
baseline[good=above],baseline/53,9,12,good,toward_bad,False
baseline[good=above],baseline/53,10,12,good,toward_bad,False
baseline[good=above],baseline/53,11,12,good,,True
baseline[good=below],baseline/53,0,12,bad,toward_bad,False
baseline[good=below],baseline/53,1,12,bad,toward_bad,False
baseline[good=below],baseline/53,2,12,bad,toward_bad,False
baseline[good=below],baseline/53,3,12,bad,toward_good,False
baseline[good=below],baseline/53,4,12,bad,toward_good,False
baseline[good=below],baseline/53,5,12,bad,toward_good,False
baseline[good=below],baseline/53,6,12,bad,toward_bad,False
baseline[good=below],baseline/53,7,12,bad,toward_good,False
baseline[good=below],baseline/53,8,12,bad,toward_bad,False
baseline[good=below],baseline/53,9,12,bad,toward_good,False
baseline[good=below],baseline/53,10,12,bad,toward_good,False
baseline[good=below],baseline/53,11,12,bad,,True
baseline[good=above],baseline/55,0,39,good,toward_bad,False
baseline[good=above],baseline/55,1,39,good,toward_good,False
baseline[good=above],baseline/55,2,39,good,toward_good,False
baseline[good=above],baseline/55,3,39,good,toward_bad,False
baseline[good=above],baseline/55,4,39,good,toward_bad,False
baseline[good=above],baseline/55,5,39,good,toward_good,False
baseline[good=above],baseline/55,6,39,good,toward_bad,False
baseline[good=above],baseline/55,7,39,good,toward_good,False
baseline[good=above],baseline/55,8,39,good,toward_good,False
baseline[good=above],baseline/55,9,39,good,toward_bad,False
baseline[good=above],baseline/55,10,39,good,toward_good,False
baseline[good=above],baseline/55,11,39,good,toward_good,False
baseline[good=above],baseline/55,12,39,good,toward_bad,False
baseline[good=above],baseline/55,13,39,good,toward_bad,False
baseline[good=above],baseline/55,14,39,good,toward_bad,False
baseline[good=above],baseline/55,15,39,good,toward_good,False
baseline[good=above],baseline/55,16,39,good,toward_good,False
baseline[good=above],baseline/55,17,39,good,toward_bad,False
baseline[good=above],baseline/55,18,39,good,toward_bad,False
baseline[good=above],baseline/55,19,39,good,toward_bad,False
baseline[good=above],baseline/55,20,39,good,toward_good,False
baseline[good=above],baseline/55,21,39,good,toward_good,False
baseline[good=above],baseline/55,22,39,good,toward_good,False
baseline[good=above],baseline/55,23,39,good,toward_bad,False
baseline[good=above],baseline/55,24,39,good,toward_bad,False
baseline[good=above],baseline/55,25,39,good,toward_bad,False
baseline[good=above],baseline/55,26,39,good,toward_good,False
baseline[good=above],baseline/55,27,39,good,toward_bad,False
baseline[good=above],baseline/55,28,39,good,toward_bad,False
baseline[good=above],baseline/55,29,39,good,toward_good,False
baseline[good=above],baseline/55,30,39,good,toward_good,False
baseline[good=above],baseline/55,31,39,good,toward_bad,False
baseline[good=above],baseline/55,32,39,good,toward_bad,False
baseline[good=above],baseline/55,33,39,good,toward_good,False
baseline[good=above],baseline/55,34,39,good,toward_good,False
baseline[good=above],baseline/55,35,39,good,toward_bad,False
baseline[good=above],baseline/55,36,39,good,toward_bad,False
baseline[good=above],baseline/55,37,39,good,toward_good,False
baseline[good=above],baseline/55,38,39,good,,True
baseline[good=below],baseline/55,0,39,bad,toward_good,False
baseline[good=below],baseline/55,1,39,bad,toward_bad,False
baseline[good=below],baseline/55,2,39,bad,toward_bad,False
baseline[good=below],baseline/55,3,39,bad,toward_good,False
baseline[good=below],baseline/55,4,39,bad,toward_good,False
baseline[good=below],baseline/55,5,39,bad,toward_bad,False
baseline[good=below],baseline/55,6,39,bad,toward_good,False
baseline[good=below],baseline/55,7,39,bad,toward_bad,False
baseline[good=below],baseline/55,8,39,bad,toward_bad,False
baseline[good=below],baseline/55,9,39,bad,toward_good,False
baseline[good=below],baseline/55,10,39,bad,toward_bad,False
baseline[good=below],baseline/55,11,39,bad,toward_bad,False
baseline[good=below],baseline/55,12,39,bad,toward_good,False
baseline[good=below],baseline/55,13,39,bad,toward_good,False
baseline[good=below],baseline/55,14,39,bad,toward_good,False
baseline[good=below],baseline/55,15,39,bad,toward_bad,False
baseline[good=below],baseline/55,16,39,bad,toward_bad,False
baseline[good=below],baseline/55,17,39,bad,toward_good,False
baseline[good=below],baseline/55,18,39,bad,toward_good,False
baseline[good=below],baseline/55,19,39,bad,toward_good,False
baseline[good=below],baseline/55,20,39,bad,toward_bad,False
baseline[good=below],baseline/55,21,39,bad,toward_bad,False
baseline[good=below],baseline/55,22,39,bad,toward_bad,False
baseline[good=below],baseline/55,23,39,bad,toward_good,False
baseline[good=below],baseline/55,24,39,bad,toward_good,False
baseline[good=below],baseline/55,25,39,bad,toward_good,False
baseline[good=below],baseline/55,26,39,bad,toward_bad,False
baseline[good=below],baseline/55,27,39,bad,toward_good,False
baseline[good=below],baseline/55,28,39,bad,toward_good,False
baseline[good=below],baseline/55,29,39,bad,toward_bad,False
baseline[good=below],baseline/55,30,39,bad,toward_bad,False
baseline[good=below],baseline/55,31,39,bad,toward_good,False
baseline[good=below],baseline/55,32,39,bad,toward_good,False
baseline[good=below],baseline/55,33,39,bad,toward_bad,False
baseline[good=below],baseline/55,34,39,bad,toward_bad,False
baseline[good=below],baseline/55,35,39,bad,toward_good,False
baseline[good=below],baseline/55,36,39,bad,toward_good,False
baseline[good=below],baseline/55,37,39,bad,toward_bad,False
baseline[good=below],baseline/55,38,39,bad,,True
baseline[good=above],baseline/59,0,5,good,toward_good,False
baseline[good=above],baseline/59,1,5,good,toward_bad,False
baseline[good=above],baseline/59,2,5,good,toward_good,False
baseline[good=above],baseline/59,3,5,good,toward_bad,False
baseline[good=above],baseline/59,4,5,good,,True
baseline[good=below],baseline/59,0,5,bad,toward_bad,False
baseline[good=below],baseline/59,1,5,bad,toward_good,False
baseline[good=below],baseline/59,2,5,bad,toward_bad,False
baseline[good=below],baseline/59,3,5,bad,toward_good,False
baseline[good=below],baseline/59,4,5,bad,,True
baseline[good=above],baseline/62,0,71,bad,toward_bad,False
baseline[good=above],baseline/62,1,71,bad,toward_bad,False
baseline[good=above],baseline/62,2,71,bad,toward_good,False
baseline[good=above],baseline/62,3,71,bad,toward_bad,False
baseline[good=above],baseline/62,4,71,bad,toward_good,False
baseline[good=above],baseline/62,5,71,bad,toward_good,False
baseline[good=above],baseline/62,6,71,bad,toward_bad,False
baseline[good=above],baseline/62,7,71,bad,toward_bad,False
baseline[good=above],baseline/62,8,71,bad,toward_good,False
baseline[good=above],baseline/62,9,71,bad,toward_bad,False
baseline[good=above],baseline/62,10,71,bad,toward_good,False
baseline[good=above],baseline/62,11,71,bad,toward_bad,False
baseline[good=above],baseline/62,12,71,bad,toward_bad,False
baseline[good=above],baseline/62,13,71,bad,toward_good,False
baseline[good=above],baseline/62,14,71,bad,toward_bad,False
baseline[good=above],baseline/62,15,71,bad,toward_bad,False
baseline[good=above],baseline/62,16,71,bad,toward_good,False
baseline[good=above],baseline/62,17,71,bad,toward_bad,False
baseline[good=above],baseline/62,18,71,bad,toward_bad,False
baseline[good=above],baseline/62,19,71,bad,toward_good,False
baseline[good=above],baseline/62,20,71,bad,toward_bad,False
baseline[good=above],baseline/62,21,71,bad,toward_bad,False
baseline[good=above],baseline/62,22,71,bad,toward_bad,False
baseline[good=above],baseline/62,23,71,bad,toward_bad,False
baseline[good=above],baseline/62,24,71,bad,toward_good,False
baseline[good=above],baseline/62,25,71,bad,toward_good,False
baseline[good=above],baseline/62,26,71,bad,toward_bad,False
baseline[good=above],baseline/62,27,71,bad,toward_bad,False
baseline[good=above],baseline/62,28,71,bad,toward_good,False
baseline[good=above],baseline/62,29,71,bad,toward_good,False
baseline[good=above],baseline/62,30,71,bad,toward_bad,False
baseline[good=above],baseline/62,31,71,bad,toward_bad,False
baseline[good=above],baseline/62,32,71,bad,toward_bad,False
baseline[good=above],baseline/62,33,71,bad,toward_good,False
baseline[good=above],baseline/62,34,71,bad,toward_bad,False
baseline[good=above],baseline/62,35,71,bad,toward_bad,False
baseline[good=above],baseline/62,36,71,bad,toward_good,False
baseline[good=above],baseline/62,37,71,bad,toward_good,False
baseline[good=above],baseline/62,38,71,bad,toward_bad,False
baseline[good=above],baseline/62,39,71,bad,toward_good,False
baseline[good=above],baseline/62,40,71,bad,toward_good,False
baseline[good=above],baseline/62,41,71,bad,toward_good,False
baseline[good=above],baseline/62,42,71,bad,toward_bad,False
baseline[good=above],baseline/62,43,71,bad,toward_good,False
baseline[good=above],baseline/62,44,71,bad,toward_good,False
baseline[good=above],baseline/62,45,71,bad,toward_bad,False
baseline[good=above],baseline/62,46,71,bad,toward_good,False
baseline[good=above],baseline/62,47,71,bad,toward_bad,False
baseline[good=above],baseline/62,48,71,bad,toward_good,False
baseline[good=above],baseline/62,49,71,bad,toward_bad,False
baseline[good=above],baseline/62,50,71,bad,toward_bad,False
baseline[good=above],baseline/62,51,71,bad,toward_bad,False
baseline[good=above],baseline/62,52,71,bad,toward_good,False
baseline[good=above],baseline/62,53,71,bad,toward_bad,False
baseline[good=above],baseline/62,54,71,bad,toward_good,False
baseline[good=above],baseline/62,55,71,bad,toward_bad,False
baseline[good=above],baseline/62,56,71,bad,toward_bad,False
baseline[good=above],baseline/62,57,71,bad,toward_bad,False
baseline[good=above],baseline/62,58,71,bad,toward_bad,False
baseline[good=above],baseline/62,59,71,bad,toward_bad,False
baseline[good=above],baseline/62,60,71,bad,toward_bad,False
baseline[good=above],baseline/62,61,71,bad,toward_good,False
baseline[good=above],baseline/62,62,71,bad,toward_good,False
baseline[good=above],baseline/62,63,71,bad,toward_good,False
baseline[good=above],baseline/62,64,71,bad,toward_bad,False
baseline[good=above],baseline/62,65,71,bad,toward_good,False
baseline[good=above],baseline/62,66,71,bad,toward_good,False
baseline[good=above],baseline/62,67,71,bad,toward_bad,False
baseline[good=above],baseline/62,68,71,bad,toward_good,False
baseline[good=above],baseline/62,69,71,bad,toward_bad,False
baseline[good=above],baseline/62,70,71,bad,,True
baseline[good=below],baseline/62,0,71,good,toward_good,False
baseline[good=below],baseline/62,1,71,good,toward_good,False
baseline[good=below],baseline/62,2,71,good,toward_bad,False
baseline[good=below],baseline/62,3,71,good,toward_good,False
baseline[good=below],baseline/62,4,71,good,toward_bad,False
baseline[good=below],baseline/62,5,71,good,toward_bad,False
baseline[good=below],baseline/62,6,71,good,toward_good,False
baseline[good=below],baseline/62,7,71,good,toward_good,False
baseline[good=below],baseline/62,8,71,good,toward_bad,False
baseline[good=below],baseline/62,9,71,good,toward_good,False
baseline[good=below],baseline/62,10,71,good,toward_bad,False
baseline[good=below],baseline/62,11,71,good,toward_good,False
baseline[good=below],baseline/62,12,71,good,toward_good,False
baseline[good=below],baseline/62,13,71,good,toward_bad,False
baseline[good=below],baseline/62,14,71,good,toward_good,False
baseline[good=below],baseline/62,15,71,good,toward_good,False
baseline[good=below],baseline/62,16,71,good,toward_bad,False
baseline[good=below],baseline/62,17,71,good,toward_good,False
baseline[good=below],baseline/62,18,71,good,toward_good,False
baseline[good=below],baseline/62,19,71,good,toward_bad,False
baseline[good=below],baseline/62,20,71,good,toward_good,False
baseline[good=below],baseline/62,21,71,good,toward_good,False
baseline[good=below],baseline/62,22,71,good,toward_good,False
baseline[good=below],baseline/62,23,71,good,toward_good,False
baseline[good=below],baseline/62,24,71,good,toward_bad,False
baseline[good=below],baseline/62,25,71,good,toward_bad,False
baseline[good=below],baseline/62,26,71,good,toward_good,False
baseline[good=below],baseline/62,27,71,good,toward_good,False
baseline[good=below],baseline/62,28,71,good,toward_bad,False
baseline[good=below],baseline/62,29,71,good,toward_bad,False
baseline[good=below],baseline/62,30,71,good,toward_good,False
baseline[good=below],baseline/62,31,71,good,toward_good,False
baseline[good=below],baseline/62,32,71,good,toward_good,False
baseline[good=below],baseline/62,33,71,good,toward_bad,False
baseline[good=below],baseline/62,34,71,good,toward_good,False
baseline[good=below],baseline/62,35,71,good,toward_good,False
baseline[good=below],baseline/62,36,71,good,toward_bad,False
baseline[good=below],baseline/62,37,71,good,toward_bad,False
baseline[good=below],baseline/62,38,71,good,toward_good,False
baseline[good=below],baseline/62,39,71,good,toward_bad,False
baseline[good=below],baseline/62,40,71,good,toward_bad,False
baseline[good=below],baseline/62,41,71,good,toward_bad,False
baseline[good=below],baseline/62,42,71,good,toward_good,False
baseline[good=below],baseline/62,43,71,good,toward_bad,False
baseline[good=below],baseline/62,44,71,good,toward_bad,False
baseline[good=below],baseline/62,45,71,good,toward_good,False
baseline[good=below],baseline/62,46,71,good,toward_bad,False
baseline[good=below],baseline/62,47,71,good,toward_good,False
baseline[good=below],baseline/62,48,71,good,toward_bad,False
baseline[good=below],baseline/62,49,71,good,toward_good,False
baseline[good=below],baseline/62,50,71,good,toward_good,False
baseline[good=below],baseline/62,51,71,good,toward_good,False
baseline[good=below],baseline/62,52,71,good,toward_bad,False
baseline[good=below],baseline/62,53,71,good,toward_good,False
baseline[good=below],baseline/62,54,71,good,toward_bad,False
baseline[good=below],baseline/62,55,71,good,toward_good,False
baseline[good=below],baseline/62,56,71,good,toward_good,False
baseline[good=below],baseline/62,57,71,good,toward_good,False
baseline[good=below],baseline/62,58,71,good,toward_good,False
baseline[good=below],baseline/62,59,71,good,toward_good,False
baseline[good=below],baseline/62,60,71,good,toward_good,False
baseline[good=below],baseline/62,61,71,good,toward_bad,False
baseline[good=below],baseline/62,62,71,good,toward_bad,False
baseline[good=below],baseline/62,63,71,good,toward_bad,False
baseline[good=below],baseline/62,64,71,good,toward_good,False
baseline[good=below],baseline/62,65,71,good,toward_bad,False
baseline[good=below],baseline/62,66,71,good,toward_bad,False
baseline[good=below],baseline/62,67,71,good,toward_good,False
baseline[good=below],baseline/62,68,71,good,toward_bad,False
baseline[good=below],baseline/62,69,71,good,toward_good,False
baseline[good=below],baseline/62,70,71,good,,True
baseline[good=above],baseline/63,0,8,good,toward_bad,False
baseline[good=above],baseline/63,1,8,good,toward_bad,False
baseline[good=above],baseline/63,2,8,good,toward_good,False
baseline[good=above],baseline/63,3,8,good,toward_bad,False
baseline[good=above],baseline/63,4,8,good,toward_good,False
baseline[good=above],baseline/63,5,8,good,toward_bad,False
baseline[good=above],baseline/63,6,8,good,toward_good,False
baseline[good=above],baseline/63,7,8,good,,True
baseline[good=below],baseline/63,0,8,bad,toward_good,False
baseline[good=below],baseline/63,1,8,bad,toward_good,False
baseline[good=below],baseline/63,2,8,bad,toward_bad,False
baseline[good=below],baseline/63,3,8,bad,toward_good,False
baseline[good=below],baseline/63,4,8,bad,toward_bad,False
baseline[good=below],baseline/63,5,8,bad,toward_good,False
baseline[good=below],baseline/63,6,8,bad,toward_bad,False
baseline[good=below],baseline/63,7,8,bad,,True
baseline[good=above],baseline/65,0,64,bad,toward_good,False
baseline[good=above],baseline/65,1,64,bad,toward_bad,False
baseline[good=above],baseline/65,2,64,bad,toward_good,False
baseline[good=above],baseline/65,3,64,bad,toward_good,False
baseline[good=above],baseline/65,4,64,bad,toward_bad,False
baseline[good=above],baseline/65,5,64,bad,toward_bad,False
baseline[good=above],baseline/65,6,64,bad,toward_bad,False
baseline[good=above],baseline/65,7,64,bad,toward_good,False
baseline[good=above],baseline/65,8,64,bad,toward_bad,False
baseline[good=above],baseline/65,9,64,bad,toward_bad,False
baseline[good=above],baseline/65,10,64,bad,toward_good,False
baseline[good=above],baseline/65,11,64,bad,toward_bad,False
baseline[good=above],baseline/65,12,64,bad,toward_good,False
baseline[good=above],baseline/65,13,64,bad,toward_bad,False
baseline[good=above],baseline/65,14,64,bad,toward_good,False
baseline[good=above],baseline/65,15,64,bad,toward_good,False
baseline[good=above],baseline/65,16,64,bad,toward_bad,False
baseline[good=above],baseline/65,17,64,bad,toward_good,False
baseline[good=above],baseline/65,18,64,bad,toward_bad,False
baseline[good=above],baseline/65,19,64,bad,toward_good,False
baseline[good=above],baseline/65,20,64,bad,toward_good,False
baseline[good=above],baseline/65,21,64,bad,toward_bad,False
baseline[good=above],baseline/65,22,64,bad,toward_good,False
baseline[good=above],baseline/65,23,64,bad,toward_bad,False
baseline[good=above],baseline/65,24,64,bad,toward_good,False
baseline[good=above],baseline/65,25,64,bad,toward_bad,False
baseline[good=above],baseline/65,26,64,bad,toward_bad,False
baseline[good=above],baseline/65,27,64,bad,toward_bad,False
baseline[good=above],baseline/65,28,64,bad,toward_good,False
baseline[good=above],baseline/65,29,64,bad,toward_good,False
baseline[good=above],baseline/65,30,64,bad,toward_good,False
baseline[good=above],baseline/65,31,64,bad,toward_good,False
baseline[good=above],baseline/65,32,64,bad,toward_bad,False
baseline[good=above],baseline/65,33,64,bad,toward_bad,False
baseline[good=above],baseline/65,34,64,bad,toward_good,False
baseline[good=above],baseline/65,35,64,bad,toward_bad,False
baseline[good=above],baseline/65,36,64,bad,toward_bad,False
baseline[good=above],baseline/65,37,64,bad,toward_good,False
baseline[good=above],baseline/65,38,64,bad,toward_bad,False
baseline[good=above],baseline/65,39,64,bad,toward_bad,False
baseline[good=above],baseline/65,40,64,bad,toward_bad,False
baseline[good=above],baseline/65,41,64,bad,toward_good,False
baseline[good=above],baseline/65,42,64,bad,toward_bad,False
baseline[good=above],baseline/65,43,64,bad,toward_bad,False
baseline[good=above],baseline/65,44,64,bad,toward_good,False
baseline[good=above],baseline/65,45,64,bad,toward_bad,False
baseline[good=above],baseline/65,46,64,bad,toward_good,False
baseline[good=above],baseline/65,47,64,bad,toward_bad,False
baseline[good=above],baseline/65,48,64,bad,toward_good,False
baseline[good=above],baseline/65,49,64,bad,toward_good,False
baseline[good=above],baseline/65,50,64,bad,toward_good,False
baseline[good=above],baseline/65,51,64,bad,toward_bad,False
baseline[good=above],baseline/65,52,64,bad,toward_bad,False
baseline[good=above],baseline/65,53,64,bad,toward_bad,False
baseline[good=above],baseline/65,54,64,bad,toward_bad,False
baseline[good=above],baseline/65,55,64,bad,toward_bad,False
baseline[good=above],baseline/65,56,64,bad,toward_good,False
baseline[good=above],baseline/65,57,64,bad,toward_bad,False
baseline[good=above],baseline/65,58,64,bad,toward_good,False
baseline[good=above],baseline/65,59,64,bad,toward_good,False
baseline[good=above],baseline/65,60,64,bad,toward_good,False
baseline[good=above],baseline/65,61,64,bad,toward_bad,False
baseline[good=above],baseline/65,62,64,bad,toward_good,False
baseline[good=above],baseline/65,63,64,bad,,True
baseline[good=below],baseline/65,0,64,good,toward_bad,False
baseline[good=below],baseline/65,1,64,good,toward_good,False
baseline[good=below],baseline/65,2,64,good,toward_bad,False
baseline[good=below],baseline/65,3,64,good,toward_bad,False
baseline[good=below],baseline/65,4,64,good,toward_good,False
baseline[good=below],baseline/65,5,64,good,toward_good,False
baseline[good=below],baseline/65,6,64,good,toward_good,False
baseline[good=below],baseline/65,7,64,good,toward_bad,False
baseline[good=below],baseline/65,8,64,good,toward_good,False
baseline[good=below],baseline/65,9,64,good,toward_good,False
baseline[good=below],baseline/65,10,64,good,toward_bad,False
baseline[good=below],baseline/65,11,64,good,toward_good,False
baseline[good=below],baseline/65,12,64,good,toward_bad,False
baseline[good=below],baseline/65,13,64,good,toward_good,False
baseline[good=below],baseline/65,14,64,good,toward_bad,False
baseline[good=below],baseline/65,15,64,good,toward_bad,False
baseline[good=below],baseline/65,16,64,good,toward_good,False
baseline[good=below],baseline/65,17,64,good,toward_bad,False
baseline[good=below],baseline/65,18,64,good,toward_good,False
baseline[good=below],baseline/65,19,64,good,toward_bad,False
baseline[good=below],baseline/65,20,64,good,toward_bad,False
baseline[good=below],baseline/65,21,64,good,toward_good,False
baseline[good=below],baseline/65,22,64,good,toward_bad,False
baseline[good=below],baseline/65,23,64,good,toward_good,False
baseline[good=below],baseline/65,24,64,good,toward_bad,False
baseline[good=below],baseline/65,25,64,good,toward_good,False
baseline[good=below],baseline/65,26,64,good,toward_good,False
baseline[good=below],baseline/65,27,64,good,toward_good,False
baseline[good=below],baseline/65,28,64,good,toward_bad,False
baseline[good=below],baseline/65,29,64,good,toward_bad,False
baseline[good=below],baseline/65,30,64,good,toward_bad,False
baseline[good=below],baseline/65,31,64,good,toward_bad,False
baseline[good=below],baseline/65,32,64,good,toward_good,False
baseline[good=below],baseline/65,33,64,good,toward_good,False
baseline[good=below],baseline/65,34,64,good,toward_bad,False
baseline[good=below],baseline/65,35,64,good,toward_good,False
baseline[good=below],baseline/65,36,64,good,toward_good,False
baseline[good=below],baseline/65,37,64,good,toward_bad,False
baseline[good=below],baseline/65,38,64,good,toward_good,False
baseline[good=below],baseline/65,39,64,good,toward_good,False
baseline[good=below],baseline/65,40,64,good,toward_good,False
baseline[good=below],baseline/65,41,64,good,toward_bad,False
baseline[good=below],baseline/65,42,64,good,toward_good,False
baseline[good=below],baseline/65,43,64,good,toward_good,False
baseline[good=below],baseline/65,44,64,good,toward_bad,False
baseline[good=below],baseline/65,45,64,good,toward_good,False
baseline[good=below],baseline/65,46,64,good,toward_bad,False
baseline[good=below],baseline/65,47,64,good,toward_good,False
baseline[good=below],baseline/65,48,64,good,toward_bad,False
baseline[good=below],baseline/65,49,64,good,toward_bad,False
baseline[good=below],baseline/65,50,64,good,toward_bad,False
baseline[good=below],baseline/65,51,64,good,toward_good,False
baseline[good=below],baseline/65,52,64,good,toward_good,False
baseline[good=below],baseline/65,53,64,good,toward_good,False
baseline[good=below],baseline/65,54,64,good,toward_good,False
baseline[good=below],baseline/65,55,64,good,toward_good,False
baseline[good=below],baseline/65,56,64,good,toward_bad,False
baseline[good=below],baseline/65,57,64,good,toward_good,False
baseline[good=below],baseline/65,58,64,good,toward_bad,False
baseline[good=below],baseline/65,59,64,good,toward_bad,False
baseline[good=below],baseline/65,60,64,good,toward_bad,False
baseline[good=below],baseline/65,61,64,good,toward_good,False
baseline[good=below],baseline/65,62,64,good,toward_bad,False
baseline[good=below],baseline/65,63,64,good,,True
baseline[good=above],baseline/66,0,25,bad,toward_bad,False
baseline[good=above],baseline/66,1,25,bad,toward_bad,False
baseline[good=above],baseline/66,2,25,bad,toward_good,False
baseline[good=above],baseline/66,3,25,bad,toward_good,False
baseline[good=above],baseline/66,4,25,bad,toward_bad,False
baseline[good=above],baseline/66,5,25,bad,toward_good,False
baseline[good=above],baseline/66,6,25,bad,toward_good,False
baseline[good=above],baseline/66,7,25,bad,toward_good,False
baseline[good=above],baseline/66,8,25,good,toward_good,False
baseline[good=above],baseline/66,9,25,good,toward_bad,False
baseline[good=above],baseline/66,10,25,good,toward_bad,False
baseline[good=above],baseline/66,11,25,bad,toward_bad,False
baseline[good=above],baseline/66,12,25,bad,toward_good,False
baseline[good=above],baseline/66,13,25,good,toward_good,False
baseline[good=above],baseline/66,14,25,good,toward_bad,False
baseline[good=above],baseline/66,15,25,good,toward_good,False
baseline[good=above],baseline/66,16,25,good,toward_bad,False
baseline[good=above],baseline/66,17,25,good,toward_bad,False
baseline[good=above],baseline/66,18,25,bad,toward_good,False
baseline[good=above],baseline/66,19,25,good,toward_bad,False
baseline[good=above],baseline/66,20,25,good,toward_bad,False
baseline[good=above],baseline/66,21,25,good,toward_good,False
baseline[good=above],baseline/66,22,25,good,toward_bad,False
baseline[good=above],baseline/66,23,25,good,toward_good,False
baseline[good=above],baseline/66,24,25,good,,True
baseline[good=below],baseline/66,0,25,good,toward_good,False
baseline[good=below],baseline/66,1,25,good,toward_good,False
baseline[good=below],baseline/66,2,25,good,toward_bad,False
baseline[good=below],baseline/66,3,25,good,toward_bad,False
baseline[good=below],baseline/66,4,25,good,toward_good,False
baseline[good=below],baseline/66,5,25,good,toward_bad,False
baseline[good=below],baseline/66,6,25,good,toward_bad,False
baseline[good=below],baseline/66,7,25,good,toward_bad,False
baseline[good=below],baseline/66,8,25,bad,toward_bad,False
baseline[good=below],baseline/66,9,25,bad,toward_good,False
baseline[good=below],baseline/66,10,25,bad,toward_good,False
baseline[good=below],baseline/66,11,25,good,toward_good,False
baseline[good=below],baseline/66,12,25,good,toward_bad,False
baseline[good=below],baseline/66,13,25,bad,toward_bad,False
baseline[good=below],baseline/66,14,25,bad,toward_good,False
baseline[good=below],baseline/66,15,25,bad,toward_bad,False
baseline[good=below],baseline/66,16,25,bad,toward_good,False
baseline[good=below],baseline/66,17,25,bad,toward_good,False
baseline[good=below],baseline/66,18,25,good,toward_bad,False
baseline[good=below],baseline/66,19,25,bad,toward_good,False
baseline[good=below],baseline/66,20,25,bad,toward_good,False
baseline[good=below],baseline/66,21,25,bad,toward_bad,False
baseline[good=below],baseline/66,22,25,bad,toward_good,False
baseline[good=below],baseline/66,23,25,bad,toward_bad,False
baseline[good=below],baseline/66,24,25,bad,,True
baseline[good=above],baseline/67,0,41,good,toward_bad,False
baseline[good=above],baseline/67,1,41,good,toward_good,False
baseline[good=above],baseline/67,2,41,good,toward_bad,False
baseline[good=above],baseline/67,3,41,good,toward_bad,False
baseline[good=above],baseline/67,4,41,good,toward_good,False
baseline[good=above],baseline/67,5,41,good,toward_bad,False
baseline[good=above],baseline/67,6,41,good,toward_bad,False
baseline[good=above],baseline/67,7,41,good,toward_good,False
baseline[good=above],baseline/67,8,41,good,toward_good,False
baseline[good=above],baseline/67,9,41,good,toward_good,False
baseline[good=above],baseline/67,10,41,good,toward_bad,False
baseline[good=above],baseline/67,11,41,good,toward_good,False
baseline[good=above],baseline/67,12,41,good,toward_bad,False
baseline[good=above],baseline/67,13,41,good,toward_good,False
baseline[good=above],baseline/67,14,41,good,toward_bad,False
baseline[good=above],baseline/67,15,41,good,toward_good,False
baseline[good=above],baseline/67,16,41,good,toward_good,False
baseline[good=above],baseline/67,17,41,good,toward_bad,False
baseline[good=above],baseline/67,18,41,good,toward_good,False
baseline[good=above],baseline/67,19,41,good,toward_bad,False
baseline[good=above],baseline/67,20,41,good,toward_good,False
baseline[good=above],baseline/67,21,41,good,toward_bad,False
baseline[good=above],baseline/67,22,41,good,toward_bad,False
baseline[good=above],baseline/67,23,41,good,toward_good,False
baseline[good=above],baseline/67,24,41,good,toward_good,False
baseline[good=above],baseline/67,25,41,good,toward_good,False
baseline[good=above],baseline/67,26,41,good,toward_good,False
baseline[good=above],baseline/67,27,41,good,toward_good,False
baseline[good=above],baseline/67,28,41,good,toward_bad,False
baseline[good=above],baseline/67,29,41,good,toward_bad,False
baseline[good=above],baseline/67,30,41,good,toward_bad,False
baseline[good=above],baseline/67,31,41,good,toward_good,False
baseline[good=above],baseline/67,32,41,good,toward_good,False
baseline[good=above],baseline/67,33,41,good,toward_bad,False
baseline[good=above],baseline/67,34,41,good,toward_good,False
baseline[good=above],baseline/67,35,41,good,toward_bad,False
baseline[good=above],baseline/67,36,41,good,toward_bad,False
baseline[good=above],baseline/67,37,41,good,toward_bad,False
baseline[good=above],baseline/67,38,41,good,toward_good,False
baseline[good=above],baseline/67,39,41,good,same,False
baseline[good=above],baseline/67,40,41,good,,True
baseline[good=below],baseline/67,0,41,bad,toward_good,False
baseline[good=below],baseline/67,1,41,bad,toward_bad,False
baseline[good=below],baseline/67,2,41,bad,toward_good,False
baseline[good=below],baseline/67,3,41,bad,toward_good,False
baseline[good=below],baseline/67,4,41,bad,toward_bad,False
baseline[good=below],baseline/67,5,41,bad,toward_good,False
baseline[good=below],baseline/67,6,41,bad,toward_good,False
baseline[good=below],baseline/67,7,41,bad,toward_bad,False
baseline[good=below],baseline/67,8,41,bad,toward_bad,False
baseline[good=below],baseline/67,9,41,bad,toward_bad,False
baseline[good=below],baseline/67,10,41,bad,toward_good,False
baseline[good=below],baseline/67,11,41,bad,toward_bad,False
baseline[good=below],baseline/67,12,41,bad,toward_good,False
baseline[good=below],baseline/67,13,41,bad,toward_bad,False
baseline[good=below],baseline/67,14,41,bad,toward_good,False
baseline[good=below],baseline/67,15,41,bad,toward_bad,False
baseline[good=below],baseline/67,16,41,bad,toward_bad,False
baseline[good=below],baseline/67,17,41,bad,toward_good,False
baseline[good=below],baseline/67,18,41,bad,toward_bad,False
baseline[good=below],baseline/67,19,41,bad,toward_good,False
baseline[good=below],baseline/67,20,41,bad,toward_bad,False
baseline[good=below],baseline/67,21,41,bad,toward_good,False
baseline[good=below],baseline/67,22,41,bad,toward_good,False
baseline[good=below],baseline/67,23,41,bad,toward_bad,False
baseline[good=below],baseline/67,24,41,bad,toward_bad,False
baseline[good=below],baseline/67,25,41,bad,toward_bad,False
baseline[good=below],baseline/67,26,41,bad,toward_bad,False
baseline[good=below],baseline/67,27,41,bad,toward_bad,False
baseline[good=below],baseline/67,28,41,bad,toward_good,False
baseline[good=below],baseline/67,29,41,bad,toward_good,False
baseline[good=below],baseline/67,30,41,bad,toward_good,False
baseline[good=below],baseline/67,31,41,bad,toward_bad,False
baseline[good=below],baseline/67,32,41,bad,toward_bad,False
baseline[good=below],baseline/67,33,41,bad,toward_good,False
baseline[good=below],baseline/67,34,41,bad,toward_bad,False
baseline[good=below],baseline/67,35,41,bad,toward_good,False
baseline[good=below],baseline/67,36,41,bad,toward_good,False
baseline[good=below],baseline/67,37,41,bad,toward_good,False
baseline[good=below],baseline/67,38,41,bad,toward_bad,False
baseline[good=below],baseline/67,39,41,bad,same,False
baseline[good=below],baseline/67,40,41,bad,,True
baseline[good=above],baseline/68,0,1,bad,,True
baseline[good=below],baseline/68,0,1,good,,True
baseline[good=above],baseline/69,0,41,bad,toward_good,False
baseline[good=above],baseline/69,1,41,bad,toward_bad,False
baseline[good=above],baseline/69,2,41,bad,toward_good,False
baseline[good=above],baseline/69,3,41,bad,toward_good,False
baseline[good=above],baseline/69,4,41,bad,toward_bad,False
baseline[good=above],baseline/69,5,41,bad,toward_good,False
baseline[good=above],baseline/69,6,41,bad,toward_good,False
baseline[good=above],baseline/69,7,41,bad,toward_bad,False
baseline[good=above],baseline/69,8,41,bad,toward_good,False
baseline[good=above],baseline/69,9,41,bad,toward_bad,False
baseline[good=above],baseline/69,10,41,bad,toward_good,False
baseline[good=above],baseline/69,11,41,bad,toward_good,False
baseline[good=above],baseline/69,12,41,bad,toward_bad,False
baseline[good=above],baseline/69,13,41,bad,toward_bad,False
baseline[good=above],baseline/69,14,41,bad,toward_bad,False
baseline[good=above],baseline/69,15,41,bad,toward_bad,False
baseline[good=above],baseline/69,16,41,bad,toward_good,False
baseline[good=above],baseline/69,17,41,bad,toward_good,False
baseline[good=above],baseline/69,18,41,bad,toward_good,False
baseline[good=above],baseline/69,19,41,bad,toward_bad,False
baseline[good=above],baseline/69,20,41,bad,toward_good,False
baseline[good=above],baseline/69,21,41,bad,toward_good,False
baseline[good=above],baseline/69,22,41,bad,toward_bad,False
baseline[good=above],baseline/69,23,41,bad,toward_bad,False
baseline[good=above],baseline/69,24,41,bad,toward_bad,False
baseline[good=above],baseline/69,25,41,bad,toward_good,False
baseline[good=above],baseline/69,26,41,bad,toward_bad,False
baseline[good=above],baseline/69,27,41,bad,toward_bad,False
baseline[good=above],baseline/69,28,41,bad,toward_good,False
baseline[good=above],baseline/69,29,41,bad,toward_bad,False
baseline[good=above],baseline/69,30,41,bad,toward_bad,False
baseline[good=above],baseline/69,31,41,bad,toward_good,False
baseline[good=above],baseline/69,32,41,bad,toward_good,False
baseline[good=above],baseline/69,33,41,bad,toward_bad,False
baseline[good=above],baseline/69,34,41,bad,toward_bad,False
baseline[good=above],baseline/69,35,41,bad,toward_good,False
baseline[good=above],baseline/69,36,41,bad,toward_bad,False
baseline[good=above],baseline/69,37,41,bad,toward_good,False
baseline[good=above],baseline/69,38,41,bad,toward_bad,False
baseline[good=above],baseline/69,39,41,bad,same,False
baseline[good=above],baseline/69,40,41,bad,,True
baseline[good=below],baseline/69,0,41,good,toward_bad,False
baseline[good=below],baseline/69,1,41,good,toward_good,False
baseline[good=below],baseline/69,2,41,good,toward_bad,False
baseline[good=below],baseline/69,3,41,good,toward_bad,False
baseline[good=below],baseline/69,4,41,good,toward_good,False
baseline[good=below],baseline/69,5,41,good,toward_bad,False
baseline[good=below],baseline/69,6,41,good,toward_bad,False
baseline[good=below],baseline/69,7,41,good,toward_good,False
baseline[good=below],baseline/69,8,41,good,toward_bad,False
baseline[good=below],baseline/69,9,41,good,toward_good,False
baseline[good=below],baseline/69,10,41,good,toward_bad,False
baseline[good=below],baseline/69,11,41,good,toward_bad,False
baseline[good=below],baseline/69,12,41,good,toward_good,False
baseline[good=below],baseline/69,13,41,good,toward_good,False
baseline[good=below],baseline/69,14,41,good,toward_good,False
baseline[good=below],baseline/69,15,41,good,toward_good,False
baseline[good=below],baseline/69,16,41,good,toward_bad,False
baseline[good=below],baseline/69,17,41,good,toward_bad,False
baseline[good=below],baseline/69,18,41,good,toward_bad,False
baseline[good=below],baseline/69,19,41,good,toward_good,False
baseline[good=below],baseline/69,20,41,good,toward_bad,False
baseline[good=below],baseline/69,21,41,good,toward_bad,False
baseline[good=below],baseline/69,22,41,good,toward_good,False
baseline[good=below],baseline/69,23,41,good,toward_good,False
baseline[good=below],baseline/69,24,41,good,toward_good,False
baseline[good=below],baseline/69,25,41,good,toward_bad,False
baseline[good=below],baseline/69,26,41,good,toward_good,False
baseline[good=below],baseline/69,27,41,good,toward_good,False
baseline[good=below],baseline/69,28,41,good,toward_bad,False
baseline[good=below],baseline/69,29,41,good,toward_good,False
baseline[good=below],baseline/69,30,41,good,toward_good,False
baseline[good=below],baseline/69,31,41,good,toward_bad,False
baseline[good=below],baseline/69,32,41,good,toward_bad,False
baseline[good=below],baseline/69,33,41,good,toward_good,False
baseline[good=below],baseline/69,34,41,good,toward_good,False
baseline[good=below],baseline/69,35,41,good,toward_bad,False
baseline[good=below],baseline/69,36,41,good,toward_good,False
baseline[good=below],baseline/69,37,41,good,toward_bad,False
baseline[good=below],baseline/69,38,41,good,toward_good,False
baseline[good=below],baseline/69,39,41,good,same,False
baseline[good=below],baseline/69,40,41,good,,True
baseline[good=above],baseline/74,0,72,good,toward_bad,False
baseline[good=above],baseline/74,1,72,bad,toward_good,False
baseline[good=above],baseline/74,2,72,good,toward_bad,False
baseline[good=above],baseline/74,3,72,bad,toward_good,False
baseline[good=above],baseline/74,4,72,good,toward_bad,False
baseline[good=above],baseline/74,5,72,bad,toward_good,False
baseline[good=above],baseline/74,6,72,good,toward_bad,False
baseline[good=above],baseline/74,7,72,good,toward_bad,False
baseline[good=above],baseline/74,8,72,bad,toward_good,False
baseline[good=above],baseline/74,9,72,good,toward_bad,False
baseline[good=above],baseline/74,10,72,good,toward_bad,False
baseline[good=above],baseline/74,11,72,good,toward_good,False
baseline[good=above],baseline/74,12,72,good,toward_bad,False
baseline[good=above],baseline/74,13,72,good,toward_bad,False
baseline[good=above],baseline/74,14,72,good,toward_good,False
baseline[good=above],baseline/74,15,72,good,toward_bad,False
baseline[good=above],baseline/74,16,72,good,toward_good,False
baseline[good=above],baseline/74,17,72,good,toward_bad,False
baseline[good=above],baseline/74,18,72,good,toward_bad,False
baseline[good=above],baseline/74,19,72,bad,toward_good,False
baseline[good=above],baseline/74,20,72,good,toward_good,False
baseline[good=above],baseline/74,21,72,good,toward_bad,False
baseline[good=above],baseline/74,22,72,good,toward_bad,False
baseline[good=above],baseline/74,23,72,good,toward_good,False
baseline[good=above],baseline/74,24,72,good,toward_good,False
baseline[good=above],baseline/74,25,72,good,toward_bad,False
baseline[good=above],baseline/74,26,72,good,toward_good,False
baseline[good=above],baseline/74,27,72,good,toward_bad,False
baseline[good=above],baseline/74,28,72,bad,toward_good,False
baseline[good=above],baseline/74,29,72,good,toward_good,False
baseline[good=above],baseline/74,30,72,good,toward_good,False
baseline[good=above],baseline/74,31,72,good,toward_bad,False
baseline[good=above],baseline/74,32,72,good,toward_bad,False
baseline[good=above],baseline/74,33,72,good,toward_good,False
baseline[good=above],baseline/74,34,72,good,toward_bad,False
baseline[good=above],baseline/74,35,72,good,toward_good,False
baseline[good=above],baseline/74,36,72,good,toward_good,False
baseline[good=above],baseline/74,37,72,good,toward_good,False
baseline[good=above],baseline/74,38,72,good,toward_bad,False
baseline[good=above],baseline/74,39,72,good,toward_bad,False
baseline[good=above],baseline/74,40,72,bad,toward_good,False
baseline[good=above],baseline/74,41,72,good,toward_good,False
baseline[good=above],baseline/74,42,72,good,toward_bad,False
baseline[good=above],baseline/74,43,72,good,toward_good,False
baseline[good=above],baseline/74,44,72,good,toward_good,False
baseline[good=above],baseline/74,45,72,good,toward_good,False
baseline[good=above],baseline/74,46,72,good,toward_bad,False
baseline[good=above],baseline/74,47,72,good,toward_bad,False
baseline[good=above],baseline/74,48,72,good,toward_good,False
baseline[good=above],baseline/74,49,72,good,toward_good,False
baseline[good=above],baseline/74,50,72,good,toward_bad,False
baseline[good=above],baseline/74,51,72,good,toward_good,False
baseline[good=above],baseline/74,52,72,good,toward_bad,False
baseline[good=above],baseline/74,53,72,good,toward_good,False
baseline[good=above],baseline/74,54,72,good,toward_bad,False
baseline[good=above],baseline/74,55,72,good,toward_good,False
baseline[good=above],baseline/74,56,72,good,toward_good,False
baseline[good=above],baseline/74,57,72,good,toward_bad,False
baseline[good=above],baseline/74,58,72,good,toward_bad,False
baseline[good=above],baseline/74,59,72,good,toward_good,False
baseline[good=above],baseline/74,60,72,good,toward_good,False
baseline[good=above],baseline/74,61,72,good,toward_good,False
baseline[good=above],baseline/74,62,72,good,toward_good,False
baseline[good=above],baseline/74,63,72,good,toward_bad,False
baseline[good=above],baseline/74,64,72,good,toward_good,False
baseline[good=above],baseline/74,65,72,good,toward_bad,False
baseline[good=above],baseline/74,66,72,good,toward_good,False
baseline[good=above],baseline/74,67,72,good,toward_good,False
baseline[good=above],baseline/74,68,72,good,toward_good,False
baseline[good=above],baseline/74,69,72,good,toward_bad,False
baseline[good=above],baseline/74,70,72,good,toward_bad,False
baseline[good=above],baseline/74,71,72,good,,True
baseline[good=below],baseline/74,0,72,bad,toward_good,False
baseline[good=below],baseline/74,1,72,good,toward_bad,False
baseline[good=below],baseline/74,2,72,bad,toward_good,False
baseline[good=below],baseline/74,3,72,good,toward_bad,False
baseline[good=below],baseline/74,4,72,bad,toward_good,False
baseline[good=below],baseline/74,5,72,good,toward_bad,False
baseline[good=below],baseline/74,6,72,bad,toward_good,False
baseline[good=below],baseline/74,7,72,bad,toward_good,False
baseline[good=below],baseline/74,8,72,good,toward_bad,False
baseline[good=below],baseline/74,9,72,bad,toward_good,False
baseline[good=below],baseline/74,10,72,bad,toward_good,False
baseline[good=below],baseline/74,11,72,bad,toward_bad,False
baseline[good=below],baseline/74,12,72,bad,toward_good,False
baseline[good=below],baseline/74,13,72,bad,toward_good,False
baseline[good=below],baseline/74,14,72,bad,toward_bad,False
baseline[good=below],baseline/74,15,72,bad,toward_good,False
baseline[good=below],baseline/74,16,72,bad,toward_bad,False
baseline[good=below],baseline/74,17,72,bad,toward_good,False
baseline[good=below],baseline/74,18,72,bad,toward_good,False
baseline[good=below],baseline/74,19,72,good,toward_bad,False
baseline[good=below],baseline/74,20,72,bad,toward_bad,False
baseline[good=below],baseline/74,21,72,bad,toward_good,False
baseline[good=below],baseline/74,22,72,bad,toward_good,False
baseline[good=below],baseline/74,23,72,bad,toward_bad,False
baseline[good=below],baseline/74,24,72,bad,toward_bad,False
baseline[good=below],baseline/74,25,72,bad,toward_good,False
baseline[good=below],baseline/74,26,72,bad,toward_bad,False
baseline[good=below],baseline/74,27,72,bad,toward_good,False
baseline[good=below],baseline/74,28,72,good,toward_bad,False
baseline[good=below],baseline/74,29,72,bad,toward_bad,False
baseline[good=below],baseline/74,30,72,bad,toward_bad,False
baseline[good=below],baseline/74,31,72,bad,toward_good,False
baseline[good=below],baseline/74,32,72,bad,toward_good,False
baseline[good=below],baseline/74,33,72,bad,toward_bad,False
baseline[good=below],baseline/74,34,72,bad,toward_good,False
baseline[good=below],baseline/74,35,72,bad,toward_bad,False
baseline[good=below],baseline/74,36,72,bad,toward_bad,False
baseline[good=below],baseline/74,37,72,bad,toward_bad,False
baseline[good=below],baseline/74,38,72,bad,toward_good,False
baseline[good=below],baseline/74,39,72,bad,toward_good,False
baseline[good=below],baseline/74,40,72,good,toward_bad,False
baseline[good=below],baseline/74,41,72,bad,toward_bad,False
baseline[good=below],baseline/74,42,72,bad,toward_good,False
baseline[good=below],baseline/74,43,72,bad,toward_bad,False
baseline[good=below],baseline/74,44,72,bad,toward_bad,False
baseline[good=below],baseline/74,45,72,bad,toward_bad,False
baseline[good=below],baseline/74,46,72,bad,toward_good,False
baseline[good=below],baseline/74,47,72,bad,toward_good,False
baseline[good=below],baseline/74,48,72,bad,toward_bad,False
baseline[good=below],baseline/74,49,72,bad,toward_bad,False
baseline[good=below],baseline/74,50,72,bad,toward_good,False
baseline[good=below],baseline/74,51,72,bad,toward_bad,False
baseline[good=below],baseline/74,52,72,bad,toward_good,False
baseline[good=below],baseline/74,53,72,bad,toward_bad,False
baseline[good=below],baseline/74,54,72,bad,toward_good,False
baseline[good=below],baseline/74,55,72,bad,toward_bad,False
baseline[good=below],baseline/74,56,72,bad,toward_bad,False
baseline[good=below],baseline/74,57,72,bad,toward_good,False
baseline[good=below],baseline/74,58,72,bad,toward_good,False
baseline[good=below],baseline/74,59,72,bad,toward_bad,False
baseline[good=below],baseline/74,60,72,bad,toward_bad,False
baseline[good=below],baseline/74,61,72,bad,toward_bad,False
baseline[good=below],baseline/74,62,72,bad,toward_bad,False
baseline[good=below],baseline/74,63,72,bad,toward_good,False
baseline[good=below],baseline/74,64,72,bad,toward_bad,False
baseline[good=below],baseline/74,65,72,bad,toward_good,False
baseline[good=below],baseline/74,66,72,bad,toward_bad,False
baseline[good=below],baseline/74,67,72,bad,toward_bad,False
baseline[good=below],baseline/74,68,72,bad,toward_bad,False
baseline[good=below],baseline/74,69,72,bad,toward_good,False
baseline[good=below],baseline/74,70,72,bad,toward_good,False
baseline[good=below],baseline/74,71,72,bad,,True
baseline[good=above],baseline/75,0,16,bad,toward_good,False
baseline[good=above],baseline/75,1,16,good,toward_bad,False
baseline[good=above],baseline/75,2,16,good,toward_good,False
baseline[good=above],baseline/75,3,16,good,toward_bad,False
baseline[good=above],baseline/75,4,16,bad,toward_good,False
baseline[good=above],baseline/75,5,16,good,toward_bad,False
baseline[good=above],baseline/75,6,16,good,toward_bad,False
baseline[good=above],baseline/75,7,16,bad,toward_bad,False
baseline[good=above],baseline/75,8,16,bad,toward_bad,False
baseline[good=above],baseline/75,9,16,bad,toward_bad,False
baseline[good=above],baseline/75,10,16,bad,toward_good,False
baseline[good=above],baseline/75,11,16,bad,toward_good,False
baseline[good=above],baseline/75,12,16,bad,toward_bad,False
baseline[good=above],baseline/75,13,16,bad,toward_good,False
baseline[good=above],baseline/75,14,16,bad,toward_good,False
baseline[good=above],baseline/75,15,16,good,,True
baseline[good=below],baseline/75,0,16,good,toward_bad,False
baseline[good=below],baseline/75,1,16,bad,toward_good,False
baseline[good=below],baseline/75,2,16,bad,toward_bad,False
baseline[good=below],baseline/75,3,16,bad,toward_good,False
baseline[good=below],baseline/75,4,16,good,toward_bad,False
baseline[good=below],baseline/75,5,16,bad,toward_good,False
baseline[good=below],baseline/75,6,16,bad,toward_good,False
baseline[good=below],baseline/75,7,16,good,toward_good,False
baseline[good=below],baseline/75,8,16,good,toward_good,False
baseline[good=below],baseline/75,9,16,good,toward_good,False
baseline[good=below],baseline/75,10,16,good,toward_bad,False
baseline[good=below],baseline/75,11,16,good,toward_bad,False
baseline[good=below],baseline/75,12,16,good,toward_good,False
baseline[good=below],baseline/75,13,16,good,toward_bad,False
baseline[good=below],baseline/75,14,16,good,toward_bad,False
baseline[good=below],baseline/75,15,16,bad,,True
baseline[good=above],baseline/76,0,27,bad,toward_bad,False
baseline[good=above],baseline/76,1,27,bad,toward_good,False
baseline[good=above],baseline/76,2,27,good,toward_good,False
baseline[good=above],baseline/76,3,27,good,toward_bad,False
baseline[good=above],baseline/76,4,27,good,toward_bad,False
baseline[good=above],baseline/76,5,27,bad,toward_good,False
baseline[good=above],baseline/76,6,27,good,toward_bad,False
baseline[good=above],baseline/76,7,27,good,toward_bad,False
baseline[good=above],baseline/76,8,27,good,toward_good,False
baseline[good=above],baseline/76,9,27,good,toward_bad,False
baseline[good=above],baseline/76,10,27,good,toward_bad,False
baseline[good=above],baseline/76,11,27,good,toward_good,False
baseline[good=above],baseline/76,12,27,good,toward_good,False
baseline[good=above],baseline/76,13,27,good,toward_good,False
baseline[good=above],baseline/76,14,27,good,toward_bad,False
baseline[good=above],baseline/76,15,27,good,toward_bad,False
baseline[good=above],baseline/76,16,27,bad,toward_good,False
baseline[good=above],baseline/76,17,27,good,toward_good,False
baseline[good=above],baseline/76,18,27,good,toward_bad,False
baseline[good=above],baseline/76,19,27,good,toward_good,False
baseline[good=above],baseline/76,20,27,good,toward_bad,False
baseline[good=above],baseline/76,21,27,good,toward_good,False
baseline[good=above],baseline/76,22,27,good,toward_good,False
baseline[good=above],baseline/76,23,27,good,toward_good,False
baseline[good=above],baseline/76,24,27,good,toward_bad,False
baseline[good=above],baseline/76,25,27,good,toward_good,False
baseline[good=above],baseline/76,26,27,good,,True
baseline[good=below],baseline/76,0,27,good,toward_good,False
baseline[good=below],baseline/76,1,27,good,toward_bad,False
baseline[good=below],baseline/76,2,27,bad,toward_bad,False
baseline[good=below],baseline/76,3,27,bad,toward_good,False
baseline[good=below],baseline/76,4,27,bad,toward_good,False
baseline[good=below],baseline/76,5,27,good,toward_bad,False
baseline[good=below],baseline/76,6,27,bad,toward_good,False
baseline[good=below],baseline/76,7,27,bad,toward_good,False
baseline[good=below],baseline/76,8,27,bad,toward_bad,False
baseline[good=below],baseline/76,9,27,bad,toward_good,False
baseline[good=below],baseline/76,10,27,bad,toward_good,False
baseline[good=below],baseline/76,11,27,bad,toward_bad,False
baseline[good=below],baseline/76,12,27,bad,toward_bad,False
baseline[good=below],baseline/76,13,27,bad,toward_bad,False
baseline[good=below],baseline/76,14,27,bad,toward_good,False
baseline[good=below],baseline/76,15,27,bad,toward_good,False
baseline[good=below],baseline/76,16,27,good,toward_bad,False
baseline[good=below],baseline/76,17,27,bad,toward_bad,False
baseline[good=below],baseline/76,18,27,bad,toward_good,False
baseline[good=below],baseline/76,19,27,bad,toward_bad,False
baseline[good=below],baseline/76,20,27,bad,toward_good,False
baseline[good=below],baseline/76,21,27,bad,toward_bad,False
baseline[good=below],baseline/76,22,27,bad,toward_bad,False
baseline[good=below],baseline/76,23,27,bad,toward_bad,False
baseline[good=below],baseline/76,24,27,bad,toward_good,False
baseline[good=below],baseline/76,25,27,bad,toward_bad,False
baseline[good=below],baseline/76,26,27,bad,,True
baseline[good=above],baseline/77,0,50,bad,toward_good,False
baseline[good=above],baseline/77,1,50,bad,toward_bad,False
baseline[good=above],baseline/77,2,50,bad,toward_good,False
baseline[good=above],baseline/77,3,50,bad,toward_good,False
baseline[good=above],baseline/77,4,50,bad,toward_bad,False
baseline[good=above],baseline/77,5,50,bad,toward_good,False
baseline[good=above],baseline/77,6,50,bad,toward_bad,False
baseline[good=above],baseline/77,7,50,bad,toward_bad,False
baseline[good=above],baseline/77,8,50,bad,toward_good,False
baseline[good=above],baseline/77,9,50,bad,toward_bad,False
baseline[good=above],baseline/77,10,50,bad,toward_good,False
baseline[good=above],baseline/77,11,50,bad,toward_bad,False
baseline[good=above],baseline/77,12,50,bad,toward_good,False
baseline[good=above],baseline/77,13,50,good,toward_bad,False
baseline[good=above],baseline/77,14,50,bad,toward_bad,False
baseline[good=above],baseline/77,15,50,bad,toward_good,False
baseline[good=above],baseline/77,16,50,bad,toward_bad,False
baseline[good=above],baseline/77,17,50,bad,toward_bad,False
baseline[good=above],baseline/77,18,50,bad,toward_good,False
baseline[good=above],baseline/77,19,50,bad,toward_good,False
baseline[good=above],baseline/77,20,50,bad,toward_bad,False
baseline[good=above],baseline/77,21,50,bad,toward_bad,False
baseline[good=above],baseline/77,22,50,bad,toward_good,False
baseline[good=above],baseline/77,23,50,bad,toward_good,False
baseline[good=above],baseline/77,24,50,bad,toward_bad,False
baseline[good=above],baseline/77,25,50,bad,toward_good,False
baseline[good=above],baseline/77,26,50,bad,toward_bad,False
baseline[good=above],baseline/77,27,50,bad,toward_good,False
baseline[good=above],baseline/77,28,50,bad,toward_good,False
baseline[good=above],baseline/77,29,50,bad,toward_bad,False
baseline[good=above],baseline/77,30,50,bad,toward_bad,False
baseline[good=above],baseline/77,31,50,bad,toward_good,False
baseline[good=above],baseline/77,32,50,bad,toward_good,False
baseline[good=above],baseline/77,33,50,bad,toward_good,False
baseline[good=above],baseline/77,34,50,bad,toward_bad,False
baseline[good=above],baseline/77,35,50,bad,toward_good,False
baseline[good=above],baseline/77,36,50,bad,toward_bad,False
baseline[good=above],baseline/77,37,50,bad,toward_good,False
baseline[good=above],baseline/77,38,50,bad,toward_bad,False
baseline[good=above],baseline/77,39,50,bad,toward_good,False
baseline[good=above],baseline/77,40,50,bad,toward_bad,False
baseline[good=above],baseline/77,41,50,bad,toward_good,False
baseline[good=above],baseline/77,42,50,bad,toward_bad,False
baseline[good=above],baseline/77,43,50,bad,toward_good,False
baseline[good=above],baseline/77,44,50,bad,toward_bad,False
baseline[good=above],baseline/77,45,50,bad,toward_good,False
baseline[good=above],baseline/77,46,50,bad,toward_good,False
baseline[good=above],baseline/77,47,50,bad,toward_bad,False
baseline[good=above],baseline/77,48,50,bad,toward_good,False
baseline[good=above],baseline/77,49,50,bad,,True
baseline[good=below],baseline/77,0,50,good,toward_bad,False
baseline[good=below],baseline/77,1,50,good,toward_good,False
baseline[good=below],baseline/77,2,50,good,toward_bad,False
baseline[good=below],baseline/77,3,50,good,toward_bad,False
baseline[good=below],baseline/77,4,50,good,toward_good,False
baseline[good=below],baseline/77,5,50,good,toward_bad,False
baseline[good=below],baseline/77,6,50,good,toward_good,False
baseline[good=below],baseline/77,7,50,good,toward_good,False
baseline[good=below],baseline/77,8,50,good,toward_bad,False
baseline[good=below],baseline/77,9,50,good,toward_good,False
baseline[good=below],baseline/77,10,50,good,toward_bad,False
baseline[good=below],baseline/77,11,50,good,toward_good,False
baseline[good=below],baseline/77,12,50,good,toward_bad,False
baseline[good=below],baseline/77,13,50,bad,toward_good,False
baseline[good=below],baseline/77,14,50,good,toward_good,False
baseline[good=below],baseline/77,15,50,good,toward_bad,False
baseline[good=below],baseline/77,16,50,good,toward_good,False
baseline[good=below],baseline/77,17,50,good,toward_good,False
baseline[good=below],baseline/77,18,50,good,toward_bad,False
baseline[good=below],baseline/77,19,50,good,toward_bad,False
baseline[good=below],baseline/77,20,50,good,toward_good,False
baseline[good=below],baseline/77,21,50,good,toward_good,False
baseline[good=below],baseline/77,22,50,good,toward_bad,False
baseline[good=below],baseline/77,23,50,good,toward_bad,False
baseline[good=below],baseline/77,24,50,good,toward_good,False
baseline[good=below],baseline/77,25,50,good,toward_bad,False
baseline[good=below],baseline/77,26,50,good,toward_good,False
baseline[good=below],baseline/77,27,50,good,toward_bad,False
baseline[good=below],baseline/77,28,50,good,toward_bad,False
baseline[good=below],baseline/77,29,50,good,toward_good,False
baseline[good=below],baseline/77,30,50,good,toward_good,False
baseline[good=below],baseline/77,31,50,good,toward_bad,False
baseline[good=below],baseline/77,32,50,good,toward_bad,False
baseline[good=below],baseline/77,33,50,good,toward_bad,False
baseline[good=below],baseline/77,34,50,good,toward_good,False
baseline[good=below],baseline/77,35,50,good,toward_bad,False
baseline[good=below],baseline/77,36,50,good,toward_good,False
baseline[good=below],baseline/77,37,50,good,toward_bad,False
baseline[good=below],baseline/77,38,50,good,toward_good,False
baseline[good=below],baseline/77,39,50,good,toward_bad,False
baseline[good=below],baseline/77,40,50,good,toward_good,False
baseline[good=below],baseline/77,41,50,good,toward_bad,False
baseline[good=below],baseline/77,42,50,good,toward_good,False
baseline[good=below],baseline/77,43,50,good,toward_bad,False
baseline[good=below],baseline/77,44,50,good,toward_good,False
baseline[good=below],baseline/77,45,50,good,toward_bad,False
baseline[good=below],baseline/77,46,50,good,toward_bad,False
baseline[good=below],baseline/77,47,50,good,toward_good,False
baseline[good=below],baseline/77,48,50,good,toward_bad,False
baseline[good=below],baseline/77,49,50,good,,True
baseline[good=above],baseline/79,0,32,good,toward_good,False
baseline[good=above],baseline/79,1,32,good,toward_bad,False
baseline[good=above],baseline/79,2,32,good,toward_good,False
baseline[good=above],baseline/79,3,32,good,toward_good,False
baseline[good=above],baseline/79,4,32,good,toward_bad,False
baseline[good=above],baseline/79,5,32,good,toward_bad,False
baseline[good=above],baseline/79,6,32,good,toward_good,False
baseline[good=above],baseline/79,7,32,good,toward_good,False
baseline[good=above],baseline/79,8,32,good,toward_bad,False
baseline[good=above],baseline/79,9,32,good,toward_good,False
baseline[good=above],baseline/79,10,32,good,toward_good,False
baseline[good=above],baseline/79,11,32,good,toward_bad,False
baseline[good=above],baseline/79,12,32,good,toward_good,False
baseline[good=above],baseline/79,13,32,good,toward_good,False
baseline[good=above],baseline/79,14,32,good,toward_good,False
baseline[good=above],baseline/79,15,32,good,toward_bad,False
baseline[good=above],baseline/79,16,32,good,toward_good,False
baseline[good=above],baseline/79,17,32,good,toward_bad,False
baseline[good=above],baseline/79,18,32,good,toward_good,False
baseline[good=above],baseline/79,19,32,good,toward_bad,False
baseline[good=above],baseline/79,20,32,good,toward_good,False
baseline[good=above],baseline/79,21,32,good,toward_good,False
baseline[good=above],baseline/79,22,32,good,toward_bad,False
baseline[good=above],baseline/79,23,32,good,toward_good,False
baseline[good=above],baseline/79,24,32,good,toward_bad,False
baseline[good=above],baseline/79,25,32,good,toward_good,False
baseline[good=above],baseline/79,26,32,good,toward_good,False
baseline[good=above],baseline/79,27,32,good,toward_bad,False
baseline[good=above],baseline/79,28,32,good,toward_good,False
baseline[good=above],baseline/79,29,32,good,toward_bad,False
baseline[good=above],baseline/79,30,32,good,toward_good,False
baseline[good=above],baseline/79,31,32,good,,True
baseline[good=below],baseline/79,0,32,bad,toward_bad,False
baseline[good=below],baseline/79,1,32,bad,toward_good,False
baseline[good=below],baseline/79,2,32,bad,toward_bad,False
baseline[good=below],baseline/79,3,32,bad,toward_bad,False
baseline[good=below],baseline/79,4,32,bad,toward_good,False
baseline[good=below],baseline/79,5,32,bad,toward_good,False
baseline[good=below],baseline/79,6,32,bad,toward_bad,False
baseline[good=below],baseline/79,7,32,bad,toward_bad,False
baseline[good=below],baseline/79,8,32,bad,toward_good,False
baseline[good=below],baseline/79,9,32,bad,toward_bad,False
baseline[good=below],baseline/79,10,32,bad,toward_bad,False
baseline[good=below],baseline/79,11,32,bad,toward_good,False
baseline[good=below],baseline/79,12,32,bad,toward_bad,False
baseline[good=below],baseline/79,13,32,bad,toward_bad,False
baseline[good=below],baseline/79,14,32,bad,toward_bad,False
baseline[good=below],baseline/79,15,32,bad,toward_good,False
baseline[good=below],baseline/79,16,32,bad,toward_bad,False
baseline[good=below],baseline/79,17,32,bad,toward_good,False
baseline[good=below],baseline/79,18,32,bad,toward_bad,False
baseline[good=below],baseline/79,19,32,bad,toward_good,False
baseline[good=below],baseline/79,20,32,bad,toward_bad,False
baseline[good=below],baseline/79,21,32,bad,toward_bad,False
baseline[good=below],baseline/79,22,32,bad,toward_good,False
baseline[good=below],baseline/79,23,32,bad,toward_bad,False
baseline[good=below],baseline/79,24,32,bad,toward_good,False
baseline[good=below],baseline/79,25,32,bad,toward_bad,False
baseline[good=below],baseline/79,26,32,bad,toward_bad,False
baseline[good=below],baseline/79,27,32,bad,toward_good,False
baseline[good=below],baseline/79,28,32,bad,toward_bad,False
baseline[good=below],baseline/79,29,32,bad,toward_good,False
baseline[good=below],baseline/79,30,32,bad,toward_bad,False
baseline[good=below],baseline/79,31,32,bad,,True
baseline[good=above],baseline/81,0,16,bad,toward_good,False
baseline[good=above],baseline/81,1,16,bad,toward_good,False
baseline[good=above],baseline/81,2,16,bad,toward_good,False
baseline[good=above],baseline/81,3,16,bad,toward_bad,False
baseline[good=above],baseline/81,4,16,bad,toward_good,False
baseline[good=above],baseline/81,5,16,bad,toward_good,False
baseline[good=above],baseline/81,6,16,bad,toward_good,False
baseline[good=above],baseline/81,7,16,bad,toward_good,False
baseline[good=above],baseline/81,8,16,bad,toward_good,False
baseline[good=above],baseline/81,9,16,bad,toward_bad,False
baseline[good=above],baseline/81,10,16,bad,toward_good,False
baseline[good=above],baseline/81,11,16,bad,toward_bad,False
baseline[good=above],baseline/81,12,16,bad,toward_bad,False
baseline[good=above],baseline/81,13,16,bad,toward_good,False
baseline[good=above],baseline/81,14,16,bad,toward_good,False
baseline[good=above],baseline/81,15,16,bad,,True
baseline[good=below],baseline/81,0,16,good,toward_bad,False
baseline[good=below],baseline/81,1,16,good,toward_bad,False
baseline[good=below],baseline/81,2,16,good,toward_bad,False
baseline[good=below],baseline/81,3,16,good,toward_good,False
baseline[good=below],baseline/81,4,16,good,toward_bad,False
baseline[good=below],baseline/81,5,16,good,toward_bad,False
baseline[good=below],baseline/81,6,16,good,toward_bad,False
baseline[good=below],baseline/81,7,16,good,toward_bad,False
baseline[good=below],baseline/81,8,16,good,toward_bad,False
baseline[good=below],baseline/81,9,16,good,toward_good,False
baseline[good=below],baseline/81,10,16,good,toward_bad,False
baseline[good=below],baseline/81,11,16,good,toward_good,False
baseline[good=below],baseline/81,12,16,good,toward_good,False
baseline[good=below],baseline/81,13,16,good,toward_bad,False
baseline[good=below],baseline/81,14,16,good,toward_bad,False
baseline[good=below],baseline/81,15,16,good,,True
baseline[good=above],baseline/84,0,26,good,toward_good,False
baseline[good=above],baseline/84,1,26,good,toward_bad,False
baseline[good=above],baseline/84,2,26,good,toward_bad,False
baseline[good=above],baseline/84,3,26,good,toward_good,False
baseline[good=above],baseline/84,4,26,good,toward_good,False
baseline[good=above],baseline/84,5,26,good,toward_bad,False
baseline[good=above],baseline/84,6,26,good,toward_good,False
baseline[good=above],baseline/84,7,26,good,toward_bad,False
baseline[good=above],baseline/84,8,26,good,toward_good,False
baseline[good=above],baseline/84,9,26,good,toward_good,False
baseline[good=above],baseline/84,10,26,good,toward_bad,False
baseline[good=above],baseline/84,11,26,good,toward_good,False
baseline[good=above],baseline/84,12,26,good,toward_bad,False
baseline[good=above],baseline/84,13,26,good,toward_good,False
baseline[good=above],baseline/84,14,26,good,toward_good,False
baseline[good=above],baseline/84,15,26,good,toward_good,False
baseline[good=above],baseline/84,16,26,good,toward_bad,False
baseline[good=above],baseline/84,17,26,good,toward_bad,False
baseline[good=above],baseline/84,18,26,good,toward_bad,False
baseline[good=above],baseline/84,19,26,good,toward_good,False
baseline[good=above],baseline/84,20,26,good,toward_bad,False
baseline[good=above],baseline/84,21,26,good,toward_bad,False
baseline[good=above],baseline/84,22,26,good,toward_good,False
baseline[good=above],baseline/84,23,26,good,toward_good,False
baseline[good=above],baseline/84,24,26,good,toward_bad,False
baseline[good=above],baseline/84,25,26,good,,True
baseline[good=below],baseline/84,0,26,bad,toward_bad,False
baseline[good=below],baseline/84,1,26,bad,toward_good,False
baseline[good=below],baseline/84,2,26,bad,toward_good,False
baseline[good=below],baseline/84,3,26,bad,toward_bad,False
baseline[good=below],baseline/84,4,26,bad,toward_bad,False
baseline[good=below],baseline/84,5,26,bad,toward_good,False
baseline[good=below],baseline/84,6,26,bad,toward_bad,False
baseline[good=below],baseline/84,7,26,bad,toward_good,False
baseline[good=below],baseline/84,8,26,bad,toward_bad,False
baseline[good=below],baseline/84,9,26,bad,toward_bad,False
baseline[good=below],baseline/84,10,26,bad,toward_good,False
baseline[good=below],baseline/84,11,26,bad,toward_bad,False
baseline[good=below],baseline/84,12,26,bad,toward_good,False
baseline[good=below],baseline/84,13,26,bad,toward_bad,False
baseline[good=below],baseline/84,14,26,bad,toward_bad,False
baseline[good=below],baseline/84,15,26,bad,toward_bad,False
baseline[good=below],baseline/84,16,26,bad,toward_good,False
baseline[good=below],baseline/84,17,26,bad,toward_good,False
baseline[good=below],baseline/84,18,26,bad,toward_good,False
baseline[good=below],baseline/84,19,26,bad,toward_bad,False
baseline[good=below],baseline/84,20,26,bad,toward_good,False
baseline[good=below],baseline/84,21,26,bad,toward_good,False
baseline[good=below],baseline/84,22,26,bad,toward_bad,False
baseline[good=below],baseline/84,23,26,bad,toward_bad,False
baseline[good=below],baseline/84,24,26,bad,toward_good,False
baseline[good=below],baseline/84,25,26,bad,,True
baseline[good=above],baseline/86,0,15,good,toward_bad,False
baseline[good=above],baseline/86,1,15,good,toward_bad,False
baseline[good=above],baseline/86,2,15,bad,toward_good,False
baseline[good=above],baseline/86,3,15,good,toward_good,False
baseline[good=above],baseline/86,4,15,good,toward_good,False
baseline[good=above],baseline/86,5,15,good,toward_good,False
baseline[good=above],baseline/86,6,15,good,toward_bad,False
baseline[good=above],baseline/86,7,15,good,toward_good,False
baseline[good=above],baseline/86,8,15,good,toward_bad,False
baseline[good=above],baseline/86,9,15,good,toward_good,False
baseline[good=above],baseline/86,10,15,good,toward_bad,False
baseline[good=above],baseline/86,11,15,good,toward_bad,False
baseline[good=above],baseline/86,12,15,good,toward_good,False
baseline[good=above],baseline/86,13,15,good,toward_bad,False
baseline[good=above],baseline/86,14,15,bad,,True
baseline[good=below],baseline/86,0,15,bad,toward_good,False
baseline[good=below],baseline/86,1,15,bad,toward_good,False
baseline[good=below],baseline/86,2,15,good,toward_bad,False
baseline[good=below],baseline/86,3,15,bad,toward_bad,False
baseline[good=below],baseline/86,4,15,bad,toward_bad,False
baseline[good=below],baseline/86,5,15,bad,toward_bad,False
baseline[good=below],baseline/86,6,15,bad,toward_good,False
baseline[good=below],baseline/86,7,15,bad,toward_bad,False
baseline[good=below],baseline/86,8,15,bad,toward_good,False
baseline[good=below],baseline/86,9,15,bad,toward_bad,False
baseline[good=below],baseline/86,10,15,bad,toward_good,False
baseline[good=below],baseline/86,11,15,bad,toward_good,False
baseline[good=below],baseline/86,12,15,bad,toward_bad,False
baseline[good=below],baseline/86,13,15,bad,toward_good,False
baseline[good=below],baseline/86,14,15,good,,True
baseline[good=above],baseline/87,0,7,bad,toward_good,False
baseline[good=above],baseline/87,1,7,bad,toward_bad,False
baseline[good=above],baseline/87,2,7,bad,toward_good,False
baseline[good=above],baseline/87,3,7,bad,toward_bad,False
baseline[good=above],baseline/87,4,7,bad,toward_bad,False
baseline[good=above],baseline/87,5,7,bad,toward_bad,False
baseline[good=above],baseline/87,6,7,bad,,True
baseline[good=below],baseline/87,0,7,good,toward_bad,False
baseline[good=below],baseline/87,1,7,good,toward_good,False
baseline[good=below],baseline/87,2,7,good,toward_bad,False
baseline[good=below],baseline/87,3,7,good,toward_good,False
baseline[good=below],baseline/87,4,7,good,toward_good,False
baseline[good=below],baseline/87,5,7,good,toward_good,False
baseline[good=below],baseline/87,6,7,good,,True
baseline[good=above],baseline/88,0,9,bad,toward_bad,False
baseline[good=above],baseline/88,1,9,bad,toward_good,False
baseline[good=above],baseline/88,2,9,bad,toward_bad,False
baseline[good=above],baseline/88,3,9,bad,toward_good,False
baseline[good=above],baseline/88,4,9,bad,toward_good,False
baseline[good=above],baseline/88,5,9,bad,toward_bad,False
baseline[good=above],baseline/88,6,9,bad,toward_bad,False
baseline[good=above],baseline/88,7,9,bad,toward_good,False
baseline[good=above],baseline/88,8,9,bad,,True
baseline[good=below],baseline/88,0,9,good,toward_good,False
baseline[good=below],baseline/88,1,9,good,toward_bad,False
baseline[good=below],baseline/88,2,9,good,toward_good,False
baseline[good=below],baseline/88,3,9,good,toward_bad,False
baseline[good=below],baseline/88,4,9,good,toward_bad,False
baseline[good=below],baseline/88,5,9,good,toward_good,False
baseline[good=below],baseline/88,6,9,good,toward_good,False
baseline[good=below],baseline/88,7,9,good,toward_bad,False
baseline[good=below],baseline/88,8,9,good,,True
baseline[good=above],baseline/89,0,3,good,toward_bad,False
baseline[good=above],baseline/89,1,3,good,toward_good,False
baseline[good=above],baseline/89,2,3,good,,True
baseline[good=below],baseline/89,0,3,bad,toward_good,False
baseline[good=below],baseline/89,1,3,bad,toward_bad,False
baseline[good=below],baseline/89,2,3,bad,,True
baseline[good=above],baseline/90,0,18,good,toward_good,False
baseline[good=above],baseline/90,1,18,good,toward_bad,False
baseline[good=above],baseline/90,2,18,good,toward_bad,False
baseline[good=above],baseline/90,3,18,good,toward_good,False
baseline[good=above],baseline/90,4,18,good,toward_bad,False
baseline[good=above],baseline/90,5,18,good,toward_good,False
baseline[good=above],baseline/90,6,18,good,toward_good,False
baseline[good=above],baseline/90,7,18,good,toward_good,False
baseline[good=above],baseline/90,8,18,good,toward_good,False
baseline[good=above],baseline/90,9,18,good,toward_bad,False
baseline[good=above],baseline/90,10,18,good,toward_bad,False
baseline[good=above],baseline/90,11,18,good,toward_good,False
baseline[good=above],baseline/90,12,18,good,toward_good,False
baseline[good=above],baseline/90,13,18,good,toward_good,False
baseline[good=above],baseline/90,14,18,good,toward_bad,False
baseline[good=above],baseline/90,15,18,good,toward_good,False
baseline[good=above],baseline/90,16,18,good,toward_bad,False
baseline[good=above],baseline/90,17,18,good,,True
baseline[good=below],baseline/90,0,18,bad,toward_bad,False
baseline[good=below],baseline/90,1,18,bad,toward_good,False
baseline[good=below],baseline/90,2,18,bad,toward_good,False
baseline[good=below],baseline/90,3,18,bad,toward_bad,False
baseline[good=below],baseline/90,4,18,bad,toward_good,False
baseline[good=below],baseline/90,5,18,bad,toward_bad,False
baseline[good=below],baseline/90,6,18,bad,toward_bad,False
baseline[good=below],baseline/90,7,18,bad,toward_bad,False
baseline[good=below],baseline/90,8,18,bad,toward_bad,False
baseline[good=below],baseline/90,9,18,bad,toward_good,False
baseline[good=below],baseline/90,10,18,bad,toward_good,False
baseline[good=below],baseline/90,11,18,bad,toward_bad,False
baseline[good=below],baseline/90,12,18,bad,toward_bad,False
baseline[good=below],baseline/90,13,18,bad,toward_bad,False
baseline[good=below],baseline/90,14,18,bad,toward_good,False
baseline[good=below],baseline/90,15,18,bad,toward_bad,False
baseline[good=below],baseline/90,16,18,bad,toward_good,False
baseline[good=below],baseline/90,17,18,bad,,True
baseline[good=above],baseline/91,0,6,good,toward_good,False
baseline[good=above],baseline/91,1,6,good,toward_good,False
baseline[good=above],baseline/91,2,6,good,toward_good,False
baseline[good=above],baseline/91,3,6,good,toward_good,False
baseline[good=above],baseline/91,4,6,good,toward_good,False
baseline[good=above],baseline/91,5,6,good,,True
baseline[good=below],baseline/91,0,6,bad,toward_bad,False
baseline[good=below],baseline/91,1,6,bad,toward_bad,False
baseline[good=below],baseline/91,2,6,bad,toward_bad,False
baseline[good=below],baseline/91,3,6,bad,toward_bad,False
baseline[good=below],baseline/91,4,6,bad,toward_bad,False
baseline[good=below],baseline/91,5,6,bad,,True
baseline[good=above],baseline/94,0,26,good,toward_good,False
baseline[good=above],baseline/94,1,26,good,toward_good,False
baseline[good=above],baseline/94,2,26,good,toward_bad,False
baseline[good=above],baseline/94,3,26,good,toward_bad,False
baseline[good=above],baseline/94,4,26,good,toward_good,False
baseline[good=above],baseline/94,5,26,good,toward_good,False
baseline[good=above],baseline/94,6,26,good,toward_bad,False
baseline[good=above],baseline/94,7,26,good,toward_good,False
baseline[good=above],baseline/94,8,26,good,toward_good,False
baseline[good=above],baseline/94,9,26,good,toward_bad,False
baseline[good=above],baseline/94,10,26,good,toward_bad,False
baseline[good=above],baseline/94,11,26,good,toward_good,False
baseline[good=above],baseline/94,12,26,good,toward_bad,False
baseline[good=above],baseline/94,13,26,good,toward_bad,False
baseline[good=above],baseline/94,14,26,good,toward_good,False
baseline[good=above],baseline/94,15,26,good,toward_bad,False
baseline[good=above],baseline/94,16,26,good,toward_good,False
baseline[good=above],baseline/94,17,26,good,toward_good,False
baseline[good=above],baseline/94,18,26,good,toward_bad,False
baseline[good=above],baseline/94,19,26,good,toward_good,False
baseline[good=above],baseline/94,20,26,good,toward_bad,False
baseline[good=above],baseline/94,21,26,good,toward_good,False
baseline[good=above],baseline/94,22,26,good,toward_bad,False
baseline[good=above],baseline/94,23,26,good,toward_bad,False
baseline[good=above],baseline/94,24,26,good,toward_good,False
baseline[good=above],baseline/94,25,26,good,,True
baseline[good=below],baseline/94,0,26,bad,toward_bad,False
baseline[good=below],baseline/94,1,26,bad,toward_bad,False
baseline[good=below],baseline/94,2,26,bad,toward_good,False
baseline[good=below],baseline/94,3,26,bad,toward_good,False
baseline[good=below],baseline/94,4,26,bad,toward_bad,False
baseline[good=below],baseline/94,5,26,bad,toward_bad,False
baseline[good=below],baseline/94,6,26,bad,toward_good,False
baseline[good=below],baseline/94,7,26,bad,toward_bad,False
baseline[good=below],baseline/94,8,26,bad,toward_bad,False
baseline[good=below],baseline/94,9,26,bad,toward_good,False
baseline[good=below],baseline/94,10,26,bad,toward_good,False
baseline[good=below],baseline/94,11,26,bad,toward_bad,False
baseline[good=below],baseline/94,12,26,bad,toward_good,False
baseline[good=below],baseline/94,13,26,bad,toward_good,False
baseline[good=below],baseline/94,14,26,bad,toward_bad,False
baseline[good=below],baseline/94,15,26,bad,toward_good,False
baseline[good=below],baseline/94,16,26,bad,toward_bad,False
baseline[good=below],baseline/94,17,26,bad,toward_bad,False
baseline[good=below],baseline/94,18,26,bad,toward_good,False
baseline[good=below],baseline/94,19,26,bad,toward_bad,False
baseline[good=below],baseline/94,20,26,bad,toward_good,False
baseline[good=below],baseline/94,21,26,bad,toward_bad,False
baseline[good=below],baseline/94,22,26,bad,toward_good,False
baseline[good=below],baseline/94,23,26,bad,toward_good,False
baseline[good=below],baseline/94,24,26,bad,toward_bad,False
baseline[good=below],baseline/94,25,26,bad,,True
baseline[good=above],baseline/97,0,54,good,toward_good,False
baseline[good=above],baseline/97,1,54,good,toward_bad,False
baseline[good=above],baseline/97,2,54,good,toward_good,False
baseline[good=above],baseline/97,3,54,good,toward_bad,False
baseline[good=above],baseline/97,4,54,good,toward_bad,False
baseline[good=above],baseline/97,5,54,good,toward_bad,False
baseline[good=above],baseline/97,6,54,good,toward_good,False
baseline[good=above],baseline/97,7,54,good,toward_bad,False
baseline[good=above],baseline/97,8,54,good,toward_bad,False
baseline[good=above],baseline/97,9,54,good,toward_good,False
baseline[good=above],baseline/97,10,54,good,toward_good,False
baseline[good=above],baseline/97,11,54,good,toward_bad,False
baseline[good=above],baseline/97,12,54,good,toward_good,False
baseline[good=above],baseline/97,13,54,good,toward_good,False
baseline[good=above],baseline/97,14,54,good,toward_bad,False
baseline[good=above],baseline/97,15,54,good,toward_good,False
baseline[good=above],baseline/97,16,54,good,toward_good,False
baseline[good=above],baseline/97,17,54,good,toward_bad,False
baseline[good=above],baseline/97,18,54,good,toward_good,False
baseline[good=above],baseline/97,19,54,good,toward_bad,False
baseline[good=above],baseline/97,20,54,good,toward_good,False
baseline[good=above],baseline/97,21,54,good,toward_bad,False
baseline[good=above],baseline/97,22,54,good,toward_bad,False
baseline[good=above],baseline/97,23,54,good,toward_good,False
baseline[good=above],baseline/97,24,54,good,toward_bad,False
baseline[good=above],baseline/97,25,54,good,toward_good,False
baseline[good=above],baseline/97,26,54,good,toward_good,False
baseline[good=above],baseline/97,27,54,good,toward_bad,False
baseline[good=above],baseline/97,28,54,good,toward_bad,False
baseline[good=above],baseline/97,29,54,good,toward_good,False
baseline[good=above],baseline/97,30,54,good,toward_good,False
baseline[good=above],baseline/97,31,54,good,toward_bad,False
baseline[good=above],baseline/97,32,54,good,toward_good,False
baseline[good=above],baseline/97,33,54,good,toward_good,False
baseline[good=above],baseline/97,34,54,good,toward_good,False
baseline[good=above],baseline/97,35,54,good,toward_bad,False
baseline[good=above],baseline/97,36,54,good,toward_bad,False
baseline[good=above],baseline/97,37,54,good,toward_bad,False
baseline[good=above],baseline/97,38,54,good,toward_good,False
baseline[good=above],baseline/97,39,54,good,toward_good,False
baseline[good=above],baseline/97,40,54,good,toward_bad,False
baseline[good=above],baseline/97,41,54,good,toward_bad,False
baseline[good=above],baseline/97,42,54,good,toward_good,False
baseline[good=above],baseline/97,43,54,good,toward_good,False
baseline[good=above],baseline/97,44,54,good,toward_bad,False
baseline[good=above],baseline/97,45,54,good,toward_bad,False
baseline[good=above],baseline/97,46,54,good,toward_good,False
baseline[good=above],baseline/97,47,54,good,toward_bad,False
baseline[good=above],baseline/97,48,54,good,toward_good,False
baseline[good=above],baseline/97,49,54,good,toward_good,False
baseline[good=above],baseline/97,50,54,good,toward_bad,False
baseline[good=above],baseline/97,51,54,good,toward_good,False
baseline[good=above],baseline/97,52,54,good,toward_good,False
baseline[good=above],baseline/97,53,54,good,,True
baseline[good=below],baseline/97,0,54,bad,toward_bad,False
baseline[good=below],baseline/97,1,54,bad,toward_good,False
baseline[good=below],baseline/97,2,54,bad,toward_bad,False
baseline[good=below],baseline/97,3,54,bad,toward_good,False
baseline[good=below],baseline/97,4,54,bad,toward_good,False
baseline[good=below],baseline/97,5,54,bad,toward_good,False
baseline[good=below],baseline/97,6,54,bad,toward_bad,False
baseline[good=below],baseline/97,7,54,bad,toward_good,False
baseline[good=below],baseline/97,8,54,bad,toward_good,False
baseline[good=below],baseline/97,9,54,bad,toward_bad,False
baseline[good=below],baseline/97,10,54,bad,toward_bad,False
baseline[good=below],baseline/97,11,54,bad,toward_good,False
baseline[good=below],baseline/97,12,54,bad,toward_bad,False
baseline[good=below],baseline/97,13,54,bad,toward_bad,False
baseline[good=below],baseline/97,14,54,bad,toward_good,False
baseline[good=below],baseline/97,15,54,bad,toward_bad,False
baseline[good=below],baseline/97,16,54,bad,toward_bad,False
baseline[good=below],baseline/97,17,54,bad,toward_good,False
baseline[good=below],baseline/97,18,54,bad,toward_bad,False
baseline[good=below],baseline/97,19,54,bad,toward_good,False
baseline[good=below],baseline/97,20,54,bad,toward_bad,False
baseline[good=below],baseline/97,21,54,bad,toward_good,False
baseline[good=below],baseline/97,22,54,bad,toward_good,False
baseline[good=below],baseline/97,23,54,bad,toward_bad,False
baseline[good=below],baseline/97,24,54,bad,toward_good,False
baseline[good=below],baseline/97,25,54,bad,toward_bad,False
baseline[good=below],baseline/97,26,54,bad,toward_bad,False
baseline[good=below],baseline/97,27,54,bad,toward_good,False
baseline[good=below],baseline/97,28,54,bad,toward_good,False
baseline[good=below],baseline/97,29,54,bad,toward_bad,False
baseline[good=below],baseline/97,30,54,bad,toward_bad,False
baseline[good=below],baseline/97,31,54,bad,toward_good,False
baseline[good=below],baseline/97,32,54,bad,toward_bad,False
baseline[good=below],baseline/97,33,54,bad,toward_bad,False
baseline[good=below],baseline/97,34,54,bad,toward_bad,False
baseline[good=below],baseline/97,35,54,bad,toward_good,False
baseline[good=below],baseline/97,36,54,bad,toward_good,False
baseline[good=below],baseline/97,37,54,bad,toward_good,False
baseline[good=below],baseline/97,38,54,bad,toward_bad,False
baseline[good=below],baseline/97,39,54,bad,toward_bad,False
baseline[good=below],baseline/97,40,54,bad,toward_good,False
baseline[good=below],baseline/97,41,54,bad,toward_good,False
baseline[good=below],baseline/97,42,54,bad,toward_bad,False
baseline[good=below],baseline/97,43,54,bad,toward_bad,False
baseline[good=below],baseline/97,44,54,bad,toward_good,False
baseline[good=below],baseline/97,45,54,bad,toward_good,False
baseline[good=below],baseline/97,46,54,bad,toward_bad,False
baseline[good=below],baseline/97,47,54,bad,toward_good,False
baseline[good=below],baseline/97,48,54,bad,toward_bad,False
baseline[good=below],baseline/97,49,54,bad,toward_bad,False
baseline[good=below],baseline/97,50,54,bad,toward_good,False
baseline[good=below],baseline/97,51,54,bad,toward_bad,False
baseline[good=below],baseline/97,52,54,bad,toward_bad,False
baseline[good=below],baseline/97,53,54,bad,,True
baseline[good=above],baseline/98,0,153,good,toward_good,False
baseline[good=above],baseline/98,1,153,good,toward_bad,False
baseline[good=above],baseline/98,2,153,good,toward_bad,False
baseline[good=above],baseline/98,3,153,good,toward_bad,False
baseline[good=above],baseline/98,4,153,good,toward_good,False
baseline[good=above],baseline/98,5,153,good,toward_good,False
baseline[good=above],baseline/98,6,153,good,toward_good,False
baseline[good=above],baseline/98,7,153,good,toward_bad,False
baseline[good=above],baseline/98,8,153,good,toward_bad,False
baseline[good=above],baseline/98,9,153,good,toward_good,False
baseline[good=above],baseline/98,10,153,good,toward_bad,False
baseline[good=above],baseline/98,11,153,good,toward_bad,False
baseline[good=above],baseline/98,12,153,good,toward_good,False
baseline[good=above],baseline/98,13,153,good,toward_good,False
baseline[good=above],baseline/98,14,153,good,toward_good,False
baseline[good=above],baseline/98,15,153,good,toward_bad,False
baseline[good=above],baseline/98,16,153,good,toward_bad,False
baseline[good=above],baseline/98,17,153,good,toward_bad,False
baseline[good=above],baseline/98,18,153,good,toward_bad,False
baseline[good=above],baseline/98,19,153,good,toward_good,False
baseline[good=above],baseline/98,20,153,good,toward_bad,False
baseline[good=above],baseline/98,21,153,good,toward_good,False
baseline[good=above],baseline/98,22,153,good,toward_good,False
baseline[good=above],baseline/98,23,153,good,toward_good,False
baseline[good=above],baseline/98,24,153,good,toward_bad,False
baseline[good=above],baseline/98,25,153,good,toward_good,False
baseline[good=above],baseline/98,26,153,good,toward_good,False
baseline[good=above],baseline/98,27,153,good,toward_good,False
baseline[good=above],baseline/98,28,153,good,toward_bad,False
baseline[good=above],baseline/98,29,153,good,toward_good,False
baseline[good=above],baseline/98,30,153,good,toward_bad,False
baseline[good=above],baseline/98,31,153,good,toward_bad,False
baseline[good=above],baseline/98,32,153,good,toward_bad,False
baseline[good=above],baseline/98,33,153,good,toward_bad,False
baseline[good=above],baseline/98,34,153,good,toward_good,False
baseline[good=above],baseline/98,35,153,good,toward_bad,False
baseline[good=above],baseline/98,36,153,good,toward_bad,False
baseline[good=above],baseline/98,37,153,good,toward_good,False
baseline[good=above],baseline/98,38,153,good,toward_bad,False
baseline[good=above],baseline/98,39,153,good,toward_good,False
baseline[good=above],baseline/98,40,153,good,toward_bad,False
baseline[good=above],baseline/98,41,153,good,toward_good,False
baseline[good=above],baseline/98,42,153,good,toward_good,False
baseline[good=above],baseline/98,43,153,good,toward_good,False
baseline[good=above],baseline/98,44,153,good,toward_bad,False
baseline[good=above],baseline/98,45,153,good,toward_bad,False
baseline[good=above],baseline/98,46,153,good,toward_bad,False
baseline[good=above],baseline/98,47,153,good,toward_bad,False
baseline[good=above],baseline/98,48,153,good,toward_bad,False
baseline[good=above],baseline/98,49,153,good,toward_good,False
baseline[good=above],baseline/98,50,153,good,toward_good,False
baseline[good=above],baseline/98,51,153,good,toward_good,False
baseline[good=above],baseline/98,52,153,good,toward_good,False
baseline[good=above],baseline/98,53,153,good,toward_good,False
baseline[good=above],baseline/98,54,153,good,toward_good,False
baseline[good=above],baseline/98,55,153,good,toward_bad,False
baseline[good=above],baseline/98,56,153,good,toward_bad,False
baseline[good=above],baseline/98,57,153,good,toward_bad,False
baseline[good=above],baseline/98,58,153,good,toward_bad,False
baseline[good=above],baseline/98,59,153,good,toward_bad,False
baseline[good=above],baseline/98,60,153,good,toward_bad,False
baseline[good=above],baseline/98,61,153,good,toward_bad,False
baseline[good=above],baseline/98,62,153,good,toward_good,False
baseline[good=above],baseline/98,63,153,good,toward_good,False
baseline[good=above],baseline/98,64,153,good,toward_bad,False
baseline[good=above],baseline/98,65,153,good,toward_bad,False
baseline[good=above],baseline/98,66,153,good,toward_bad,False
baseline[good=above],baseline/98,67,153,good,toward_good,False
baseline[good=above],baseline/98,68,153,good,toward_good,False
baseline[good=above],baseline/98,69,153,good,toward_good,False
baseline[good=above],baseline/98,70,153,good,toward_good,False
baseline[good=above],baseline/98,71,153,good,toward_good,False
baseline[good=above],baseline/98,72,153,good,toward_good,False
baseline[good=above],baseline/98,73,153,good,toward_good,False
baseline[good=above],baseline/98,74,153,good,toward_bad,False
baseline[good=above],baseline/98,75,153,good,toward_bad,False
baseline[good=above],baseline/98,76,153,good,toward_bad,False
baseline[good=above],baseline/98,77,153,good,toward_bad,False
baseline[good=above],baseline/98,78,153,good,toward_good,False
baseline[good=above],baseline/98,79,153,good,toward_good,False
baseline[good=above],baseline/98,80,153,good,toward_good,False
baseline[good=above],baseline/98,81,153,good,toward_good,False
baseline[good=above],baseline/98,82,153,good,toward_good,False
baseline[good=above],baseline/98,83,153,good,toward_good,False
baseline[good=above],baseline/98,84,153,good,toward_bad,False
baseline[good=above],baseline/98,85,153,good,toward_bad,False
baseline[good=above],baseline/98,86,153,good,toward_bad,False
baseline[good=above],baseline/98,87,153,good,toward_bad,False
baseline[good=above],baseline/98,88,153,good,toward_bad,False
baseline[good=above],baseline/98,89,153,good,toward_bad,False
baseline[good=above],baseline/98,90,153,good,toward_bad,False
baseline[good=above],baseline/98,91,153,good,toward_bad,False
baseline[good=above],baseline/98,92,153,good,toward_bad,False
baseline[good=above],baseline/98,93,153,good,toward_good,False
baseline[good=above],baseline/98,94,153,good,toward_good,False
baseline[good=above],baseline/98,95,153,good,toward_good,False
baseline[good=above],baseline/98,96,153,good,toward_good,False
baseline[good=above],baseline/98,97,153,good,toward_good,False
baseline[good=above],baseline/98,98,153,good,toward_good,False
baseline[good=above],baseline/98,99,153,good,toward_good,False
baseline[good=above],baseline/98,100,153,good,toward_good,False
baseline[good=above],baseline/98,101,153,good,toward_good,False
baseline[good=above],baseline/98,102,153,good,toward_good,False
baseline[good=above],baseline/98,103,153,good,toward_good,False
baseline[good=above],baseline/98,104,153,good,toward_bad,False
baseline[good=above],baseline/98,105,153,good,toward_bad,False
baseline[good=above],baseline/98,106,153,good,toward_bad,False
baseline[good=above],baseline/98,107,153,good,toward_bad,False
baseline[good=above],baseline/98,108,153,good,toward_bad,False
baseline[good=above],baseline/98,109,153,good,toward_bad,False
baseline[good=above],baseline/98,110,153,good,toward_bad,False
baseline[good=above],baseline/98,111,153,good,toward_bad,False
baseline[good=above],baseline/98,112,153,good,toward_bad,False
baseline[good=above],baseline/98,113,153,good,toward_bad,False
baseline[good=above],baseline/98,114,153,good,toward_bad,False
baseline[good=above],baseline/98,115,153,good,toward_bad,False
baseline[good=above],baseline/98,116,153,good,toward_good,False
baseline[good=above],baseline/98,117,153,good,toward_good,False
baseline[good=above],baseline/98,118,153,good,toward_good,False
baseline[good=above],baseline/98,119,153,good,toward_good,False
baseline[good=above],baseline/98,120,153,good,toward_good,False
baseline[good=above],baseline/98,121,153,good,toward_good,False
baseline[good=above],baseline/98,122,153,good,toward_good,False
baseline[good=above],baseline/98,123,153,good,toward_good,False
baseline[good=above],baseline/98,124,153,good,toward_good,False
baseline[good=above],baseline/98,125,153,good,toward_good,False
baseline[good=above],baseline/98,126,153,good,toward_good,False
baseline[good=above],baseline/98,127,153,good,toward_good,False
baseline[good=above],baseline/98,128,153,good,toward_good,False
baseline[good=above],baseline/98,129,153,good,toward_good,False
baseline[good=above],baseline/98,130,153,good,toward_good,False
baseline[good=above],baseline/98,131,153,good,toward_good,False
baseline[good=above],baseline/98,132,153,good,toward_good,False
baseline[good=above],baseline/98,133,153,good,toward_good,False
baseline[good=above],baseline/98,134,153,good,toward_bad,False
baseline[good=above],baseline/98,135,153,good,toward_bad,False
baseline[good=above],baseline/98,136,153,good,toward_bad,False
baseline[good=above],baseline/98,137,153,good,toward_bad,False
baseline[good=above],baseline/98,138,153,good,toward_bad,False
baseline[good=above],baseline/98,139,153,good,toward_bad,False
baseline[good=above],baseline/98,140,153,good,toward_bad,False
baseline[good=above],baseline/98,141,153,good,toward_bad,False
baseline[good=above],baseline/98,142,153,good,toward_bad,False
baseline[good=above],baseline/98,143,153,good,toward_bad,False
baseline[good=above],baseline/98,144,153,good,toward_bad,False
baseline[good=above],baseline/98,145,153,good,toward_bad,False
baseline[good=above],baseline/98,146,153,good,toward_bad,False
baseline[good=above],baseline/98,147,153,good,toward_bad,False
baseline[good=above],baseline/98,148,153,good,toward_bad,False
baseline[good=above],baseline/98,149,153,good,toward_bad,False
baseline[good=above],baseline/98,150,153,good,toward_bad,False
baseline[good=above],baseline/98,151,153,good,toward_bad,False
baseline[good=above],baseline/98,152,153,good,,True
baseline[good=below],baseline/98,0,153,bad,toward_bad,False
baseline[good=below],baseline/98,1,153,bad,toward_good,False
baseline[good=below],baseline/98,2,153,bad,toward_good,False
baseline[good=below],baseline/98,3,153,bad,toward_good,False
baseline[good=below],baseline/98,4,153,bad,toward_bad,False
baseline[good=below],baseline/98,5,153,bad,toward_bad,False
baseline[good=below],baseline/98,6,153,bad,toward_bad,False
baseline[good=below],baseline/98,7,153,bad,toward_good,False
baseline[good=below],baseline/98,8,153,bad,toward_good,False
baseline[good=below],baseline/98,9,153,bad,toward_bad,False
baseline[good=below],baseline/98,10,153,bad,toward_good,False
baseline[good=below],baseline/98,11,153,bad,toward_good,False
baseline[good=below],baseline/98,12,153,bad,toward_bad,False
baseline[good=below],baseline/98,13,153,bad,toward_bad,False
baseline[good=below],baseline/98,14,153,bad,toward_bad,False
baseline[good=below],baseline/98,15,153,bad,toward_good,False
baseline[good=below],baseline/98,16,153,bad,toward_good,False
baseline[good=below],baseline/98,17,153,bad,toward_good,False
baseline[good=below],baseline/98,18,153,bad,toward_good,False
baseline[good=below],baseline/98,19,153,bad,toward_bad,False
baseline[good=below],baseline/98,20,153,bad,toward_good,False
baseline[good=below],baseline/98,21,153,bad,toward_bad,False
baseline[good=below],baseline/98,22,153,bad,toward_bad,False
baseline[good=below],baseline/98,23,153,bad,toward_bad,False
baseline[good=below],baseline/98,24,153,bad,toward_good,False
baseline[good=below],baseline/98,25,153,bad,toward_bad,False
baseline[good=below],baseline/98,26,153,bad,toward_bad,False
baseline[good=below],baseline/98,27,153,bad,toward_bad,False
baseline[good=below],baseline/98,28,153,bad,toward_good,False
baseline[good=below],baseline/98,29,153,bad,toward_bad,False
baseline[good=below],baseline/98,30,153,bad,toward_good,False
baseline[good=below],baseline/98,31,153,bad,toward_good,False
baseline[good=below],baseline/98,32,153,bad,toward_good,False
baseline[good=below],baseline/98,33,153,bad,toward_good,False
baseline[good=below],baseline/98,34,153,bad,toward_bad,False
baseline[good=below],baseline/98,35,153,bad,toward_good,False
baseline[good=below],baseline/98,36,153,bad,toward_good,False
baseline[good=below],baseline/98,37,153,bad,toward_bad,False
baseline[good=below],baseline/98,38,153,bad,toward_good,False
baseline[good=below],baseline/98,39,153,bad,toward_bad,False
baseline[good=below],baseline/98,40,153,bad,toward_good,False
baseline[good=below],baseline/98,41,153,bad,toward_bad,False
baseline[good=below],baseline/98,42,153,bad,toward_bad,False
baseline[good=below],baseline/98,43,153,bad,toward_bad,False
baseline[good=below],baseline/98,44,153,bad,toward_good,False
baseline[good=below],baseline/98,45,153,bad,toward_good,False
baseline[good=below],baseline/98,46,153,bad,toward_good,False
baseline[good=below],baseline/98,47,153,bad,toward_good,False
baseline[good=below],baseline/98,48,153,bad,toward_good,False
baseline[good=below],baseline/98,49,153,bad,toward_bad,False
baseline[good=below],baseline/98,50,153,bad,toward_bad,False
baseline[good=below],baseline/98,51,153,bad,toward_bad,False
baseline[good=below],baseline/98,52,153,bad,toward_bad,False
baseline[good=below],baseline/98,53,153,bad,toward_bad,False
baseline[good=below],baseline/98,54,153,bad,toward_bad,False
baseline[good=below],baseline/98,55,153,bad,toward_good,False
baseline[good=below],baseline/98,56,153,bad,toward_good,False
baseline[good=below],baseline/98,57,153,bad,toward_good,False
baseline[good=below],baseline/98,58,153,bad,toward_good,False
baseline[good=below],baseline/98,59,153,bad,toward_good,False
baseline[good=below],baseline/98,60,153,bad,toward_good,False
baseline[good=below],baseline/98,61,153,bad,toward_good,False
baseline[good=below],baseline/98,62,153,bad,toward_bad,False
baseline[good=below],baseline/98,63,153,bad,toward_bad,False
baseline[good=below],baseline/98,64,153,bad,toward_good,False
baseline[good=below],baseline/98,65,153,bad,toward_good,False
baseline[good=below],baseline/98,66,153,bad,toward_good,False
baseline[good=below],baseline/98,67,153,bad,toward_bad,False
baseline[good=below],baseline/98,68,153,bad,toward_bad,False
baseline[good=below],baseline/98,69,153,bad,toward_bad,False
baseline[good=below],baseline/98,70,153,bad,toward_bad,False
baseline[good=below],baseline/98,71,153,bad,toward_bad,False
baseline[good=below],baseline/98,72,153,bad,toward_bad,False
baseline[good=below],baseline/98,73,153,bad,toward_bad,False
baseline[good=below],baseline/98,74,153,bad,toward_good,False
baseline[good=below],baseline/98,75,153,bad,toward_good,False
baseline[good=below],baseline/98,76,153,bad,toward_good,False
baseline[good=below],baseline/98,77,153,bad,toward_good,False
baseline[good=below],baseline/98,78,153,bad,toward_bad,False
baseline[good=below],baseline/98,79,153,bad,toward_bad,False
baseline[good=below],baseline/98,80,153,bad,toward_bad,False
baseline[good=below],baseline/98,81,153,bad,toward_bad,False
baseline[good=below],baseline/98,82,153,bad,toward_bad,False
baseline[good=below],baseline/98,83,153,bad,toward_bad,False
baseline[good=below],baseline/98,84,153,bad,toward_good,False
baseline[good=below],baseline/98,85,153,bad,toward_good,False
baseline[good=below],baseline/98,86,153,bad,toward_good,False
baseline[good=below],baseline/98,87,153,bad,toward_good,False
baseline[good=below],baseline/98,88,153,bad,toward_good,False
baseline[good=below],baseline/98,89,153,bad,toward_good,False
baseline[good=below],baseline/98,90,153,bad,toward_good,False
baseline[good=below],baseline/98,91,153,bad,toward_good,False
baseline[good=below],baseline/98,92,153,bad,toward_good,False
baseline[good=below],baseline/98,93,153,bad,toward_bad,False
baseline[good=below],baseline/98,94,153,bad,toward_bad,False
baseline[good=below],baseline/98,95,153,bad,toward_bad,False
baseline[good=below],baseline/98,96,153,bad,toward_bad,False
baseline[good=below],baseline/98,97,153,bad,toward_bad,False
baseline[good=below],baseline/98,98,153,bad,toward_bad,False
baseline[good=below],baseline/98,99,153,bad,toward_bad,False
baseline[good=below],baseline/98,100,153,bad,toward_bad,False
baseline[good=below],baseline/98,101,153,bad,toward_bad,False
baseline[good=below],baseline/98,102,153,bad,toward_bad,False
baseline[good=below],baseline/98,103,153,bad,toward_bad,False
baseline[good=below],baseline/98,104,153,bad,toward_good,False
baseline[good=below],baseline/98,105,153,bad,toward_good,False
baseline[good=below],baseline/98,106,153,bad,toward_good,False
baseline[good=below],baseline/98,107,153,bad,toward_good,False
baseline[good=below],baseline/98,108,153,bad,toward_good,False
baseline[good=below],baseline/98,109,153,bad,toward_good,False
baseline[good=below],baseline/98,110,153,bad,toward_good,False
baseline[good=below],baseline/98,111,153,bad,toward_good,False
baseline[good=below],baseline/98,112,153,bad,toward_good,False
baseline[good=below],baseline/98,113,153,bad,toward_good,False
baseline[good=below],baseline/98,114,153,bad,toward_good,False
baseline[good=below],baseline/98,115,153,bad,toward_good,False
baseline[good=below],baseline/98,116,153,bad,toward_bad,False
baseline[good=below],baseline/98,117,153,bad,toward_bad,False
baseline[good=below],baseline/98,118,153,bad,toward_bad,False
baseline[good=below],baseline/98,119,153,bad,toward_bad,False
baseline[good=below],baseline/98,120,153,bad,toward_bad,False
baseline[good=below],baseline/98,121,153,bad,toward_bad,False
baseline[good=below],baseline/98,122,153,bad,toward_bad,False
baseline[good=below],baseline/98,123,153,bad,toward_bad,False
baseline[good=below],baseline/98,124,153,bad,toward_bad,False
baseline[good=below],baseline/98,125,153,bad,toward_bad,False
baseline[good=below],baseline/98,126,153,bad,toward_bad,False
baseline[good=below],baseline/98,127,153,bad,toward_bad,False
baseline[good=below],baseline/98,128,153,bad,toward_bad,False
baseline[good=below],baseline/98,129,153,bad,toward_bad,False
baseline[good=below],baseline/98,130,153,bad,toward_bad,False
baseline[good=below],baseline/98,131,153,bad,toward_bad,False
baseline[good=below],baseline/98,132,153,bad,toward_bad,False
baseline[good=below],baseline/98,133,153,bad,toward_bad,False
baseline[good=below],baseline/98,134,153,bad,toward_good,False
baseline[good=below],baseline/98,135,153,bad,toward_good,False
baseline[good=below],baseline/98,136,153,bad,toward_good,False
baseline[good=below],baseline/98,137,153,bad,toward_good,False
baseline[good=below],baseline/98,138,153,bad,toward_good,False
baseline[good=below],baseline/98,139,153,bad,toward_good,False
baseline[good=below],baseline/98,140,153,bad,toward_good,False
baseline[good=below],baseline/98,141,153,bad,toward_good,False
baseline[good=below],baseline/98,142,153,bad,toward_good,False
baseline[good=below],baseline/98,143,153,bad,toward_good,False
baseline[good=below],baseline/98,144,153,bad,toward_good,False
baseline[good=below],baseline/98,145,153,bad,toward_good,False
baseline[good=below],baseline/98,146,153,bad,toward_good,False
baseline[good=below],baseline/98,147,153,bad,toward_good,False
baseline[good=below],baseline/98,148,153,bad,toward_good,False
baseline[good=below],baseline/98,149,153,bad,toward_good,False
baseline[good=below],baseline/98,150,153,bad,toward_good,False
baseline[good=below],baseline/98,151,153,bad,toward_good,False
baseline[good=below],baseline/98,152,153,bad,,True
baseline[good=above],baseline/99,0,12,good,toward_bad,False
baseline[good=above],baseline/99,1,12,good,toward_bad,False
baseline[good=above],baseline/99,2,12,good,toward_bad,False
baseline[good=above],baseline/99,3,12,good,toward_good,False
baseline[good=above],baseline/99,4,12,good,toward_bad,False
baseline[good=above],baseline/99,5,12,good,toward_bad,False
baseline[good=above],baseline/99,6,12,good,toward_good,False
baseline[good=above],baseline/99,7,12,good,toward_bad,False
baseline[good=above],baseline/99,8,12,good,toward_bad,False
baseline[good=above],baseline/99,9,12,good,toward_good,False
baseline[good=above],baseline/99,10,12,good,toward_bad,False
baseline[good=above],baseline/99,11,12,good,,True
baseline[good=below],baseline/99,0,12,bad,toward_good,False
baseline[good=below],baseline/99,1,12,bad,toward_good,False
baseline[good=below],baseline/99,2,12,bad,toward_good,False
baseline[good=below],baseline/99,3,12,bad,toward_bad,False
baseline[good=below],baseline/99,4,12,bad,toward_good,False
baseline[good=below],baseline/99,5,12,bad,toward_good,False
baseline[good=below],baseline/99,6,12,bad,toward_bad,False
baseline[good=below],baseline/99,7,12,bad,toward_good,False
baseline[good=below],baseline/99,8,12,bad,toward_good,False
baseline[good=below],baseline/99,9,12,bad,toward_bad,False
baseline[good=below],baseline/99,10,12,bad,toward_good,False
baseline[good=below],baseline/99,11,12,bad,,True
below_good,below_good/1,0,13,bad,toward_good,False
below_good,below_good/1,1,13,bad,toward_bad,False
below_good,below_good/1,2,13,bad,toward_bad,False
below_good,below_good/1,3,13,bad,toward_good,False
below_good,below_good/1,4,13,bad,toward_bad,False
below_good,below_good/1,5,13,bad,toward_bad,False
below_good,below_good/1,6,13,bad,toward_bad,False
below_good,below_good/1,7,13,bad,toward_bad,False
below_good,below_good/1,8,13,bad,toward_bad,False
below_good,below_good/1,9,13,bad,toward_good,False
below_good,below_good/1,10,13,bad,toward_bad,False
below_good,below_good/1,11,13,bad,toward_good,False
below_good,below_good/1,12,13,bad,,True
below_good,below_good/2,0,17,bad,toward_good,False
below_good,below_good/2,1,17,good,toward_bad,False
below_good,below_good/2,2,17,bad,toward_good,False
below_good,below_good/2,3,17,bad,toward_good,False
below_good,below_good/2,4,17,bad,toward_bad,False
below_good,below_good/2,5,17,bad,toward_good,False
below_good,below_good/2,6,17,good,toward_bad,False
below_good,below_good/2,7,17,bad,toward_bad,False
below_good,below_good/2,8,17,bad,toward_good,False
below_good,below_good/2,9,17,bad,toward_bad,False
below_good,below_good/2,10,17,bad,toward_good,False
below_good,below_good/2,11,17,good,toward_bad,False
below_good,below_good/2,12,17,bad,toward_good,False
below_good,below_good/2,13,17,bad,toward_bad,False
below_good,below_good/2,14,17,bad,toward_bad,False
below_good,below_good/2,15,17,bad,toward_good,False
below_good,below_good/2,16,17,good,,True
below_good,below_good/5,0,5,good,toward_good,False
below_good,below_good/5,1,5,good,toward_bad,False
below_good,below_good/5,2,5,good,toward_bad,False
below_good,below_good/5,3,5,good,toward_good,False
below_good,below_good/5,4,5,good,,True
below_good,below_good/6,0,74,good,toward_bad,False
below_good,below_good/6,1,74,bad,toward_bad,False
below_good,below_good/6,2,74,bad,toward_bad,False
below_good,below_good/6,3,74,bad,toward_bad,False
below_good,below_good/6,4,74,bad,toward_bad,False
below_good,below_good/6,5,74,bad,toward_bad,False
below_good,below_good/6,6,74,bad,toward_good,False
below_good,below_good/6,7,74,bad,toward_bad,False
below_good,below_good/6,8,74,bad,toward_bad,False
below_good,below_good/6,9,74,bad,toward_bad,False
below_good,below_good/6,10,74,bad,toward_bad,False
below_good,below_good/6,11,74,bad,toward_bad,False
below_good,below_good/6,12,74,bad,toward_good,False
below_good,below_good/6,13,74,bad,toward_bad,False
below_good,below_good/6,14,74,bad,toward_good,False
below_good,below_good/6,15,74,bad,toward_good,False
below_good,below_good/6,16,74,good,toward_good,False
below_good,below_good/6,17,74,good,toward_good,False
below_good,below_good/6,18,74,good,toward_bad,False
below_good,below_good/6,19,74,bad,toward_bad,False
below_good,below_good/6,20,74,bad,toward_bad,False
below_good,below_good/6,21,74,bad,toward_bad,False
below_good,below_good/6,22,74,bad,toward_bad,False
below_good,below_good/6,23,74,bad,toward_bad,False
below_good,below_good/6,24,74,bad,toward_good,False
below_good,below_good/6,25,74,bad,toward_bad,False
below_good,below_good/6,26,74,bad,toward_good,False
below_good,below_good/6,27,74,bad,toward_bad,False
below_good,below_good/6,28,74,bad,toward_bad,False
below_good,below_good/6,29,74,bad,toward_good,False
below_good,below_good/6,30,74,bad,toward_bad,False
below_good,below_good/6,31,74,bad,toward_bad,False
below_good,below_good/6,32,74,bad,toward_good,False
below_good,below_good/6,33,74,bad,toward_good,False
below_good,below_good/6,34,74,bad,toward_good,False
below_good,below_good/6,35,74,bad,toward_bad,False
below_good,below_good/6,36,74,bad,toward_bad,False
below_good,below_good/6,37,74,bad,toward_good,False
below_good,below_good/6,38,74,bad,toward_bad,False
below_good,below_good/6,39,74,bad,toward_good,False
below_good,below_good/6,40,74,bad,toward_good,False
below_good,below_good/6,41,74,bad,toward_bad,False
below_good,below_good/6,42,74,bad,toward_good,False
below_good,below_good/6,43,74,bad,toward_good,False
below_good,below_good/6,44,74,bad,toward_bad,False
below_good,below_good/6,45,74,bad,toward_good,False
below_good,below_good/6,46,74,bad,toward_bad,False
below_good,below_good/6,47,74,bad,toward_good,False
below_good,below_good/6,48,74,bad,toward_good,False
below_good,below_good/6,49,74,bad,toward_good,False
below_good,below_good/6,50,74,bad,toward_good,False
below_good,below_good/6,51,74,good,toward_bad,False
below_good,below_good/6,52,74,bad,toward_bad,False
below_good,below_good/6,53,74,bad,toward_good,False
below_good,below_good/6,54,74,bad,toward_good,False
below_good,below_good/6,55,74,bad,toward_bad,False
below_good,below_good/6,56,74,bad,toward_good,False
below_good,below_good/6,57,74,bad,toward_good,False
below_good,below_good/6,58,74,bad,toward_bad,False
below_good,below_good/6,59,74,bad,toward_bad,False
below_good,below_good/6,60,74,bad,toward_good,False
below_good,below_good/6,61,74,bad,toward_bad,False
below_good,below_good/6,62,74,bad,toward_bad,False
below_good,below_good/6,63,74,bad,toward_bad,False
below_good,below_good/6,64,74,bad,toward_good,False
below_good,below_good/6,65,74,bad,toward_bad,False
below_good,below_good/6,66,74,bad,toward_good,False
below_good,below_good/6,67,74,bad,toward_bad,False
below_good,below_good/6,68,74,bad,toward_good,False
below_good,below_good/6,69,74,bad,toward_bad,False
below_good,below_good/6,70,74,bad,toward_good,False
below_good,below_good/6,71,74,good,toward_bad,False
below_good,below_good/6,72,74,bad,toward_good,False
below_good,below_good/6,73,74,bad,,True
below_good,below_good/8,0,1,good,,True
below_good,below_good/12,0,5,bad,toward_bad,False
below_good,below_good/12,1,5,bad,toward_bad,False
below_good,below_good/12,2,5,bad,toward_bad,False
below_good,below_good/12,3,5,bad,toward_good,False
below_good,below_good/12,4,5,bad,,True
below_good,below_good/14,0,8,bad,toward_good,False
below_good,below_good/14,1,8,bad,same,False
below_good,below_good/14,2,8,bad,toward_bad,False
below_good,below_good/14,3,8,bad,toward_good,False
below_good,below_good/14,4,8,bad,toward_bad,False
below_good,below_good/14,5,8,bad,toward_bad,False
below_good,below_good/14,6,8,bad,toward_bad,False
below_good,below_good/14,7,8,bad,,True
below_good,below_good/15,0,6,bad,toward_good,False
below_good,below_good/15,1,6,bad,toward_bad,False
below_good,below_good/15,2,6,bad,toward_bad,False
below_good,below_good/15,3,6,bad,toward_good,False
below_good,below_good/15,4,6,bad,toward_good,False
below_good,below_good/15,5,6,good,,True
below_good,below_good/17,0,4,good,toward_bad,False
below_good,below_good/17,1,4,good,toward_bad,False
below_good,below_good/17,2,4,good,toward_good,False
below_good,below_good/17,3,4,good,,True
below_good,below_good/18,0,3,good,toward_bad,False
below_good,below_good/18,1,3,good,toward_bad,False
below_good,below_good/18,2,3,good,,True
below_good,below_good/19,0,29,bad,toward_bad,False
below_good,below_good/19,1,29,bad,toward_bad,False
below_good,below_good/19,2,29,bad,toward_good,False
below_good,below_good/19,3,29,bad,toward_good,False
below_good,below_good/19,4,29,bad,toward_good,False
below_good,below_good/19,5,29,good,toward_bad,False
below_good,below_good/19,6,29,bad,toward_bad,False
below_good,below_good/19,7,29,bad,toward_good,False
below_good,below_good/19,8,29,bad,toward_bad,False
below_good,below_good/19,9,29,bad,toward_bad,False
below_good,below_good/19,10,29,bad,toward_bad,False
below_good,below_good/19,11,29,bad,toward_good,False
below_good,below_good/19,12,29,bad,toward_bad,False
below_good,below_good/19,13,29,bad,toward_bad,False
below_good,below_good/19,14,29,bad,toward_bad,False
below_good,below_good/19,15,29,bad,toward_bad,False
below_good,below_good/19,16,29,bad,toward_good,False
below_good,below_good/19,17,29,bad,toward_good,False
below_good,below_good/19,18,29,bad,toward_good,False
below_good,below_good/19,19,29,bad,toward_good,False
below_good,below_good/19,20,29,bad,toward_bad,False
below_good,below_good/19,21,29,bad,toward_good,False
below_good,below_good/19,22,29,bad,toward_good,False
below_good,below_good/19,23,29,bad,toward_bad,False
below_good,below_good/19,24,29,bad,toward_bad,False
below_good,below_good/19,25,29,bad,toward_good,False
below_good,below_good/19,26,29,bad,toward_good,False
below_good,below_good/19,27,29,bad,toward_bad,False
below_good,below_good/19,28,29,bad,,True
below_good,below_good/20,0,9,good,toward_bad,False
below_good,below_good/20,1,9,bad,toward_bad,False
below_good,below_good/20,2,9,bad,toward_good,False
below_good,below_good/20,3,9,bad,toward_good,False
below_good,below_good/20,4,9,good,toward_bad,False
below_good,below_good/20,5,9,bad,toward_good,False
below_good,below_good/20,6,9,bad,toward_good,False
below_good,below_good/20,7,9,bad,toward_bad,False
below_good,below_good/20,8,9,bad,,True
below_good,below_good/21,0,9,bad,toward_bad,False
below_good,below_good/21,1,9,bad,toward_good,False
below_good,below_good/21,2,9,bad,toward_good,False
below_good,below_good/21,3,9,bad,toward_good,False
below_good,below_good/21,4,9,bad,toward_bad,False
below_good,below_good/21,5,9,bad,toward_bad,False
below_good,below_good/21,6,9,bad,toward_good,False
below_good,below_good/21,7,9,bad,toward_good,False
below_good,below_good/21,8,9,bad,,True
below_good,below_good/24,0,4,bad,toward_bad,False
below_good,below_good/24,1,4,bad,toward_bad,False
below_good,below_good/24,2,4,bad,toward_bad,False
below_good,below_good/24,3,4,bad,,True
below_good,below_good/25,0,1,good,,True
below_good,below_good/28,0,12,good,toward_bad,False
below_good,below_good/28,1,12,bad,toward_good,False
below_good,below_good/28,2,12,bad,toward_good,False
below_good,below_good/28,3,12,bad,toward_good,False
below_good,below_good/28,4,12,bad,toward_good,False
below_good,below_good/28,5,12,bad,toward_good,False
below_good,below_good/28,6,12,bad,toward_good,False
below_good,below_good/28,7,12,good,toward_good,False
below_good,below_good/28,8,12,good,toward_good,False
below_good,below_good/28,9,12,good,toward_bad,False
below_good,below_good/28,10,12,good,toward_bad,False
below_good,below_good/28,11,12,good,,True
below_good,below_good/33,0,1,good,,True
below_good,below_good/36,0,6,bad,toward_bad,False
below_good,below_good/36,1,6,bad,toward_good,False
below_good,below_good/36,2,6,bad,toward_good,False
below_good,below_good/36,3,6,bad,toward_bad,False
below_good,below_good/36,4,6,bad,toward_bad,False
below_good,below_good/36,5,6,bad,,True
below_good,below_good/38,0,1,good,,True
below_good,below_good/44,0,1,good,,True
below_good,below_good/46,0,3,good,toward_bad,False
below_good,below_good/46,1,3,bad,toward_good,False
below_good,below_good/46,2,3,good,,True
below_good,below_good/47,0,3,bad,toward_good,False
below_good,below_good/47,1,3,bad,toward_bad,False
below_good,below_good/47,2,3,bad,,True
below_good,below_good/49,0,4,good,toward_good,False
below_good,below_good/49,1,4,good,toward_good,False
below_good,below_good/49,2,4,good,toward_good,False
below_good,below_good/49,3,4,good,,True
below_good,below_good/50,0,1,good,,True
below_good,below_good/53,0,2,good,toward_bad,False
below_good,below_good/53,1,2,good,,True
below_good,below_good/57,0,4,good,toward_good,False
below_good,below_good/57,1,4,good,toward_good,False
below_good,below_good/57,2,4,good,toward_bad,False
below_good,below_good/57,3,4,good,,True
below_good,below_good/58,0,32,good,toward_bad,False
below_good,below_good/58,1,32,good,toward_bad,False
below_good,below_good/58,2,32,bad,toward_bad,False
below_good,below_good/58,3,32,bad,toward_good,False
below_good,below_good/58,4,32,good,toward_bad,False
below_good,below_good/58,5,32,good,toward_bad,False
below_good,below_good/58,6,32,bad,toward_good,False
below_good,below_good/58,7,32,good,toward_bad,False
below_good,below_good/58,8,32,bad,toward_good,False
below_good,below_good/58,9,32,good,toward_bad,False
below_good,below_good/58,10,32,bad,toward_good,False
below_good,below_good/58,11,32,good,toward_good,False
below_good,below_good/58,12,32,good,toward_bad,False
below_good,below_good/58,13,32,bad,toward_good,False
below_good,below_good/58,14,32,good,toward_bad,False
below_good,below_good/58,15,32,good,toward_bad,False
below_good,below_good/58,16,32,bad,toward_good,False
below_good,below_good/58,17,32,good,toward_bad,False
below_good,below_good/58,18,32,bad,toward_good,False
below_good,below_good/58,19,32,good,toward_bad,False
below_good,below_good/58,20,32,bad,toward_bad,False
below_good,below_good/58,21,32,bad,toward_good,False
below_good,below_good/58,22,32,bad,toward_bad,False
below_good,below_good/58,23,32,bad,toward_good,False
below_good,below_good/58,24,32,good,toward_bad,False
below_good,below_good/58,25,32,bad,toward_good,False
below_good,below_good/58,26,32,bad,toward_good,False
below_good,below_good/58,27,32,bad,toward_good,False
below_good,below_good/58,28,32,bad,toward_good,False
below_good,below_good/58,29,32,good,toward_bad,False
below_good,below_good/58,30,32,bad,toward_good,False
below_good,below_good/58,31,32,bad,,True
below_good,below_good/59,0,1,good,,True
below_good,below_good/62,0,6,good,toward_bad,False
below_good,below_good/62,1,6,good,toward_good,False
below_good,below_good/62,2,6,good,toward_bad,False
below_good,below_good/62,3,6,good,toward_bad,False
below_good,below_good/62,4,6,good,toward_good,False
below_good,below_good/62,5,6,good,,True
below_good,below_good/63,0,3,good,toward_bad,False
below_good,below_good/63,1,3,good,toward_good,False
below_good,below_good/63,2,3,good,,True
below_good,below_good/64,0,1,good,,True
below_good,below_good/66,0,1,good,,True
below_good,below_good/67,0,17,bad,toward_good,False
below_good,below_good/67,1,17,bad,toward_good,False
below_good,below_good/67,2,17,good,toward_bad,False
below_good,below_good/67,3,17,good,toward_bad,False
below_good,below_good/67,4,17,bad,toward_bad,False
below_good,below_good/67,5,17,bad,toward_bad,False
below_good,below_good/67,6,17,bad,toward_good,False
below_good,below_good/67,7,17,bad,toward_good,False
below_good,below_good/67,8,17,bad,toward_bad,False
below_good,below_good/67,9,17,bad,toward_good,False
below_good,below_good/67,10,17,bad,toward_good,False
below_good,below_good/67,11,17,good,toward_bad,False
below_good,below_good/67,12,17,bad,toward_bad,False
below_good,below_good/67,13,17,bad,toward_good,False
below_good,below_good/67,14,17,bad,toward_bad,False
below_good,below_good/67,15,17,bad,toward_bad,False
below_good,below_good/67,16,17,bad,,True
below_good,below_good/68,0,1,good,,True
below_good,below_good/69,0,7,good,toward_bad,False
below_good,below_good/69,1,7,good,toward_bad,False
below_good,below_good/69,2,7,bad,toward_good,False
below_good,below_good/69,3,7,bad,toward_good,False
below_good,below_good/69,4,7,good,toward_good,False
below_good,below_good/69,5,7,good,toward_good,False
below_good,below_good/69,6,7,good,,True
below_good,below_good/71,0,1,bad,,True
below_good,below_good/72,0,4,good,toward_good,False
below_good,below_good/72,1,4,good,toward_good,False
below_good,below_good/72,2,4,good,toward_bad,False
below_good,below_good/72,3,4,good,,True
below_good,below_good/75,0,1,good,,True
below_good,below_good/76,0,1,good,,True
below_good,below_good/78,0,4,bad,toward_good,False
below_good,below_good/78,1,4,bad,toward_good,False
below_good,below_good/78,2,4,bad,toward_good,False
below_good,below_good/78,3,4,good,,True
below_good,below_good/79,0,1,good,,True
below_good,below_good/81,0,1,good,,True
below_good,below_good/83,0,5,bad,toward_good,False
below_good,below_good/83,1,5,bad,toward_bad,False
below_good,below_good/83,2,5,bad,toward_good,False
below_good,below_good/83,3,5,bad,toward_good,False
below_good,below_good/83,4,5,bad,,True
below_good,below_good/84,0,16,bad,toward_bad,False
below_good,below_good/84,1,16,bad,toward_bad,False
below_good,below_good/84,2,16,bad,toward_good,False
below_good,below_good/84,3,16,good,toward_bad,False
below_good,below_good/84,4,16,bad,toward_bad,False
below_good,below_good/84,5,16,bad,toward_bad,False
below_good,below_good/84,6,16,bad,toward_good,False
below_good,below_good/84,7,16,bad,toward_bad,False
below_good,below_good/84,8,16,bad,toward_bad,False
below_good,below_good/84,9,16,bad,toward_bad,False
below_good,below_good/84,10,16,bad,toward_good,False
below_good,below_good/84,11,16,bad,toward_bad,False
below_good,below_good/84,12,16,bad,toward_bad,False
below_good,below_good/84,13,16,bad,toward_good,False
below_good,below_good/84,14,16,bad,toward_good,False
below_good,below_good/84,15,16,bad,,True
below_good,below_good/85,0,5,good,toward_bad,False
below_good,below_good/85,1,5,good,toward_bad,False
below_good,below_good/85,2,5,bad,toward_good,False
below_good,below_good/85,3,5,bad,toward_bad,False
below_good,below_good/85,4,5,bad,,True
below_good,below_good/87,0,1,good,,True
below_good,below_good/89,0,18,good,toward_bad,False
below_good,below_good/89,1,18,good,toward_bad,False
below_good,below_good/89,2,18,good,toward_good,False
below_good,below_good/89,3,18,good,toward_bad,False
below_good,below_good/89,4,18,good,toward_bad,False
below_good,below_good/89,5,18,good,toward_bad,False
below_good,below_good/89,6,18,good,toward_good,False
below_good,below_good/89,7,18,good,toward_good,False
below_good,below_good/89,8,18,good,toward_good,False
below_good,below_good/89,9,18,good,toward_bad,False
below_good,below_good/89,10,18,good,toward_bad,False
below_good,below_good/89,11,18,good,toward_bad,False
below_good,below_good/89,12,18,good,toward_good,False
below_good,below_good/89,13,18,good,toward_bad,False
below_good,below_good/89,14,18,good,toward_good,False
below_good,below_good/89,15,18,good,toward_bad,False
below_good,below_good/89,16,18,good,toward_good,False
below_good,below_good/89,17,18,good,,True
below_good,below_good/90,0,1,good,,True
below_good,below_good/91,0,22,good,toward_bad,False
below_good,below_good/91,1,22,good,toward_good,False
below_good,below_good/91,2,22,good,toward_bad,False
below_good,below_good/91,3,22,good,toward_good,False
below_good,below_good/91,4,22,good,toward_bad,False
below_good,below_good/91,5,22,bad,toward_good,False
below_good,below_good/91,6,22,bad,toward_good,False
below_good,below_good/91,7,22,good,toward_good,False
below_good,below_good/91,8,22,good,toward_bad,False
below_good,below_good/91,9,22,good,toward_good,False
below_good,below_good/91,10,22,good,toward_good,False
below_good,below_good/91,11,22,good,toward_bad,False
below_good,below_good/91,12,22,good,toward_good,False
below_good,below_good/91,13,22,good,toward_good,False
below_good,below_good/91,14,22,good,toward_good,False
below_good,below_good/91,15,22,good,toward_bad,False
below_good,below_good/91,16,22,good,toward_good,False
below_good,below_good/91,17,22,good,toward_good,False
below_good,below_good/91,18,22,good,toward_bad,False
below_good,below_good/91,19,22,good,toward_good,False
below_good,below_good/91,20,22,good,toward_good,False
below_good,below_good/91,21,22,good,,True
below_good,below_good/95,0,24,bad,toward_good,False
below_good,below_good/95,1,24,bad,toward_good,False
below_good,below_good/95,2,24,good,toward_bad,False
below_good,below_good/95,3,24,bad,toward_bad,False
below_good,below_good/95,4,24,bad,toward_good,False
below_good,below_good/95,5,24,good,toward_bad,False
below_good,below_good/95,6,24,bad,toward_good,False
below_good,below_good/95,7,24,good,toward_bad,False
below_good,below_good/95,8,24,bad,toward_bad,False
below_good,below_good/95,9,24,bad,toward_good,False
below_good,below_good/95,10,24,good,toward_bad,False
below_good,below_good/95,11,24,bad,toward_good,False
below_good,below_good/95,12,24,good,toward_bad,False
below_good,below_good/95,13,24,bad,toward_good,False
below_good,below_good/95,14,24,bad,toward_bad,False
below_good,below_good/95,15,24,bad,toward_bad,False
below_good,below_good/95,16,24,bad,toward_good,False
below_good,below_good/95,17,24,bad,toward_good,False
below_good,below_good/95,18,24,good,toward_bad,False
below_good,below_good/95,19,24,bad,toward_good,False
below_good,below_good/95,20,24,bad,toward_bad,False
below_good,below_good/95,21,24,bad,toward_good,False
below_good,below_good/95,22,24,good,toward_bad,False
below_good,below_good/95,23,24,bad,,True
below_good,below_good/98,0,23,bad,toward_bad,False
below_good,below_good/98,1,23,bad,toward_good,False
below_good,below_good/98,2,23,bad,toward_bad,False
below_good,below_good/98,3,23,bad,toward_good,False
below_good,below_good/98,4,23,bad,toward_bad,False
below_good,below_good/98,5,23,bad,toward_good,False
below_good,below_good/98,6,23,bad,toward_bad,False
below_good,below_good/98,7,23,bad,toward_good,False
below_good,below_good/98,8,23,bad,toward_bad,False
below_good,below_good/98,9,23,bad,toward_good,False
below_good,below_good/98,10,23,bad,toward_bad,False
below_good,below_good/98,11,23,bad,toward_good,False
below_good,below_good/98,12,23,bad,toward_bad,False
below_good,below_good/98,13,23,bad,toward_good,False
below_good,below_good/98,14,23,bad,toward_bad,False
below_good,below_good/98,15,23,bad,toward_good,False
below_good,below_good/98,16,23,bad,toward_good,False
below_good,below_good/98,17,23,bad,toward_bad,False
below_good,below_good/98,18,23,bad,toward_good,False
below_good,below_good/98,19,23,bad,toward_bad,False
below_good,below_good/98,20,23,bad,toward_good,False
below_good,below_good/98,21,23,bad,toward_bad,False
below_good,below_good/98,22,23,bad,,True
above_good,above_good/1,0,45,good,toward_good,False
above_good,above_good/1,1,45,good,toward_bad,False
above_good,above_good/1,2,45,good,toward_good,False
above_good,above_good/1,3,45,good,toward_good,False
above_good,above_good/1,4,45,good,toward_good,False
above_good,above_good/1,5,45,good,toward_bad,False
above_good,above_good/1,6,45,good,toward_bad,False
above_good,above_good/1,7,45,good,toward_bad,False
above_good,above_good/1,8,45,good,toward_good,False
above_good,above_good/1,9,45,good,toward_good,False
above_good,above_good/1,10,45,good,toward_bad,False
above_good,above_good/1,11,45,good,toward_bad,False
above_good,above_good/1,12,45,good,toward_bad,False
above_good,above_good/1,13,45,good,toward_good,False
above_good,above_good/1,14,45,good,toward_bad,False
above_good,above_good/1,15,45,good,toward_bad,False
above_good,above_good/1,16,45,good,toward_good,False
above_good,above_good/1,17,45,good,toward_good,False
above_good,above_good/1,18,45,good,toward_good,False
above_good,above_good/1,19,45,good,toward_bad,False
above_good,above_good/1,20,45,good,toward_good,False
above_good,above_good/1,21,45,good,toward_good,False
above_good,above_good/1,22,45,good,toward_good,False
above_good,above_good/1,23,45,good,toward_bad,False
above_good,above_good/1,24,45,good,toward_bad,False
above_good,above_good/1,25,45,good,toward_bad,False
above_good,above_good/1,26,45,good,toward_good,False
above_good,above_good/1,27,45,good,toward_good,False
above_good,above_good/1,28,45,good,toward_bad,False
above_good,above_good/1,29,45,good,toward_bad,False
above_good,above_good/1,30,45,good,toward_good,False
above_good,above_good/1,31,45,good,toward_bad,False
above_good,above_good/1,32,45,good,toward_bad,False
above_good,above_good/1,33,45,good,toward_good,False
above_good,above_good/1,34,45,good,toward_bad,False
above_good,above_good/1,35,45,good,toward_good,False
above_good,above_good/1,36,45,good,toward_bad,False
above_good,above_good/1,37,45,good,toward_bad,False
above_good,above_good/1,38,45,good,toward_good,False
above_good,above_good/1,39,45,good,toward_bad,False
above_good,above_good/1,40,45,good,toward_good,False
above_good,above_good/1,41,45,good,toward_good,False
above_good,above_good/1,42,45,good,toward_good,False
above_good,above_good/1,43,45,good,toward_bad,False
above_good,above_good/1,44,45,good,,True
above_good,above_good/2,0,8,good,toward_bad,False
above_good,above_good/2,1,8,good,toward_bad,False
above_good,above_good/2,2,8,bad,toward_good,False
above_good,above_good/2,3,8,good,toward_bad,False
above_good,above_good/2,4,8,good,toward_good,False
above_good,above_good/2,5,8,good,toward_bad,False
above_good,above_good/2,6,8,good,toward_bad,False
above_good,above_good/2,7,8,good,,True
above_good,above_good/3,0,5,good,toward_good,False
above_good,above_good/3,1,5,good,toward_good,False
above_good,above_good/3,2,5,good,toward_good,False
above_good,above_good/3,3,5,good,toward_bad,False
above_good,above_good/3,4,5,good,,True
above_good,above_good/4,0,1,good,,True
above_good,above_good/6,0,1,good,,True
above_good,above_good/9,0,1,good,,True
above_good,above_good/10,0,4,good,toward_good,False
above_good,above_good/10,1,4,good,toward_bad,False
above_good,above_good/10,2,4,good,toward_bad,False
above_good,above_good/10,3,4,good,,True
above_good,above_good/12,0,5,bad,toward_good,False
above_good,above_good/12,1,5,bad,toward_good,False
above_good,above_good/12,2,5,bad,toward_good,False
above_good,above_good/12,3,5,good,toward_good,False
above_good,above_good/12,4,5,good,,True
above_good,above_good/13,0,12,good,toward_good,False
above_good,above_good/13,1,12,good,toward_good,False
above_good,above_good/13,2,12,good,toward_bad,False
above_good,above_good/13,3,12,good,toward_bad,False
above_good,above_good/13,4,12,good,toward_bad,False
above_good,above_good/13,5,12,good,toward_bad,False
above_good,above_good/13,6,12,good,toward_good,False
above_good,above_good/13,7,12,good,toward_good,False
above_good,above_good/13,8,12,good,toward_good,False
above_good,above_good/13,9,12,good,toward_bad,False
above_good,above_good/13,10,12,good,toward_bad,False
above_good,above_good/13,11,12,good,,True
above_good,above_good/14,0,21,good,toward_bad,False
above_good,above_good/14,1,21,good,toward_good,False
above_good,above_good/14,2,21,good,toward_bad,False
above_good,above_good/14,3,21,good,toward_bad,False
above_good,above_good/14,4,21,good,toward_good,False
above_good,above_good/14,5,21,good,toward_bad,False
above_good,above_good/14,6,21,good,toward_bad,False
above_good,above_good/14,7,21,good,toward_bad,False
above_good,above_good/14,8,21,good,toward_good,False
above_good,above_good/14,9,21,good,toward_bad,False
above_good,above_good/14,10,21,good,toward_good,False
above_good,above_good/14,11,21,good,toward_bad,False
above_good,above_good/14,12,21,good,toward_good,False
above_good,above_good/14,13,21,good,toward_bad,False
above_good,above_good/14,14,21,good,toward_bad,False
above_good,above_good/14,15,21,good,toward_good,False
above_good,above_good/14,16,21,good,toward_good,False
above_good,above_good/14,17,21,good,toward_bad,False
above_good,above_good/14,18,21,good,toward_good,False
above_good,above_good/14,19,21,good,toward_bad,False
above_good,above_good/14,20,21,good,,True
above_good,above_good/15,0,2,good,toward_good,False
above_good,above_good/15,1,2,good,,True
above_good,above_good/16,0,8,good,toward_good,False
above_good,above_good/16,1,8,good,toward_bad,False
above_good,above_good/16,2,8,good,toward_bad,False
above_good,above_good/16,3,8,good,toward_good,False
above_good,above_good/16,4,8,good,toward_good,False
above_good,above_good/16,5,8,good,toward_good,False
above_good,above_good/16,6,8,good,toward_bad,False
above_good,above_good/16,7,8,good,,True
above_good,above_good/17,0,12,good,toward_bad,False
above_good,above_good/17,1,12,good,toward_good,False
above_good,above_good/17,2,12,good,toward_bad,False
above_good,above_good/17,3,12,bad,toward_good,False
above_good,above_good/17,4,12,good,toward_good,False
above_good,above_good/17,5,12,good,toward_good,False
above_good,above_good/17,6,12,good,toward_bad,False
above_good,above_good/17,7,12,good,toward_bad,False
above_good,above_good/17,8,12,good,toward_bad,False
above_good,above_good/17,9,12,good,toward_good,False
above_good,above_good/17,10,12,good,toward_good,False
above_good,above_good/17,11,12,good,,True
above_good,above_good/18,0,1,good,,True
above_good,above_good/19,0,23,good,toward_good,False
above_good,above_good/19,1,23,good,toward_bad,False
above_good,above_good/19,2,23,good,toward_good,False
above_good,above_good/19,3,23,good,toward_good,False
above_good,above_good/19,4,23,good,toward_good,False
above_good,above_good/19,5,23,good,toward_bad,False
above_good,above_good/19,6,23,good,toward_bad,False
above_good,above_good/19,7,23,good,toward_good,False
above_good,above_good/19,8,23,good,toward_good,False
above_good,above_good/19,9,23,good,toward_bad,False
above_good,above_good/19,10,23,good,toward_bad,False
above_good,above_good/19,11,23,good,toward_good,False
above_good,above_good/19,12,23,good,toward_bad,False
above_good,above_good/19,13,23,good,toward_good,False
above_good,above_good/19,14,23,good,toward_bad,False
above_good,above_good/19,15,23,good,toward_bad,False
above_good,above_good/19,16,23,good,toward_good,False
above_good,above_good/19,17,23,good,toward_good,False
above_good,above_good/19,18,23,good,toward_bad,False
above_good,above_good/19,19,23,good,toward_bad,False
above_good,above_good/19,20,23,good,toward_good,False
above_good,above_good/19,21,23,good,toward_good,False
above_good,above_good/19,22,23,good,,True
above_good,above_good/21,0,31,bad,toward_bad,False
above_good,above_good/21,1,31,bad,toward_good,False
above_good,above_good/21,2,31,bad,toward_good,False
above_good,above_good/21,3,31,bad,toward_bad,False
above_good,above_good/21,4,31,bad,toward_bad,False
above_good,above_good/21,5,31,bad,toward_good,False
above_good,above_good/21,6,31,bad,toward_good,False
above_good,above_good/21,7,31,good,toward_bad,False
above_good,above_good/21,8,31,good,toward_bad,False
above_good,above_good/21,9,31,good,toward_good,False
above_good,above_good/21,10,31,good,toward_bad,False
above_good,above_good/21,11,31,good,toward_bad,False
above_good,above_good/21,12,31,good,toward_good,False
above_good,above_good/21,13,31,good,toward_bad,False
above_good,above_good/21,14,31,good,toward_good,False
above_good,above_good/21,15,31,good,toward_good,False
above_good,above_good/21,16,31,good,toward_bad,False
above_good,above_good/21,17,31,good,toward_bad,False
above_good,above_good/21,18,31,good,toward_good,False
above_good,above_good/21,19,31,good,toward_bad,False
above_good,above_good/21,20,31,good,toward_bad,False
above_good,above_good/21,21,31,good,toward_bad,False
above_good,above_good/21,22,31,good,toward_good,False
above_good,above_good/21,23,31,good,toward_bad,False
above_good,above_good/21,24,31,good,toward_good,False
above_good,above_good/21,25,31,good,toward_bad,False
above_good,above_good/21,26,31,good,toward_bad,False
above_good,above_good/21,27,31,good,toward_good,False
above_good,above_good/21,28,31,good,toward_good,False
above_good,above_good/21,29,31,good,toward_bad,False
above_good,above_good/21,30,31,good,,True
above_good,above_good/22,0,4,bad,toward_good,False
above_good,above_good/22,1,4,good,toward_good,False
above_good,above_good/22,2,4,good,toward_bad,False
above_good,above_good/22,3,4,good,,True
above_good,above_good/23,0,4,good,toward_good,False
above_good,above_good/23,1,4,good,toward_bad,False
above_good,above_good/23,2,4,good,toward_good,False
above_good,above_good/23,3,4,good,,True
above_good,above_good/25,0,1,good,,True
above_good,above_good/26,0,55,good,toward_good,False
above_good,above_good/26,1,55,good,toward_bad,False
above_good,above_good/26,2,55,good,toward_bad,False
above_good,above_good/26,3,55,good,toward_bad,False
above_good,above_good/26,4,55,good,toward_bad,False
above_good,above_good/26,5,55,good,toward_bad,False
above_good,above_good/26,6,55,bad,toward_good,False
above_good,above_good/26,7,55,good,toward_good,False
above_good,above_good/26,8,55,good,toward_bad,False
above_good,above_good/26,9,55,good,toward_good,False
above_good,above_good/26,10,55,good,toward_bad,False
above_good,above_good/26,11,55,good,same,False
above_good,above_good/26,12,55,good,toward_good,False
above_good,above_good/26,13,55,good,toward_bad,False
above_good,above_good/26,14,55,good,toward_good,False
above_good,above_good/26,15,55,good,toward_good,False
above_good,above_good/26,16,55,good,toward_bad,False
above_good,above_good/26,17,55,good,toward_good,False
above_good,above_good/26,18,55,good,toward_bad,False
above_good,above_good/26,19,55,good,toward_bad,False
above_good,above_good/26,20,55,good,toward_good,False
above_good,above_good/26,21,55,good,toward_good,False
above_good,above_good/26,22,55,good,toward_bad,False
above_good,above_good/26,23,55,good,toward_good,False
above_good,above_good/26,24,55,good,toward_bad,False
above_good,above_good/26,25,55,good,toward_good,False
above_good,above_good/26,26,55,good,toward_bad,False
above_good,above_good/26,27,55,good,toward_good,False
above_good,above_good/26,28,55,good,toward_bad,False
above_good,above_good/26,29,55,good,same,False
above_good,above_good/26,30,55,good,toward_bad,False
above_good,above_good/26,31,55,good,toward_good,False
above_good,above_good/26,32,55,good,toward_bad,False
above_good,above_good/26,33,55,good,toward_good,False
above_good,above_good/26,34,55,good,toward_good,False
above_good,above_good/26,35,55,good,toward_good,False
above_good,above_good/26,36,55,good,toward_good,False
above_good,above_good/26,37,55,good,toward_bad,False
above_good,above_good/26,38,55,good,toward_good,False
above_good,above_good/26,39,55,good,toward_bad,False
above_good,above_good/26,40,55,good,toward_good,False
above_good,above_good/26,41,55,good,toward_bad,False
above_good,above_good/26,42,55,good,toward_good,False
above_good,above_good/26,43,55,good,toward_good,False
above_good,above_good/26,44,55,good,toward_bad,False
above_good,above_good/26,45,55,good,toward_good,False
above_good,above_good/26,46,55,good,toward_bad,False
above_good,above_good/26,47,55,good,toward_bad,False
above_good,above_good/26,48,55,good,toward_good,False
above_good,above_good/26,49,55,good,toward_good,False
above_good,above_good/26,50,55,good,toward_good,False
above_good,above_good/26,51,55,good,toward_bad,False
above_good,above_good/26,52,55,good,toward_good,False
above_good,above_good/26,53,55,good,toward_good,False
above_good,above_good/26,54,55,good,,True
above_good,above_good/27,0,56,bad,toward_good,False
above_good,above_good/27,1,56,good,toward_good,False
above_good,above_good/27,2,56,good,toward_bad,False
above_good,above_good/27,3,56,bad,toward_good,False
above_good,above_good/27,4,56,good,toward_good,False
above_good,above_good/27,5,56,good,toward_good,False
above_good,above_good/27,6,56,good,toward_bad,False
above_good,above_good/27,7,56,good,toward_bad,False
above_good,above_good/27,8,56,good,toward_good,False
above_good,above_good/27,9,56,good,toward_bad,False
above_good,above_good/27,10,56,good,toward_bad,False
above_good,above_good/27,11,56,bad,toward_good,False
above_good,above_good/27,12,56,good,toward_bad,False
above_good,above_good/27,13,56,good,toward_good,False
above_good,above_good/27,14,56,good,toward_good,False
above_good,above_good/27,15,56,good,toward_bad,False
above_good,above_good/27,16,56,good,toward_good,False
above_good,above_good/27,17,56,good,toward_bad,False
above_good,above_good/27,18,56,good,toward_good,False
above_good,above_good/27,19,56,good,toward_good,False
above_good,above_good/27,20,56,good,toward_bad,False
above_good,above_good/27,21,56,good,toward_bad,False
above_good,above_good/27,22,56,good,toward_bad,False
above_good,above_good/27,23,56,good,toward_good,False
above_good,above_good/27,24,56,good,toward_bad,False
above_good,above_good/27,25,56,good,toward_good,False
above_good,above_good/27,26,56,good,toward_good,False
above_good,above_good/27,27,56,good,toward_good,False
above_good,above_good/27,28,56,good,toward_good,False
above_good,above_good/27,29,56,good,toward_bad,False
above_good,above_good/27,30,56,good,toward_good,False
above_good,above_good/27,31,56,good,toward_good,False
above_good,above_good/27,32,56,good,toward_bad,False
above_good,above_good/27,33,56,good,toward_bad,False
above_good,above_good/27,34,56,good,toward_good,False
above_good,above_good/27,35,56,good,toward_bad,False
above_good,above_good/27,36,56,good,toward_bad,False
above_good,above_good/27,37,56,good,toward_good,False
above_good,above_good/27,38,56,good,toward_good,False
above_good,above_good/27,39,56,good,toward_good,False
above_good,above_good/27,40,56,good,toward_good,False
above_good,above_good/27,41,56,good,toward_bad,False
above_good,above_good/27,42,56,good,toward_good,False
above_good,above_good/27,43,56,good,toward_bad,False
above_good,above_good/27,44,56,good,toward_bad,False
above_good,above_good/27,45,56,good,toward_good,False
above_good,above_good/27,46,56,good,toward_good,False
above_good,above_good/27,47,56,good,toward_bad,False
above_good,above_good/27,48,56,good,toward_bad,False
above_good,above_good/27,49,56,good,toward_good,False
above_good,above_good/27,50,56,good,toward_good,False
above_good,above_good/27,51,56,good,toward_bad,False
above_good,above_good/27,52,56,good,toward_good,False
above_good,above_good/27,53,56,good,toward_good,False
above_good,above_good/27,54,56,good,toward_good,False
above_good,above_good/27,55,56,good,,True
above_good,above_good/32,0,4,good,toward_good,False
above_good,above_good/32,1,4,good,toward_bad,False
above_good,above_good/32,2,4,bad,toward_good,False
above_good,above_good/32,3,4,good,,True
above_good,above_good/36,0,32,good,toward_bad,False
above_good,above_good/36,1,32,good,toward_good,False
above_good,above_good/36,2,32,good,toward_bad,False
above_good,above_good/36,3,32,good,toward_bad,False
above_good,above_good/36,4,32,bad,toward_good,False
above_good,above_good/36,5,32,good,toward_bad,False
above_good,above_good/36,6,32,good,toward_bad,False
above_good,above_good/36,7,32,good,toward_bad,False
above_good,above_good/36,8,32,bad,toward_good,False
above_good,above_good/36,9,32,good,toward_bad,False
above_good,above_good/36,10,32,good,toward_good,False
above_good,above_good/36,11,32,good,toward_bad,False
above_good,above_good/36,12,32,good,toward_bad,False
above_good,above_good/36,13,32,good,toward_bad,False
above_good,above_good/36,14,32,good,toward_bad,False
above_good,above_good/36,15,32,good,toward_good,False
above_good,above_good/36,16,32,good,toward_bad,False
above_good,above_good/36,17,32,good,toward_good,False
above_good,above_good/36,18,32,good,toward_good,False
above_good,above_good/36,19,32,good,toward_bad,False
above_good,above_good/36,20,32,good,toward_good,False
above_good,above_good/36,21,32,good,toward_good,False
above_good,above_good/36,22,32,good,toward_bad,False
above_good,above_good/36,23,32,good,toward_good,False
above_good,above_good/36,24,32,good,toward_bad,False
above_good,above_good/36,25,32,good,toward_bad,False
above_good,above_good/36,26,32,good,toward_good,False
above_good,above_good/36,27,32,good,toward_good,False
above_good,above_good/36,28,32,good,toward_good,False
above_good,above_good/36,29,32,good,toward_bad,False
above_good,above_good/36,30,32,good,toward_good,False
above_good,above_good/36,31,32,good,,True
above_good,above_good/37,0,11,good,toward_good,False
above_good,above_good/37,1,11,good,toward_bad,False
above_good,above_good/37,2,11,good,toward_good,False
above_good,above_good/37,3,11,good,toward_bad,False
above_good,above_good/37,4,11,good,toward_good,False
above_good,above_good/37,5,11,good,toward_bad,False
above_good,above_good/37,6,11,good,toward_bad,False
above_good,above_good/37,7,11,good,toward_good,False
above_good,above_good/37,8,11,good,toward_good,False
above_good,above_good/37,9,11,good,toward_bad,False
above_good,above_good/37,10,11,good,,True
above_good,above_good/39,0,60,bad,toward_good,False
above_good,above_good/39,1,60,good,toward_bad,False
above_good,above_good/39,2,60,bad,toward_good,False
above_good,above_good/39,3,60,good,toward_good,False
above_good,above_good/39,4,60,good,toward_bad,False
above_good,above_good/39,5,60,good,toward_bad,False
above_good,above_good/39,6,60,good,toward_bad,False
above_good,above_good/39,7,60,good,toward_good,False
above_good,above_good/39,8,60,good,toward_bad,False
above_good,above_good/39,9,60,good,toward_good,False
above_good,above_good/39,10,60,good,toward_bad,False
above_good,above_good/39,11,60,good,toward_bad,False
above_good,above_good/39,12,60,good,toward_good,False
above_good,above_good/39,13,60,good,toward_bad,False
above_good,above_good/39,14,60,good,toward_good,False
above_good,above_good/39,15,60,good,toward_bad,False
above_good,above_good/39,16,60,good,toward_good,False
above_good,above_good/39,17,60,good,toward_good,False
above_good,above_good/39,18,60,good,toward_bad,False
above_good,above_good/39,19,60,good,toward_good,False
above_good,above_good/39,20,60,good,toward_good,False
above_good,above_good/39,21,60,good,toward_bad,False
above_good,above_good/39,22,60,good,toward_bad,False
above_good,above_good/39,23,60,good,toward_good,False
above_good,above_good/39,24,60,good,toward_bad,False
above_good,above_good/39,25,60,good,toward_good,False
above_good,above_good/39,26,60,good,toward_bad,False
above_good,above_good/39,27,60,good,toward_good,False
above_good,above_good/39,28,60,good,toward_bad,False
above_good,above_good/39,29,60,good,toward_good,False
above_good,above_good/39,30,60,good,toward_bad,False
above_good,above_good/39,31,60,good,toward_good,False
above_good,above_good/39,32,60,good,toward_bad,False
above_good,above_good/39,33,60,good,toward_bad,False
above_good,above_good/39,34,60,good,toward_good,False
above_good,above_good/39,35,60,good,toward_good,False
above_good,above_good/39,36,60,good,toward_bad,False
above_good,above_good/39,37,60,good,toward_good,False
above_good,above_good/39,38,60,good,toward_bad,False
above_good,above_good/39,39,60,good,toward_good,False
above_good,above_good/39,40,60,good,toward_bad,False
above_good,above_good/39,41,60,good,toward_good,False
above_good,above_good/39,42,60,good,toward_bad,False
above_good,above_good/39,43,60,good,toward_bad,False
above_good,above_good/39,44,60,good,toward_good,False
above_good,above_good/39,45,60,good,toward_bad,False
above_good,above_good/39,46,60,good,toward_good,False
above_good,above_good/39,47,60,good,toward_bad,False
above_good,above_good/39,48,60,good,toward_good,False
above_good,above_good/39,49,60,good,toward_good,False
above_good,above_good/39,50,60,good,toward_bad,False
above_good,above_good/39,51,60,good,toward_good,False
above_good,above_good/39,52,60,good,toward_good,False
above_good,above_good/39,53,60,good,toward_bad,False
above_good,above_good/39,54,60,good,same,False
above_good,above_good/39,55,60,good,toward_good,False
above_good,above_good/39,56,60,good,toward_bad,False
above_good,above_good/39,57,60,good,toward_good,False
above_good,above_good/39,58,60,good,same,False
above_good,above_good/39,59,60,good,,True
above_good,above_good/41,0,4,good,toward_good,False
above_good,above_good/41,1,4,good,toward_bad,False
above_good,above_good/41,2,4,good,toward_good,False
above_good,above_good/41,3,4,good,,True
above_good,above_good/43,0,1,good,,True
above_good,above_good/45,0,1,good,,True
above_good,above_good/46,0,6,bad,toward_good,False
above_good,above_good/46,1,6,good,toward_good,False
above_good,above_good/46,2,6,good,toward_good,False
above_good,above_good/46,3,6,good,toward_bad,False
above_good,above_good/46,4,6,good,toward_good,False
above_good,above_good/46,5,6,good,,True
above_good,above_good/48,0,107,good,toward_bad,False
above_good,above_good/48,1,107,good,toward_bad,False
above_good,above_good/48,2,107,good,toward_bad,False
above_good,above_good/48,3,107,good,toward_bad,False
above_good,above_good/48,4,107,good,toward_good,False
above_good,above_good/48,5,107,good,toward_good,False
above_good,above_good/48,6,107,good,toward_bad,False
above_good,above_good/48,7,107,good,toward_bad,False
above_good,above_good/48,8,107,good,toward_good,False
above_good,above_good/48,9,107,good,toward_bad,False
above_good,above_good/48,10,107,good,toward_bad,False
above_good,above_good/48,11,107,good,toward_bad,False
above_good,above_good/48,12,107,good,toward_bad,False
above_good,above_good/48,13,107,good,toward_bad,False
above_good,above_good/48,14,107,good,toward_bad,False
above_good,above_good/48,15,107,good,toward_good,False
above_good,above_good/48,16,107,good,toward_bad,False
above_good,above_good/48,17,107,good,toward_good,False
above_good,above_good/48,18,107,good,toward_bad,False
above_good,above_good/48,19,107,good,toward_good,False
above_good,above_good/48,20,107,good,toward_good,False
above_good,above_good/48,21,107,good,toward_bad,False
above_good,above_good/48,22,107,good,toward_good,False
above_good,above_good/48,23,107,good,toward_good,False
above_good,above_good/48,24,107,good,toward_bad,False
above_good,above_good/48,25,107,good,toward_bad,False
above_good,above_good/48,26,107,good,toward_bad,False
above_good,above_good/48,27,107,good,toward_good,False
above_good,above_good/48,28,107,good,toward_good,False
above_good,above_good/48,29,107,good,toward_bad,False
above_good,above_good/48,30,107,good,toward_bad,False
above_good,above_good/48,31,107,good,toward_good,False
above_good,above_good/48,32,107,good,toward_bad,False
above_good,above_good/48,33,107,good,toward_bad,False
above_good,above_good/48,34,107,good,toward_good,False
above_good,above_good/48,35,107,good,toward_good,False
above_good,above_good/48,36,107,good,toward_bad,False
above_good,above_good/48,37,107,good,toward_good,False
above_good,above_good/48,38,107,good,toward_good,False
above_good,above_good/48,39,107,good,toward_bad,False
above_good,above_good/48,40,107,good,toward_bad,False
above_good,above_good/48,41,107,good,toward_good,False
above_good,above_good/48,42,107,good,toward_bad,False
above_good,above_good/48,43,107,good,toward_bad,False
above_good,above_good/48,44,107,good,toward_good,False
above_good,above_good/48,45,107,good,toward_bad,False
above_good,above_good/48,46,107,good,toward_good,False
above_good,above_good/48,47,107,good,toward_bad,False
above_good,above_good/48,48,107,good,toward_bad,False
above_good,above_good/48,49,107,good,toward_good,False
above_good,above_good/48,50,107,good,toward_good,False
above_good,above_good/48,51,107,good,toward_good,False
above_good,above_good/48,52,107,good,toward_bad,False
above_good,above_good/48,53,107,good,toward_bad,False
above_good,above_good/48,54,107,good,toward_bad,False
above_good,above_good/48,55,107,good,toward_bad,False
above_good,above_good/48,56,107,good,toward_good,False
above_good,above_good/48,57,107,good,toward_bad,False
above_good,above_good/48,58,107,good,toward_good,False
above_good,above_good/48,59,107,good,toward_good,False
above_good,above_good/48,60,107,good,toward_bad,False
above_good,above_good/48,61,107,good,toward_bad,False
above_good,above_good/48,62,107,bad,toward_good,False
above_good,above_good/48,63,107,good,toward_good,False
above_good,above_good/48,64,107,good,toward_good,False
above_good,above_good/48,65,107,good,toward_bad,False
above_good,above_good/48,66,107,good,toward_bad,False
above_good,above_good/48,67,107,good,toward_good,False
above_good,above_good/48,68,107,good,toward_bad,False
above_good,above_good/48,69,107,good,toward_good,False
above_good,above_good/48,70,107,good,toward_bad,False
above_good,above_good/48,71,107,good,toward_good,False
above_good,above_good/48,72,107,good,toward_good,False
above_good,above_good/48,73,107,good,toward_bad,False
above_good,above_good/48,74,107,good,toward_good,False
above_good,above_good/48,75,107,good,toward_good,False
above_good,above_good/48,76,107,good,toward_bad,False
above_good,above_good/48,77,107,good,toward_bad,False
above_good,above_good/48,78,107,good,toward_good,False
above_good,above_good/48,79,107,good,toward_good,False
above_good,above_good/48,80,107,good,toward_bad,False
above_good,above_good/48,81,107,good,toward_good,False
above_good,above_good/48,82,107,good,toward_bad,False
above_good,above_good/48,83,107,good,toward_bad,False
above_good,above_good/48,84,107,good,toward_bad,False
above_good,above_good/48,85,107,good,toward_good,False
above_good,above_good/48,86,107,good,toward_bad,False
above_good,above_good/48,87,107,good,toward_bad,False
above_good,above_good/48,88,107,good,toward_good,False
above_good,above_good/48,89,107,good,toward_bad,False
above_good,above_good/48,90,107,good,toward_bad,False
above_good,above_good/48,91,107,good,toward_good,False
above_good,above_good/48,92,107,good,toward_good,False
above_good,above_good/48,93,107,good,toward_good,False
above_good,above_good/48,94,107,good,toward_bad,False
above_good,above_good/48,95,107,good,toward_good,False
above_good,above_good/48,96,107,good,toward_good,False
above_good,above_good/48,97,107,good,toward_bad,False
above_good,above_good/48,98,107,good,toward_bad,False
above_good,above_good/48,99,107,good,toward_good,False
above_good,above_good/48,100,107,good,toward_bad,False
above_good,above_good/48,101,107,good,toward_good,False
above_good,above_good/48,102,107,good,toward_bad,False
above_good,above_good/48,103,107,good,toward_bad,False
above_good,above_good/48,104,107,good,toward_good,False
above_good,above_good/48,105,107,good,toward_bad,False
above_good,above_good/48,106,107,good,,True
above_good,above_good/49,0,44,good,toward_bad,False
above_good,above_good/49,1,44,good,toward_good,False
above_good,above_good/49,2,44,good,toward_bad,False
above_good,above_good/49,3,44,good,toward_bad,False
above_good,above_good/49,4,44,good,toward_bad,False
above_good,above_good/49,5,44,good,toward_good,False
above_good,above_good/49,6,44,good,toward_bad,False
above_good,above_good/49,7,44,good,toward_bad,False
above_good,above_good/49,8,44,good,toward_good,False
above_good,above_good/49,9,44,good,toward_good,False
above_good,above_good/49,10,44,good,toward_bad,False
above_good,above_good/49,11,44,good,toward_bad,False
above_good,above_good/49,12,44,good,toward_good,False
above_good,above_good/49,13,44,good,toward_bad,False
above_good,above_good/49,14,44,good,toward_good,False
above_good,above_good/49,15,44,good,toward_good,False
above_good,above_good/49,16,44,good,toward_bad,False
above_good,above_good/49,17,44,good,toward_bad,False
above_good,above_good/49,18,44,good,toward_good,False
above_good,above_good/49,19,44,good,toward_bad,False
above_good,above_good/49,20,44,good,toward_good,False
above_good,above_good/49,21,44,good,toward_good,False
above_good,above_good/49,22,44,good,toward_bad,False
above_good,above_good/49,23,44,good,toward_bad,False
above_good,above_good/49,24,44,good,toward_bad,False
above_good,above_good/49,25,44,good,toward_good,False
above_good,above_good/49,26,44,good,toward_good,False
above_good,above_good/49,27,44,good,toward_bad,False
above_good,above_good/49,28,44,good,toward_good,False
above_good,above_good/49,29,44,good,toward_bad,False
above_good,above_good/49,30,44,good,toward_bad,False
above_good,above_good/49,31,44,good,toward_good,False
above_good,above_good/49,32,44,good,toward_bad,False
above_good,above_good/49,33,44,good,toward_good,False
above_good,above_good/49,34,44,good,toward_bad,False
above_good,above_good/49,35,44,good,toward_good,False
above_good,above_good/49,36,44,good,toward_good,False
above_good,above_good/49,37,44,good,toward_bad,False
above_good,above_good/49,38,44,good,toward_good,False
above_good,above_good/49,39,44,good,toward_bad,False
above_good,above_good/49,40,44,good,toward_bad,False
above_good,above_good/49,41,44,good,toward_good,False
above_good,above_good/49,42,44,good,toward_bad,False
above_good,above_good/49,43,44,good,,True
above_good,above_good/50,0,9,bad,toward_good,False
above_good,above_good/50,1,9,good,toward_bad,False
above_good,above_good/50,2,9,bad,toward_good,False
above_good,above_good/50,3,9,bad,toward_bad,False
above_good,above_good/50,4,9,bad,toward_good,False
above_good,above_good/50,5,9,bad,toward_good,False
above_good,above_good/50,6,9,good,toward_bad,False
above_good,above_good/50,7,9,bad,toward_good,False
above_good,above_good/50,8,9,good,,True
above_good,above_good/55,0,14,good,toward_bad,False
above_good,above_good/55,1,14,good,toward_bad,False
above_good,above_good/55,2,14,good,toward_good,False
above_good,above_good/55,3,14,good,toward_good,False
above_good,above_good/55,4,14,good,toward_bad,False
above_good,above_good/55,5,14,good,toward_good,False
above_good,above_good/55,6,14,good,toward_bad,False
above_good,above_good/55,7,14,good,toward_good,False
above_good,above_good/55,8,14,good,toward_good,False
above_good,above_good/55,9,14,good,toward_good,False
above_good,above_good/55,10,14,good,toward_good,False
above_good,above_good/55,11,14,good,toward_good,False
above_good,above_good/55,12,14,good,toward_bad,False
above_good,above_good/55,13,14,good,,True
above_good,above_good/57,0,3,bad,toward_good,False
above_good,above_good/57,1,3,bad,toward_good,False
above_good,above_good/57,2,3,good,,True
above_good,above_good/58,0,1,good,,True
above_good,above_good/59,0,4,good,toward_bad,False
above_good,above_good/59,1,4,good,toward_good,False
above_good,above_good/59,2,4,good,toward_good,False
above_good,above_good/59,3,4,good,,True
above_good,above_good/60,0,6,good,toward_good,False
above_good,above_good/60,1,6,good,toward_bad,False
above_good,above_good/60,2,6,good,toward_bad,False
above_good,above_good/60,3,6,good,toward_bad,False
above_good,above_good/60,4,6,good,toward_good,False
above_good,above_good/60,5,6,good,,True
above_good,above_good/65,0,26,good,toward_bad,False
above_good,above_good/65,1,26,good,toward_bad,False
above_good,above_good/65,2,26,good,toward_bad,False
above_good,above_good/65,3,26,good,toward_bad,False
above_good,above_good/65,4,26,good,toward_good,False
above_good,above_good/65,5,26,good,toward_good,False
above_good,above_good/65,6,26,good,toward_bad,False
above_good,above_good/65,7,26,good,toward_good,False
above_good,above_good/65,8,26,good,toward_bad,False
above_good,above_good/65,9,26,good,toward_good,False
above_good,above_good/65,10,26,good,toward_good,False
above_good,above_good/65,11,26,good,toward_good,False
above_good,above_good/65,12,26,good,toward_bad,False
above_good,above_good/65,13,26,good,toward_good,False
above_good,above_good/65,14,26,good,toward_bad,False
above_good,above_good/65,15,26,good,toward_good,False
above_good,above_good/65,16,26,good,toward_bad,False
above_good,above_good/65,17,26,good,toward_bad,False
above_good,above_good/65,18,26,good,toward_bad,False
above_good,above_good/65,19,26,good,toward_good,False
above_good,above_good/65,20,26,good,toward_bad,False
above_good,above_good/65,21,26,good,toward_good,False
above_good,above_good/65,22,26,good,toward_bad,False
above_good,above_good/65,23,26,good,toward_bad,False
above_good,above_good/65,24,26,good,toward_bad,False
above_good,above_good/65,25,26,good,,True
above_good,above_good/67,0,14,good,toward_good,False
above_good,above_good/67,1,14,good,toward_bad,False
above_good,above_good/67,2,14,good,toward_bad,False
above_good,above_good/67,3,14,good,toward_good,False
above_good,above_good/67,4,14,good,toward_good,False
above_good,above_good/67,5,14,good,toward_bad,False
above_good,above_good/67,6,14,good,toward_bad,False
above_good,above_good/67,7,14,good,toward_bad,False
above_good,above_good/67,8,14,good,toward_bad,False
above_good,above_good/67,9,14,good,toward_good,False
above_good,above_good/67,10,14,good,toward_good,False
above_good,above_good/67,11,14,good,toward_bad,False
above_good,above_good/67,12,14,good,toward_good,False
above_good,above_good/67,13,14,good,,True
above_good,above_good/68,0,1,good,,True
above_good,above_good/69,0,6,good,toward_good,False
above_good,above_good/69,1,6,good,toward_good,False
above_good,above_good/69,2,6,good,toward_bad,False
above_good,above_good/69,3,6,good,toward_good,False
above_good,above_good/69,4,6,good,toward_bad,False
above_good,above_good/69,5,6,good,,True
above_good,above_good/71,0,1,good,,True
above_good,above_good/72,0,4,good,toward_good,False
above_good,above_good/72,1,4,good,toward_bad,False
above_good,above_good/72,2,4,good,toward_good,False
above_good,above_good/72,3,4,good,,True
above_good,above_good/73,0,3,good,toward_bad,False
above_good,above_good/73,1,3,good,toward_good,False
above_good,above_good/73,2,3,good,,True
above_good,above_good/77,0,24,good,toward_bad,False
above_good,above_good/77,1,24,good,toward_bad,False
above_good,above_good/77,2,24,good,toward_bad,False
above_good,above_good/77,3,24,good,toward_good,False
above_good,above_good/77,4,24,good,toward_good,False
above_good,above_good/77,5,24,good,toward_bad,False
above_good,above_good/77,6,24,good,toward_good,False
above_good,above_good/77,7,24,good,toward_good,False
above_good,above_good/77,8,24,good,toward_bad,False
above_good,above_good/77,9,24,good,toward_good,False
above_good,above_good/77,10,24,good,toward_bad,False
above_good,above_good/77,11,24,good,toward_good,False
above_good,above_good/77,12,24,good,toward_good,False
above_good,above_good/77,13,24,good,toward_good,False
above_good,above_good/77,14,24,good,toward_good,False
above_good,above_good/77,15,24,good,toward_good,False
above_good,above_good/77,16,24,good,toward_bad,False
above_good,above_good/77,17,24,good,toward_bad,False
above_good,above_good/77,18,24,good,toward_bad,False
above_good,above_good/77,19,24,good,toward_bad,False
above_good,above_good/77,20,24,good,toward_good,False
above_good,above_good/77,21,24,good,toward_bad,False
above_good,above_good/77,22,24,good,toward_good,False
above_good,above_good/77,23,24,good,,True
above_good,above_good/78,0,16,bad,toward_good,False
above_good,above_good/78,1,16,bad,toward_good,False
above_good,above_good/78,2,16,bad,toward_good,False
above_good,above_good/78,3,16,bad,toward_good,False
above_good,above_good/78,4,16,bad,toward_good,False
above_good,above_good/78,5,16,bad,toward_good,False
above_good,above_good/78,6,16,bad,toward_good,False
above_good,above_good/78,7,16,bad,toward_bad,False
above_good,above_good/78,8,16,bad,toward_good,False
above_good,above_good/78,9,16,bad,toward_bad,False
above_good,above_good/78,10,16,bad,toward_good,False
above_good,above_good/78,11,16,bad,toward_bad,False
above_good,above_good/78,12,16,bad,toward_good,False
above_good,above_good/78,13,16,bad,toward_bad,False
above_good,above_good/78,14,16,bad,toward_good,False
above_good,above_good/78,15,16,bad,,True
above_good,above_good/79,0,7,good,toward_good,False
above_good,above_good/79,1,7,good,toward_bad,False
above_good,above_good/79,2,7,good,toward_bad,False
above_good,above_good/79,3,7,good,toward_bad,False
above_good,above_good/79,4,7,good,toward_bad,False
above_good,above_good/79,5,7,good,toward_bad,False
above_good,above_good/79,6,7,good,,True
above_good,above_good/80,0,1,good,,True
above_good,above_good/81,0,16,good,toward_bad,False
above_good,above_good/81,1,16,good,toward_bad,False
above_good,above_good/81,2,16,good,toward_good,False
above_good,above_good/81,3,16,good,toward_bad,False
above_good,above_good/81,4,16,bad,toward_good,False
above_good,above_good/81,5,16,good,toward_good,False
above_good,above_good/81,6,16,good,toward_good,False
above_good,above_good/81,7,16,good,toward_good,False
above_good,above_good/81,8,16,good,toward_good,False
above_good,above_good/81,9,16,good,toward_bad,False
above_good,above_good/81,10,16,good,toward_good,False
above_good,above_good/81,11,16,good,toward_good,False
above_good,above_good/81,12,16,good,toward_bad,False
above_good,above_good/81,13,16,good,toward_bad,False
above_good,above_good/81,14,16,good,toward_bad,False
above_good,above_good/81,15,16,good,,True
above_good,above_good/84,0,1,good,,True
above_good,above_good/87,0,13,bad,toward_good,False
above_good,above_good/87,1,13,good,toward_good,False
above_good,above_good/87,2,13,good,toward_good,False
above_good,above_good/87,3,13,good,toward_bad,False
above_good,above_good/87,4,13,good,toward_good,False
above_good,above_good/87,5,13,good,toward_good,False
above_good,above_good/87,6,13,good,toward_bad,False
above_good,above_good/87,7,13,good,toward_good,False
above_good,above_good/87,8,13,good,toward_bad,False
above_good,above_good/87,9,13,good,toward_good,False
above_good,above_good/87,10,13,good,toward_bad,False
above_good,above_good/87,11,13,good,toward_bad,False
above_good,above_good/87,12,13,good,,True
above_good,above_good/89,0,11,good,toward_good,False
above_good,above_good/89,1,11,good,toward_bad,False
above_good,above_good/89,2,11,good,toward_bad,False
above_good,above_good/89,3,11,good,toward_good,False
above_good,above_good/89,4,11,good,toward_good,False
above_good,above_good/89,5,11,good,toward_good,False
above_good,above_good/89,6,11,good,toward_good,False
above_good,above_good/89,7,11,good,toward_bad,False
above_good,above_good/89,8,11,good,toward_bad,False
above_good,above_good/89,9,11,good,toward_bad,False
above_good,above_good/89,10,11,good,,True
above_good,above_good/90,0,4,bad,toward_good,False
above_good,above_good/90,1,4,good,toward_good,False
above_good,above_good/90,2,4,good,toward_bad,False
above_good,above_good/90,3,4,good,,True
above_good,above_good/91,0,1,good,,True
above_good,above_good/92,0,105,good,toward_good,False
above_good,above_good/92,1,105,good,toward_good,False
above_good,above_good/92,2,105,good,toward_good,False
above_good,above_good/92,3,105,good,toward_bad,False
above_good,above_good/92,4,105,good,toward_bad,False
above_good,above_good/92,5,105,good,toward_good,False
above_good,above_good/92,6,105,good,toward_bad,False
above_good,above_good/92,7,105,bad,toward_good,False
above_good,above_good/92,8,105,good,toward_bad,False
above_good,above_good/92,9,105,good,toward_good,False
above_good,above_good/92,10,105,good,toward_bad,False
above_good,above_good/92,11,105,good,toward_bad,False
above_good,above_good/92,12,105,good,toward_bad,False
above_good,above_good/92,13,105,good,toward_bad,False
above_good,above_good/92,14,105,good,toward_good,False
above_good,above_good/92,15,105,good,toward_good,False
above_good,above_good/92,16,105,good,toward_bad,False
above_good,above_good/92,17,105,good,toward_good,False
above_good,above_good/92,18,105,good,toward_bad,False
above_good,above_good/92,19,105,good,toward_bad,False
above_good,above_good/92,20,105,good,toward_good,False
above_good,above_good/92,21,105,good,toward_bad,False
above_good,above_good/92,22,105,good,toward_good,False
above_good,above_good/92,23,105,good,toward_good,False
above_good,above_good/92,24,105,good,toward_good,False
above_good,above_good/92,25,105,good,toward_bad,False
above_good,above_good/92,26,105,good,toward_bad,False
above_good,above_good/92,27,105,good,toward_good,False
above_good,above_good/92,28,105,good,toward_good,False
above_good,above_good/92,29,105,good,toward_good,False
above_good,above_good/92,30,105,good,toward_bad,False
above_good,above_good/92,31,105,good,toward_bad,False
above_good,above_good/92,32,105,good,toward_good,False
above_good,above_good/92,33,105,good,toward_good,False
above_good,above_good/92,34,105,good,toward_bad,False
above_good,above_good/92,35,105,good,toward_good,False
above_good,above_good/92,36,105,good,toward_bad,False
above_good,above_good/92,37,105,good,toward_good,False
above_good,above_good/92,38,105,good,toward_good,False
above_good,above_good/92,39,105,good,toward_bad,False
above_good,above_good/92,40,105,good,toward_good,False
above_good,above_good/92,41,105,good,toward_good,False
above_good,above_good/92,42,105,good,toward_bad,False
above_good,above_good/92,43,105,good,toward_bad,False
above_good,above_good/92,44,105,good,toward_bad,False
above_good,above_good/92,45,105,good,toward_good,False
above_good,above_good/92,46,105,good,toward_good,False
above_good,above_good/92,47,105,good,toward_bad,False
above_good,above_good/92,48,105,good,toward_good,False
above_good,above_good/92,49,105,good,toward_bad,False
above_good,above_good/92,50,105,good,toward_good,False
above_good,above_good/92,51,105,good,toward_good,False
above_good,above_good/92,52,105,good,toward_bad,False
above_good,above_good/92,53,105,good,toward_good,False
above_good,above_good/92,54,105,good,toward_good,False
above_good,above_good/92,55,105,good,toward_good,False
above_good,above_good/92,56,105,good,toward_bad,False
above_good,above_good/92,57,105,good,toward_bad,False
above_good,above_good/92,58,105,good,toward_bad,False
above_good,above_good/92,59,105,good,toward_bad,False
above_good,above_good/92,60,105,good,toward_good,False
above_good,above_good/92,61,105,good,toward_good,False
above_good,above_good/92,62,105,good,toward_bad,False
above_good,above_good/92,63,105,good,toward_good,False
above_good,above_good/92,64,105,good,toward_good,False
above_good,above_good/92,65,105,good,toward_bad,False
above_good,above_good/92,66,105,good,toward_bad,False
above_good,above_good/92,67,105,good,toward_good,False
above_good,above_good/92,68,105,good,toward_bad,False
above_good,above_good/92,69,105,good,toward_good,False
above_good,above_good/92,70,105,good,toward_good,False
above_good,above_good/92,71,105,good,toward_good,False
above_good,above_good/92,72,105,good,toward_bad,False
above_good,above_good/92,73,105,good,toward_good,False
above_good,above_good/92,74,105,good,toward_good,False
above_good,above_good/92,75,105,good,toward_bad,False
above_good,above_good/92,76,105,good,toward_good,False
above_good,above_good/92,77,105,good,toward_bad,False
above_good,above_good/92,78,105,good,toward_good,False
above_good,above_good/92,79,105,good,toward_bad,False
above_good,above_good/92,80,105,good,toward_good,False
above_good,above_good/92,81,105,good,toward_good,False
above_good,above_good/92,82,105,good,toward_good,False
above_good,above_good/92,83,105,good,toward_bad,False
above_good,above_good/92,84,105,good,toward_bad,False
above_good,above_good/92,85,105,good,toward_good,False
above_good,above_good/92,86,105,good,toward_bad,False
above_good,above_good/92,87,105,good,toward_bad,False
above_good,above_good/92,88,105,good,toward_good,False
above_good,above_good/92,89,105,good,toward_bad,False
above_good,above_good/92,90,105,good,toward_good,False
above_good,above_good/92,91,105,good,toward_bad,False
above_good,above_good/92,92,105,good,toward_good,False
above_good,above_good/92,93,105,good,toward_good,False
above_good,above_good/92,94,105,good,toward_bad,False
above_good,above_good/92,95,105,good,toward_good,False
above_good,above_good/92,96,105,good,toward_bad,False
above_good,above_good/92,97,105,good,toward_good,False
above_good,above_good/92,98,105,good,toward_good,False
above_good,above_good/92,99,105,good,toward_bad,False
above_good,above_good/92,100,105,good,toward_good,False
above_good,above_good/92,101,105,good,toward_bad,False
above_good,above_good/92,102,105,good,toward_bad,False
above_good,above_good/92,103,105,good,toward_good,False
above_good,above_good/92,104,105,good,,True
above_good,above_good/95,0,25,bad,toward_good,False
above_good,above_good/95,1,25,good,toward_bad,False
above_good,above_good/95,2,25,bad,toward_bad,False
above_good,above_good/95,3,25,bad,toward_good,False
above_good,above_good/95,4,25,good,toward_bad,False
above_good,above_good/95,5,25,good,toward_bad,False
above_good,above_good/95,6,25,good,toward_good,False
above_good,above_good/95,7,25,good,toward_good,False
above_good,above_good/95,8,25,good,toward_bad,False
above_good,above_good/95,9,25,good,toward_bad,False
above_good,above_good/95,10,25,good,toward_good,False
above_good,above_good/95,11,25,good,toward_bad,False
above_good,above_good/95,12,25,good,toward_bad,False
above_good,above_good/95,13,25,good,toward_good,False
above_good,above_good/95,14,25,good,toward_good,False
above_good,above_good/95,15,25,good,toward_bad,False
above_good,above_good/95,16,25,good,toward_good,False
above_good,above_good/95,17,25,good,toward_bad,False
above_good,above_good/95,18,25,good,toward_good,False
above_good,above_good/95,19,25,good,toward_bad,False
above_good,above_good/95,20,25,good,toward_good,False
above_good,above_good/95,21,25,good,toward_good,False
above_good,above_good/95,22,25,good,toward_bad,False
above_good,above_good/95,23,25,good,toward_good,False
above_good,above_good/95,24,25,good,,True
above_good,above_good/97,0,30,good,toward_bad,False
above_good,above_good/97,1,30,good,toward_good,False
above_good,above_good/97,2,30,good,toward_bad,False
above_good,above_good/97,3,30,good,toward_bad,False
above_good,above_good/97,4,30,good,toward_good,False
above_good,above_good/97,5,30,good,toward_good,False
above_good,above_good/97,6,30,good,toward_bad,False
above_good,above_good/97,7,30,good,toward_bad,False
above_good,above_good/97,8,30,good,toward_bad,False
above_good,above_good/97,9,30,good,toward_bad,False
above_good,above_good/97,10,30,good,toward_good,False
above_good,above_good/97,11,30,good,toward_bad,False
above_good,above_good/97,12,30,good,toward_bad,False
above_good,above_good/97,13,30,good,toward_good,False
above_good,above_good/97,14,30,good,toward_bad,False
above_good,above_good/97,15,30,bad,toward_bad,False
above_good,above_good/97,16,30,bad,toward_good,False
above_good,above_good/97,17,30,bad,toward_bad,False
above_good,above_good/97,18,30,bad,toward_good,False
above_good,above_good/97,19,30,good,toward_bad,False
above_good,above_good/97,20,30,good,toward_bad,False
above_good,above_good/97,21,30,bad,toward_good,False
above_good,above_good/97,22,30,bad,toward_bad,False
above_good,above_good/97,23,30,bad,toward_good,False
above_good,above_good/97,24,30,good,toward_bad,False
above_good,above_good/97,25,30,good,toward_bad,False
above_good,above_good/97,26,30,good,toward_bad,False
above_good,above_good/97,27,30,good,toward_bad,False
above_good,above_good/97,28,30,good,toward_good,False
above_good,above_good/97,29,30,good,,True
above_good,above_good/98,0,104,bad,toward_good,False
above_good,above_good/98,1,104,bad,toward_bad,False
above_good,above_good/98,2,104,bad,toward_good,False
above_good,above_good/98,3,104,good,toward_bad,False
above_good,above_good/98,4,104,good,toward_good,False
above_good,above_good/98,5,104,good,toward_bad,False
above_good,above_good/98,6,104,bad,toward_good,False
above_good,above_good/98,7,104,good,toward_good,False
above_good,above_good/98,8,104,good,toward_bad,False
above_good,above_good/98,9,104,good,toward_good,False
above_good,above_good/98,10,104,good,toward_good,False
above_good,above_good/98,11,104,good,toward_bad,False
above_good,above_good/98,12,104,good,toward_good,False
above_good,above_good/98,13,104,good,toward_good,False
above_good,above_good/98,14,104,good,toward_good,False
above_good,above_good/98,15,104,good,toward_bad,False
above_good,above_good/98,16,104,good,toward_good,False
above_good,above_good/98,17,104,good,toward_bad,False
above_good,above_good/98,18,104,good,toward_good,False
above_good,above_good/98,19,104,good,toward_bad,False
above_good,above_good/98,20,104,good,toward_bad,False
above_good,above_good/98,21,104,good,toward_good,False
above_good,above_good/98,22,104,good,toward_good,False
above_good,above_good/98,23,104,good,toward_bad,False
above_good,above_good/98,24,104,good,toward_bad,False
above_good,above_good/98,25,104,good,toward_bad,False
above_good,above_good/98,26,104,good,toward_bad,False
above_good,above_good/98,27,104,good,toward_good,False
above_good,above_good/98,28,104,good,toward_good,False
above_good,above_good/98,29,104,good,toward_good,False
above_good,above_good/98,30,104,good,toward_bad,False
above_good,above_good/98,31,104,good,toward_bad,False
above_good,above_good/98,32,104,good,toward_good,False
above_good,above_good/98,33,104,good,toward_bad,False
above_good,above_good/98,34,104,good,toward_bad,False
above_good,above_good/98,35,104,good,toward_bad,False
above_good,above_good/98,36,104,good,toward_good,False
above_good,above_good/98,37,104,good,toward_bad,False
above_good,above_good/98,38,104,good,toward_good,False
above_good,above_good/98,39,104,good,toward_bad,False
above_good,above_good/98,40,104,good,toward_bad,False
above_good,above_good/98,41,104,good,toward_bad,False
above_good,above_good/98,42,104,good,toward_bad,False
above_good,above_good/98,43,104,good,toward_bad,False
above_good,above_good/98,44,104,good,toward_good,False
above_good,above_good/98,45,104,good,toward_good,False
above_good,above_good/98,46,104,good,toward_bad,False
above_good,above_good/98,47,104,good,toward_bad,False
above_good,above_good/98,48,104,good,toward_good,False
above_good,above_good/98,49,104,good,toward_bad,False
above_good,above_good/98,50,104,good,toward_good,False
above_good,above_good/98,51,104,good,toward_good,False
above_good,above_good/98,52,104,good,toward_bad,False
above_good,above_good/98,53,104,good,toward_bad,False
above_good,above_good/98,54,104,good,toward_bad,False
above_good,above_good/98,55,104,good,toward_good,False
above_good,above_good/98,56,104,good,toward_good,False
above_good,above_good/98,57,104,good,toward_bad,False
above_good,above_good/98,58,104,good,toward_bad,False
above_good,above_good/98,59,104,good,toward_bad,False
above_good,above_good/98,60,104,good,toward_good,False
above_good,above_good/98,61,104,good,toward_good,False
above_good,above_good/98,62,104,good,toward_bad,False
above_good,above_good/98,63,104,good,toward_bad,False
above_good,above_good/98,64,104,good,toward_good,False
above_good,above_good/98,65,104,good,toward_good,False
above_good,above_good/98,66,104,good,toward_bad,False
above_good,above_good/98,67,104,good,toward_good,False
above_good,above_good/98,68,104,good,toward_good,False
above_good,above_good/98,69,104,good,toward_bad,False
above_good,above_good/98,70,104,good,toward_bad,False
above_good,above_good/98,71,104,good,toward_good,False
above_good,above_good/98,72,104,good,toward_good,False
above_good,above_good/98,73,104,good,toward_bad,False
above_good,above_good/98,74,104,good,toward_bad,False
above_good,above_good/98,75,104,good,toward_bad,False
above_good,above_good/98,76,104,good,toward_good,False
above_good,above_good/98,77,104,good,toward_good,False
above_good,above_good/98,78,104,good,toward_good,False
above_good,above_good/98,79,104,good,toward_bad,False
above_good,above_good/98,80,104,good,toward_bad,False
above_good,above_good/98,81,104,good,toward_bad,False
above_good,above_good/98,82,104,good,toward_good,False
above_good,above_good/98,83,104,good,toward_bad,False
above_good,above_good/98,84,104,good,toward_good,False
above_good,above_good/98,85,104,good,toward_bad,False
above_good,above_good/98,86,104,good,toward_good,False
above_good,above_good/98,87,104,good,toward_bad,False
above_good,above_good/98,88,104,good,toward_good,False
above_good,above_good/98,89,104,good,toward_good,False
above_good,above_good/98,90,104,good,toward_good,False
above_good,above_good/98,91,104,good,toward_good,False
above_good,above_good/98,92,104,good,toward_bad,False
above_good,above_good/98,93,104,good,toward_bad,False
above_good,above_good/98,94,104,good,toward_good,False
above_good,above_good/98,95,104,good,toward_bad,False
above_good,above_good/98,96,104,good,toward_good,False
above_good,above_good/98,97,104,good,toward_bad,False
above_good,above_good/98,98,104,good,toward_good,False
above_good,above_good/98,99,104,good,toward_good,False
above_good,above_good/98,100,104,good,toward_bad,False
above_good,above_good/98,101,104,good,toward_good,False
above_good,above_good/98,102,104,good,toward_good,False
above_good,above_good/98,103,104,good,,True
