group,rollout,t,K,side,move,is_last
baseline[good=above],baseline/1,0,1,good,,True
baseline[good=below],baseline/1,0,1,bad,,True
baseline[good=above],baseline/2,0,14,bad,toward_good,False
baseline[good=above],baseline/2,1,14,bad,toward_good,False
baseline[good=above],baseline/2,2,14,bad,toward_bad,False
baseline[good=above],baseline/2,3,14,bad,toward_good,False
baseline[good=above],baseline/2,4,14,bad,toward_bad,False
baseline[good=above],baseline/2,5,14,bad,toward_good,False
baseline[good=above],baseline/2,6,14,bad,toward_bad,False
baseline[good=above],baseline/2,7,14,bad,toward_good,False
baseline[good=above],baseline/2,8,14,bad,toward_good,False
baseline[good=above],baseline/2,9,14,bad,toward_bad,False
baseline[good=above],baseline/2,10,14,bad,toward_bad,False
baseline[good=above],baseline/2,11,14,bad,toward_good,False
baseline[good=above],baseline/2,12,14,bad,toward_bad,False
baseline[good=above],baseline/2,13,14,bad,,True
baseline[good=below],baseline/2,0,14,good,toward_bad,False
baseline[good=below],baseline/2,1,14,good,toward_bad,False
baseline[good=below],baseline/2,2,14,good,toward_good,False
baseline[good=below],baseline/2,3,14,good,toward_bad,False
baseline[good=below],baseline/2,4,14,good,toward_good,False
baseline[good=below],baseline/2,5,14,good,toward_bad,False
baseline[good=below],baseline/2,6,14,good,toward_good,False
baseline[good=below],baseline/2,7,14,good,toward_bad,False
baseline[good=below],baseline/2,8,14,good,toward_bad,False
baseline[good=below],baseline/2,9,14,good,toward_good,False
baseline[good=below],baseline/2,10,14,good,toward_good,False
baseline[good=below],baseline/2,11,14,good,toward_bad,False
baseline[good=below],baseline/2,12,14,good,toward_good,False
baseline[good=below],baseline/2,13,14,good,,True
baseline[good=above],baseline/3,0,38,good,toward_bad,False
baseline[good=above],baseline/3,1,38,good,toward_good,False
baseline[good=above],baseline/3,2,38,good,toward_bad,False
baseline[good=above],baseline/3,3,38,good,toward_good,False
baseline[good=above],baseline/3,4,38,good,toward_bad,False
baseline[good=above],baseline/3,5,38,good,toward_good,False
baseline[good=above],baseline/3,6,38,good,toward_good,False
baseline[good=above],baseline/3,7,38,good,toward_good,False
baseline[good=above],baseline/3,8,38,good,toward_bad,False
baseline[good=above],baseline/3,9,38,good,toward_good,False
baseline[good=above],baseline/3,10,38,good,toward_good,False
baseline[good=above],baseline/3,11,38,good,toward_bad,False
baseline[good=above],baseline/3,12,38,good,toward_bad,False
baseline[good=above],baseline/3,13,38,good,toward_good,False
baseline[good=above],baseline/3,14,38,good,toward_bad,False
baseline[good=above],baseline/3,15,38,good,toward_good,False
baseline[good=above],baseline/3,16,38,good,toward_good,False
baseline[good=above],baseline/3,17,38,good,toward_bad,False
baseline[good=above],baseline/3,18,38,good,toward_good,False
baseline[good=above],baseline/3,19,38,good,toward_good,False
baseline[good=above],baseline/3,20,38,good,toward_bad,False
baseline[good=above],baseline/3,21,38,good,toward_bad,False
baseline[good=above],baseline/3,22,38,good,toward_good,False
baseline[good=above],baseline/3,23,38,good,toward_bad,False
baseline[good=above],baseline/3,24,38,good,toward_good,False
baseline[good=above],baseline/3,25,38,good,toward_good,False
baseline[good=above],baseline/3,26,38,good,toward_bad,False
baseline[good=above],baseline/3,27,38,good,toward_good,False
baseline[good=above],baseline/3,28,38,good,toward_bad,False
baseline[good=above],baseline/3,29,38,good,toward_bad,False
baseline[good=above],baseline/3,30,38,good,toward_bad,False
baseline[good=above],baseline/3,31,38,good,toward_bad,False
baseline[good=above],baseline/3,32,38,good,toward_good,False
baseline[good=above],baseline/3,33,38,good,toward_bad,False
baseline[good=above],baseline/3,34,38,good,toward_bad,False
baseline[good=above],baseline/3,35,38,good,toward_bad,False
baseline[good=above],baseline/3,36,38,good,toward_good,False
baseline[good=above],baseline/3,37,38,good,,True
baseline[good=below],baseline/3,0,38,bad,toward_good,False
baseline[good=below],baseline/3,1,38,bad,toward_bad,False
baseline[good=below],baseline/3,2,38,bad,toward_good,False
baseline[good=below],baseline/3,3,38,bad,toward_bad,False
baseline[good=below],baseline/3,4,38,bad,toward_good,False
baseline[good=below],baseline/3,5,38,bad,toward_bad,False
baseline[good=below],baseline/3,6,38,bad,toward_bad,False
baseline[good=below],baseline/3,7,38,bad,toward_bad,False
baseline[good=below],baseline/3,8,38,bad,toward_good,False
baseline[good=below],baseline/3,9,38,bad,toward_bad,False
baseline[good=below],baseline/3,10,38,bad,toward_bad,False
baseline[good=below],baseline/3,11,38,bad,toward_good,False
baseline[good=below],baseline/3,12,38,bad,toward_good,False
baseline[good=below],baseline/3,13,38,bad,toward_bad,False
baseline[good=below],baseline/3,14,38,bad,toward_good,False
baseline[good=below],baseline/3,15,38,bad,toward_bad,False
baseline[good=below],baseline/3,16,38,bad,toward_bad,False
baseline[good=below],baseline/3,17,38,bad,toward_good,False
baseline[good=below],baseline/3,18,38,bad,toward_bad,False
baseline[good=below],baseline/3,19,38,bad,toward_bad,False
baseline[good=below],baseline/3,20,38,bad,toward_good,False
baseline[good=below],baseline/3,21,38,bad,toward_good,False
baseline[good=below],baseline/3,22,38,bad,toward_bad,False
baseline[good=below],baseline/3,23,38,bad,toward_good,False
baseline[good=below],baseline/3,24,38,bad,toward_bad,False
baseline[good=below],baseline/3,25,38,bad,toward_bad,False
baseline[good=below],baseline/3,26,38,bad,toward_good,False
baseline[good=below],baseline/3,27,38,bad,toward_bad,False
baseline[good=below],baseline/3,28,38,bad,toward_good,False
baseline[good=below],baseline/3,29,38,bad,toward_good,False
baseline[good=below],baseline/3,30,38,bad,toward_good,False
baseline[good=below],baseline/3,31,38,bad,toward_good,False
baseline[good=below],baseline/3,32,38,bad,toward_bad,False
baseline[good=below],baseline/3,33,38,bad,toward_good,False
baseline[good=below],baseline/3,34,38,bad,toward_good,False
baseline[good=below],baseline/3,35,38,bad,toward_good,False
baseline[good=below],baseline/3,36,38,bad,toward_bad,False
baseline[good=below],baseline/3,37,38,bad,,True
baseline[good=above],baseline/5,0,37,bad,toward_good,False
baseline[good=above],baseline/5,1,37,bad,toward_bad,False
baseline[good=above],baseline/5,2,37,bad,toward_good,False
baseline[good=above],baseline/5,3,37,bad,toward_good,False
baseline[good=above],baseline/5,4,37,bad,toward_bad,False
baseline[good=above],baseline/5,5,37,bad,toward_good,False
baseline[good=above],baseline/5,6,37,bad,toward_bad,False
baseline[good=above],baseline/5,7,37,bad,toward_bad,False
baseline[good=above],baseline/5,8,37,bad,toward_good,False
baseline[good=above],baseline/5,9,37,bad,toward_bad,False
baseline[good=above],baseline/5,10,37,bad,toward_good,False
baseline[good=above],baseline/5,11,37,bad,toward_bad,False
baseline[good=above],baseline/5,12,37,bad,toward_bad,False
baseline[good=above],baseline/5,13,37,bad,toward_good,False
baseline[good=above],baseline/5,14,37,bad,toward_good,False
baseline[good=above],baseline/5,15,37,bad,toward_bad,False
baseline[good=above],baseline/5,16,37,bad,toward_good,False
baseline[good=above],baseline/5,17,37,bad,toward_good,False
baseline[good=above],baseline/5,18,37,bad,toward_bad,False
baseline[good=above],baseline/5,19,37,bad,toward_bad,False
baseline[good=above],baseline/5,20,37,bad,toward_good,False
baseline[good=above],baseline/5,21,37,bad,toward_bad,False
baseline[good=above],baseline/5,22,37,bad,toward_bad,False
baseline[good=above],baseline/5,23,37,bad,toward_good,False
baseline[good=above],baseline/5,24,37,bad,toward_bad,False
baseline[good=above],baseline/5,25,37,bad,toward_good,False
baseline[good=above],baseline/5,26,37,bad,toward_bad,False
baseline[good=above],baseline/5,27,37,bad,toward_good,False
baseline[good=above],baseline/5,28,37,bad,toward_good,False
baseline[good=above],baseline/5,29,37,bad,toward_good,False
baseline[good=above],baseline/5,30,37,bad,toward_bad,False
baseline[good=above],baseline/5,31,37,bad,toward_bad,False
baseline[good=above],baseline/5,32,37,bad,toward_good,False
baseline[good=above],baseline/5,33,37,bad,toward_bad,False
baseline[good=above],baseline/5,34,37,bad,toward_bad,False
baseline[good=above],baseline/5,35,37,bad,toward_bad,False
baseline[good=above],baseline/5,36,37,bad,,True
baseline[good=below],baseline/5,0,37,good,toward_bad,False
baseline[good=below],baseline/5,1,37,good,toward_good,False
baseline[good=below],baseline/5,2,37,good,toward_bad,False
baseline[good=below],baseline/5,3,37,good,toward_bad,False
baseline[good=below],baseline/5,4,37,good,toward_good,False
baseline[good=below],baseline/5,5,37,good,toward_bad,False
baseline[good=below],baseline/5,6,37,good,toward_good,False
baseline[good=below],baseline/5,7,37,good,toward_good,False
baseline[good=below],baseline/5,8,37,good,toward_bad,False
baseline[good=below],baseline/5,9,37,good,toward_good,False
baseline[good=below],baseline/5,10,37,good,toward_bad,False
baseline[good=below],baseline/5,11,37,good,toward_good,False
baseline[good=below],baseline/5,12,37,good,toward_good,False
baseline[good=below],baseline/5,13,37,good,toward_bad,False
baseline[good=below],baseline/5,14,37,good,toward_bad,False
baseline[good=below],baseline/5,15,37,good,toward_good,False
baseline[good=below],baseline/5,16,37,good,toward_bad,False
baseline[good=below],baseline/5,17,37,good,toward_bad,False
baseline[good=below],baseline/5,18,37,good,toward_good,False
baseline[good=below],baseline/5,19,37,good,toward_good,False
baseline[good=below],baseline/5,20,37,good,toward_bad,False
baseline[good=below],baseline/5,21,37,good,toward_good,False
baseline[good=below],baseline/5,22,37,good,toward_good,False
baseline[good=below],baseline/5,23,37,good,toward_bad,False
baseline[good=below],baseline/5,24,37,good,toward_good,False
baseline[good=below],baseline/5,25,37,good,toward_bad,False
baseline[good=below],baseline/5,26,37,good,toward_good,False
baseline[good=below],baseline/5,27,37,good,toward_bad,False
baseline[good=below],baseline/5,28,37,good,toward_bad,False
baseline[good=below],baseline/5,29,37,good,toward_bad,False
baseline[good=below],baseline/5,30,37,good,toward_good,False
baseline[good=below],baseline/5,31,37,good,toward_good,False
baseline[good=below],baseline/5,32,37,good,toward_bad,False
baseline[good=below],baseline/5,33,37,good,toward_good,False
baseline[good=below],baseline/5,34,37,good,toward_good,False
baseline[good=below],baseline/5,35,37,good,toward_good,False
baseline[good=below],baseline/5,36,37,good,,True
baseline[good=above],baseline/6,0,22,bad,toward_good,False
baseline[good=above],baseline/6,1,22,bad,toward_bad,False
baseline[good=above],baseline/6,2,22,bad,toward_bad,False
baseline[good=above],baseline/6,3,22,bad,toward_bad,False
baseline[good=above],baseline/6,4,22,bad,toward_good,False
baseline[good=above],baseline/6,5,22,bad,toward_bad,False
baseline[good=above],baseline/6,6,22,bad,toward_good,False
baseline[good=above],baseline/6,7,22,bad,toward_good,False
baseline[good=above],baseline/6,8,22,bad,toward_good,False
baseline[good=above],baseline/6,9,22,bad,toward_good,False
baseline[good=above],baseline/6,10,22,bad,toward_bad,False
baseline[good=above],baseline/6,11,22,bad,toward_bad,False
baseline[good=above],baseline/6,12,22,bad,toward_bad,False
baseline[good=above],baseline/6,13,22,bad,toward_good,False
baseline[good=above],baseline/6,14,22,bad,toward_good,False
baseline[good=above],baseline/6,15,22,bad,toward_bad,False
baseline[good=above],baseline/6,16,22,bad,toward_good,False
baseline[good=above],baseline/6,17,22,bad,toward_good,False
baseline[good=above],baseline/6,18,22,bad,toward_bad,False
baseline[good=above],baseline/6,19,22,bad,toward_good,False
baseline[good=above],baseline/6,20,22,bad,toward_bad,False
baseline[good=above],baseline/6,21,22,bad,,True
baseline[good=below],baseline/6,0,22,good,toward_bad,False
baseline[good=below],baseline/6,1,22,good,toward_good,False
baseline[good=below],baseline/6,2,22,good,toward_good,False
baseline[good=below],baseline/6,3,22,good,toward_good,False
baseline[good=below],baseline/6,4,22,good,toward_bad,False
baseline[good=below],baseline/6,5,22,good,toward_good,False
baseline[good=below],baseline/6,6,22,good,toward_bad,False
baseline[good=below],baseline/6,7,22,good,toward_bad,False
baseline[good=below],baseline/6,8,22,good,toward_bad,False
baseline[good=below],baseline/6,9,22,good,toward_bad,False
baseline[good=below],baseline/6,10,22,good,toward_good,False
baseline[good=below],baseline/6,11,22,good,toward_good,False
baseline[good=below],baseline/6,12,22,good,toward_good,False
baseline[good=below],baseline/6,13,22,good,toward_bad,False
baseline[good=below],baseline/6,14,22,good,toward_bad,False
baseline[good=below],baseline/6,15,22,good,toward_good,False
baseline[good=below],baseline/6,16,22,good,toward_bad,False
baseline[good=below],baseline/6,17,22,good,toward_bad,False
baseline[good=below],baseline/6,18,22,good,toward_good,False
baseline[good=below],baseline/6,19,22,good,toward_bad,False
baseline[good=below],baseline/6,20,22,good,toward_good,False
baseline[good=below],baseline/6,21,22,good,,True
baseline[good=above],baseline/7,0,18,good,toward_good,False
baseline[good=above],baseline/7,1,18,good,toward_good,False
baseline[good=above],baseline/7,2,18,good,toward_good,False
baseline[good=above],baseline/7,3,18,good,toward_bad,False
baseline[good=above],baseline/7,4,18,bad,toward_good,False
baseline[good=above],baseline/7,5,18,good,toward_bad,False
baseline[good=above],baseline/7,6,18,good,toward_good,False
baseline[good=above],baseline/7,7,18,good,toward_bad,False
baseline[good=above],baseline/7,8,18,good,toward_bad,False
baseline[good=above],baseline/7,9,18,good,toward_good,False
baseline[good=above],baseline/7,10,18,good,toward_bad,False
baseline[good=above],baseline/7,11,18,good,toward_good,False
baseline[good=above],baseline/7,12,18,good,toward_bad,False
baseline[good=above],baseline/7,13,18,bad,toward_good,False
baseline[good=above],baseline/7,14,18,good,toward_bad,False
baseline[good=above],baseline/7,15,18,bad,toward_good,False
baseline[good=above],baseline/7,16,18,good,toward_bad,False
baseline[good=above],baseline/7,17,18,good,,True
baseline[good=below],baseline/7,0,18,bad,toward_bad,False
baseline[good=below],baseline/7,1,18,bad,toward_bad,False
baseline[good=below],baseline/7,2,18,bad,toward_bad,False
baseline[good=below],baseline/7,3,18,bad,toward_good,False
baseline[good=below],baseline/7,4,18,good,toward_bad,False
baseline[good=below],baseline/7,5,18,bad,toward_good,False
baseline[good=below],baseline/7,6,18,bad,toward_bad,False
baseline[good=below],baseline/7,7,18,bad,toward_good,False
baseline[good=below],baseline/7,8,18,bad,toward_good,False
baseline[good=below],baseline/7,9,18,bad,toward_bad,False
baseline[good=below],baseline/7,10,18,bad,toward_good,False
baseline[good=below],baseline/7,11,18,bad,toward_bad,False
baseline[good=below],baseline/7,12,18,bad,toward_good,False
baseline[good=below],baseline/7,13,18,good,toward_bad,False
baseline[good=below],baseline/7,14,18,bad,toward_good,False
baseline[good=below],baseline/7,15,18,good,toward_bad,False
baseline[good=below],baseline/7,16,18,bad,toward_good,False
baseline[good=below],baseline/7,17,18,bad,,True
baseline[good=above],baseline/8,0,39,bad,toward_bad,False
baseline[good=above],baseline/8,1,39,bad,toward_good,False
baseline[good=above],baseline/8,2,39,bad,toward_bad,False
baseline[good=above],baseline/8,3,39,bad,toward_good,False
baseline[good=above],baseline/8,4,39,bad,toward_good,False
baseline[good=above],baseline/8,5,39,bad,toward_good,False
baseline[good=above],baseline/8,6,39,bad,toward_bad,False
baseline[good=above],baseline/8,7,39,bad,toward_good,False
baseline[good=above],baseline/8,8,39,bad,toward_good,False
baseline[good=above],baseline/8,9,39,bad,toward_bad,False
baseline[good=above],baseline/8,10,39,bad,toward_good,False
baseline[good=above],baseline/8,11,39,bad,toward_bad,False
baseline[good=above],baseline/8,12,39,bad,toward_good,False
baseline[good=above],baseline/8,13,39,bad,toward_bad,False
baseline[good=above],baseline/8,14,39,bad,toward_good,False
baseline[good=above],baseline/8,15,39,bad,toward_bad,False
baseline[good=above],baseline/8,16,39,bad,toward_bad,False
baseline[good=above],baseline/8,17,39,bad,toward_good,False
baseline[good=above],baseline/8,18,39,bad,toward_bad,False
baseline[good=above],baseline/8,19,39,bad,toward_good,False
baseline[good=above],baseline/8,20,39,bad,toward_bad,False
baseline[good=above],baseline/8,21,39,bad,toward_good,False
baseline[good=above],baseline/8,22,39,bad,toward_good,False
baseline[good=above],baseline/8,23,39,bad,toward_bad,False
baseline[good=above],baseline/8,24,39,bad,toward_good,False
baseline[good=above],baseline/8,25,39,bad,toward_bad,False
baseline[good=above],baseline/8,26,39,bad,toward_good,False
baseline[good=above],baseline/8,27,39,bad,toward_good,False
baseline[good=above],baseline/8,28,39,bad,toward_bad,False
baseline[good=above],baseline/8,29,39,bad,toward_good,False
baseline[good=above],baseline/8,30,39,bad,toward_good,False
baseline[good=above],baseline/8,31,39,bad,toward_bad,False
baseline[good=above],baseline/8,32,39,bad,toward_bad,False
baseline[good=above],baseline/8,33,39,bad,toward_bad,False
baseline[good=above],baseline/8,34,39,bad,toward_bad,False
baseline[good=above],baseline/8,35,39,bad,toward_good,False
baseline[good=above],baseline/8,36,39,bad,toward_bad,False
baseline[good=above],baseline/8,37,39,bad,toward_good,False
baseline[good=above],baseline/8,38,39,bad,,True
baseline[good=below],baseline/8,0,39,good,toward_good,False
baseline[good=below],baseline/8,1,39,good,toward_bad,False
baseline[good=below],baseline/8,2,39,good,toward_good,False
baseline[good=below],baseline/8,3,39,good,toward_bad,False
baseline[good=below],baseline/8,4,39,good,toward_bad,False
baseline[good=below],baseline/8,5,39,good,toward_bad,False
baseline[good=below],baseline/8,6,39,good,toward_good,False
baseline[good=below],baseline/8,7,39,good,toward_bad,False
baseline[good=below],baseline/8,8,39,good,toward_bad,False
baseline[good=below],baseline/8,9,39,good,toward_good,False
baseline[good=below],baseline/8,10,39,good,toward_bad,False
baseline[good=below],baseline/8,11,39,good,toward_good,False
baseline[good=below],baseline/8,12,39,good,toward_bad,False
baseline[good=below],baseline/8,13,39,good,toward_good,False
baseline[good=below],baseline/8,14,39,good,toward_bad,False
baseline[good=below],baseline/8,15,39,good,toward_good,False
baseline[good=below],baseline/8,16,39,good,toward_good,False
baseline[good=below],baseline/8,17,39,good,toward_bad,False
baseline[good=below],baseline/8,18,39,good,toward_good,False
baseline[good=below],baseline/8,19,39,good,toward_bad,False
baseline[good=below],baseline/8,20,39,good,toward_good,False
baseline[good=below],baseline/8,21,39,good,toward_bad,False
baseline[good=below],baseline/8,22,39,good,toward_bad,False
baseline[good=below],baseline/8,23,39,good,toward_good,False
baseline[good=below],baseline/8,24,39,good,toward_bad,False
baseline[good=below],baseline/8,25,39,good,toward_good,False
baseline[good=below],baseline/8,26,39,good,toward_bad,False
baseline[good=below],baseline/8,27,39,good,toward_bad,False
baseline[good=below],baseline/8,28,39,good,toward_good,False
baseline[good=below],baseline/8,29,39,good,toward_bad,False
baseline[good=below],baseline/8,30,39,good,toward_bad,False
baseline[good=below],baseline/8,31,39,good,toward_good,False
baseline[good=below],baseline/8,32,39,good,toward_good,False
baseline[good=below],baseline/8,33,39,good,toward_good,False
baseline[good=below],baseline/8,34,39,good,toward_good,False
baseline[good=below],baseline/8,35,39,good,toward_bad,False
baseline[good=below],baseline/8,36,39,good,toward_good,False
baseline[good=below],baseline/8,37,39,good,toward_bad,False
baseline[good=below],baseline/8,38,39,good,,True
baseline[good=above],baseline/9,0,12,bad,toward_bad,False
baseline[good=above],baseline/9,1,12,bad,toward_good,False
baseline[good=above],baseline/9,2,12,bad,toward_bad,False
baseline[good=above],baseline/9,3,12,bad,toward_good,False
baseline[good=above],baseline/9,4,12,bad,toward_bad,False
baseline[good=above],baseline/9,5,12,bad,toward_good,False
baseline[good=above],baseline/9,6,12,bad,toward_bad,False
baseline[good=above],baseline/9,7,12,bad,toward_bad,False
baseline[good=above],baseline/9,8,12,bad,toward_good,False
baseline[good=above],baseline/9,9,12,bad,toward_bad,False
baseline[good=above],baseline/9,10,12,bad,toward_bad,False
baseline[good=above],baseline/9,11,12,bad,,True
baseline[good=below],baseline/9,0,12,good,toward_good,False
baseline[good=below],baseline/9,1,12,good,toward_bad,False
baseline[good=below],baseline/9,2,12,good,toward_good,False
baseline[good=below],baseline/9,3,12,good,toward_bad,False
baseline[good=below],baseline/9,4,12,good,toward_good,False
baseline[good=below],baseline/9,5,12,good,toward_bad,False
baseline[good=below],baseline/9,6,12,good,toward_good,False
baseline[good=below],baseline/9,7,12,good,toward_good,False
baseline[good=below],baseline/9,8,12,good,toward_bad,False
baseline[good=below],baseline/9,9,12,good,toward_good,False
baseline[good=below],baseline/9,10,12,good,toward_good,False
baseline[good=below],baseline/9,11,12,good,,True
baseline[good=above],baseline/10,0,6,good,toward_good,False
baseline[good=above],baseline/10,1,6,good,toward_bad,False
baseline[good=above],baseline/10,2,6,good,toward_good,False
baseline[good=above],baseline/10,3,6,good,toward_good,False
baseline[good=above],baseline/10,4,6,good,toward_bad,False
baseline[good=above],baseline/10,5,6,good,,True
baseline[good=below],baseline/10,0,6,bad,toward_bad,False
baseline[good=below],baseline/10,1,6,bad,toward_good,False
baseline[good=below],baseline/10,2,6,bad,toward_bad,False
baseline[good=below],baseline/10,3,6,bad,toward_bad,False
baseline[good=below],baseline/10,4,6,bad,toward_good,False
baseline[good=below],baseline/10,5,6,bad,,True
baseline[good=above],baseline/11,0,6,bad,toward_bad,False
baseline[good=above],baseline/11,1,6,bad,toward_good,False
baseline[good=above],baseline/11,2,6,bad,toward_bad,False
baseline[good=above],baseline/11,3,6,bad,toward_bad,False
baseline[good=above],baseline/11,4,6,bad,toward_bad,False
baseline[good=above],baseline/11,5,6,bad,,True
baseline[good=below],baseline/11,0,6,good,toward_good,False
baseline[good=below],baseline/11,1,6,good,toward_bad,False
baseline[good=below],baseline/11,2,6,good,toward_good,False
baseline[good=below],baseline/11,3,6,good,toward_good,False
baseline[good=below],baseline/11,4,6,good,toward_good,False
baseline[good=below],baseline/11,5,6,good,,True
baseline[good=above],baseline/12,0,23,good,toward_good,False
baseline[good=above],baseline/12,1,23,good,toward_bad,False
baseline[good=above],baseline/12,2,23,good,toward_bad,False
baseline[good=above],baseline/12,3,23,good,toward_good,False
baseline[good=above],baseline/12,4,23,good,toward_bad,False
baseline[good=above],baseline/12,5,23,good,toward_good,False
baseline[good=above],baseline/12,6,23,good,toward_bad,False
baseline[good=above],baseline/12,7,23,good,toward_bad,False
baseline[good=above],baseline/12,8,23,good,toward_bad,False
baseline[good=above],baseline/12,9,23,good,toward_good,False
baseline[good=above],baseline/12,10,23,good,toward_good,False
baseline[good=above],baseline/12,11,23,good,toward_good,False
baseline[good=above],baseline/12,12,23,good,toward_good,False
baseline[good=above],baseline/12,13,23,good,toward_bad,False
baseline[good=above],baseline/12,14,23,good,toward_bad,False
baseline[good=above],baseline/12,15,23,good,toward_good,False
baseline[good=above],baseline/12,16,23,good,toward_good,False
baseline[good=above],baseline/12,17,23,good,toward_bad,False
baseline[good=above],baseline/12,18,23,good,toward_bad,False
baseline[good=above],baseline/12,19,23,good,toward_good,False
baseline[good=above],baseline/12,20,23,good,toward_good,False
baseline[good=above],baseline/12,21,23,good,toward_bad,False
baseline[good=above],baseline/12,22,23,good,,True
baseline[good=below],baseline/12,0,23,bad,toward_bad,False
baseline[good=below],baseline/12,1,23,bad,toward_good,False
baseline[good=below],baseline/12,2,23,bad,toward_good,False
baseline[good=below],baseline/12,3,23,bad,toward_bad,False
baseline[good=below],baseline/12,4,23,bad,toward_good,False
baseline[good=below],baseline/12,5,23,bad,toward_bad,False
baseline[good=below],baseline/12,6,23,bad,toward_good,False
baseline[good=below],baseline/12,7,23,bad,toward_good,False
baseline[good=below],baseline/12,8,23,bad,toward_good,False
baseline[good=below],baseline/12,9,23,bad,toward_bad,False
baseline[good=below],baseline/12,10,23,bad,toward_bad,False
baseline[good=below],baseline/12,11,23,bad,toward_bad,False
baseline[good=below],baseline/12,12,23,bad,toward_bad,False
baseline[good=below],baseline/12,13,23,bad,toward_good,False
baseline[good=below],baseline/12,14,23,bad,toward_good,False
baseline[good=below],baseline/12,15,23,bad,toward_bad,False
baseline[good=below],baseline/12,16,23,bad,toward_bad,False
baseline[good=below],baseline/12,17,23,bad,toward_good,False
baseline[good=below],baseline/12,18,23,bad,toward_good,False
baseline[good=below],baseline/12,19,23,bad,toward_bad,False
baseline[good=below],baseline/12,20,23,bad,toward_bad,False
baseline[good=below],baseline/12,21,23,bad,toward_good,False
baseline[good=below],baseline/12,22,23,bad,,True
baseline[good=above],baseline/13,0,28,bad,toward_bad,False
baseline[good=above],baseline/13,1,28,bad,toward_bad,False
baseline[good=above],baseline/13,2,28,bad,toward_good,False
baseline[good=above],baseline/13,3,28,bad,toward_bad,False
baseline[good=above],baseline/13,4,28,bad,toward_bad,False
baseline[good=above],baseline/13,5,28,bad,toward_bad,False
baseline[good=above],baseline/13,6,28,bad,toward_good,False
baseline[good=above],baseline/13,7,28,bad,toward_bad,False
baseline[good=above],baseline/13,8,28,bad,toward_good,False
baseline[good=above],baseline/13,9,28,bad,toward_bad,False
baseline[good=above],baseline/13,10,28,bad,toward_good,False
baseline[good=above],baseline/13,11,28,good,toward_bad,False
baseline[good=above],baseline/13,12,28,bad,toward_good,False
baseline[good=above],baseline/13,13,28,bad,toward_bad,False
baseline[good=above],baseline/13,14,28,bad,toward_good,False
baseline[good=above],baseline/13,15,28,bad,toward_bad,False
baseline[good=above],baseline/13,16,28,bad,toward_good,False
baseline[good=above],baseline/13,17,28,bad,toward_good,False
baseline[good=above],baseline/13,18,28,bad,toward_good,False
baseline[good=above],baseline/13,19,28,bad,toward_bad,False
baseline[good=above],baseline/13,20,28,bad,toward_good,False
baseline[good=above],baseline/13,21,28,bad,toward_good,False
baseline[good=above],baseline/13,22,28,bad,toward_good,False
baseline[good=above],baseline/13,23,28,bad,toward_good,False
baseline[good=above],baseline/13,24,28,bad,toward_bad,False
baseline[good=above],baseline/13,25,28,bad,toward_bad,False
baseline[good=above],baseline/13,26,28,bad,toward_good,False
baseline[good=above],baseline/13,27,28,bad,,True
baseline[good=below],baseline/13,0,28,good,toward_good,False
baseline[good=below],baseline/13,1,28,good,toward_good,False
baseline[good=below],baseline/13,2,28,good,toward_bad,False
baseline[good=below],baseline/13,3,28,good,toward_good,False
baseline[good=below],baseline/13,4,28,good,toward_good,False
baseline[good=below],baseline/13,5,28,good,toward_good,False
baseline[good=below],baseline/13,6,28,good,toward_bad,False
baseline[good=below],baseline/13,7,28,good,toward_good,False
baseline[good=below],baseline/13,8,28,good,toward_bad,False
baseline[good=below],baseline/13,9,28,good,toward_good,False
baseline[good=below],baseline/13,10,28,good,toward_bad,False
baseline[good=below],baseline/13,11,28,bad,toward_good,False
baseline[good=below],baseline/13,12,28,good,toward_bad,False
baseline[good=below],baseline/13,13,28,good,toward_good,False
baseline[good=below],baseline/13,14,28,good,toward_bad,False
baseline[good=below],baseline/13,15,28,good,toward_good,False
baseline[good=below],baseline/13,16,28,good,toward_bad,False
baseline[good=below],baseline/13,17,28,good,toward_bad,False
baseline[good=below],baseline/13,18,28,good,toward_bad,False
baseline[good=below],baseline/13,19,28,good,toward_good,False
baseline[good=below],baseline/13,20,28,good,toward_bad,False
baseline[good=below],baseline/13,21,28,good,toward_bad,False
baseline[good=below],baseline/13,22,28,good,toward_bad,False
baseline[good=below],baseline/13,23,28,good,toward_bad,False
baseline[good=below],baseline/13,24,28,good,toward_good,False
baseline[good=below],baseline/13,25,28,good,toward_good,False
baseline[good=below],baseline/13,26,28,good,toward_bad,False
baseline[good=below],baseline/13,27,28,good,,True
baseline[good=above],baseline/14,0,35,bad,toward_bad,False
baseline[good=above],baseline/14,1,35,bad,toward_good,False
baseline[good=above],baseline/14,2,35,bad,toward_good,False
baseline[good=above],baseline/14,3,35,bad,toward_good,False
baseline[good=above],baseline/14,4,35,bad,toward_bad,False
baseline[good=above],baseline/14,5,35,bad,toward_bad,False
baseline[good=above],baseline/14,6,35,bad,toward_good,False
baseline[good=above],baseline/14,7,35,bad,toward_bad,False
baseline[good=above],baseline/14,8,35,bad,toward_good,False
baseline[good=above],baseline/14,9,35,bad,toward_good,False
baseline[good=above],baseline/14,10,35,bad,toward_bad,False
baseline[good=above],baseline/14,11,35,bad,toward_good,False
baseline[good=above],baseline/14,12,35,bad,toward_good,False
baseline[good=above],baseline/14,13,35,good,toward_bad,False
baseline[good=above],baseline/14,14,35,bad,toward_good,False
baseline[good=above],baseline/14,15,35,bad,toward_bad,False
baseline[good=above],baseline/14,16,35,bad,toward_good,False
baseline[good=above],baseline/14,17,35,good,toward_bad,False
baseline[good=above],baseline/14,18,35,bad,toward_good,False
baseline[good=above],baseline/14,19,35,bad,toward_good,False
baseline[good=above],baseline/14,20,35,bad,toward_bad,False
baseline[good=above],baseline/14,21,35,bad,toward_good,False
baseline[good=above],baseline/14,22,35,bad,toward_good,False
baseline[good=above],baseline/14,23,35,bad,toward_bad,False
baseline[good=above],baseline/14,24,35,bad,toward_good,False
baseline[good=above],baseline/14,25,35,bad,toward_good,False
baseline[good=above],baseline/14,26,35,bad,toward_good,False
baseline[good=above],baseline/14,27,35,good,toward_good,False
baseline[good=above],baseline/14,28,35,good,toward_bad,False
baseline[good=above],baseline/14,29,35,bad,toward_good,False
baseline[good=above],baseline/14,30,35,good,toward_bad,False
baseline[good=above],baseline/14,31,35,bad,toward_bad,False
baseline[good=above],baseline/14,32,35,bad,toward_good,False
baseline[good=above],baseline/14,33,35,bad,toward_bad,False
baseline[good=above],baseline/14,34,35,bad,,True
baseline[good=below],baseline/14,0,35,good,toward_good,False
baseline[good=below],baseline/14,1,35,good,toward_bad,False
baseline[good=below],baseline/14,2,35,good,toward_bad,False
baseline[good=below],baseline/14,3,35,good,toward_bad,False
baseline[good=below],baseline/14,4,35,good,toward_good,False
baseline[good=below],baseline/14,5,35,good,toward_good,False
baseline[good=below],baseline/14,6,35,good,toward_bad,False
baseline[good=below],baseline/14,7,35,good,toward_good,False
baseline[good=below],baseline/14,8,35,good,toward_bad,False
baseline[good=below],baseline/14,9,35,good,toward_bad,False
baseline[good=below],baseline/14,10,35,good,toward_good,False
baseline[good=below],baseline/14,11,35,good,toward_bad,False
baseline[good=below],baseline/14,12,35,good,toward_bad,False
baseline[good=below],baseline/14,13,35,bad,toward_good,False
baseline[good=below],baseline/14,14,35,good,toward_bad,False
baseline[good=below],baseline/14,15,35,good,toward_good,False
baseline[good=below],baseline/14,16,35,good,toward_bad,False
baseline[good=below],baseline/14,17,35,bad,toward_good,False
baseline[good=below],baseline/14,18,35,good,toward_bad,False
baseline[good=below],baseline/14,19,35,good,toward_bad,False
baseline[good=below],baseline/14,20,35,good,toward_good,False
baseline[good=below],baseline/14,21,35,good,toward_bad,False
baseline[good=below],baseline/14,22,35,good,toward_bad,False
baseline[good=below],baseline/14,23,35,good,toward_good,False
baseline[good=below],baseline/14,24,35,good,toward_bad,False
baseline[good=below],baseline/14,25,35,good,toward_bad,False
baseline[good=below],baseline/14,26,35,good,toward_bad,False
baseline[good=below],baseline/14,27,35,bad,toward_bad,False
baseline[good=below],baseline/14,28,35,bad,toward_good,False
baseline[good=below],baseline/14,29,35,good,toward_bad,False
baseline[good=below],baseline/14,30,35,bad,toward_good,False
baseline[good=below],baseline/14,31,35,good,toward_good,False
baseline[good=below],baseline/14,32,35,good,toward_bad,False
baseline[good=below],baseline/14,33,35,good,toward_good,False
baseline[good=below],baseline/14,34,35,good,,True
baseline[good=above],baseline/16,0,8,bad,toward_good,False
baseline[good=above],baseline/16,1,8,bad,toward_good,False
baseline[good=above],baseline/16,2,8,bad,toward_good,False
baseline[good=above],baseline/16,3,8,bad,toward_bad,False
baseline[good=above],baseline/16,4,8,bad,toward_good,False
baseline[good=above],baseline/16,5,8,bad,toward_bad,False
baseline[good=above],baseline/16,6,8,bad,toward_bad,False
baseline[good=above],baseline/16,7,8,bad,,True
baseline[good=below],baseline/16,0,8,good,toward_bad,False
baseline[good=below],baseline/16,1,8,good,toward_bad,False
baseline[good=below],baseline/16,2,8,good,toward_bad,False
baseline[good=below],baseline/16,3,8,good,toward_good,False
baseline[good=below],baseline/16,4,8,good,toward_bad,False
baseline[good=below],baseline/16,5,8,good,toward_good,False
baseline[good=below],baseline/16,6,8,good,toward_good,False
baseline[good=below],baseline/16,7,8,good,,True
baseline[good=above],baseline/18,0,12,bad,toward_good,False
baseline[good=above],baseline/18,1,12,good,toward_good,False
baseline[good=above],baseline/18,2,12,good,toward_good,False
baseline[good=above],baseline/18,3,12,good,toward_bad,False
baseline[good=above],baseline/18,4,12,good,toward_bad,False
baseline[good=above],baseline/18,5,12,bad,toward_good,False
baseline[good=above],baseline/18,6,12,good,toward_good,False
baseline[good=above],baseline/18,7,12,good,toward_bad,False
baseline[good=above],baseline/18,8,12,good,toward_bad,False
baseline[good=above],baseline/18,9,12,good,toward_bad,False
baseline[good=above],baseline/18,10,12,bad,toward_good,False
baseline[good=above],baseline/18,11,12,good,,True
baseline[good=below],baseline/18,0,12,good,toward_bad,False
baseline[good=below],baseline/18,1,12,bad,toward_bad,False
baseline[good=below],baseline/18,2,12,bad,toward_bad,False
baseline[good=below],baseline/18,3,12,bad,toward_good,False
baseline[good=below],baseline/18,4,12,bad,toward_good,False
baseline[good=below],baseline/18,5,12,good,toward_bad,False
baseline[good=below],baseline/18,6,12,bad,toward_bad,False
baseline[good=below],baseline/18,7,12,bad,toward_good,False
baseline[good=below],baseline/18,8,12,bad,toward_good,False
baseline[good=below],baseline/18,9,12,bad,toward_good,False
baseline[good=below],baseline/18,10,12,good,toward_bad,False
baseline[good=below],baseline/18,11,12,bad,,True
baseline[good=above],baseline/21,0,20,good,toward_bad,False
baseline[good=above],baseline/21,1,20,good,toward_bad,False
baseline[good=above],baseline/21,2,20,good,toward_good,False
baseline[good=above],baseline/21,3,20,good,toward_bad,False
baseline[good=above],baseline/21,4,20,good,toward_good,False
baseline[good=above],baseline/21,5,20,good,toward_bad,False
baseline[good=above],baseline/21,6,20,good,toward_good,False
baseline[good=above],baseline/21,7,20,good,toward_bad,False
baseline[good=above],baseline/21,8,20,good,toward_bad,False
baseline[good=above],baseline/21,9,20,good,toward_bad,False
baseline[good=above],baseline/21,10,20,good,toward_good,False
baseline[good=above],baseline/21,11,20,good,toward_bad,False
baseline[good=above],baseline/21,12,20,good,toward_bad,False
baseline[good=above],baseline/21,13,20,good,toward_good,False
baseline[good=above],baseline/21,14,20,good,toward_bad,False
baseline[good=above],baseline/21,15,20,good,toward_good,False
baseline[good=above],baseline/21,16,20,good,toward_good,False
baseline[good=above],baseline/21,17,20,good,toward_bad,False
baseline[good=above],baseline/21,18,20,good,toward_bad,False
baseline[good=above],baseline/21,19,20,good,,True
baseline[good=below],baseline/21,0,20,bad,toward_good,False
baseline[good=below],baseline/21,1,20,bad,toward_good,False
baseline[good=below],baseline/21,2,20,bad,toward_bad,False
baseline[good=below],baseline/21,3,20,bad,toward_good,False
baseline[good=below],baseline/21,4,20,bad,toward_bad,False
baseline[good=below],baseline/21,5,20,bad,toward_good,False
baseline[good=below],baseline/21,6,20,bad,toward_bad,False
baseline[good=below],baseline/21,7,20,bad,toward_good,False
baseline[good=below],baseline/21,8,20,bad,toward_good,False
baseline[good=below],baseline/21,9,20,bad,toward_good,False
baseline[good=below],baseline/21,10,20,bad,toward_bad,False
baseline[good=below],baseline/21,11,20,bad,toward_good,False
baseline[good=below],baseline/21,12,20,bad,toward_good,False
baseline[good=below],baseline/21,13,20,bad,toward_bad,False
baseline[good=below],baseline/21,14,20,bad,toward_good,False
baseline[good=below],baseline/21,15,20,bad,toward_bad,False
baseline[good=below],baseline/21,16,20,bad,toward_bad,False
baseline[good=below],baseline/21,17,20,bad,toward_good,False
baseline[good=below],baseline/21,18,20,bad,toward_good,False
baseline[good=below],baseline/21,19,20,bad,,True
baseline[good=above],baseline/22,0,7,bad,toward_bad,False
baseline[good=above],baseline/22,1,7,bad,toward_bad,False
baseline[good=above],baseline/22,2,7,bad,toward_bad,False
baseline[good=above],baseline/22,3,7,bad,toward_bad,False
baseline[good=above],baseline/22,4,7,bad,toward_bad,False
baseline[good=above],baseline/22,5,7,bad,toward_bad,False
baseline[good=above],baseline/22,6,7,bad,,True
baseline[good=below],baseline/22,0,7,good,toward_good,False
baseline[good=below],baseline/22,1,7,good,toward_good,False
baseline[good=below],baseline/22,2,7,good,toward_good,False
baseline[good=below],baseline/22,3,7,good,toward_good,False
baseline[good=below],baseline/22,4,7,good,toward_good,False
baseline[good=below],baseline/22,5,7,good,toward_good,False
baseline[good=below],baseline/22,6,7,good,,True
baseline[good=above],baseline/23,0,18,good,toward_bad,False
baseline[good=above],baseline/23,1,18,good,toward_good,False
baseline[good=above],baseline/23,2,18,good,toward_bad,False
baseline[good=above],baseline/23,3,18,good,toward_good,False
baseline[good=above],baseline/23,4,18,good,toward_good,False
baseline[good=above],baseline/23,5,18,good,toward_bad,False
baseline[good=above],baseline/23,6,18,good,toward_bad,False
baseline[good=above],baseline/23,7,18,good,toward_bad,False
baseline[good=above],baseline/23,8,18,good,toward_good,False
baseline[good=above],baseline/23,9,18,good,toward_good,False
baseline[good=above],baseline/23,10,18,good,toward_bad,False
baseline[good=above],baseline/23,11,18,good,toward_good,False
baseline[good=above],baseline/23,12,18,good,toward_bad,False
baseline[good=above],baseline/23,13,18,good,toward_good,False
baseline[good=above],baseline/23,14,18,good,toward_bad,False
baseline[good=above],baseline/23,15,18,good,toward_bad,False
baseline[good=above],baseline/23,16,18,good,toward_good,False
baseline[good=above],baseline/23,17,18,good,,True
baseline[good=below],baseline/23,0,18,bad,toward_good,False
baseline[good=below],baseline/23,1,18,bad,toward_bad,False
baseline[good=below],baseline/23,2,18,bad,toward_good,False
baseline[good=below],baseline/23,3,18,bad,toward_bad,False
baseline[good=below],baseline/23,4,18,bad,toward_bad,False
baseline[good=below],baseline/23,5,18,bad,toward_good,False
baseline[good=below],baseline/23,6,18,bad,toward_good,False
baseline[good=below],baseline/23,7,18,bad,toward_good,False
baseline[good=below],baseline/23,8,18,bad,toward_bad,False
baseline[good=below],baseline/23,9,18,bad,toward_bad,False
baseline[good=below],baseline/23,10,18,bad,toward_good,False
baseline[good=below],baseline/23,11,18,bad,toward_bad,False
baseline[good=below],baseline/23,12,18,bad,toward_good,False
baseline[good=below],baseline/23,13,18,bad,toward_bad,False
baseline[good=below],baseline/23,14,18,bad,toward_good,False
baseline[good=below],baseline/23,15,18,bad,toward_good,False
baseline[good=below],baseline/23,16,18,bad,toward_bad,False
baseline[good=below],baseline/23,17,18,bad,,True
baseline[good=above],baseline/25,0,9,good,toward_good,False
baseline[good=above],baseline/25,1,9,good,toward_good,False
baseline[good=above],baseline/25,2,9,good,toward_good,False
baseline[good=above],baseline/25,3,9,good,toward_good,False
baseline[good=above],baseline/25,4,9,good,toward_good,False
baseline[good=above],baseline/25,5,9,good,toward_bad,False
baseline[good=above],baseline/25,6,9,good,toward_bad,False
baseline[good=above],baseline/25,7,9,good,toward_good,False
baseline[good=above],baseline/25,8,9,good,,True
baseline[good=below],baseline/25,0,9,bad,toward_bad,False
baseline[good=below],baseline/25,1,9,bad,toward_bad,False
baseline[good=below],baseline/25,2,9,bad,toward_bad,False
baseline[good=below],baseline/25,3,9,bad,toward_bad,False
baseline[good=below],baseline/25,4,9,bad,toward_bad,False
baseline[good=below],baseline/25,5,9,bad,toward_good,False
baseline[good=below],baseline/25,6,9,bad,toward_good,False
baseline[good=below],baseline/25,7,9,bad,toward_bad,False
baseline[good=below],baseline/25,8,9,bad,,True
baseline[good=above],baseline/26,0,10,good,toward_bad,False
baseline[good=above],baseline/26,1,10,bad,toward_bad,False
baseline[good=above],baseline/26,2,10,bad,toward_good,False
baseline[good=above],baseline/26,3,10,bad,toward_good,False
baseline[good=above],baseline/26,4,10,bad,toward_good,False
baseline[good=above],baseline/26,5,10,bad,toward_bad,False
baseline[good=above],baseline/26,6,10,bad,toward_good,False
baseline[good=above],baseline/26,7,10,good,toward_bad,False
baseline[good=above],baseline/26,8,10,bad,toward_bad,False
baseline[good=above],baseline/26,9,10,bad,,True
baseline[good=below],baseline/26,0,10,bad,toward_good,False
baseline[good=below],baseline/26,1,10,good,toward_good,False
baseline[good=below],baseline/26,2,10,good,toward_bad,False
baseline[good=below],baseline/26,3,10,good,toward_bad,False
baseline[good=below],baseline/26,4,10,good,toward_bad,False
baseline[good=below],baseline/26,5,10,good,toward_good,False
baseline[good=below],baseline/26,6,10,good,toward_bad,False
baseline[good=below],baseline/26,7,10,bad,toward_good,False
baseline[good=below],baseline/26,8,10,good,toward_good,False
baseline[good=below],baseline/26,9,10,good,,True
baseline[good=above],baseline/27,0,1,good,,True
baseline[good=below],baseline/27,0,1,bad,,True
baseline[good=above],baseline/30,0,19,good,toward_good,False
baseline[good=above],baseline/30,1,19,good,toward_bad,False
baseline[good=above],baseline/30,2,19,good,toward_good,False
baseline[good=above],baseline/30,3,19,good,toward_good,False
baseline[good=above],baseline/30,4,19,good,toward_good,False
baseline[good=above],baseline/30,5,19,good,toward_good,False
baseline[good=above],baseline/30,6,19,good,toward_bad,False
baseline[good=above],baseline/30,7,19,good,toward_bad,False
baseline[good=above],baseline/30,8,19,good,toward_good,False
baseline[good=above],baseline/30,9,19,good,toward_bad,False
baseline[good=above],baseline/30,10,19,good,toward_good,False
baseline[good=above],baseline/30,11,19,good,toward_bad,False
baseline[good=above],baseline/30,12,19,good,toward_bad,False
baseline[good=above],baseline/30,13,19,good,toward_good,False
baseline[good=above],baseline/30,14,19,good,toward_bad,False
baseline[good=above],baseline/30,15,19,good,toward_bad,False
baseline[good=above],baseline/30,16,19,good,toward_bad,False
baseline[good=above],baseline/30,17,19,good,toward_good,False
baseline[good=above],baseline/30,18,19,good,,True
baseline[good=below],baseline/30,0,19,bad,toward_bad,False
baseline[good=below],baseline/30,1,19,bad,toward_good,False
baseline[good=below],baseline/30,2,19,bad,toward_bad,False
baseline[good=below],baseline/30,3,19,bad,toward_bad,False
baseline[good=below],baseline/30,4,19,bad,toward_bad,False
baseline[good=below],baseline/30,5,19,bad,toward_bad,False
baseline[good=below],baseline/30,6,19,bad,toward_good,False
baseline[good=below],baseline/30,7,19,bad,toward_good,False
baseline[good=below],baseline/30,8,19,bad,toward_bad,False
baseline[good=below],baseline/30,9,19,bad,toward_good,False
baseline[good=below],baseline/30,10,19,bad,toward_bad,False
baseline[good=below],baseline/30,11,19,bad,toward_good,False
baseline[good=below],baseline/30,12,19,bad,toward_good,False
baseline[good=below],baseline/30,13,19,bad,toward_bad,False
baseline[good=below],baseline/30,14,19,bad,toward_good,False
baseline[good=below],baseline/30,15,19,bad,toward_good,False
baseline[good=below],baseline/30,16,19,bad,toward_good,False
baseline[good=below],baseline/30,17,19,bad,toward_bad,False
baseline[good=below],baseline/30,18,19,bad,,True
baseline[good=above],baseline/32,0,1,bad,,True
baseline[good=below],baseline/32,0,1,good,,True
baseline[good=above],baseline/33,0,6,bad,toward_bad,False
baseline[good=above],baseline/33,1,6,bad,toward_good,False
baseline[good=above],baseline/33,2,6,bad,toward_good,False
baseline[good=above],baseline/33,3,6,bad,toward_good,False
baseline[good=above],baseline/33,4,6,bad,toward_good,False
baseline[good=above],baseline/33,5,6,bad,,True
baseline[good=below],baseline/33,0,6,good,toward_good,False
baseline[good=below],baseline/33,1,6,good,toward_bad,False
baseline[good=below],baseline/33,2,6,good,toward_bad,False
baseline[good=below],baseline/33,3,6,good,toward_bad,False
baseline[good=below],baseline/33,4,6,good,toward_bad,False
baseline[good=below],baseline/33,5,6,good,,True
baseline[good=above],baseline/36,0,1,good,,True
baseline[good=below],baseline/36,0,1,bad,,True
baseline[good=above],baseline/38,0,4,good,toward_bad,False
baseline[good=above],baseline/38,1,4,good,toward_good,False
baseline[good=above],baseline/38,2,4,good,toward_bad,False
baseline[good=above],baseline/38,3,4,good,,True
baseline[good=below],baseline/38,0,4,bad,toward_good,False
baseline[good=below],baseline/38,1,4,bad,toward_bad,False
baseline[good=below],baseline/38,2,4,bad,toward_good,False
baseline[good=below],baseline/38,3,4,bad,,True
baseline[good=above],baseline/39,0,21,good,toward_bad,False
baseline[good=above],baseline/39,1,21,good,toward_good,False
baseline[good=above],baseline/39,2,21,good,toward_bad,False
baseline[good=above],baseline/39,3,21,good,toward_good,False
baseline[good=above],baseline/39,4,21,good,toward_bad,False
baseline[good=above],baseline/39,5,21,good,toward_bad,False
baseline[good=above],baseline/39,6,21,good,toward_good,False
baseline[good=above],baseline/39,7,21,good,toward_good,False
baseline[good=above],baseline/39,8,21,good,toward_bad,False
baseline[good=above],baseline/39,9,21,good,toward_good,False
baseline[good=above],baseline/39,10,21,good,toward_bad,False
baseline[good=above],baseline/39,11,21,good,toward_bad,False
baseline[good=above],baseline/39,12,21,good,toward_good,False
baseline[good=above],baseline/39,13,21,good,toward_good,False
baseline[good=above],baseline/39,14,21,good,toward_bad,False
baseline[good=above],baseline/39,15,21,good,toward_good,False
baseline[good=above],baseline/39,16,21,good,toward_bad,False
baseline[good=above],baseline/39,17,21,good,toward_good,False
baseline[good=above],baseline/39,18,21,good,toward_good,False
baseline[good=above],baseline/39,19,21,good,toward_bad,False
baseline[good=above],baseline/39,20,21,good,,True
baseline[good=below],baseline/39,0,21,bad,toward_good,False
baseline[good=below],baseline/39,1,21,bad,toward_bad,False
baseline[good=below],baseline/39,2,21,bad,toward_good,False
baseline[good=below],baseline/39,3,21,bad,toward_bad,False
baseline[good=below],baseline/39,4,21,bad,toward_good,False
baseline[good=below],baseline/39,5,21,bad,toward_good,False
baseline[good=below],baseline/39,6,21,bad,toward_bad,False
baseline[good=below],baseline/39,7,21,bad,toward_bad,False
baseline[good=below],baseline/39,8,21,bad,toward_good,False
baseline[good=below],baseline/39,9,21,bad,toward_bad,False
baseline[good=below],baseline/39,10,21,bad,toward_good,False
baseline[good=below],baseline/39,11,21,bad,toward_good,False
baseline[good=below],baseline/39,12,21,bad,toward_bad,False
baseline[good=below],baseline/39,13,21,bad,toward_bad,False
baseline[good=below],baseline/39,14,21,bad,toward_good,False
baseline[good=below],baseline/39,15,21,bad,toward_bad,False
baseline[good=below],baseline/39,16,21,bad,toward_good,False
baseline[good=below],baseline/39,17,21,bad,toward_bad,False
baseline[good=below],baseline/39,18,21,bad,toward_bad,False
baseline[good=below],baseline/39,19,21,bad,toward_good,False
baseline[good=below],baseline/39,20,21,bad,,True
baseline[good=above],baseline/41,0,44,good,toward_good,False
baseline[good=above],baseline/41,1,44,good,toward_good,False
baseline[good=above],baseline/41,2,44,good,toward_good,False
baseline[good=above],baseline/41,3,44,good,toward_bad,False
baseline[good=above],baseline/41,4,44,good,toward_good,False
baseline[good=above],baseline/41,5,44,good,toward_bad,False
baseline[good=above],baseline/41,6,44,good,toward_bad,False
baseline[good=above],baseline/41,7,44,good,toward_good,False
baseline[good=above],baseline/41,8,44,good,toward_bad,False
baseline[good=above],baseline/41,9,44,good,toward_good,False
baseline[good=above],baseline/41,10,44,good,toward_good,False
baseline[good=above],baseline/41,11,44,good,toward_good,False
baseline[good=above],baseline/41,12,44,good,toward_good,False
baseline[good=above],baseline/41,13,44,good,toward_bad,False
baseline[good=above],baseline/41,14,44,good,toward_good,False
baseline[good=above],baseline/41,15,44,good,toward_bad,False
baseline[good=above],baseline/41,16,44,good,toward_bad,False
baseline[good=above],baseline/41,17,44,good,toward_bad,False
baseline[good=above],baseline/41,18,44,good,toward_good,False
baseline[good=above],baseline/41,19,44,good,toward_bad,False
baseline[good=above],baseline/41,20,44,good,toward_bad,False
baseline[good=above],baseline/41,21,44,good,toward_good,False
baseline[good=above],baseline/41,22,44,good,toward_good,False
baseline[good=above],baseline/41,23,44,good,toward_good,False
baseline[good=above],baseline/41,24,44,good,toward_good,False
baseline[good=above],baseline/41,25,44,good,toward_bad,False
baseline[good=above],baseline/41,26,44,good,toward_good,False
baseline[good=above],baseline/41,27,44,good,toward_good,False
baseline[good=above],baseline/41,28,44,good,toward_good,False
baseline[good=above],baseline/41,29,44,good,toward_good,False
baseline[good=above],baseline/41,30,44,good,toward_good,False
baseline[good=above],baseline/41,31,44,good,toward_good,False
baseline[good=above],baseline/41,32,44,good,toward_bad,False
baseline[good=above],baseline/41,33,44,good,toward_good,False
baseline[good=above],baseline/41,34,44,good,toward_good,False
baseline[good=above],baseline/41,35,44,good,toward_bad,False
baseline[good=above],baseline/41,36,44,good,toward_good,False
baseline[good=above],baseline/41,37,44,good,toward_bad,False
baseline[good=above],baseline/41,38,44,good,toward_bad,False
baseline[good=above],baseline/41,39,44,good,toward_bad,False
baseline[good=above],baseline/41,40,44,good,toward_good,False
baseline[good=above],baseline/41,41,44,good,toward_good,False
baseline[good=above],baseline/41,42,44,good,toward_bad,False
baseline[good=above],baseline/41,43,44,good,,True
baseline[good=below],baseline/41,0,44,bad,toward_bad,False
baseline[good=below],baseline/41,1,44,bad,toward_bad,False
baseline[good=below],baseline/41,2,44,bad,toward_bad,False
baseline[good=below],baseline/41,3,44,bad,toward_good,False
baseline[good=below],baseline/41,4,44,bad,toward_bad,False
baseline[good=below],baseline/41,5,44,bad,toward_good,False
baseline[good=below],baseline/41,6,44,bad,toward_good,False
baseline[good=below],baseline/41,7,44,bad,toward_bad,False
baseline[good=below],baseline/41,8,44,bad,toward_good,False
baseline[good=below],baseline/41,9,44,bad,toward_bad,False
baseline[good=below],baseline/41,10,44,bad,toward_bad,False
baseline[good=below],baseline/41,11,44,bad,toward_bad,False
baseline[good=below],baseline/41,12,44,bad,toward_bad,False
baseline[good=below],baseline/41,13,44,bad,toward_good,False
baseline[good=below],baseline/41,14,44,bad,toward_bad,False
baseline[good=below],baseline/41,15,44,bad,toward_good,False
baseline[good=below],baseline/41,16,44,bad,toward_good,False
baseline[good=below],baseline/41,17,44,bad,toward_good,False
baseline[good=below],baseline/41,18,44,bad,toward_bad,False
baseline[good=below],baseline/41,19,44,bad,toward_good,False
baseline[good=below],baseline/41,20,44,bad,toward_good,False
baseline[good=below],baseline/41,21,44,bad,toward_bad,False
baseline[good=below],baseline/41,22,44,bad,toward_bad,False
baseline[good=below],baseline/41,23,44,bad,toward_bad,False
baseline[good=below],baseline/41,24,44,bad,toward_bad,False
baseline[good=below],baseline/41,25,44,bad,toward_good,False
baseline[good=below],baseline/41,26,44,bad,toward_bad,False
baseline[good=below],baseline/41,27,44,bad,toward_bad,False
baseline[good=below],baseline/41,28,44,bad,toward_bad,False
baseline[good=below],baseline/41,29,44,bad,toward_bad,False
baseline[good=below],baseline/41,30,44,bad,toward_bad,False
baseline[good=below],baseline/41,31,44,bad,toward_bad,False
baseline[good=below],baseline/41,32,44,bad,toward_good,False
baseline[good=below],baseline/41,33,44,bad,toward_bad,False
baseline[good=below],baseline/41,34,44,bad,toward_bad,False
baseline[good=below],baseline/41,35,44,bad,toward_good,False
baseline[good=below],baseline/41,36,44,bad,toward_bad,False
baseline[good=below],baseline/41,37,44,bad,toward_good,False
baseline[good=below],baseline/41,38,44,bad,toward_good,False
baseline[good=below],baseline/41,39,44,bad,toward_good,False
baseline[good=below],baseline/41,40,44,bad,toward_bad,False
baseline[good=below],baseline/41,41,44,bad,toward_bad,False
baseline[good=below],baseline/41,42,44,bad,toward_good,False
baseline[good=below],baseline/41,43,44,bad,,True
baseline[good=above],baseline/42,0,27,good,toward_good,False
baseline[good=above],baseline/42,1,27,good,toward_bad,False
baseline[good=above],baseline/42,2,27,good,toward_good,False
baseline[good=above],baseline/42,3,27,good,toward_bad,False
baseline[good=above],baseline/42,4,27,good,toward_good,False
baseline[good=above],baseline/42,5,27,good,toward_bad,False
baseline[good=above],baseline/42,6,27,good,toward_good,False
baseline[good=above],baseline/42,7,27,good,toward_bad,False
baseline[good=above],baseline/42,8,27,good,toward_good,False
baseline[good=above],baseline/42,9,27,good,toward_good,False
baseline[good=above],baseline/42,10,27,good,toward_bad,False
baseline[good=above],baseline/42,11,27,good,toward_bad,False
baseline[good=above],baseline/42,12,27,good,toward_bad,False
baseline[good=above],baseline/42,13,27,good,toward_good,False
baseline[good=above],baseline/42,14,27,good,toward_bad,False
baseline[good=above],baseline/42,15,27,good,toward_bad,False
baseline[good=above],baseline/42,16,27,good,toward_bad,False
baseline[good=above],baseline/42,17,27,good,toward_good,False
baseline[good=above],baseline/42,18,27,good,toward_bad,False
baseline[good=above],baseline/42,19,27,good,toward_bad,False
baseline[good=above],baseline/42,20,27,good,toward_good,False
baseline[good=above],baseline/42,21,27,good,toward_good,False
baseline[good=above],baseline/42,22,27,good,toward_bad,False
baseline[good=above],baseline/42,23,27,good,toward_bad,False
baseline[good=above],baseline/42,24,27,good,toward_bad,False
baseline[good=above],baseline/42,25,27,good,toward_good,False
baseline[good=above],baseline/42,26,27,good,,True
baseline[good=below],baseline/42,0,27,bad,toward_bad,False
baseline[good=below],baseline/42,1,27,bad,toward_good,False
baseline[good=below],baseline/42,2,27,bad,toward_bad,False
baseline[good=below],baseline/42,3,27,bad,toward_good,False
baseline[good=below],baseline/42,4,27,bad,toward_bad,False
baseline[good=below],baseline/42,5,27,bad,toward_good,False
baseline[good=below],baseline/42,6,27,bad,toward_bad,False
baseline[good=below],baseline/42,7,27,bad,toward_good,False
baseline[good=below],baseline/42,8,27,bad,toward_bad,False
baseline[good=below],baseline/42,9,27,bad,toward_bad,False
baseline[good=below],baseline/42,10,27,bad,toward_good,False
baseline[good=below],baseline/42,11,27,bad,toward_good,False
baseline[good=below],baseline/42,12,27,bad,toward_good,False
baseline[good=below],baseline/42,13,27,bad,toward_bad,False
baseline[good=below],baseline/42,14,27,bad,toward_good,False
baseline[good=below],baseline/42,15,27,bad,toward_good,False
baseline[good=below],baseline/42,16,27,bad,toward_good,False
baseline[good=below],baseline/42,17,27,bad,toward_bad,False
baseline[good=below],baseline/42,18,27,bad,toward_good,False
baseline[good=below],baseline/42,19,27,bad,toward_good,False
baseline[good=below],baseline/42,20,27,bad,toward_bad,False
baseline[good=below],baseline/42,21,27,bad,toward_bad,False
baseline[good=below],baseline/42,22,27,bad,toward_good,False
baseline[good=below],baseline/42,23,27,bad,toward_good,False
baseline[good=below],baseline/42,24,27,bad,toward_good,False
baseline[good=below],baseline/42,25,27,bad,toward_bad,False
baseline[good=below],baseline/42,26,27,bad,,True
baseline[good=above],baseline/44,0,4,good,toward_bad,False
baseline[good=above],baseline/44,1,4,good,toward_good,False
baseline[good=above],baseline/44,2,4,good,toward_bad,False
baseline[good=above],baseline/44,3,4,good,,True
baseline[good=below],baseline/44,0,4,bad,toward_good,False
baseline[good=below],baseline/44,1,4,bad,toward_bad,False
baseline[good=below],baseline/44,2,4,bad,toward_good,False
baseline[good=below],baseline/44,3,4,bad,,True
baseline[good=above],baseline/45,0,21,bad,toward_bad,False
baseline[good=above],baseline/45,1,21,bad,toward_bad,False
baseline[good=above],baseline/45,2,21,bad,toward_good,False
baseline[good=above],baseline/45,3,21,bad,toward_bad,False
baseline[good=above],baseline/45,4,21,bad,toward_good,False
baseline[good=above],baseline/45,5,21,bad,toward_bad,False
baseline[good=above],baseline/45,6,21,bad,toward_bad,False
baseline[good=above],baseline/45,7,21,bad,toward_good,False
baseline[good=above],baseline/45,8,21,bad,toward_bad,False
baseline[good=above],baseline/45,9,21,bad,toward_good,False
baseline[good=above],baseline/45,10,21,bad,toward_bad,False
baseline[good=above],baseline/45,11,21,bad,toward_good,False
baseline[good=above],baseline/45,12,21,bad,toward_bad,False
baseline[good=above],baseline/45,13,21,bad,toward_bad,False
baseline[good=above],baseline/45,14,21,bad,toward_good,False
baseline[good=above],baseline/45,15,21,bad,toward_good,False
baseline[good=above],baseline/45,16,21,bad,toward_good,False
baseline[good=above],baseline/45,17,21,bad,toward_bad,False
baseline[good=above],baseline/45,18,21,bad,toward_good,False
baseline[good=above],baseline/45,19,21,bad,toward_bad,False
baseline[good=above],baseline/45,20,21,bad,,True
baseline[good=below],baseline/45,0,21,good,toward_good,False
baseline[good=below],baseline/45,1,21,good,toward_good,False
baseline[good=below],baseline/45,2,21,good,toward_bad,False
baseline[good=below],baseline/45,3,21,good,toward_good,False
baseline[good=below],baseline/45,4,21,good,toward_bad,False
baseline[good=below],baseline/45,5,21,good,toward_good,False
baseline[good=below],baseline/45,6,21,good,toward_good,False
baseline[good=below],baseline/45,7,21,good,toward_bad,False
baseline[good=below],baseline/45,8,21,good,toward_good,False
baseline[good=below],baseline/45,9,21,good,toward_bad,False
baseline[good=below],baseline/45,10,21,good,toward_good,False
baseline[good=below],baseline/45,11,21,good,toward_bad,False
baseline[good=below],baseline/45,12,21,good,toward_good,False
baseline[good=below],baseline/45,13,21,good,toward_good,False
baseline[good=below],baseline/45,14,21,good,toward_bad,False
baseline[good=below],baseline/45,15,21,good,toward_bad,False
baseline[good=below],baseline/45,16,21,good,toward_bad,False
baseline[good=below],baseline/45,17,21,good,toward_good,False
baseline[good=below],baseline/45,18,21,good,toward_bad,False
baseline[good=below],baseline/45,19,21,good,toward_good,False
baseline[good=below],baseline/45,20,21,good,,True
baseline[good=above],baseline/46,0,9,bad,toward_bad,False
baseline[good=above],baseline/46,1,9,bad,toward_good,False
baseline[good=above],baseline/46,2,9,bad,toward_bad,False
baseline[good=above],baseline/46,3,9,bad,toward_good,False
baseline[good=above],baseline/46,4,9,bad,toward_good,False
baseline[good=above],baseline/46,5,9,bad,toward_good,False
baseline[good=above],baseline/46,6,9,bad,toward_good,False
baseline[good=above],baseline/46,7,9,bad,toward_good,False
baseline[good=above],baseline/46,8,9,bad,,True
baseline[good=below],baseline/46,0,9,good,toward_good,False
baseline[good=below],baseline/46,1,9,good,toward_bad,False
baseline[good=below],baseline/46,2,9,good,toward_good,False
baseline[good=below],baseline/46,3,9,good,toward_bad,False
baseline[good=below],baseline/46,4,9,good,toward_bad,False
baseline[good=below],baseline/46,5,9,good,toward_bad,False
baseline[good=below],baseline/46,6,9,good,toward_bad,False
baseline[good=below],baseline/46,7,9,good,toward_bad,False
baseline[good=below],baseline/46,8,9,good,,True
baseline[good=above],baseline/47,0,21,bad,toward_bad,False
baseline[good=above],baseline/47,1,21,bad,toward_bad,False
baseline[good=above],baseline/47,2,21,bad,toward_good,False
baseline[good=above],baseline/47,3,21,bad,toward_bad,False
baseline[good=above],baseline/47,4,21,bad,toward_bad,False
baseline[good=above],baseline/47,5,21,bad,toward_bad,False
baseline[good=above],baseline/47,6,21,bad,toward_good,False
baseline[good=above],baseline/47,7,21,bad,toward_bad,False
baseline[good=above],baseline/47,8,21,bad,toward_bad,False
baseline[good=above],baseline/47,9,21,bad,toward_bad,False
baseline[good=above],baseline/47,10,21,bad,toward_good,False
baseline[good=above],baseline/47,11,21,bad,toward_bad,False
baseline[good=above],baseline/47,12,21,bad,toward_good,False
baseline[good=above],baseline/47,13,21,bad,toward_bad,False
baseline[good=above],baseline/47,14,21,bad,toward_good,False
baseline[good=above],baseline/47,15,21,bad,toward_good,False
baseline[good=above],baseline/47,16,21,bad,toward_bad,False
baseline[good=above],baseline/47,17,21,bad,toward_bad,False
baseline[good=above],baseline/47,18,21,bad,toward_good,False
baseline[good=above],baseline/47,19,21,bad,toward_bad,False
baseline[good=above],baseline/47,20,21,bad,,True
baseline[good=below],baseline/47,0,21,good,toward_good,False
baseline[good=below],baseline/47,1,21,good,toward_good,False
baseline[good=below],baseline/47,2,21,good,toward_bad,False
baseline[good=below],baseline/47,3,21,good,toward_good,False
baseline[good=below],baseline/47,4,21,good,toward_good,False
baseline[good=below],baseline/47,5,21,good,toward_good,False
baseline[good=below],baseline/47,6,21,good,toward_bad,False
baseline[good=below],baseline/47,7,21,good,toward_good,False
baseline[good=below],baseline/47,8,21,good,toward_good,False
baseline[good=below],baseline/47,9,21,good,toward_good,False
baseline[good=below],baseline/47,10,21,good,toward_bad,False
baseline[good=below],baseline/47,11,21,good,toward_good,False
baseline[good=below],baseline/47,12,21,good,toward_bad,False
baseline[good=below],baseline/47,13,21,good,toward_good,False
baseline[good=below],baseline/47,14,21,good,toward_bad,False
baseline[good=below],baseline/47,15,21,good,toward_bad,False
baseline[good=below],baseline/47,16,21,good,toward_good,False
baseline[good=below],baseline/47,17,21,good,toward_good,False
baseline[good=below],baseline/47,18,21,good,toward_bad,False
baseline[good=below],baseline/47,19,21,good,toward_good,False
baseline[good=below],baseline/47,20,21,good,,True
baseline[good=above],baseline/49,0,3,good,toward_good,False
baseline[good=above],baseline/49,1,3,good,toward_bad,False
baseline[good=above],baseline/49,2,3,good,,True
baseline[good=below],baseline/49,0,3,bad,toward_bad,False
baseline[good=below],baseline/49,1,3,bad,toward_good,False
baseline[good=below],baseline/49,2,3,bad,,True
baseline[good=above],baseline/50,0,1,good,,True
baseline[good=below],baseline/50,0,1,bad,,True
baseline[good=above],baseline/51,0,38,good,toward_good,False
baseline[good=above],baseline/51,1,38,good,toward_bad,False
baseline[good=above],baseline/51,2,38,bad,toward_bad,False
baseline[good=above],baseline/51,3,38,bad,toward_good,False
baseline[good=above],baseline/51,4,38,bad,toward_bad,False
baseline[good=above],baseline/51,5,38,bad,toward_good,False
baseline[good=above],baseline/51,6,38,bad,toward_good,False
baseline[good=above],baseline/51,7,38,bad,toward_bad,False
baseline[good=above],baseline/51,8,38,bad,toward_good,False
baseline[good=above],baseline/51,9,38,bad,toward_bad,False
baseline[good=above],baseline/51,10,38,bad,toward_good,False
baseline[good=above],baseline/51,11,38,bad,toward_bad,False
baseline[good=above],baseline/51,12,38,bad,toward_good,False
baseline[good=above],baseline/51,13,38,bad,toward_bad,False
baseline[good=above],baseline/51,14,38,bad,toward_good,False
baseline[good=above],baseline/51,15,38,bad,toward_bad,False
baseline[good=above],baseline/51,16,38,bad,toward_good,False
baseline[good=above],baseline/51,17,38,bad,toward_bad,False
baseline[good=above],baseline/51,18,38,bad,toward_good,False
baseline[good=above],baseline/51,19,38,bad,toward_bad,False
baseline[good=above],baseline/51,20,38,bad,toward_good,False
baseline[good=above],baseline/51,21,38,bad,toward_good,False
baseline[good=above],baseline/51,22,38,bad,toward_bad,False
baseline[good=above],baseline/51,23,38,bad,toward_good,False
baseline[good=above],baseline/51,24,38,bad,toward_bad,False
baseline[good=above],baseline/51,25,38,bad,toward_good,False
baseline[good=above],baseline/51,26,38,bad,toward_bad,False
baseline[good=above],baseline/51,27,38,bad,toward_bad,False
baseline[good=above],baseline/51,28,38,bad,toward_bad,False
baseline[good=above],baseline/51,29,38,bad,toward_good,False
baseline[good=above],baseline/51,30,38,bad,toward_good,False
baseline[good=above],baseline/51,31,38,bad,toward_bad,False
baseline[good=above],baseline/51,32,38,bad,toward_bad,False
baseline[good=above],baseline/51,33,38,bad,toward_bad,False
baseline[good=above],baseline/51,34,38,bad,toward_good,False
baseline[good=above],baseline/51,35,38,bad,toward_good,False
baseline[good=above],baseline/51,36,38,bad,toward_bad,False
baseline[good=above],baseline/51,37,38,bad,,True
baseline[good=below],baseline/51,0,38,bad,toward_bad,False
baseline[good=below],baseline/51,1,38,bad,toward_good,False
baseline[good=below],baseline/51,2,38,good,toward_good,False
baseline[good=below],baseline/51,3,38,good,toward_bad,False
baseline[good=below],baseline/51,4,38,good,toward_good,False
baseline[good=below],baseline/51,5,38,good,toward_bad,False
baseline[good=below],baseline/51,6,38,good,toward_bad,False
baseline[good=below],baseline/51,7,38,good,toward_good,False
baseline[good=below],baseline/51,8,38,good,toward_bad,False
baseline[good=below],baseline/51,9,38,good,toward_good,False
baseline[good=below],baseline/51,10,38,good,toward_bad,False
baseline[good=below],baseline/51,11,38,good,toward_good,False
baseline[good=below],baseline/51,12,38,good,toward_bad,False
baseline[good=below],baseline/51,13,38,good,toward_good,False
baseline[good=below],baseline/51,14,38,good,toward_bad,False
baseline[good=below],baseline/51,15,38,good,toward_good,False
baseline[good=below],baseline/51,16,38,good,toward_bad,False
baseline[good=below],baseline/51,17,38,good,toward_good,False
baseline[good=below],baseline/51,18,38,good,toward_bad,False
baseline[good=below],baseline/51,19,38,good,toward_good,False
baseline[good=below],baseline/51,20,38,good,toward_bad,False
baseline[good=below],baseline/51,21,38,good,toward_bad,False
baseline[good=below],baseline/51,22,38,good,toward_good,False
baseline[good=below],baseline/51,23,38,good,toward_bad,False
baseline[good=below],baseline/51,24,38,good,toward_good,False
baseline[good=below],baseline/51,25,38,good,toward_bad,False
baseline[good=below],baseline/51,26,38,good,toward_good,False
baseline[good=below],baseline/51,27,38,good,toward_good,False
baseline[good=below],baseline/51,28,38,good,toward_good,False
baseline[good=below],baseline/51,29,38,good,toward_bad,False
baseline[good=below],baseline/51,30,38,good,toward_bad,False
baseline[good=below],baseline/51,31,38,good,toward_good,False
baseline[good=below],baseline/51,32,38,good,toward_good,False
baseline[good=below],baseline/51,33,38,good,toward_good,False
baseline[good=below],baseline/51,34,38,good,toward_bad,False
baseline[good=below],baseline/51,35,38,good,toward_bad,False
baseline[good=below],baseline/51,36,38,good,toward_good,False
baseline[good=below],baseline/51,37,38,good,,True
baseline[good=above],baseline/53,0,1,good,,True
baseline[good=below],baseline/53,0,1,bad,,True
baseline[good=above],baseline/55,0,1,bad,,True
baseline[good=below],baseline/55,0,1,good,,True
baseline[good=above],baseline/56,0,6,bad,toward_good,False
baseline[good=above],baseline/56,1,6,bad,toward_bad,False
baseline[good=above],baseline/56,2,6,bad,toward_good,False
baseline[good=above],baseline/56,3,6,bad,toward_good,False
baseline[good=above],baseline/56,4,6,bad,toward_good,False
baseline[good=above],baseline/56,5,6,bad,,True
baseline[good=below],baseline/56,0,6,good,toward_bad,False
baseline[good=below],baseline/56,1,6,good,toward_good,False
baseline[good=below],baseline/56,2,6,good,toward_bad,False
baseline[good=below],baseline/56,3,6,good,toward_bad,False
baseline[good=below],baseline/56,4,6,good,toward_bad,False
baseline[good=below],baseline/56,5,6,good,,True
baseline[good=above],baseline/57,0,1,good,,True
baseline[good=below],baseline/57,0,1,bad,,True
baseline[good=above],baseline/61,0,16,good,toward_bad,False
baseline[good=above],baseline/61,1,16,good,toward_bad,False
baseline[good=above],baseline/61,2,16,good,toward_good,False
baseline[good=above],baseline/61,3,16,good,toward_bad,False
baseline[good=above],baseline/61,4,16,good,toward_bad,False
baseline[good=above],baseline/61,5,16,good,toward_good,False
baseline[good=above],baseline/61,6,16,good,toward_bad,False
baseline[good=above],baseline/61,7,16,good,toward_bad,False
baseline[good=above],baseline/61,8,16,bad,toward_good,False
baseline[good=above],baseline/61,9,16,good,toward_bad,False
baseline[good=above],baseline/61,10,16,good,toward_good,False
baseline[good=above],baseline/61,11,16,good,toward_bad,False
baseline[good=above],baseline/61,12,16,good,toward_bad,False
baseline[good=above],baseline/61,13,16,good,toward_good,False
baseline[good=above],baseline/61,14,16,good,toward_bad,False
baseline[good=above],baseline/61,15,16,good,,True
baseline[good=below],baseline/61,0,16,bad,toward_good,False
baseline[good=below],baseline/61,1,16,bad,toward_good,False
baseline[good=below],baseline/61,2,16,bad,toward_bad,False
baseline[good=below],baseline/61,3,16,bad,toward_good,False
baseline[good=below],baseline/61,4,16,bad,toward_good,False
baseline[good=below],baseline/61,5,16,bad,toward_bad,False
baseline[good=below],baseline/61,6,16,bad,toward_good,False
baseline[good=below],baseline/61,7,16,bad,toward_good,False
baseline[good=below],baseline/61,8,16,good,toward_bad,False
baseline[good=below],baseline/61,9,16,bad,toward_good,False
baseline[good=below],baseline/61,10,16,bad,toward_bad,False
baseline[good=below],baseline/61,11,16,bad,toward_good,False
baseline[good=below],baseline/61,12,16,bad,toward_good,False
baseline[good=below],baseline/61,13,16,bad,toward_bad,False
baseline[good=below],baseline/61,14,16,bad,toward_good,False
baseline[good=below],baseline/61,15,16,bad,,True
baseline[good=above],baseline/62,0,33,good,toward_bad,False
baseline[good=above],baseline/62,1,33,bad,toward_good,False
baseline[good=above],baseline/62,2,33,good,toward_bad,False
baseline[good=above],baseline/62,3,33,bad,toward_good,False
baseline[good=above],baseline/62,4,33,good,toward_good,False
baseline[good=above],baseline/62,5,33,good,toward_bad,False
baseline[good=above],baseline/62,6,33,bad,toward_good,False
baseline[good=above],baseline/62,7,33,bad,toward_good,False
baseline[good=above],baseline/62,8,33,good,toward_good,False
baseline[good=above],baseline/62,9,33,good,toward_bad,False
baseline[good=above],baseline/62,10,33,bad,toward_good,False
baseline[good=above],baseline/62,11,33,bad,toward_bad,False
baseline[good=above],baseline/62,12,33,bad,toward_good,False
baseline[good=above],baseline/62,13,33,good,toward_bad,False
baseline[good=above],baseline/62,14,33,bad,toward_bad,False
baseline[good=above],baseline/62,15,33,bad,toward_good,False
baseline[good=above],baseline/62,16,33,good,toward_bad,False
baseline[good=above],baseline/62,17,33,bad,toward_good,False
baseline[good=above],baseline/62,18,33,good,toward_bad,False
baseline[good=above],baseline/62,19,33,bad,toward_good,False
baseline[good=above],baseline/62,20,33,bad,toward_good,False
baseline[good=above],baseline/62,21,33,bad,toward_good,False
baseline[good=above],baseline/62,22,33,good,toward_bad,False
baseline[good=above],baseline/62,23,33,good,toward_bad,False
baseline[good=above],baseline/62,24,33,bad,toward_bad,False
baseline[good=above],baseline/62,25,33,bad,toward_bad,False
baseline[good=above],baseline/62,26,33,bad,toward_good,False
baseline[good=above],baseline/62,27,33,bad,toward_good,False
baseline[good=above],baseline/62,28,33,good,toward_good,False
baseline[good=above],baseline/62,29,33,good,toward_bad,False
baseline[good=above],baseline/62,30,33,good,toward_bad,False
baseline[good=above],baseline/62,31,33,bad,toward_good,False
baseline[good=above],baseline/62,32,33,bad,,True
baseline[good=below],baseline/62,0,33,bad,toward_good,False
baseline[good=below],baseline/62,1,33,good,toward_bad,False
baseline[good=below],baseline/62,2,33,bad,toward_good,False
baseline[good=below],baseline/62,3,33,good,toward_bad,False
baseline[good=below],baseline/62,4,33,bad,toward_bad,False
baseline[good=below],baseline/62,5,33,bad,toward_good,False
baseline[good=below],baseline/62,6,33,good,toward_bad,False
baseline[good=below],baseline/62,7,33,good,toward_bad,False
baseline[good=below],baseline/62,8,33,bad,toward_bad,False
baseline[good=below],baseline/62,9,33,bad,toward_good,False
baseline[good=below],baseline/62,10,33,good,toward_bad,False
baseline[good=below],baseline/62,11,33,good,toward_good,False
baseline[good=below],baseline/62,12,33,good,toward_bad,False
baseline[good=below],baseline/62,13,33,bad,toward_good,False
baseline[good=below],baseline/62,14,33,good,toward_good,False
baseline[good=below],baseline/62,15,33,good,toward_bad,False
baseline[good=below],baseline/62,16,33,bad,toward_good,False
baseline[good=below],baseline/62,17,33,good,toward_bad,False
baseline[good=below],baseline/62,18,33,bad,toward_good,False
baseline[good=below],baseline/62,19,33,good,toward_bad,False
baseline[good=below],baseline/62,20,33,good,toward_bad,False
baseline[good=below],baseline/62,21,33,good,toward_bad,False
baseline[good=below],baseline/62,22,33,bad,toward_good,False
baseline[good=below],baseline/62,23,33,bad,toward_good,False
baseline[good=below],baseline/62,24,33,good,toward_good,False
baseline[good=below],baseline/62,25,33,good,toward_good,False
baseline[good=below],baseline/62,26,33,good,toward_bad,False
baseline[good=below],baseline/62,27,33,good,toward_bad,False
baseline[good=below],baseline/62,28,33,bad,toward_bad,False
baseline[good=below],baseline/62,29,33,bad,toward_good,False
baseline[good=below],baseline/62,30,33,bad,toward_good,False
baseline[good=below],baseline/62,31,33,good,toward_bad,False
baseline[good=below],baseline/62,32,33,good,,True
baseline[good=above],baseline/63,0,1,good,,True
baseline[good=below],baseline/63,0,1,bad,,True
baseline[good=above],baseline/64,0,12,bad,toward_good,False
baseline[good=above],baseline/64,1,12,bad,toward_bad,False
baseline[good=above],baseline/64,2,12,bad,toward_bad,False
baseline[good=above],baseline/64,3,12,bad,toward_good,False
baseline[good=above],baseline/64,4,12,bad,toward_good,False
baseline[good=above],baseline/64,5,12,bad,toward_good,False
baseline[good=above],baseline/64,6,12,bad,toward_good,False
baseline[good=above],baseline/64,7,12,bad,toward_good,False
baseline[good=above],baseline/64,8,12,bad,toward_bad,False
baseline[good=above],baseline/64,9,12,bad,toward_good,False
baseline[good=above],baseline/64,10,12,bad,toward_good,False
baseline[good=above],baseline/64,11,12,bad,,True
baseline[good=below],baseline/64,0,12,good,toward_bad,False
baseline[good=below],baseline/64,1,12,good,toward_good,False
baseline[good=below],baseline/64,2,12,good,toward_good,False
baseline[good=below],baseline/64,3,12,good,toward_bad,False
baseline[good=below],baseline/64,4,12,good,toward_bad,False
baseline[good=below],baseline/64,5,12,good,toward_bad,False
baseline[good=below],baseline/64,6,12,good,toward_bad,False
baseline[good=below],baseline/64,7,12,good,toward_bad,False
baseline[good=below],baseline/64,8,12,good,toward_good,False
baseline[good=below],baseline/64,9,12,good,toward_bad,False
baseline[good=below],baseline/64,10,12,good,toward_bad,False
baseline[good=below],baseline/64,11,12,good,,True
baseline[good=above],baseline/66,0,5,bad,toward_bad,False
baseline[good=above],baseline/66,1,5,bad,toward_good,False
baseline[good=above],baseline/66,2,5,bad,toward_bad,False
baseline[good=above],baseline/66,3,5,bad,toward_good,False
baseline[good=above],baseline/66,4,5,bad,,True
baseline[good=below],baseline/66,0,5,good,toward_good,False
baseline[good=below],baseline/66,1,5,good,toward_bad,False
baseline[good=below],baseline/66,2,5,good,toward_good,False
baseline[good=below],baseline/66,3,5,good,toward_bad,False
baseline[good=below],baseline/66,4,5,good,,True
baseline[good=above],baseline/68,0,23,good,toward_bad,False
baseline[good=above],baseline/68,1,23,bad,toward_good,False
baseline[good=above],baseline/68,2,23,good,toward_good,False
baseline[good=above],baseline/68,3,23,good,toward_bad,False
baseline[good=above],baseline/68,4,23,bad,toward_good,False
baseline[good=above],baseline/68,5,23,bad,toward_good,False
baseline[good=above],baseline/68,6,23,bad,toward_good,False
baseline[good=above],baseline/68,7,23,good,toward_bad,False
baseline[good=above],baseline/68,8,23,bad,toward_good,False
baseline[good=above],baseline/68,9,23,good,toward_good,False
baseline[good=above],baseline/68,10,23,good,toward_bad,False
baseline[good=above],baseline/68,11,23,bad,toward_good,False
baseline[good=above],baseline/68,12,23,bad,toward_good,False
baseline[good=above],baseline/68,13,23,good,toward_good,False
baseline[good=above],baseline/68,14,23,good,toward_bad,False
baseline[good=above],baseline/68,15,23,bad,toward_good,False
baseline[good=above],baseline/68,16,23,bad,toward_good,False
baseline[good=above],baseline/68,17,23,bad,toward_good,False
baseline[good=above],baseline/68,18,23,bad,toward_bad,False
baseline[good=above],baseline/68,19,23,bad,toward_bad,False
baseline[good=above],baseline/68,20,23,bad,toward_good,False
baseline[good=above],baseline/68,21,23,good,toward_bad,False
baseline[good=above],baseline/68,22,23,bad,,True
baseline[good=below],baseline/68,0,23,bad,toward_good,False
baseline[good=below],baseline/68,1,23,good,toward_bad,False
baseline[good=below],baseline/68,2,23,bad,toward_bad,False
baseline[good=below],baseline/68,3,23,bad,toward_good,False
baseline[good=below],baseline/68,4,23,good,toward_bad,False
baseline[good=below],baseline/68,5,23,good,toward_bad,False
baseline[good=below],baseline/68,6,23,good,toward_bad,False
baseline[good=below],baseline/68,7,23,bad,toward_good,False
baseline[good=below],baseline/68,8,23,good,toward_bad,False
baseline[good=below],baseline/68,9,23,bad,toward_bad,False
baseline[good=below],baseline/68,10,23,bad,toward_good,False
baseline[good=below],baseline/68,11,23,good,toward_bad,False
baseline[good=below],baseline/68,12,23,good,toward_bad,False
baseline[good=below],baseline/68,13,23,bad,toward_bad,False
baseline[good=below],baseline/68,14,23,bad,toward_good,False
baseline[good=below],baseline/68,15,23,good,toward_bad,False
baseline[good=below],baseline/68,16,23,good,toward_bad,False
baseline[good=below],baseline/68,17,23,good,toward_bad,False
baseline[good=below],baseline/68,18,23,good,toward_good,False
baseline[good=below],baseline/68,19,23,good,toward_good,False
baseline[good=below],baseline/68,20,23,good,toward_bad,False
baseline[good=below],baseline/68,21,23,bad,toward_good,False
baseline[good=below],baseline/68,22,23,good,,True
baseline[good=above],baseline/69,0,19,good,toward_good,False
baseline[good=above],baseline/69,1,19,good,toward_bad,False
baseline[good=above],baseline/69,2,19,good,toward_bad,False
baseline[good=above],baseline/69,3,19,good,toward_good,False
baseline[good=above],baseline/69,4,19,good,toward_good,False
baseline[good=above],baseline/69,5,19,good,toward_bad,False
baseline[good=above],baseline/69,6,19,good,toward_good,False
baseline[good=above],baseline/69,7,19,good,toward_bad,False
baseline[good=above],baseline/69,8,19,good,toward_bad,False
baseline[good=above],baseline/69,9,19,good,toward_good,False
baseline[good=above],baseline/69,10,19,good,toward_bad,False
baseline[good=above],baseline/69,11,19,good,toward_good,False
baseline[good=above],baseline/69,12,19,good,toward_bad,False
baseline[good=above],baseline/69,13,19,good,toward_bad,False
baseline[good=above],baseline/69,14,19,good,toward_good,False
baseline[good=above],baseline/69,15,19,good,toward_good,False
baseline[good=above],baseline/69,16,19,good,toward_bad,False
baseline[good=above],baseline/69,17,19,good,toward_good,False
baseline[good=above],baseline/69,18,19,good,,True
baseline[good=below],baseline/69,0,19,bad,toward_bad,False
baseline[good=below],baseline/69,1,19,bad,toward_good,False
baseline[good=below],baseline/69,2,19,bad,toward_good,False
baseline[good=below],baseline/69,3,19,bad,toward_bad,False
baseline[good=below],baseline/69,4,19,bad,toward_bad,False
baseline[good=below],baseline/69,5,19,bad,toward_good,False
baseline[good=below],baseline/69,6,19,bad,toward_bad,False
baseline[good=below],baseline/69,7,19,bad,toward_good,False
baseline[good=below],baseline/69,8,19,bad,toward_good,False
baseline[good=below],baseline/69,9,19,bad,toward_bad,False
baseline[good=below],baseline/69,10,19,bad,toward_good,False
baseline[good=below],baseline/69,11,19,bad,toward_bad,False
baseline[good=below],baseline/69,12,19,bad,toward_good,False
baseline[good=below],baseline/69,13,19,bad,toward_good,False
baseline[good=below],baseline/69,14,19,bad,toward_bad,False
baseline[good=below],baseline/69,15,19,bad,toward_bad,False
baseline[good=below],baseline/69,16,19,bad,toward_good,False
baseline[good=below],baseline/69,17,19,bad,toward_bad,False
baseline[good=below],baseline/69,18,19,bad,,True
baseline[good=above],baseline/71,0,1,good,,True
baseline[good=below],baseline/71,0,1,bad,,True
baseline[good=above],baseline/72,0,1,bad,,True
baseline[good=below],baseline/72,0,1,good,,True
baseline[good=above],baseline/73,0,11,good,toward_good,False
baseline[good=above],baseline/73,1,11,good,toward_bad,False
baseline[good=above],baseline/73,2,11,good,toward_bad,False
baseline[good=above],baseline/73,3,11,good,toward_good,False
baseline[good=above],baseline/73,4,11,good,toward_good,False
baseline[good=above],baseline/73,5,11,good,toward_good,False
baseline[good=above],baseline/73,6,11,good,toward_good,False
baseline[good=above],baseline/73,7,11,good,toward_bad,False
baseline[good=above],baseline/73,8,11,good,toward_bad,False
baseline[good=above],baseline/73,9,11,good,toward_good,False
baseline[good=above],baseline/73,10,11,good,,True
baseline[good=below],baseline/73,0,11,bad,toward_bad,False
baseline[good=below],baseline/73,1,11,bad,toward_good,False
baseline[good=below],baseline/73,2,11,bad,toward_good,False
baseline[good=below],baseline/73,3,11,bad,toward_bad,False
baseline[good=below],baseline/73,4,11,bad,toward_bad,False
baseline[good=below],baseline/73,5,11,bad,toward_bad,False
baseline[good=below],baseline/73,6,11,bad,toward_bad,False
baseline[good=below],baseline/73,7,11,bad,toward_good,False
baseline[good=below],baseline/73,8,11,bad,toward_good,False
baseline[good=below],baseline/73,9,11,bad,toward_bad,False
baseline[good=below],baseline/73,10,11,bad,,True
baseline[good=above],baseline/74,0,40,good,toward_bad,False
baseline[good=above],baseline/74,1,40,good,toward_good,False
baseline[good=above],baseline/74,2,40,good,toward_bad,False
baseline[good=above],baseline/74,3,40,good,toward_good,False
baseline[good=above],baseline/74,4,40,good,toward_good,False
baseline[good=above],baseline/74,5,40,good,toward_bad,False
baseline[good=above],baseline/74,6,40,good,toward_bad,False
baseline[good=above],baseline/74,7,40,good,toward_good,False
baseline[good=above],baseline/74,8,40,good,toward_bad,False
baseline[good=above],baseline/74,9,40,good,toward_good,False
baseline[good=above],baseline/74,10,40,good,toward_good,False
baseline[good=above],baseline/74,11,40,good,toward_bad,False
baseline[good=above],baseline/74,12,40,good,toward_good,False
baseline[good=above],baseline/74,13,40,good,toward_bad,False
baseline[good=above],baseline/74,14,40,good,toward_good,False
baseline[good=above],baseline/74,15,40,good,toward_bad,False
baseline[good=above],baseline/74,16,40,good,toward_bad,False
baseline[good=above],baseline/74,17,40,good,toward_good,False
baseline[good=above],baseline/74,18,40,good,toward_bad,False
baseline[good=above],baseline/74,19,40,good,toward_good,False
baseline[good=above],baseline/74,20,40,good,toward_bad,False
baseline[good=above],baseline/74,21,40,good,toward_good,False
baseline[good=above],baseline/74,22,40,good,toward_bad,False
baseline[good=above],baseline/74,23,40,good,toward_good,False
baseline[good=above],baseline/74,24,40,good,same,False
baseline[good=above],baseline/74,25,40,good,toward_bad,False
baseline[good=above],baseline/74,26,40,good,toward_good,False
baseline[good=above],baseline/74,27,40,good,toward_bad,False
baseline[good=above],baseline/74,28,40,good,toward_good,False
baseline[good=above],baseline/74,29,40,good,toward_bad,False
baseline[good=above],baseline/74,30,40,good,toward_good,False
baseline[good=above],baseline/74,31,40,good,toward_bad,False
baseline[good=above],baseline/74,32,40,good,toward_good,False
baseline[good=above],baseline/74,33,40,good,toward_good,False
baseline[good=above],baseline/74,34,40,good,toward_bad,False
baseline[good=above],baseline/74,35,40,good,toward_good,False
baseline[good=above],baseline/74,36,40,good,toward_bad,False
baseline[good=above],baseline/74,37,40,good,toward_good,False
baseline[good=above],baseline/74,38,40,good,same,False
baseline[good=above],baseline/74,39,40,good,,True
baseline[good=below],baseline/74,0,40,bad,toward_good,False
baseline[good=below],baseline/74,1,40,bad,toward_bad,False
baseline[good=below],baseline/74,2,40,bad,toward_good,False
baseline[good=below],baseline/74,3,40,bad,toward_bad,False
baseline[good=below],baseline/74,4,40,bad,toward_bad,False
baseline[good=below],baseline/74,5,40,bad,toward_good,False
baseline[good=below],baseline/74,6,40,bad,toward_good,False
baseline[good=below],baseline/74,7,40,bad,toward_bad,False
baseline[good=below],baseline/74,8,40,bad,toward_good,False
baseline[good=below],baseline/74,9,40,bad,toward_bad,False
baseline[good=below],baseline/74,10,40,bad,toward_bad,False
baseline[good=below],baseline/74,11,40,bad,toward_good,False
baseline[good=below],baseline/74,12,40,bad,toward_bad,False
baseline[good=below],baseline/74,13,40,bad,toward_good,False
baseline[good=below],baseline/74,14,40,bad,toward_bad,False
baseline[good=below],baseline/74,15,40,bad,toward_good,False
baseline[good=below],baseline/74,16,40,bad,toward_good,False
baseline[good=below],baseline/74,17,40,bad,toward_bad,False
baseline[good=below],baseline/74,18,40,bad,toward_good,False
baseline[good=below],baseline/74,19,40,bad,toward_bad,False
baseline[good=below],baseline/74,20,40,bad,toward_good,False
baseline[good=below],baseline/74,21,40,bad,toward_bad,False
baseline[good=below],baseline/74,22,40,bad,toward_good,False
baseline[good=below],baseline/74,23,40,bad,toward_bad,False
baseline[good=below],baseline/74,24,40,bad,same,False
baseline[good=below],baseline/74,25,40,bad,toward_good,False
baseline[good=below],baseline/74,26,40,bad,toward_bad,False
baseline[good=below],baseline/74,27,40,bad,toward_good,False
baseline[good=below],baseline/74,28,40,bad,toward_bad,False
baseline[good=below],baseline/74,29,40,bad,toward_good,False
baseline[good=below],baseline/74,30,40,bad,toward_bad,False
baseline[good=below],baseline/74,31,40,bad,toward_good,False
baseline[good=below],baseline/74,32,40,bad,toward_bad,False
baseline[good=below],baseline/74,33,40,bad,toward_bad,False
baseline[good=below],baseline/74,34,40,bad,toward_good,False
baseline[good=below],baseline/74,35,40,bad,toward_bad,False
baseline[good=below],baseline/74,36,40,bad,toward_good,False
baseline[good=below],baseline/74,37,40,bad,toward_bad,False
baseline[good=below],baseline/74,38,40,bad,same,False
baseline[good=below],baseline/74,39,40,bad,,True
baseline[good=above],baseline/75,0,45,good,toward_bad,False
baseline[good=above],baseline/75,1,45,good,toward_good,False
baseline[good=above],baseline/75,2,45,good,toward_bad,False
baseline[good=above],baseline/75,3,45,good,toward_good,False
baseline[good=above],baseline/75,4,45,good,toward_bad,False
baseline[good=above],baseline/75,5,45,good,toward_bad,False
baseline[good=above],baseline/75,6,45,good,toward_bad,False
baseline[good=above],baseline/75,7,45,good,toward_bad,False
baseline[good=above],baseline/75,8,45,good,toward_bad,False
baseline[good=above],baseline/75,9,45,good,toward_good,False
baseline[good=above],baseline/75,10,45,good,toward_bad,False
baseline[good=above],baseline/75,11,45,good,toward_good,False
baseline[good=above],baseline/75,12,45,good,toward_good,False
baseline[good=above],baseline/75,13,45,good,toward_bad,False
baseline[good=above],baseline/75,14,45,good,toward_good,False
baseline[good=above],baseline/75,15,45,good,toward_bad,False
baseline[good=above],baseline/75,16,45,good,toward_good,False
baseline[good=above],baseline/75,17,45,good,toward_good,False
baseline[good=above],baseline/75,18,45,good,toward_bad,False
baseline[good=above],baseline/75,19,45,good,toward_good,False
baseline[good=above],baseline/75,20,45,good,toward_bad,False
baseline[good=above],baseline/75,21,45,good,toward_good,False
baseline[good=above],baseline/75,22,45,good,toward_bad,False
baseline[good=above],baseline/75,23,45,good,toward_bad,False
baseline[good=above],baseline/75,24,45,good,toward_bad,False
baseline[good=above],baseline/75,25,45,good,toward_good,False
baseline[good=above],baseline/75,26,45,good,toward_good,False
baseline[good=above],baseline/75,27,45,good,toward_bad,False
baseline[good=above],baseline/75,28,45,good,toward_good,False
baseline[good=above],baseline/75,29,45,good,toward_bad,False
baseline[good=above],baseline/75,30,45,good,toward_good,False
baseline[good=above],baseline/75,31,45,good,toward_good,False
baseline[good=above],baseline/75,32,45,good,toward_bad,False
baseline[good=above],baseline/75,33,45,good,toward_good,False
baseline[good=above],baseline/75,34,45,good,toward_bad,False
baseline[good=above],baseline/75,35,45,good,toward_good,False
baseline[good=above],baseline/75,36,45,good,toward_good,False
baseline[good=above],baseline/75,37,45,good,toward_bad,False
baseline[good=above],baseline/75,38,45,good,toward_bad,False
baseline[good=above],baseline/75,39,45,good,toward_good,False
baseline[good=above],baseline/75,40,45,good,toward_bad,False
baseline[good=above],baseline/75,41,45,good,toward_good,False
baseline[good=above],baseline/75,42,45,good,toward_good,False
baseline[good=above],baseline/75,43,45,good,toward_bad,False
baseline[good=above],baseline/75,44,45,good,,True
baseline[good=below],baseline/75,0,45,bad,toward_good,False
baseline[good=below],baseline/75,1,45,bad,toward_bad,False
baseline[good=below],baseline/75,2,45,bad,toward_good,False
baseline[good=below],baseline/75,3,45,bad,toward_bad,False
baseline[good=below],baseline/75,4,45,bad,toward_good,False
baseline[good=below],baseline/75,5,45,bad,toward_good,False
baseline[good=below],baseline/75,6,45,bad,toward_good,False
baseline[good=below],baseline/75,7,45,bad,toward_good,False
baseline[good=below],baseline/75,8,45,bad,toward_good,False
baseline[good=below],baseline/75,9,45,bad,toward_bad,False
baseline[good=below],baseline/75,10,45,bad,toward_good,False
baseline[good=below],baseline/75,11,45,bad,toward_bad,False
baseline[good=below],baseline/75,12,45,bad,toward_bad,False
baseline[good=below],baseline/75,13,45,bad,toward_good,False
baseline[good=below],baseline/75,14,45,bad,toward_bad,False
baseline[good=below],baseline/75,15,45,bad,toward_good,False
baseline[good=below],baseline/75,16,45,bad,toward_bad,False
baseline[good=below],baseline/75,17,45,bad,toward_bad,False
baseline[good=below],baseline/75,18,45,bad,toward_good,False
baseline[good=below],baseline/75,19,45,bad,toward_bad,False
baseline[good=below],baseline/75,20,45,bad,toward_good,False
baseline[good=below],baseline/75,21,45,bad,toward_bad,False
baseline[good=below],baseline/75,22,45,bad,toward_good,False
baseline[good=below],baseline/75,23,45,bad,toward_good,False
baseline[good=below],baseline/75,24,45,bad,toward_good,False
baseline[good=below],baseline/75,25,45,bad,toward_bad,False
baseline[good=below],baseline/75,26,45,bad,toward_bad,False
baseline[good=below],baseline/75,27,45,bad,toward_good,False
baseline[good=below],baseline/75,28,45,bad,toward_bad,False
baseline[good=below],baseline/75,29,45,bad,toward_good,False
baseline[good=below],baseline/75,30,45,bad,toward_bad,False
baseline[good=below],baseline/75,31,45,bad,toward_bad,False
baseline[good=below],baseline/75,32,45,bad,toward_good,False
baseline[good=below],baseline/75,33,45,bad,toward_bad,False
baseline[good=below],baseline/75,34,45,bad,toward_good,False
baseline[good=below],baseline/75,35,45,bad,toward_bad,False
baseline[good=below],baseline/75,36,45,bad,toward_bad,False
baseline[good=below],baseline/75,37,45,bad,toward_good,False
baseline[good=below],baseline/75,38,45,bad,toward_good,False
baseline[good=below],baseline/75,39,45,bad,toward_bad,False
baseline[good=below],baseline/75,40,45,bad,toward_good,False
baseline[good=below],baseline/75,41,45,bad,toward_bad,False
baseline[good=below],baseline/75,42,45,bad,toward_bad,False
baseline[good=below],baseline/75,43,45,bad,toward_good,False
baseline[good=below],baseline/75,44,45,bad,,True
baseline[good=above],baseline/76,0,18,bad,toward_good,False
baseline[good=above],baseline/76,1,18,bad,toward_bad,False
baseline[good=above],baseline/76,2,18,bad,toward_good,False
baseline[good=above],baseline/76,3,18,bad,toward_bad,False
baseline[good=above],baseline/76,4,18,bad,toward_good,False
baseline[good=above],baseline/76,5,18,bad,toward_good,False
baseline[good=above],baseline/76,6,18,bad,toward_bad,False
baseline[good=above],baseline/76,7,18,bad,toward_bad,False
baseline[good=above],baseline/76,8,18,bad,toward_good,False
baseline[good=above],baseline/76,9,18,bad,toward_bad,False
baseline[good=above],baseline/76,10,18,bad,toward_good,False
baseline[good=above],baseline/76,11,18,bad,toward_bad,False
baseline[good=above],baseline/76,12,18,bad,toward_good,False
baseline[good=above],baseline/76,13,18,bad,toward_good,False
baseline[good=above],baseline/76,14,18,bad,toward_bad,False
baseline[good=above],baseline/76,15,18,bad,toward_good,False
baseline[good=above],baseline/76,16,18,bad,toward_good,False
baseline[good=above],baseline/76,17,18,bad,,True
baseline[good=below],baseline/76,0,18,good,toward_bad,False
baseline[good=below],baseline/76,1,18,good,toward_good,False
baseline[good=below],baseline/76,2,18,good,toward_bad,False
baseline[good=below],baseline/76,3,18,good,toward_good,False
baseline[good=below],baseline/76,4,18,good,toward_bad,False
baseline[good=below],baseline/76,5,18,good,toward_bad,False
baseline[good=below],baseline/76,6,18,good,toward_good,False
baseline[good=below],baseline/76,7,18,good,toward_good,False
baseline[good=below],baseline/76,8,18,good,toward_bad,False
baseline[good=below],baseline/76,9,18,good,toward_good,False
baseline[good=below],baseline/76,10,18,good,toward_bad,False
baseline[good=below],baseline/76,11,18,good,toward_good,False
baseline[good=below],baseline/76,12,18,good,toward_bad,False
baseline[good=below],baseline/76,13,18,good,toward_bad,False
baseline[good=below],baseline/76,14,18,good,toward_good,False
baseline[good=below],baseline/76,15,18,good,toward_bad,False
baseline[good=below],baseline/76,16,18,good,toward_bad,False
baseline[good=below],baseline/76,17,18,good,,True
baseline[good=above],baseline/78,0,1,good,,True
baseline[good=below],baseline/78,0,1,bad,,True
baseline[good=above],baseline/79,0,27,good,toward_bad,False
baseline[good=above],baseline/79,1,27,good,toward_good,False
baseline[good=above],baseline/79,2,27,good,toward_good,False
baseline[good=above],baseline/79,3,27,good,toward_bad,False
baseline[good=above],baseline/79,4,27,good,toward_good,False
baseline[good=above],baseline/79,5,27,good,toward_good,False
baseline[good=above],baseline/79,6,27,good,toward_good,False
baseline[good=above],baseline/79,7,27,good,toward_bad,False
baseline[good=above],baseline/79,8,27,good,toward_good,False
baseline[good=above],baseline/79,9,27,good,toward_bad,False
baseline[good=above],baseline/79,10,27,good,toward_good,False
baseline[good=above],baseline/79,11,27,good,toward_bad,False
baseline[good=above],baseline/79,12,27,good,toward_bad,False
baseline[good=above],baseline/79,13,27,good,toward_good,False
baseline[good=above],baseline/79,14,27,good,toward_bad,False
baseline[good=above],baseline/79,15,27,good,toward_bad,False
baseline[good=above],baseline/79,16,27,good,toward_good,False
baseline[good=above],baseline/79,17,27,good,toward_good,False
baseline[good=above],baseline/79,18,27,good,toward_good,False
baseline[good=above],baseline/79,19,27,good,toward_bad,False
baseline[good=above],baseline/79,20,27,good,toward_bad,False
baseline[good=above],baseline/79,21,27,good,toward_good,False
baseline[good=above],baseline/79,22,27,good,toward_bad,False
baseline[good=above],baseline/79,23,27,good,toward_bad,False
baseline[good=above],baseline/79,24,27,good,toward_bad,False
baseline[good=above],baseline/79,25,27,good,toward_good,False
baseline[good=above],baseline/79,26,27,good,,True
baseline[good=below],baseline/79,0,27,bad,toward_good,False
baseline[good=below],baseline/79,1,27,bad,toward_bad,False
baseline[good=below],baseline/79,2,27,bad,toward_bad,False
baseline[good=below],baseline/79,3,27,bad,toward_good,False
baseline[good=below],baseline/79,4,27,bad,toward_bad,False
baseline[good=below],baseline/79,5,27,bad,toward_bad,False
baseline[good=below],baseline/79,6,27,bad,toward_bad,False
baseline[good=below],baseline/79,7,27,bad,toward_good,False
baseline[good=below],baseline/79,8,27,bad,toward_bad,False
baseline[good=below],baseline/79,9,27,bad,toward_good,False
baseline[good=below],baseline/79,10,27,bad,toward_bad,False
baseline[good=below],baseline/79,11,27,bad,toward_good,False
baseline[good=below],baseline/79,12,27,bad,toward_good,False
baseline[good=below],baseline/79,13,27,bad,toward_bad,False
baseline[good=below],baseline/79,14,27,bad,toward_good,False
baseline[good=below],baseline/79,15,27,bad,toward_good,False
baseline[good=below],baseline/79,16,27,bad,toward_bad,False
baseline[good=below],baseline/79,17,27,bad,toward_bad,False
baseline[good=below],baseline/79,18,27,bad,toward_bad,False
baseline[good=below],baseline/79,19,27,bad,toward_good,False
baseline[good=below],baseline/79,20,27,bad,toward_good,False
baseline[good=below],baseline/79,21,27,bad,toward_bad,False
baseline[good=below],baseline/79,22,27,bad,toward_good,False
baseline[good=below],baseline/79,23,27,bad,toward_good,False
baseline[good=below],baseline/79,24,27,bad,toward_good,False
baseline[good=below],baseline/79,25,27,bad,toward_bad,False
baseline[good=below],baseline/79,26,27,bad,,True
baseline[good=above],baseline/82,0,1,bad,,True
baseline[good=below],baseline/82,0,1,good,,True
baseline[good=above],baseline/83,0,1,bad,,True
baseline[good=below],baseline/83,0,1,good,,True
baseline[good=above],baseline/86,0,23,bad,toward_bad,False
baseline[good=above],baseline/86,1,23,bad,toward_good,False
baseline[good=above],baseline/86,2,23,bad,toward_bad,False
baseline[good=above],baseline/86,3,23,bad,toward_good,False
baseline[good=above],baseline/86,4,23,bad,toward_good,False
baseline[good=above],baseline/86,5,23,good,toward_good,False
baseline[good=above],baseline/86,6,23,good,toward_bad,False
baseline[good=above],baseline/86,7,23,bad,toward_good,False
baseline[good=above],baseline/86,8,23,bad,toward_bad,False
baseline[good=above],baseline/86,9,23,bad,toward_bad,False
baseline[good=above],baseline/86,10,23,bad,toward_good,False
baseline[good=above],baseline/86,11,23,bad,toward_bad,False
baseline[good=above],baseline/86,12,23,bad,toward_good,False
baseline[good=above],baseline/86,13,23,bad,toward_good,False
baseline[good=above],baseline/86,14,23,good,toward_bad,False
baseline[good=above],baseline/86,15,23,bad,toward_bad,False
baseline[good=above],baseline/86,16,23,bad,toward_bad,False
baseline[good=above],baseline/86,17,23,bad,toward_bad,False
baseline[good=above],baseline/86,18,23,bad,toward_good,False
baseline[good=above],baseline/86,19,23,bad,toward_good,False
baseline[good=above],baseline/86,20,23,bad,toward_bad,False
baseline[good=above],baseline/86,21,23,bad,toward_good,False
baseline[good=above],baseline/86,22,23,bad,,True
baseline[good=below],baseline/86,0,23,good,toward_good,False
baseline[good=below],baseline/86,1,23,good,toward_bad,False
baseline[good=below],baseline/86,2,23,good,toward_good,False
baseline[good=below],baseline/86,3,23,good,toward_bad,False
baseline[good=below],baseline/86,4,23,good,toward_bad,False
baseline[good=below],baseline/86,5,23,bad,toward_bad,False
baseline[good=below],baseline/86,6,23,bad,toward_good,False
baseline[good=below],baseline/86,7,23,good,toward_bad,False
baseline[good=below],baseline/86,8,23,good,toward_good,False
baseline[good=below],baseline/86,9,23,good,toward_good,False
baseline[good=below],baseline/86,10,23,good,toward_bad,False
baseline[good=below],baseline/86,11,23,good,toward_good,False
baseline[good=below],baseline/86,12,23,good,toward_bad,False
baseline[good=below],baseline/86,13,23,good,toward_bad,False
baseline[good=below],baseline/86,14,23,bad,toward_good,False
baseline[good=below],baseline/86,15,23,good,toward_good,False
baseline[good=below],baseline/86,16,23,good,toward_good,False
baseline[good=below],baseline/86,17,23,good,toward_good,False
baseline[good=below],baseline/86,18,23,good,toward_bad,False
baseline[good=below],baseline/86,19,23,good,toward_bad,False
baseline[good=below],baseline/86,20,23,good,toward_good,False
baseline[good=below],baseline/86,21,23,good,toward_bad,False
baseline[good=below],baseline/86,22,23,good,,True
baseline[good=above],baseline/87,0,11,bad,toward_bad,False
baseline[good=above],baseline/87,1,11,bad,toward_bad,False
baseline[good=above],baseline/87,2,11,bad,toward_good,False
baseline[good=above],baseline/87,3,11,bad,toward_bad,False
baseline[good=above],baseline/87,4,11,bad,toward_good,False
baseline[good=above],baseline/87,5,11,bad,toward_bad,False
baseline[good=above],baseline/87,6,11,bad,toward_good,False
baseline[good=above],baseline/87,7,11,bad,toward_bad,False
baseline[good=above],baseline/87,8,11,bad,toward_bad,False
baseline[good=above],baseline/87,9,11,bad,toward_bad,False
baseline[good=above],baseline/87,10,11,bad,,True
baseline[good=below],baseline/87,0,11,good,toward_good,False
baseline[good=below],baseline/87,1,11,good,toward_good,False
baseline[good=below],baseline/87,2,11,good,toward_bad,False
baseline[good=below],baseline/87,3,11,good,toward_good,False
baseline[good=below],baseline/87,4,11,good,toward_bad,False
baseline[good=below],baseline/87,5,11,good,toward_good,False
baseline[good=below],baseline/87,6,11,good,toward_bad,False
baseline[good=below],baseline/87,7,11,good,toward_good,False
baseline[good=below],baseline/87,8,11,good,toward_good,False
baseline[good=below],baseline/87,9,11,good,toward_good,False
baseline[good=below],baseline/87,10,11,good,,True
baseline[good=above],baseline/88,0,34,good,toward_bad,False
baseline[good=above],baseline/88,1,34,good,toward_bad,False
baseline[good=above],baseline/88,2,34,good,toward_good,False
baseline[good=above],baseline/88,3,34,good,toward_good,False
baseline[good=above],baseline/88,4,34,good,toward_bad,False
baseline[good=above],baseline/88,5,34,bad,toward_good,False
baseline[good=above],baseline/88,6,34,bad,toward_good,False
baseline[good=above],baseline/88,7,34,good,toward_bad,False
baseline[good=above],baseline/88,8,34,bad,toward_good,False
baseline[good=above],baseline/88,9,34,good,toward_bad,False
baseline[good=above],baseline/88,10,34,good,toward_bad,False
baseline[good=above],baseline/88,11,34,bad,toward_good,False
baseline[good=above],baseline/88,12,34,bad,toward_good,False
baseline[good=above],baseline/88,13,34,bad,toward_good,False
baseline[good=above],baseline/88,14,34,good,toward_bad,False
baseline[good=above],baseline/88,15,34,bad,toward_good,False
baseline[good=above],baseline/88,16,34,bad,toward_bad,False
baseline[good=above],baseline/88,17,34,bad,toward_good,False
baseline[good=above],baseline/88,18,34,bad,toward_good,False
baseline[good=above],baseline/88,19,34,good,toward_bad,False
baseline[good=above],baseline/88,20,34,good,toward_bad,False
baseline[good=above],baseline/88,21,34,good,toward_good,False
baseline[good=above],baseline/88,22,34,good,toward_bad,False
baseline[good=above],baseline/88,23,34,good,toward_bad,False
baseline[good=above],baseline/88,24,34,good,toward_good,False
baseline[good=above],baseline/88,25,34,good,toward_bad,False
baseline[good=above],baseline/88,26,34,bad,toward_bad,False
baseline[good=above],baseline/88,27,34,bad,toward_bad,False
baseline[good=above],baseline/88,28,34,bad,toward_bad,False
baseline[good=above],baseline/88,29,34,bad,toward_good,False
baseline[good=above],baseline/88,30,34,bad,toward_good,False
baseline[good=above],baseline/88,31,34,bad,toward_good,False
baseline[good=above],baseline/88,32,34,good,toward_good,False
baseline[good=above],baseline/88,33,34,good,,True
baseline[good=below],baseline/88,0,34,bad,toward_good,False
baseline[good=below],baseline/88,1,34,bad,toward_good,False
baseline[good=below],baseline/88,2,34,bad,toward_bad,False
baseline[good=below],baseline/88,3,34,bad,toward_bad,False
baseline[good=below],baseline/88,4,34,bad,toward_good,False
baseline[good=below],baseline/88,5,34,good,toward_bad,False
baseline[good=below],baseline/88,6,34,good,toward_bad,False
baseline[good=below],baseline/88,7,34,bad,toward_good,False
baseline[good=below],baseline/88,8,34,good,toward_bad,False
baseline[good=below],baseline/88,9,34,bad,toward_good,False
baseline[good=below],baseline/88,10,34,bad,toward_good,False
baseline[good=below],baseline/88,11,34,good,toward_bad,False
baseline[good=below],baseline/88,12,34,good,toward_bad,False
baseline[good=below],baseline/88,13,34,good,toward_bad,False
baseline[good=below],baseline/88,14,34,bad,toward_good,False
baseline[good=below],baseline/88,15,34,good,toward_bad,False
baseline[good=below],baseline/88,16,34,good,toward_good,False
baseline[good=below],baseline/88,17,34,good,toward_bad,False
baseline[good=below],baseline/88,18,34,good,toward_bad,False
baseline[good=below],baseline/88,19,34,bad,toward_good,False
baseline[good=below],baseline/88,20,34,bad,toward_good,False
baseline[good=below],baseline/88,21,34,bad,toward_bad,False
baseline[good=below],baseline/88,22,34,bad,toward_good,False
baseline[good=below],baseline/88,23,34,bad,toward_good,False
baseline[good=below],baseline/88,24,34,bad,toward_bad,False
baseline[good=below],baseline/88,25,34,bad,toward_good,False
baseline[good=below],baseline/88,26,34,good,toward_good,False
baseline[good=below],baseline/88,27,34,good,toward_good,False
baseline[good=below],baseline/88,28,34,good,toward_good,False
baseline[good=below],baseline/88,29,34,good,toward_bad,False
baseline[good=below],baseline/88,30,34,good,toward_bad,False
baseline[good=below],baseline/88,31,34,good,toward_bad,False
baseline[good=below],baseline/88,32,34,bad,toward_bad,False
baseline[good=below],baseline/88,33,34,bad,,True
baseline[good=above],baseline/89,0,24,bad,toward_bad,False
baseline[good=above],baseline/89,1,24,bad,toward_good,False
baseline[good=above],baseline/89,2,24,bad,toward_bad,False
baseline[good=above],baseline/89,3,24,bad,toward_good,False
baseline[good=above],baseline/89,4,24,bad,toward_good,False
baseline[good=above],baseline/89,5,24,bad,toward_bad,False
baseline[good=above],baseline/89,6,24,bad,toward_bad,False
baseline[good=above],baseline/89,7,24,bad,toward_good,False
baseline[good=above],baseline/89,8,24,bad,toward_bad,False
baseline[good=above],baseline/89,9,24,bad,toward_bad,False
baseline[good=above],baseline/89,10,24,bad,toward_good,False
baseline[good=above],baseline/89,11,24,bad,toward_bad,False
baseline[good=above],baseline/89,12,24,bad,toward_good,False
baseline[good=above],baseline/89,13,24,bad,toward_bad,False
baseline[good=above],baseline/89,14,24,bad,toward_good,False
baseline[good=above],baseline/89,15,24,bad,toward_bad,False
baseline[good=above],baseline/89,16,24,bad,toward_good,False
baseline[good=above],baseline/89,17,24,bad,toward_bad,False
baseline[good=above],baseline/89,18,24,bad,toward_bad,False
baseline[good=above],baseline/89,19,24,bad,toward_good,False
baseline[good=above],baseline/89,20,24,bad,toward_bad,False
baseline[good=above],baseline/89,21,24,bad,toward_bad,False
baseline[good=above],baseline/89,22,24,bad,toward_good,False
baseline[good=above],baseline/89,23,24,bad,,True
baseline[good=below],baseline/89,0,24,good,toward_good,False
baseline[good=below],baseline/89,1,24,good,toward_bad,False
baseline[good=below],baseline/89,2,24,good,toward_good,False
baseline[good=below],baseline/89,3,24,good,toward_bad,False
baseline[good=below],baseline/89,4,24,good,toward_bad,False
baseline[good=below],baseline/89,5,24,good,toward_good,False
baseline[good=below],baseline/89,6,24,good,toward_good,False
baseline[good=below],baseline/89,7,24,good,toward_bad,False
baseline[good=below],baseline/89,8,24,good,toward_good,False
baseline[good=below],baseline/89,9,24,good,toward_good,False
baseline[good=below],baseline/89,10,24,good,toward_bad,False
baseline[good=below],baseline/89,11,24,good,toward_good,False
baseline[good=below],baseline/89,12,24,good,toward_bad,False
baseline[good=below],baseline/89,13,24,good,toward_good,False
baseline[good=below],baseline/89,14,24,good,toward_bad,False
baseline[good=below],baseline/89,15,24,good,toward_good,False
baseline[good=below],baseline/89,16,24,good,toward_bad,False
baseline[good=below],baseline/89,17,24,good,toward_good,False
baseline[good=below],baseline/89,18,24,good,toward_good,False
baseline[good=below],baseline/89,19,24,good,toward_bad,False
baseline[good=below],baseline/89,20,24,good,toward_good,False
baseline[good=below],baseline/89,21,24,good,toward_good,False
baseline[good=below],baseline/89,22,24,good,toward_bad,False
baseline[good=below],baseline/89,23,24,good,,True
baseline[good=above],baseline/91,0,24,bad,toward_good,False
baseline[good=above],baseline/91,1,24,bad,toward_good,False
baseline[good=above],baseline/91,2,24,good,toward_bad,False
baseline[good=above],baseline/91,3,24,bad,toward_good,False
baseline[good=above],baseline/91,4,24,bad,toward_bad,False
baseline[good=above],baseline/91,5,24,bad,toward_bad,False
baseline[good=above],baseline/91,6,24,bad,toward_bad,False
baseline[good=above],baseline/91,7,24,bad,toward_good,False
baseline[good=above],baseline/91,8,24,bad,toward_good,False
baseline[good=above],baseline/91,9,24,good,toward_bad,False
baseline[good=above],baseline/91,10,24,bad,toward_bad,False
baseline[good=above],baseline/91,11,24,bad,toward_good,False
baseline[good=above],baseline/91,12,24,bad,toward_bad,False
baseline[good=above],baseline/91,13,24,bad,toward_good,False
baseline[good=above],baseline/91,14,24,good,toward_bad,False
baseline[good=above],baseline/91,15,24,bad,toward_good,False
baseline[good=above],baseline/91,16,24,bad,toward_good,False
baseline[good=above],baseline/91,17,24,good,toward_bad,False
baseline[good=above],baseline/91,18,24,bad,toward_good,False
baseline[good=above],baseline/91,19,24,bad,toward_bad,False
baseline[good=above],baseline/91,20,24,bad,toward_good,False
baseline[good=above],baseline/91,21,24,bad,toward_good,False
baseline[good=above],baseline/91,22,24,bad,toward_good,False
baseline[good=above],baseline/91,23,24,good,,True
baseline[good=below],baseline/91,0,24,good,toward_bad,False
baseline[good=below],baseline/91,1,24,good,toward_bad,False
baseline[good=below],baseline/91,2,24,bad,toward_good,False
baseline[good=below],baseline/91,3,24,good,toward_bad,False
baseline[good=below],baseline/91,4,24,good,toward_good,False
baseline[good=below],baseline/91,5,24,good,toward_good,False
baseline[good=below],baseline/91,6,24,good,toward_good,False
baseline[good=below],baseline/91,7,24,good,toward_bad,False
baseline[good=below],baseline/91,8,24,good,toward_bad,False
baseline[good=below],baseline/91,9,24,bad,toward_good,False
baseline[good=below],baseline/91,10,24,good,toward_good,False
baseline[good=below],baseline/91,11,24,good,toward_bad,False
baseline[good=below],baseline/91,12,24,good,toward_good,False
baseline[good=below],baseline/91,13,24,good,toward_bad,False
baseline[good=below],baseline/91,14,24,bad,toward_good,False
baseline[good=below],baseline/91,15,24,good,toward_bad,False
baseline[good=below],baseline/91,16,24,good,toward_bad,False
baseline[good=below],baseline/91,17,24,bad,toward_good,False
baseline[good=below],baseline/91,18,24,good,toward_bad,False
baseline[good=below],baseline/91,19,24,good,toward_good,False
baseline[good=below],baseline/91,20,24,good,toward_bad,False
baseline[good=below],baseline/91,21,24,good,toward_bad,False
baseline[good=below],baseline/91,22,24,good,toward_bad,False
baseline[good=below],baseline/91,23,24,bad,,True
baseline[good=above],baseline/92,0,26,good,toward_bad,False
baseline[good=above],baseline/92,1,26,good,toward_bad,False
baseline[good=above],baseline/92,2,26,good,toward_good,False
baseline[good=above],baseline/92,3,26,good,toward_bad,False
baseline[good=above],baseline/92,4,26,good,toward_bad,False
baseline[good=above],baseline/92,5,26,good,toward_bad,False
baseline[good=above],baseline/92,6,26,good,toward_good,False
baseline[good=above],baseline/92,7,26,good,toward_bad,False
baseline[good=above],baseline/92,8,26,good,toward_good,False
baseline[good=above],baseline/92,9,26,good,toward_bad,False
baseline[good=above],baseline/92,10,26,good,toward_good,False
baseline[good=above],baseline/92,11,26,good,toward_good,False
baseline[good=above],baseline/92,12,26,good,toward_bad,False
baseline[good=above],baseline/92,13,26,good,toward_bad,False
baseline[good=above],baseline/92,14,26,good,toward_good,False
baseline[good=above],baseline/92,15,26,good,toward_good,False
baseline[good=above],baseline/92,16,26,good,toward_bad,False
baseline[good=above],baseline/92,17,26,good,toward_bad,False
baseline[good=above],baseline/92,18,26,good,toward_good,False
baseline[good=above],baseline/92,19,26,good,toward_good,False
baseline[good=above],baseline/92,20,26,good,toward_good,False
baseline[good=above],baseline/92,21,26,good,toward_good,False
baseline[good=above],baseline/92,22,26,good,toward_bad,False
baseline[good=above],baseline/92,23,26,good,toward_bad,False
baseline[good=above],baseline/92,24,26,good,same,False
baseline[good=above],baseline/92,25,26,good,,True
baseline[good=below],baseline/92,0,26,bad,toward_good,False
baseline[good=below],baseline/92,1,26,bad,toward_good,False
baseline[good=below],baseline/92,2,26,bad,toward_bad,False
baseline[good=below],baseline/92,3,26,bad,toward_good,False
baseline[good=below],baseline/92,4,26,bad,toward_good,False
baseline[good=below],baseline/92,5,26,bad,toward_good,False
baseline[good=below],baseline/92,6,26,bad,toward_bad,False
baseline[good=below],baseline/92,7,26,bad,toward_good,False
baseline[good=below],baseline/92,8,26,bad,toward_bad,False
baseline[good=below],baseline/92,9,26,bad,toward_good,False
baseline[good=below],baseline/92,10,26,bad,toward_bad,False
baseline[good=below],baseline/92,11,26,bad,toward_bad,False
baseline[good=below],baseline/92,12,26,bad,toward_good,False
baseline[good=below],baseline/92,13,26,bad,toward_good,False
baseline[good=below],baseline/92,14,26,bad,toward_bad,False
baseline[good=below],baseline/92,15,26,bad,toward_bad,False
baseline[good=below],baseline/92,16,26,bad,toward_good,False
baseline[good=below],baseline/92,17,26,bad,toward_good,False
baseline[good=below],baseline/92,18,26,bad,toward_bad,False
baseline[good=below],baseline/92,19,26,bad,toward_bad,False
baseline[good=below],baseline/92,20,26,bad,toward_bad,False
baseline[good=below],baseline/92,21,26,bad,toward_bad,False
baseline[good=below],baseline/92,22,26,bad,toward_good,False
baseline[good=below],baseline/92,23,26,bad,toward_good,False
baseline[good=below],baseline/92,24,26,bad,same,False
baseline[good=below],baseline/92,25,26,bad,,True
baseline[good=above],baseline/93,0,17,good,toward_good,False
baseline[good=above],baseline/93,1,17,good,toward_good,False
baseline[good=above],baseline/93,2,17,good,toward_bad,False
baseline[good=above],baseline/93,3,17,good,toward_good,False
baseline[good=above],baseline/93,4,17,good,toward_good,False
baseline[good=above],baseline/93,5,17,good,toward_good,False
baseline[good=above],baseline/93,6,17,good,toward_bad,False
baseline[good=above],baseline/93,7,17,good,toward_bad,False
baseline[good=above],baseline/93,8,17,good,toward_good,False
baseline[good=above],baseline/93,9,17,good,toward_good,False
baseline[good=above],baseline/93,10,17,good,toward_bad,False
baseline[good=above],baseline/93,11,17,good,toward_bad,False
baseline[good=above],baseline/93,12,17,good,toward_good,False
baseline[good=above],baseline/93,13,17,good,toward_bad,False
baseline[good=above],baseline/93,14,17,good,toward_bad,False
baseline[good=above],baseline/93,15,17,good,toward_good,False
baseline[good=above],baseline/93,16,17,good,,True
baseline[good=below],baseline/93,0,17,bad,toward_bad,False
baseline[good=below],baseline/93,1,17,bad,toward_bad,False
baseline[good=below],baseline/93,2,17,bad,toward_good,False
baseline[good=below],baseline/93,3,17,bad,toward_bad,False
baseline[good=below],baseline/93,4,17,bad,toward_bad,False
baseline[good=below],baseline/93,5,17,bad,toward_bad,False
baseline[good=below],baseline/93,6,17,bad,toward_good,False
baseline[good=below],baseline/93,7,17,bad,toward_good,False
baseline[good=below],baseline/93,8,17,bad,toward_bad,False
baseline[good=below],baseline/93,9,17,bad,toward_bad,False
baseline[good=below],baseline/93,10,17,bad,toward_good,False
baseline[good=below],baseline/93,11,17,bad,toward_good,False
baseline[good=below],baseline/93,12,17,bad,toward_bad,False
baseline[good=below],baseline/93,13,17,bad,toward_good,False
baseline[good=below],baseline/93,14,17,bad,toward_good,False
baseline[good=below],baseline/93,15,17,bad,toward_bad,False
baseline[good=below],baseline/93,16,17,bad,,True
baseline[good=above],baseline/94,0,36,bad,toward_bad,False
baseline[good=above],baseline/94,1,36,bad,toward_good,False
baseline[good=above],baseline/94,2,36,bad,toward_good,False
baseline[good=above],baseline/94,3,36,bad,toward_bad,False
baseline[good=above],baseline/94,4,36,bad,toward_bad,False
baseline[good=above],baseline/94,5,36,bad,toward_good,False
baseline[good=above],baseline/94,6,36,bad,toward_good,False
baseline[good=above],baseline/94,7,36,bad,toward_good,False
baseline[good=above],baseline/94,8,36,bad,toward_bad,False
baseline[good=above],baseline/94,9,36,bad,toward_good,False
baseline[good=above],baseline/94,10,36,bad,toward_bad,False
baseline[good=above],baseline/94,11,36,bad,toward_good,False
baseline[good=above],baseline/94,12,36,bad,toward_bad,False
baseline[good=above],baseline/94,13,36,bad,toward_good,False
baseline[good=above],baseline/94,14,36,bad,toward_bad,False
baseline[good=above],baseline/94,15,36,bad,toward_bad,False
baseline[good=above],baseline/94,16,36,bad,toward_good,False
baseline[good=above],baseline/94,17,36,bad,toward_good,False
baseline[good=above],baseline/94,18,36,bad,toward_bad,False
baseline[good=above],baseline/94,19,36,bad,toward_bad,False
baseline[good=above],baseline/94,20,36,bad,toward_bad,False
baseline[good=above],baseline/94,21,36,bad,toward_good,False
baseline[good=above],baseline/94,22,36,bad,toward_bad,False
baseline[good=above],baseline/94,23,36,bad,toward_good,False
baseline[good=above],baseline/94,24,36,bad,toward_bad,False
baseline[good=above],baseline/94,25,36,bad,toward_good,False
baseline[good=above],baseline/94,26,36,bad,toward_good,False
baseline[good=above],baseline/94,27,36,bad,toward_bad,False
baseline[good=above],baseline/94,28,36,bad,toward_bad,False
baseline[good=above],baseline/94,29,36,bad,toward_good,False
baseline[good=above],baseline/94,30,36,bad,toward_good,False
baseline[good=above],baseline/94,31,36,bad,toward_bad,False
baseline[good=above],baseline/94,32,36,bad,toward_good,False
baseline[good=above],baseline/94,33,36,bad,toward_good,False
baseline[good=above],baseline/94,34,36,bad,toward_bad,False
baseline[good=above],baseline/94,35,36,bad,,True
baseline[good=below],baseline/94,0,36,good,toward_good,False
baseline[good=below],baseline/94,1,36,good,toward_bad,False
baseline[good=below],baseline/94,2,36,good,toward_bad,False
baseline[good=below],baseline/94,3,36,good,toward_good,False
baseline[good=below],baseline/94,4,36,good,toward_good,False
baseline[good=below],baseline/94,5,36,good,toward_bad,False
baseline[good=below],baseline/94,6,36,good,toward_bad,False
baseline[good=below],baseline/94,7,36,good,toward_bad,False
baseline[good=below],baseline/94,8,36,good,toward_good,False
baseline[good=below],baseline/94,9,36,good,toward_bad,False
baseline[good=below],baseline/94,10,36,good,toward_good,False
baseline[good=below],baseline/94,11,36,good,toward_bad,False
baseline[good=below],baseline/94,12,36,good,toward_good,False
baseline[good=below],baseline/94,13,36,good,toward_bad,False
baseline[good=below],baseline/94,14,36,good,toward_good,False
baseline[good=below],baseline/94,15,36,good,toward_good,False
baseline[good=below],baseline/94,16,36,good,toward_bad,False
baseline[good=below],baseline/94,17,36,good,toward_bad,False
baseline[good=below],baseline/94,18,36,good,toward_good,False
baseline[good=below],baseline/94,19,36,good,toward_good,False
baseline[good=below],baseline/94,20,36,good,toward_good,False
baseline[good=below],baseline/94,21,36,good,toward_bad,False
baseline[good=below],baseline/94,22,36,good,toward_good,False
baseline[good=below],baseline/94,23,36,good,toward_bad,False
baseline[good=below],baseline/94,24,36,good,toward_good,False
baseline[good=below],baseline/94,25,36,good,toward_bad,False
baseline[good=below],baseline/94,26,36,good,toward_bad,False
baseline[good=below],baseline/94,27,36,good,toward_good,False
baseline[good=below],baseline/94,28,36,good,toward_good,False
baseline[good=below],baseline/94,29,36,good,toward_bad,False
baseline[good=below],baseline/94,30,36,good,toward_bad,False
baseline[good=below],baseline/94,31,36,good,toward_good,False
baseline[good=below],baseline/94,32,36,good,toward_bad,False
baseline[good=below],baseline/94,33,36,good,toward_bad,False
baseline[good=below],baseline/94,34,36,good,toward_good,False
baseline[good=below],baseline/94,35,36,good,,True
baseline[good=above],baseline/95,0,6,bad,toward_good,False
baseline[good=above],baseline/95,1,6,bad,toward_bad,False
baseline[good=above],baseline/95,2,6,bad,toward_good,False
baseline[good=above],baseline/95,3,6,bad,toward_good,False
baseline[good=above],baseline/95,4,6,bad,toward_good,False
baseline[good=above],baseline/95,5,6,bad,,True
baseline[good=below],baseline/95,0,6,good,toward_bad,False
baseline[good=below],baseline/95,1,6,good,toward_good,False
baseline[good=below],baseline/95,2,6,good,toward_bad,False
baseline[good=below],baseline/95,3,6,good,toward_bad,False
baseline[good=below],baseline/95,4,6,good,toward_bad,False
baseline[good=below],baseline/95,5,6,good,,True
baseline[good=above],baseline/96,0,4,bad,toward_good,False
baseline[good=above],baseline/96,1,4,bad,toward_bad,False
baseline[good=above],baseline/96,2,4,bad,toward_bad,False
baseline[good=above],baseline/96,3,4,bad,,True
baseline[good=below],baseline/96,0,4,good,toward_bad,False
baseline[good=below],baseline/96,1,4,good,toward_good,False
baseline[good=below],baseline/96,2,4,good,toward_good,False
baseline[good=below],baseline/96,3,4,good,,True
baseline[good=above],baseline/99,0,19,bad,toward_good,False
baseline[good=above],baseline/99,1,19,bad,toward_good,False
baseline[good=above],baseline/99,2,19,bad,toward_good,False
baseline[good=above],baseline/99,3,19,bad,toward_bad,False
baseline[good=above],baseline/99,4,19,bad,toward_bad,False
baseline[good=above],baseline/99,5,19,bad,toward_good,False
baseline[good=above],baseline/99,6,19,bad,toward_bad,False
baseline[good=above],baseline/99,7,19,bad,toward_good,False
baseline[good=above],baseline/99,8,19,bad,toward_bad,False
baseline[good=above],baseline/99,9,19,bad,toward_bad,False
baseline[good=above],baseline/99,10,19,bad,toward_good,False
baseline[good=above],baseline/99,11,19,bad,toward_bad,False
baseline[good=above],baseline/99,12,19,bad,toward_good,False
baseline[good=above],baseline/99,13,19,bad,toward_bad,False
baseline[good=above],baseline/99,14,19,bad,toward_bad,False
baseline[good=above],baseline/99,15,19,bad,toward_bad,False
baseline[good=above],baseline/99,16,19,bad,toward_good,False
baseline[good=above],baseline/99,17,19,bad,toward_good,False
baseline[good=above],baseline/99,18,19,bad,,True
baseline[good=below],baseline/99,0,19,good,toward_bad,False
baseline[good=below],baseline/99,1,19,good,toward_bad,False
baseline[good=below],baseline/99,2,19,good,toward_bad,False
baseline[good=below],baseline/99,3,19,good,toward_good,False
baseline[good=below],baseline/99,4,19,good,toward_good,False
baseline[good=below],baseline/99,5,19,good,toward_bad,False
baseline[good=below],baseline/99,6,19,good,toward_good,False
baseline[good=below],baseline/99,7,19,good,toward_bad,False
baseline[good=below],baseline/99,8,19,good,toward_good,False
baseline[good=below],baseline/99,9,19,good,toward_good,False
baseline[good=below],baseline/99,10,19,good,toward_bad,False
baseline[good=below],baseline/99,11,19,good,toward_good,False
baseline[good=below],baseline/99,12,19,good,toward_bad,False
baseline[good=below],baseline/99,13,19,good,toward_good,False
baseline[good=below],baseline/99,14,19,good,toward_good,False
baseline[good=below],baseline/99,15,19,good,toward_good,False
baseline[good=below],baseline/99,16,19,good,toward_bad,False
baseline[good=below],baseline/99,17,19,good,toward_bad,False
baseline[good=below],baseline/99,18,19,good,,True
below_good,below_good/0,0,9,bad,toward_bad,False
below_good,below_good/0,1,9,bad,toward_good,False
below_good,below_good/0,2,9,bad,toward_good,False
below_good,below_good/0,3,9,bad,toward_good,False
below_good,below_good/0,4,9,bad,toward_bad,False
below_good,below_good/0,5,9,bad,toward_good,False
below_good,below_good/0,6,9,bad,toward_bad,False
below_good,below_good/0,7,9,bad,toward_bad,False
below_good,below_good/0,8,9,bad,,True
below_good,below_good/1,0,1,good,,True
below_good,below_good/2,0,6,good,toward_bad,False
below_good,below_good/2,1,6,good,toward_bad,False
below_good,below_good/2,2,6,good,toward_good,False
below_good,below_good/2,3,6,good,toward_bad,False
below_good,below_good/2,4,6,good,toward_bad,False
below_good,below_good/2,5,6,good,,True
below_good,below_good/3,0,3,good,toward_good,False
below_good,below_good/3,1,3,good,toward_bad,False
below_good,below_good/3,2,3,good,,True
below_good,below_good/4,0,1,good,,True
below_good,below_good/5,0,3,bad,toward_good,False
below_good,below_good/5,1,3,bad,toward_good,False
below_good,below_good/5,2,3,bad,,True
below_good,below_good/6,0,5,good,toward_good,False
below_good,below_good/6,1,5,good,toward_bad,False
below_good,below_good/6,2,5,good,toward_bad,False
below_good,below_good/6,3,5,good,toward_bad,False
below_good,below_good/6,4,5,good,,True
below_good,below_good/7,0,15,good,toward_bad,False
below_good,below_good/7,1,15,good,toward_bad,False
below_good,below_good/7,2,15,good,toward_bad,False
below_good,below_good/7,3,15,bad,toward_good,False
below_good,below_good/7,4,15,good,toward_bad,False
below_good,below_good/7,5,15,good,toward_bad,False
below_good,below_good/7,6,15,good,toward_good,False
below_good,below_good/7,7,15,good,toward_good,False
below_good,below_good/7,8,15,good,toward_bad,False
below_good,below_good/7,9,15,good,toward_good,False
below_good,below_good/7,10,15,good,toward_good,False
below_good,below_good/7,11,15,good,toward_bad,False
below_good,below_good/7,12,15,good,toward_good,False
below_good,below_good/7,13,15,good,toward_good,False
below_good,below_good/7,14,15,good,,True
below_good,below_good/8,0,7,good,toward_good,False
below_good,below_good/8,1,7,good,toward_good,False
below_good,below_good/8,2,7,good,toward_bad,False
below_good,below_good/8,3,7,good,toward_good,False
below_good,below_good/8,4,7,good,toward_bad,False
below_good,below_good/8,5,7,good,toward_bad,False
below_good,below_good/8,6,7,good,,True
below_good,below_good/9,0,1,bad,,True
below_good,below_good/10,0,10,good,toward_bad,False
below_good,below_good/10,1,10,good,toward_bad,False
below_good,below_good/10,2,10,bad,toward_good,False
below_good,below_good/10,3,10,good,toward_good,False
below_good,below_good/10,4,10,good,toward_bad,False
below_good,below_good/10,5,10,good,toward_good,False
below_good,below_good/10,6,10,good,toward_bad,False
below_good,below_good/10,7,10,good,toward_good,False
below_good,below_good/10,8,10,good,toward_bad,False
below_good,below_good/10,9,10,good,,True
below_good,below_good/11,0,16,good,toward_good,False
below_good,below_good/11,1,16,good,toward_good,False
below_good,below_good/11,2,16,good,toward_bad,False
below_good,below_good/11,3,16,good,toward_bad,False
below_good,below_good/11,4,16,good,toward_good,False
below_good,below_good/11,5,16,good,toward_bad,False
below_good,below_good/11,6,16,good,toward_good,False
below_good,below_good/11,7,16,good,toward_good,False
below_good,below_good/11,8,16,good,toward_bad,False
below_good,below_good/11,9,16,good,toward_good,False
below_good,below_good/11,10,16,good,toward_bad,False
below_good,below_good/11,11,16,good,toward_bad,False
below_good,below_good/11,12,16,good,toward_bad,False
below_good,below_good/11,13,16,good,toward_good,False
below_good,below_good/11,14,16,good,toward_bad,False
below_good,below_good/11,15,16,good,,True
below_good,below_good/12,0,3,good,toward_bad,False
below_good,below_good/12,1,3,good,toward_bad,False
below_good,below_good/12,2,3,good,,True
below_good,below_good/13,0,12,good,toward_good,False
below_good,below_good/13,1,12,good,toward_bad,False
below_good,below_good/13,2,12,good,toward_good,False
below_good,below_good/13,3,12,good,toward_bad,False
below_good,below_good/13,4,12,good,toward_bad,False
below_good,below_good/13,5,12,good,toward_bad,False
below_good,below_good/13,6,12,good,toward_bad,False
below_good,below_good/13,7,12,good,toward_good,False
below_good,below_good/13,8,12,good,toward_bad,False
below_good,below_good/13,9,12,good,toward_good,False
below_good,below_good/13,10,12,good,toward_good,False
below_good,below_good/13,11,12,good,,True
below_good,below_good/14,0,21,bad,toward_good,False
below_good,below_good/14,1,21,bad,toward_bad,False
below_good,below_good/14,2,21,bad,toward_good,False
below_good,below_good/14,3,21,bad,toward_bad,False
below_good,below_good/14,4,21,bad,toward_bad,False
below_good,below_good/14,5,21,bad,toward_good,False
below_good,below_good/14,6,21,bad,toward_bad,False
below_good,below_good/14,7,21,bad,toward_good,False
below_good,below_good/14,8,21,bad,toward_bad,False
below_good,below_good/14,9,21,bad,toward_bad,False
below_good,below_good/14,10,21,bad,toward_good,False
below_good,below_good/14,11,21,bad,toward_good,False
below_good,below_good/14,12,21,bad,toward_good,False
below_good,below_good/14,13,21,bad,toward_good,False
below_good,below_good/14,14,21,bad,toward_good,False
below_good,below_good/14,15,21,bad,toward_good,False
below_good,below_good/14,16,21,good,toward_bad,False
below_good,below_good/14,17,21,good,toward_bad,False
below_good,below_good/14,18,21,good,toward_good,False
below_good,below_good/14,19,21,good,toward_good,False
below_good,below_good/14,20,21,good,,True
below_good,below_good/15,0,1,bad,,True
below_good,below_good/16,0,4,good,toward_bad,False
below_good,below_good/16,1,4,good,toward_bad,False
below_good,below_good/16,2,4,good,toward_good,False
below_good,below_good/16,3,4,good,,True
below_good,below_good/17,0,25,good,toward_bad,False
below_good,below_good/17,1,25,bad,toward_good,False
below_good,below_good/17,2,25,good,toward_bad,False
below_good,below_good/17,3,25,bad,toward_good,False
below_good,below_good/17,4,25,good,toward_good,False
below_good,below_good/17,5,25,good,toward_good,False
below_good,below_good/17,6,25,good,toward_bad,False
below_good,below_good/17,7,25,bad,toward_good,False
below_good,below_good/17,8,25,good,toward_good,False
below_good,below_good/17,9,25,good,toward_bad,False
below_good,below_good/17,10,25,good,toward_bad,False
below_good,below_good/17,11,25,bad,toward_good,False
below_good,below_good/17,12,25,good,toward_bad,False
below_good,below_good/17,13,25,good,toward_good,False
below_good,below_good/17,14,25,good,toward_bad,False
below_good,below_good/17,15,25,good,toward_bad,False
below_good,below_good/17,16,25,good,toward_good,False
below_good,below_good/17,17,25,good,toward_good,False
below_good,below_good/17,18,25,good,toward_bad,False
below_good,below_good/17,19,25,good,toward_good,False
below_good,below_good/17,20,25,good,toward_bad,False
below_good,below_good/17,21,25,good,same,False
below_good,below_good/17,22,25,good,toward_good,False
below_good,below_good/17,23,25,good,toward_bad,False
below_good,below_good/17,24,25,good,,True
below_good,below_good/18,0,26,good,toward_bad,False
below_good,below_good/18,1,26,bad,toward_good,False
below_good,below_good/18,2,26,good,toward_bad,False
below_good,below_good/18,3,26,good,toward_good,False
below_good,below_good/18,4,26,good,toward_bad,False
below_good,below_good/18,5,26,good,toward_good,False
below_good,below_good/18,6,26,good,toward_good,False
below_good,below_good/18,7,26,good,toward_bad,False
below_good,below_good/18,8,26,good,toward_good,False
below_good,below_good/18,9,26,good,toward_good,False
below_good,below_good/18,10,26,good,toward_bad,False
below_good,below_good/18,11,26,good,toward_good,False
below_good,below_good/18,12,26,good,toward_bad,False
below_good,below_good/18,13,26,good,toward_good,False
below_good,below_good/18,14,26,good,toward_bad,False
below_good,below_good/18,15,26,good,toward_bad,False
below_good,below_good/18,16,26,good,toward_bad,False
below_good,below_good/18,17,26,good,toward_good,False
below_good,below_good/18,18,26,good,toward_good,False
below_good,below_good/18,19,26,good,toward_bad,False
below_good,below_good/18,20,26,good,toward_good,False
below_good,below_good/18,21,26,good,toward_good,False
below_good,below_good/18,22,26,good,toward_good,False
below_good,below_good/18,23,26,good,toward_bad,False
below_good,below_good/18,24,26,good,toward_good,False
below_good,below_good/18,25,26,good,,True
below_good,below_good/20,0,1,good,,True
below_good,below_good/21,0,7,bad,toward_bad,False
below_good,below_good/21,1,7,bad,toward_good,False
below_good,below_good/21,2,7,bad,toward_bad,False
below_good,below_good/21,3,7,bad,toward_good,False
below_good,below_good/21,4,7,bad,toward_bad,False
below_good,below_good/21,5,7,bad,toward_bad,False
below_good,below_good/21,6,7,bad,,True
below_good,below_good/22,0,1,good,,True
below_good,below_good/23,0,1,bad,,True
below_good,below_good/24,0,22,good,toward_good,False
below_good,below_good/24,1,22,good,toward_bad,False
below_good,below_good/24,2,22,bad,toward_good,False
below_good,below_good/24,3,22,good,toward_bad,False
below_good,below_good/24,4,22,good,toward_good,False
below_good,below_good/24,5,22,good,toward_bad,False
below_good,below_good/24,6,22,good,toward_bad,False
below_good,below_good/24,7,22,bad,toward_good,False
below_good,below_good/24,8,22,good,toward_bad,False
below_good,below_good/24,9,22,good,toward_bad,False
below_good,below_good/24,10,22,good,toward_good,False
below_good,below_good/24,11,22,good,toward_bad,False
below_good,below_good/24,12,22,good,toward_bad,False
below_good,below_good/24,13,22,good,toward_bad,False
below_good,below_good/24,14,22,good,toward_good,False
below_good,below_good/24,15,22,good,toward_bad,False
below_good,below_good/24,16,22,good,toward_good,False
below_good,below_good/24,17,22,good,toward_bad,False
below_good,below_good/24,18,22,good,toward_bad,False
below_good,below_good/24,19,22,good,toward_bad,False
below_good,below_good/24,20,22,good,toward_bad,False
below_good,below_good/24,21,22,good,,True
below_good,below_good/25,0,19,bad,toward_good,False
below_good,below_good/25,1,19,bad,toward_good,False
below_good,below_good/25,2,19,good,toward_bad,False
below_good,below_good/25,3,19,bad,toward_good,False
below_good,below_good/25,4,19,bad,toward_good,False
below_good,below_good/25,5,19,good,toward_bad,False
below_good,below_good/25,6,19,bad,toward_bad,False
below_good,below_good/25,7,19,bad,toward_bad,False
below_good,below_good/25,8,19,bad,toward_good,False
below_good,below_good/25,9,19,bad,toward_good,False
below_good,below_good/25,10,19,bad,toward_good,False
below_good,below_good/25,11,19,bad,toward_good,False
below_good,below_good/25,12,19,bad,toward_good,False
below_good,below_good/25,13,19,good,toward_bad,False
below_good,below_good/25,14,19,good,toward_bad,False
below_good,below_good/25,15,19,good,toward_good,False
below_good,below_good/25,16,19,good,toward_good,False
below_good,below_good/25,17,19,good,toward_good,False
below_good,below_good/25,18,19,good,,True
below_good,below_good/26,0,1,good,,True
below_good,below_good/27,0,14,bad,toward_good,False
below_good,below_good/27,1,14,bad,toward_bad,False
below_good,below_good/27,2,14,bad,toward_good,False
below_good,below_good/27,3,14,bad,toward_bad,False
below_good,below_good/27,4,14,bad,toward_good,False
below_good,below_good/27,5,14,bad,toward_good,False
below_good,below_good/27,6,14,bad,toward_good,False
below_good,below_good/27,7,14,bad,toward_bad,False
below_good,below_good/27,8,14,bad,toward_good,False
below_good,below_good/27,9,14,bad,toward_bad,False
below_good,below_good/27,10,14,bad,toward_bad,False
below_good,below_good/27,11,14,bad,toward_bad,False
below_good,below_good/27,12,14,bad,toward_bad,False
below_good,below_good/27,13,14,bad,,True
below_good,below_good/28,0,1,good,,True
below_good,below_good/29,0,15,bad,toward_good,False
below_good,below_good/29,1,15,bad,toward_good,False
below_good,below_good/29,2,15,bad,toward_bad,False
below_good,below_good/29,3,15,bad,toward_good,False
below_good,below_good/29,4,15,bad,toward_good,False
below_good,below_good/29,5,15,bad,toward_good,False
below_good,below_good/29,6,15,bad,toward_bad,False
below_good,below_good/29,7,15,bad,toward_good,False
below_good,below_good/29,8,15,good,toward_good,False
below_good,below_good/29,9,15,good,toward_bad,False
below_good,below_good/29,10,15,good,toward_good,False
below_good,below_good/29,11,15,good,same,False
below_good,below_good/29,12,15,good,toward_bad,False
below_good,below_good/29,13,15,bad,toward_good,False
below_good,below_good/29,14,15,good,,True
below_good,below_good/30,0,4,bad,toward_good,False
below_good,below_good/30,1,4,bad,toward_bad,False
below_good,below_good/30,2,4,bad,toward_bad,False
below_good,below_good/30,3,4,bad,,True
below_good,below_good/31,0,1,good,,True
below_good,below_good/32,0,3,good,toward_bad,False
below_good,below_good/32,1,3,good,toward_bad,False
below_good,below_good/32,2,3,good,,True
below_good,below_good/33,0,1,good,,True
below_good,below_good/34,0,1,good,,True
below_good,below_good/35,0,8,good,toward_good,False
below_good,below_good/35,1,8,good,toward_good,False
below_good,below_good/35,2,8,good,toward_good,False
below_good,below_good/35,3,8,good,toward_good,False
below_good,below_good/35,4,8,good,toward_good,False
below_good,below_good/35,5,8,good,toward_good,False
below_good,below_good/35,6,8,good,toward_bad,False
below_good,below_good/35,7,8,good,,True
below_good,below_good/36,0,1,good,,True
below_good,below_good/37,0,23,bad,toward_good,False
below_good,below_good/37,1,23,good,toward_bad,False
below_good,below_good/37,2,23,good,toward_good,False
below_good,below_good/37,3,23,good,toward_bad,False
below_good,below_good/37,4,23,good,toward_bad,False
below_good,below_good/37,5,23,bad,toward_good,False
below_good,below_good/37,6,23,good,toward_good,False
below_good,below_good/37,7,23,good,toward_bad,False
below_good,below_good/37,8,23,good,toward_bad,False
below_good,below_good/37,9,23,bad,toward_good,False
below_good,below_good/37,10,23,good,toward_good,False
below_good,below_good/37,11,23,good,toward_bad,False
below_good,below_good/37,12,23,good,toward_good,False
below_good,below_good/37,13,23,good,toward_bad,False
below_good,below_good/37,14,23,good,toward_good,False
below_good,below_good/37,15,23,good,toward_bad,False
below_good,below_good/37,16,23,good,toward_bad,False
below_good,below_good/37,17,23,bad,toward_good,False
below_good,below_good/37,18,23,good,toward_bad,False
below_good,below_good/37,19,23,good,toward_bad,False
below_good,below_good/37,20,23,good,toward_good,False
below_good,below_good/37,21,23,good,toward_bad,False
below_good,below_good/37,22,23,good,,True
below_good,below_good/38,0,3,good,toward_good,False
below_good,below_good/38,1,3,good,toward_good,False
below_good,below_good/38,2,3,good,,True
below_good,below_good/39,0,9,bad,toward_bad,False
below_good,below_good/39,1,9,bad,toward_good,False
below_good,below_good/39,2,9,bad,toward_good,False
below_good,below_good/39,3,9,bad,toward_bad,False
below_good,below_good/39,4,9,bad,toward_good,False
below_good,below_good/39,5,9,bad,toward_good,False
below_good,below_good/39,6,9,bad,toward_bad,False
below_good,below_good/39,7,9,bad,toward_bad,False
below_good,below_good/39,8,9,bad,,True
below_good,below_good/40,0,7,good,toward_bad,False
below_good,below_good/40,1,7,good,toward_bad,False
below_good,below_good/40,2,7,good,toward_bad,False
below_good,below_good/40,3,7,bad,toward_good,False
below_good,below_good/40,4,7,good,toward_bad,False
below_good,below_good/40,5,7,good,toward_bad,False
below_good,below_good/40,6,7,good,,True
below_good,below_good/41,0,39,bad,toward_good,False
below_good,below_good/41,1,39,good,toward_bad,False
below_good,below_good/41,2,39,bad,toward_bad,False
below_good,below_good/41,3,39,bad,toward_good,False
below_good,below_good/41,4,39,good,toward_bad,False
below_good,below_good/41,5,39,bad,toward_good,False
below_good,below_good/41,6,39,good,toward_bad,False
below_good,below_good/41,7,39,bad,toward_good,False
below_good,below_good/41,8,39,good,toward_bad,False
below_good,below_good/41,9,39,good,toward_good,False
below_good,below_good/41,10,39,good,toward_bad,False
below_good,below_good/41,11,39,bad,toward_good,False
below_good,below_good/41,12,39,good,toward_bad,False
below_good,below_good/41,13,39,good,toward_bad,False
below_good,below_good/41,14,39,good,toward_bad,False
below_good,below_good/41,15,39,bad,toward_good,False
below_good,below_good/41,16,39,good,toward_bad,False
below_good,below_good/41,17,39,good,toward_bad,False
below_good,below_good/41,18,39,good,toward_bad,False
below_good,below_good/41,19,39,good,toward_bad,False
below_good,below_good/41,20,39,bad,toward_good,False
below_good,below_good/41,21,39,good,toward_good,False
below_good,below_good/41,22,39,good,toward_good,False
below_good,below_good/41,23,39,good,toward_bad,False
below_good,below_good/41,24,39,good,toward_bad,False
below_good,below_good/41,25,39,good,toward_good,False
below_good,below_good/41,26,39,good,toward_good,False
below_good,below_good/41,27,39,good,toward_bad,False
below_good,below_good/41,28,39,good,toward_good,False
below_good,below_good/41,29,39,good,toward_good,False
below_good,below_good/41,30,39,good,toward_bad,False
below_good,below_good/41,31,39,good,toward_bad,False
below_good,below_good/41,32,39,good,toward_bad,False
below_good,below_good/41,33,39,good,toward_bad,False
below_good,below_good/41,34,39,good,toward_good,False
below_good,below_good/41,35,39,good,toward_bad,False
below_good,below_good/41,36,39,good,toward_good,False
below_good,below_good/41,37,39,good,toward_bad,False
below_good,below_good/41,38,39,good,,True
below_good,below_good/42,0,13,bad,toward_good,False
below_good,below_good/42,1,13,bad,toward_good,False
below_good,below_good/42,2,13,bad,toward_bad,False
below_good,below_good/42,3,13,bad,toward_good,False
below_good,below_good/42,4,13,bad,toward_bad,False
below_good,below_good/42,5,13,bad,toward_good,False
below_good,below_good/42,6,13,bad,toward_bad,False
below_good,below_good/42,7,13,bad,toward_good,False
below_good,below_good/42,8,13,bad,toward_good,False
below_good,below_good/42,9,13,bad,toward_good,False
below_good,below_good/42,10,13,bad,toward_good,False
below_good,below_good/42,11,13,good,toward_good,False
below_good,below_good/42,12,13,good,,True
below_good,below_good/43,0,1,good,,True
below_good,below_good/44,0,3,bad,toward_good,False
below_good,below_good/44,1,3,bad,toward_good,False
below_good,below_good/44,2,3,good,,True
below_good,below_good/45,0,6,good,toward_bad,False
below_good,below_good/45,1,6,good,toward_good,False
below_good,below_good/45,2,6,good,toward_bad,False
below_good,below_good/45,3,6,good,toward_good,False
below_good,below_good/45,4,6,good,toward_bad,False
below_good,below_good/45,5,6,good,,True
below_good,below_good/46,0,13,bad,toward_good,False
below_good,below_good/46,1,13,good,toward_bad,False
below_good,below_good/46,2,13,bad,toward_good,False
below_good,below_good/46,3,13,good,toward_bad,False
below_good,below_good/46,4,13,bad,toward_good,False
below_good,below_good/46,5,13,good,toward_bad,False
below_good,below_good/46,6,13,bad,toward_good,False
below_good,below_good/46,7,13,good,toward_bad,False
below_good,below_good/46,8,13,bad,toward_good,False
below_good,below_good/46,9,13,bad,toward_good,False
below_good,below_good/46,10,13,good,toward_good,False
below_good,below_good/46,11,13,good,toward_bad,False
below_good,below_good/46,12,13,bad,,True
below_good,below_good/47,0,7,good,toward_bad,False
below_good,below_good/47,1,7,good,toward_bad,False
below_good,below_good/47,2,7,good,toward_bad,False
below_good,below_good/47,3,7,good,toward_good,False
below_good,below_good/47,4,7,good,toward_bad,False
below_good,below_good/47,5,7,good,toward_good,False
below_good,below_good/47,6,7,good,,True
below_good,below_good/48,0,1,bad,,True
below_good,below_good/49,0,18,bad,toward_bad,False
below_good,below_good/49,1,18,bad,toward_good,False
below_good,below_good/49,2,18,bad,toward_bad,False
below_good,below_good/49,3,18,bad,toward_good,False
below_good,below_good/49,4,18,bad,toward_good,False
below_good,below_good/49,5,18,bad,toward_bad,False
below_good,below_good/49,6,18,bad,toward_good,False
below_good,below_good/49,7,18,bad,toward_good,False
below_good,below_good/49,8,18,bad,toward_bad,False
below_good,below_good/49,9,18,bad,toward_good,False
below_good,below_good/49,10,18,bad,toward_good,False
below_good,below_good/49,11,18,bad,toward_good,False
below_good,below_good/49,12,18,bad,toward_bad,False
below_good,below_good/49,13,18,bad,toward_bad,False
below_good,below_good/49,14,18,bad,toward_good,False
below_good,below_good/49,15,18,bad,toward_bad,False
below_good,below_good/49,16,18,bad,toward_bad,False
below_good,below_good/49,17,18,bad,,True
below_good,below_good/51,0,4,bad,toward_good,False
below_good,below_good/51,1,4,bad,toward_bad,False
below_good,below_good/51,2,4,bad,toward_good,False
below_good,below_good/51,3,4,bad,,True
below_good,below_good/52,0,3,bad,toward_bad,False
below_good,below_good/52,1,3,bad,toward_bad,False
below_good,below_good/52,2,3,bad,,True
below_good,below_good/53,0,8,bad,toward_bad,False
below_good,below_good/53,1,8,bad,toward_bad,False
below_good,below_good/53,2,8,bad,toward_good,False
below_good,below_good/53,3,8,bad,toward_good,False
below_good,below_good/53,4,8,bad,toward_good,False
below_good,below_good/53,5,8,bad,toward_bad,False
below_good,below_good/53,6,8,bad,toward_bad,False
below_good,below_good/53,7,8,bad,,True
below_good,below_good/54,0,6,good,toward_bad,False
below_good,below_good/54,1,6,good,toward_good,False
below_good,below_good/54,2,6,good,toward_good,False
below_good,below_good/54,3,6,good,toward_bad,False
below_good,below_good/54,4,6,good,toward_bad,False
below_good,below_good/54,5,6,good,,True
below_good,below_good/55,0,1,good,,True
below_good,below_good/56,0,7,bad,toward_good,False
below_good,below_good/56,1,7,bad,toward_bad,False
below_good,below_good/56,2,7,bad,toward_good,False
below_good,below_good/56,3,7,bad,toward_good,False
below_good,below_good/56,4,7,bad,toward_good,False
below_good,below_good/56,5,7,bad,toward_good,False
below_good,below_good/56,6,7,bad,,True
below_good,below_good/57,0,1,good,,True
below_good,below_good/58,0,1,good,,True
below_good,below_good/60,0,3,good,toward_bad,False
below_good,below_good/60,1,3,bad,toward_good,False
below_good,below_good/60,2,3,good,,True
below_good,below_good/61,0,8,bad,toward_bad,False
below_good,below_good/61,1,8,bad,toward_good,False
below_good,below_good/61,2,8,bad,toward_bad,False
below_good,below_good/61,3,8,bad,toward_bad,False
below_good,below_good/61,4,8,bad,toward_good,False
below_good,below_good/61,5,8,bad,toward_good,False
below_good,below_good/61,6,8,good,toward_good,False
below_good,below_good/61,7,8,good,,True
below_good,below_good/62,0,11,good,toward_bad,False
below_good,below_good/62,1,11,good,toward_good,False
below_good,below_good/62,2,11,good,toward_good,False
below_good,below_good/62,3,11,good,toward_bad,False
below_good,below_good/62,4,11,good,toward_good,False
below_good,below_good/62,5,11,good,toward_bad,False
below_good,below_good/62,6,11,good,toward_bad,False
below_good,below_good/62,7,11,good,toward_good,False
below_good,below_good/62,8,11,good,toward_bad,False
below_good,below_good/62,9,11,good,toward_good,False
below_good,below_good/62,10,11,good,,True
below_good,below_good/63,0,1,good,,True
below_good,below_good/64,0,1,good,,True
below_good,below_good/65,0,18,good,toward_bad,False
below_good,below_good/65,1,18,good,toward_good,False
below_good,below_good/65,2,18,good,toward_bad,False
below_good,below_good/65,3,18,good,toward_bad,False
below_good,below_good/65,4,18,good,toward_bad,False
below_good,below_good/65,5,18,good,toward_good,False
below_good,below_good/65,6,18,good,toward_bad,False
below_good,below_good/65,7,18,good,toward_bad,False
below_good,below_good/65,8,18,good,toward_good,False
below_good,below_good/65,9,18,good,toward_bad,False
below_good,below_good/65,10,18,good,toward_good,False
below_good,below_good/65,11,18,good,toward_bad,False
below_good,below_good/65,12,18,good,toward_bad,False
below_good,below_good/65,13,18,good,toward_good,False
below_good,below_good/65,14,18,good,toward_bad,False
below_good,below_good/65,15,18,good,toward_good,False
below_good,below_good/65,16,18,good,toward_good,False
below_good,below_good/65,17,18,good,,True
below_good,below_good/66,0,1,good,,True
below_good,below_good/67,0,18,bad,toward_bad,False
below_good,below_good/67,1,18,bad,toward_bad,False
below_good,below_good/67,2,18,bad,toward_good,False
below_good,below_good/67,3,18,bad,toward_good,False
below_good,below_good/67,4,18,bad,toward_good,False
below_good,below_good/67,5,18,bad,toward_good,False
below_good,below_good/67,6,18,good,toward_bad,False
below_good,below_good/67,7,18,bad,toward_good,False
below_good,below_good/67,8,18,good,toward_bad,False
below_good,below_good/67,9,18,bad,toward_good,False
below_good,below_good/67,10,18,bad,toward_good,False
below_good,below_good/67,11,18,good,toward_bad,False
below_good,below_good/67,12,18,good,toward_bad,False
below_good,below_good/67,13,18,bad,toward_good,False
below_good,below_good/67,14,18,good,toward_bad,False
below_good,below_good/67,15,18,good,toward_good,False
below_good,below_good/67,16,18,good,toward_good,False
below_good,below_good/67,17,18,good,,True
below_good,below_good/68,0,11,bad,toward_good,False
below_good,below_good/68,1,11,bad,toward_bad,False
below_good,below_good/68,2,11,bad,toward_good,False
below_good,below_good/68,3,11,bad,toward_good,False
below_good,below_good/68,4,11,bad,toward_good,False
below_good,below_good/68,5,11,bad,toward_bad,False
below_good,below_good/68,6,11,bad,toward_good,False
below_good,below_good/68,7,11,bad,toward_good,False
below_good,below_good/68,8,11,good,toward_bad,False
below_good,below_good/68,9,11,good,toward_bad,False
below_good,below_good/68,10,11,bad,,True
below_good,below_good/70,0,1,good,,True
below_good,below_good/71,0,4,good,toward_good,False
below_good,below_good/71,1,4,good,toward_bad,False
below_good,below_good/71,2,4,good,toward_good,False
below_good,below_good/71,3,4,good,,True
below_good,below_good/72,0,1,bad,,True
below_good,below_good/73,0,1,good,,True
below_good,below_good/74,0,5,good,toward_bad,False
below_good,below_good/74,1,5,bad,toward_good,False
below_good,below_good/74,2,5,bad,toward_good,False
below_good,below_good/74,3,5,bad,toward_good,False
below_good,below_good/74,4,5,good,,True
below_good,below_good/75,0,19,bad,toward_good,False
below_good,below_good/75,1,19,bad,toward_good,False
below_good,below_good/75,2,19,good,toward_bad,False
below_good,below_good/75,3,19,good,toward_bad,False
below_good,below_good/75,4,19,good,toward_bad,False
below_good,below_good/75,5,19,bad,toward_good,False
below_good,below_good/75,6,19,good,toward_bad,False
below_good,below_good/75,7,19,good,toward_bad,False
below_good,below_good/75,8,19,bad,toward_good,False
below_good,below_good/75,9,19,bad,toward_good,False
below_good,below_good/75,10,19,good,toward_good,False
below_good,below_good/75,11,19,good,toward_bad,False
below_good,below_good/75,12,19,bad,toward_bad,False
below_good,below_good/75,13,19,bad,toward_good,False
below_good,below_good/75,14,19,good,toward_good,False
below_good,below_good/75,15,19,good,toward_good,False
below_good,below_good/75,16,19,good,toward_bad,False
below_good,below_good/75,17,19,good,toward_bad,False
below_good,below_good/75,18,19,good,,True
below_good,below_good/76,0,1,good,,True
below_good,below_good/77,0,24,good,toward_bad,False
below_good,below_good/77,1,24,bad,toward_good,False
below_good,below_good/77,2,24,good,toward_bad,False
below_good,below_good/77,3,24,bad,toward_bad,False
below_good,below_good/77,4,24,bad,toward_good,False
below_good,below_good/77,5,24,good,toward_good,False
below_good,below_good/77,6,24,good,toward_bad,False
below_good,below_good/77,7,24,bad,toward_good,False
below_good,below_good/77,8,24,good,toward_good,False
below_good,below_good/77,9,24,good,toward_good,False
below_good,below_good/77,10,24,good,toward_bad,False
below_good,below_good/77,11,24,good,toward_bad,False
below_good,below_good/77,12,24,bad,toward_good,False
below_good,below_good/77,13,24,good,toward_bad,False
below_good,below_good/77,14,24,good,toward_good,False
below_good,below_good/77,15,24,good,toward_bad,False
below_good,below_good/77,16,24,good,toward_bad,False
below_good,below_good/77,17,24,good,toward_good,False
below_good,below_good/77,18,24,good,toward_bad,False
below_good,below_good/77,19,24,good,toward_bad,False
below_good,below_good/77,20,24,good,toward_bad,False
below_good,below_good/77,21,24,good,toward_good,False
below_good,below_good/77,22,24,good,toward_bad,False
below_good,below_good/77,23,24,good,,True
below_good,below_good/78,0,1,good,,True
below_good,below_good/79,0,1,good,,True
below_good,below_good/80,0,2,good,toward_good,False
below_good,below_good/80,1,2,good,,True
below_good,below_good/81,0,1,good,,True
below_good,below_good/82,0,17,good,toward_good,False
below_good,below_good/82,1,17,good,toward_bad,False
below_good,below_good/82,2,17,good,toward_good,False
below_good,below_good/82,3,17,good,toward_bad,False
below_good,below_good/82,4,17,good,toward_good,False
below_good,below_good/82,5,17,good,toward_bad,False
below_good,below_good/82,6,17,good,toward_bad,False
below_good,below_good/82,7,17,good,toward_good,False
below_good,below_good/82,8,17,good,toward_bad,False
below_good,below_good/82,9,17,good,toward_good,False
below_good,below_good/82,10,17,good,toward_bad,False
below_good,below_good/82,11,17,good,toward_bad,False
below_good,below_good/82,12,17,good,toward_good,False
below_good,below_good/82,13,17,good,toward_good,False
below_good,below_good/82,14,17,good,toward_bad,False
below_good,below_good/82,15,17,good,toward_bad,False
below_good,below_good/82,16,17,good,,True
below_good,below_good/83,0,1,good,,True
below_good,below_good/84,0,4,good,toward_bad,False
below_good,below_good/84,1,4,good,toward_good,False
below_good,below_good/84,2,4,good,toward_good,False
below_good,below_good/84,3,4,good,,True
below_good,below_good/85,0,26,bad,toward_good,False
below_good,below_good/85,1,26,bad,toward_good,False
below_good,below_good/85,2,26,good,toward_bad,False
below_good,below_good/85,3,26,bad,toward_bad,False
below_good,below_good/85,4,26,bad,toward_bad,False
below_good,below_good/85,5,26,bad,toward_good,False
below_good,below_good/85,6,26,bad,toward_bad,False
below_good,below_good/85,7,26,bad,toward_bad,False
below_good,below_good/85,8,26,bad,toward_good,False
below_good,below_good/85,9,26,good,toward_good,False
below_good,below_good/85,10,26,good,toward_bad,False
below_good,below_good/85,11,26,bad,toward_bad,False
below_good,below_good/85,12,26,bad,toward_good,False
below_good,below_good/85,13,26,bad,toward_bad,False
below_good,below_good/85,14,26,bad,toward_bad,False
below_good,below_good/85,15,26,bad,toward_good,False
below_good,below_good/85,16,26,bad,toward_bad,False
below_good,below_good/85,17,26,bad,toward_good,False
below_good,below_good/85,18,26,bad,toward_good,False
below_good,below_good/85,19,26,good,toward_bad,False
below_good,below_good/85,20,26,bad,toward_good,False
below_good,below_good/85,21,26,bad,toward_bad,False
below_good,below_good/85,22,26,bad,toward_good,False
below_good,below_good/85,23,26,bad,toward_bad,False
below_good,below_good/85,24,26,bad,toward_good,False
below_good,below_good/85,25,26,bad,,True
below_good,below_good/86,0,7,bad,toward_good,False
below_good,below_good/86,1,7,bad,toward_good,False
below_good,below_good/86,2,7,good,toward_bad,False
below_good,below_good/86,3,7,good,toward_bad,False
below_good,below_good/86,4,7,bad,toward_good,False
below_good,below_good/86,5,7,good,toward_bad,False
below_good,below_good/86,6,7,good,,True
below_good,below_good/87,0,1,good,,True
below_good,below_good/88,0,20,bad,toward_bad,False
below_good,below_good/88,1,20,bad,toward_good,False
below_good,below_good/88,2,20,bad,toward_bad,False
below_good,below_good/88,3,20,bad,toward_good,False
below_good,below_good/88,4,20,bad,toward_good,False
below_good,below_good/88,5,20,good,toward_bad,False
below_good,below_good/88,6,20,bad,toward_good,False
below_good,below_good/88,7,20,bad,toward_good,False
below_good,below_good/88,8,20,bad,toward_bad,False
below_good,below_good/88,9,20,bad,toward_good,False
below_good,below_good/88,10,20,bad,toward_good,False
below_good,below_good/88,11,20,bad,toward_good,False
below_good,below_good/88,12,20,good,toward_bad,False
below_good,below_good/88,13,20,bad,toward_bad,False
below_good,below_good/88,14,20,bad,toward_bad,False
below_good,below_good/88,15,20,bad,toward_good,False
below_good,below_good/88,16,20,bad,toward_good,False
below_good,below_good/88,17,20,bad,toward_bad,False
below_good,below_good/88,18,20,bad,toward_good,False
below_good,below_good/88,19,20,bad,,True
below_good,below_good/89,0,1,good,,True
below_good,below_good/90,0,21,bad,toward_good,False
below_good,below_good/90,1,21,bad,toward_bad,False
below_good,below_good/90,2,21,bad,toward_bad,False
below_good,below_good/90,3,21,bad,toward_good,False
below_good,below_good/90,4,21,bad,toward_good,False
below_good,below_good/90,5,21,good,toward_bad,False
below_good,below_good/90,6,21,bad,toward_good,False
below_good,below_good/90,7,21,bad,toward_good,False
below_good,below_good/90,8,21,bad,toward_good,False
below_good,below_good/90,9,21,good,toward_bad,False
below_good,below_good/90,10,21,bad,toward_bad,False
below_good,below_good/90,11,21,bad,toward_good,False
below_good,below_good/90,12,21,bad,toward_bad,False
below_good,below_good/90,13,21,bad,toward_good,False
below_good,below_good/90,14,21,bad,toward_bad,False
below_good,below_good/90,15,21,bad,toward_good,False
below_good,below_good/90,16,21,bad,toward_bad,False
below_good,below_good/90,17,21,bad,toward_good,False
below_good,below_good/90,18,21,bad,toward_good,False
below_good,below_good/90,19,21,bad,toward_bad,False
below_good,below_good/90,20,21,bad,,True
below_good,below_good/91,0,5,good,toward_bad,False
below_good,below_good/91,1,5,good,toward_good,False
below_good,below_good/91,2,5,good,toward_good,False
below_good,below_good/91,3,5,good,toward_good,False
below_good,below_good/91,4,5,good,,True
below_good,below_good/92,0,1,good,,True
below_good,below_good/93,0,13,good,toward_bad,False
below_good,below_good/93,1,13,good,toward_good,False
below_good,below_good/93,2,13,good,toward_good,False
below_good,below_good/93,3,13,good,toward_bad,False
below_good,below_good/93,4,13,good,toward_good,False
below_good,below_good/93,5,13,good,toward_bad,False
below_good,below_good/93,6,13,good,toward_bad,False
below_good,below_good/93,7,13,good,toward_good,False
below_good,below_good/93,8,13,good,toward_good,False
below_good,below_good/93,9,13,good,toward_bad,False
below_good,below_good/93,10,13,good,toward_good,False
below_good,below_good/93,11,13,good,toward_good,False
below_good,below_good/93,12,13,good,,True
below_good,below_good/94,0,8,bad,toward_good,False
below_good,below_good/94,1,8,bad,toward_good,False
below_good,below_good/94,2,8,bad,toward_good,False
below_good,below_good/94,3,8,good,toward_good,False
below_good,below_good/94,4,8,good,toward_bad,False
below_good,below_good/94,5,8,good,toward_good,False
below_good,below_good/94,6,8,good,toward_bad,False
below_good,below_good/94,7,8,bad,,True
below_good,below_good/95,0,17,good,toward_bad,False
below_good,below_good/95,1,17,good,toward_bad,False
below_good,below_good/95,2,17,good,toward_bad,False
below_good,below_good/95,3,17,good,toward_good,False
below_good,below_good/95,4,17,good,toward_bad,False
below_good,below_good/95,5,17,good,toward_bad,False
below_good,below_good/95,6,17,good,toward_good,False
below_good,below_good/95,7,17,good,toward_bad,False
below_good,below_good/95,8,17,good,toward_bad,False
below_good,below_good/95,9,17,good,toward_good,False
below_good,below_good/95,10,17,good,toward_bad,False
below_good,below_good/95,11,17,good,toward_good,False
below_good,below_good/95,12,17,good,toward_good,False
below_good,below_good/95,13,17,good,toward_good,False
below_good,below_good/95,14,17,good,toward_bad,False
below_good,below_good/95,15,17,good,toward_bad,False
below_good,below_good/95,16,17,good,,True
below_good,below_good/96,0,4,bad,toward_good,False
below_good,below_good/96,1,4,bad,toward_bad,False
below_good,below_good/96,2,4,bad,toward_bad,False
below_good,below_good/96,3,4,bad,,True
below_good,below_good/97,0,1,bad,,True
below_good,below_good/98,0,5,bad,toward_good,False
below_good,below_good/98,1,5,bad,toward_bad,False
below_good,below_good/98,2,5,bad,toward_good,False
below_good,below_good/98,3,5,bad,toward_good,False
below_good,below_good/98,4,5,good,,True
above_good,above_good/0,0,1,bad,,True
above_good,above_good/1,0,1,good,,True
above_good,above_good/2,0,1,good,,True
above_good,above_good/3,0,20,bad,toward_good,False
above_good,above_good/3,1,20,good,toward_bad,False
above_good,above_good/3,2,20,bad,toward_good,False
above_good,above_good/3,3,20,good,toward_good,False
above_good,above_good/3,4,20,good,toward_bad,False
above_good,above_good/3,5,20,good,toward_bad,False
above_good,above_good/3,6,20,bad,toward_good,False
above_good,above_good/3,7,20,good,toward_bad,False
above_good,above_good/3,8,20,bad,toward_good,False
above_good,above_good/3,9,20,good,toward_bad,False
above_good,above_good/3,10,20,good,toward_bad,False
above_good,above_good/3,11,20,good,toward_bad,False
above_good,above_good/3,12,20,bad,toward_good,False
above_good,above_good/3,13,20,good,toward_bad,False
above_good,above_good/3,14,20,bad,toward_good,False
above_good,above_good/3,15,20,bad,toward_bad,False
above_good,above_good/3,16,20,bad,toward_bad,False
above_good,above_good/3,17,20,bad,toward_good,False
above_good,above_good/3,18,20,good,toward_bad,False
above_good,above_good/3,19,20,bad,,True
above_good,above_good/4,0,36,good,toward_bad,False
above_good,above_good/4,1,36,good,toward_good,False
above_good,above_good/4,2,36,good,toward_good,False
above_good,above_good/4,3,36,good,toward_bad,False
above_good,above_good/4,4,36,good,toward_bad,False
above_good,above_good/4,5,36,good,toward_bad,False
above_good,above_good/4,6,36,good,toward_bad,False
above_good,above_good/4,7,36,bad,toward_bad,False
above_good,above_good/4,8,36,bad,toward_good,False
above_good,above_good/4,9,36,good,toward_bad,False
above_good,above_good/4,10,36,good,toward_bad,False
above_good,above_good/4,11,36,good,toward_bad,False
above_good,above_good/4,12,36,good,toward_bad,False
above_good,above_good/4,13,36,bad,toward_good,False
above_good,above_good/4,14,36,good,toward_good,False
above_good,above_good/4,15,36,good,toward_good,False
above_good,above_good/4,16,36,good,toward_bad,False
above_good,above_good/4,17,36,good,toward_bad,False
above_good,above_good/4,18,36,good,toward_bad,False
above_good,above_good/4,19,36,bad,toward_good,False
above_good,above_good/4,20,36,good,toward_good,False
above_good,above_good/4,21,36,good,toward_bad,False
above_good,above_good/4,22,36,good,toward_good,False
above_good,above_good/4,23,36,good,toward_bad,False
above_good,above_good/4,24,36,good,toward_bad,False
above_good,above_good/4,25,36,good,toward_bad,False
above_good,above_good/4,26,36,good,toward_good,False
above_good,above_good/4,27,36,good,toward_good,False
above_good,above_good/4,28,36,good,toward_bad,False
above_good,above_good/4,29,36,good,toward_bad,False
above_good,above_good/4,30,36,bad,toward_good,False
above_good,above_good/4,31,36,good,toward_bad,False
above_good,above_good/4,32,36,good,toward_bad,False
above_good,above_good/4,33,36,good,toward_good,False
above_good,above_good/4,34,36,good,toward_bad,False
above_good,above_good/4,35,36,good,,True
above_good,above_good/5,0,1,good,,True
above_good,above_good/6,0,10,bad,toward_good,False
above_good,above_good/6,1,10,good,toward_bad,False
above_good,above_good/6,2,10,bad,toward_bad,False
above_good,above_good/6,3,10,bad,toward_good,False
above_good,above_good/6,4,10,bad,toward_good,False
above_good,above_good/6,5,10,bad,toward_bad,False
above_good,above_good/6,6,10,bad,toward_good,False
above_good,above_good/6,7,10,bad,toward_bad,False
above_good,above_good/6,8,10,bad,toward_good,False
above_good,above_good/6,9,10,bad,,True
above_good,above_good/7,0,1,good,,True
above_good,above_good/8,0,5,bad,toward_good,False
above_good,above_good/8,1,5,bad,toward_bad,False
above_good,above_good/8,2,5,bad,toward_good,False
above_good,above_good/8,3,5,bad,toward_good,False
above_good,above_good/8,4,5,bad,,True
above_good,above_good/10,0,1,good,,True
above_good,above_good/12,0,21,good,toward_good,False
above_good,above_good/12,1,21,good,toward_bad,False
above_good,above_good/12,2,21,bad,toward_good,False
above_good,above_good/12,3,21,bad,toward_good,False
above_good,above_good/12,4,21,good,toward_bad,False
above_good,above_good/12,5,21,bad,toward_good,False
above_good,above_good/12,6,21,good,toward_good,False
above_good,above_good/12,7,21,good,toward_bad,False
above_good,above_good/12,8,21,bad,toward_good,False
above_good,above_good/12,9,21,good,toward_bad,False
above_good,above_good/12,10,21,bad,toward_good,False
above_good,above_good/12,11,21,bad,toward_good,False
above_good,above_good/12,12,21,good,toward_good,False
above_good,above_good/12,13,21,good,toward_bad,False
above_good,above_good/12,14,21,bad,toward_good,False
above_good,above_good/12,15,21,bad,toward_good,False
above_good,above_good/12,16,21,good,toward_good,False
above_good,above_good/12,17,21,good,toward_bad,False
above_good,above_good/12,18,21,good,toward_bad,False
above_good,above_good/12,19,21,bad,toward_good,False
above_good,above_good/12,20,21,good,,True
above_good,above_good/13,0,6,good,toward_good,False
above_good,above_good/13,1,6,good,toward_good,False
above_good,above_good/13,2,6,good,toward_bad,False
above_good,above_good/13,3,6,good,toward_good,False
above_good,above_good/13,4,6,good,toward_bad,False
above_good,above_good/13,5,6,good,,True
above_good,above_good/14,0,4,good,toward_bad,False
above_good,above_good/14,1,4,good,toward_bad,False
above_good,above_good/14,2,4,good,toward_good,False
above_good,above_good/14,3,4,good,,True
above_good,above_good/15,0,2,bad,toward_good,False
above_good,above_good/15,1,2,bad,,True
above_good,above_good/16,0,5,good,toward_good,False
above_good,above_good/16,1,5,good,toward_bad,False
above_good,above_good/16,2,5,good,toward_good,False
above_good,above_good/16,3,5,good,toward_bad,False
above_good,above_good/16,4,5,good,,True
above_good,above_good/17,0,29,good,toward_bad,False
above_good,above_good/17,1,29,good,toward_bad,False
above_good,above_good/17,2,29,good,toward_good,False
above_good,above_good/17,3,29,good,toward_good,False
above_good,above_good/17,4,29,good,toward_good,False
above_good,above_good/17,5,29,good,toward_good,False
above_good,above_good/17,6,29,good,toward_bad,False
above_good,above_good/17,7,29,good,toward_bad,False
above_good,above_good/17,8,29,good,toward_good,False
above_good,above_good/17,9,29,good,toward_bad,False
above_good,above_good/17,10,29,good,toward_good,False
above_good,above_good/17,11,29,good,toward_bad,False
above_good,above_good/17,12,29,good,toward_good,False
above_good,above_good/17,13,29,good,toward_bad,False
above_good,above_good/17,14,29,good,toward_good,False
above_good,above_good/17,15,29,good,toward_good,False
above_good,above_good/17,16,29,good,toward_bad,False
above_good,above_good/17,17,29,good,toward_good,False
above_good,above_good/17,18,29,good,toward_good,False
above_good,above_good/17,19,29,good,toward_bad,False
above_good,above_good/17,20,29,good,toward_good,False
above_good,above_good/17,21,29,good,toward_bad,False
above_good,above_good/17,22,29,good,toward_bad,False
above_good,above_good/17,23,29,good,toward_good,False
above_good,above_good/17,24,29,good,toward_good,False
above_good,above_good/17,25,29,good,toward_good,False
above_good,above_good/17,26,29,good,toward_bad,False
above_good,above_good/17,27,29,good,toward_good,False
above_good,above_good/17,28,29,good,,True
above_good,above_good/18,0,3,bad,toward_good,False
above_good,above_good/18,1,3,good,toward_bad,False
above_good,above_good/18,2,3,good,,True
above_good,above_good/19,0,6,good,toward_bad,False
above_good,above_good/19,1,6,good,toward_bad,False
above_good,above_good/19,2,6,bad,toward_bad,False
above_good,above_good/19,3,6,bad,toward_good,False
above_good,above_good/19,4,6,good,toward_good,False
above_good,above_good/19,5,6,good,,True
above_good,above_good/20,0,1,good,,True
above_good,above_good/21,0,10,good,toward_bad,False
above_good,above_good/21,1,10,good,toward_good,False
above_good,above_good/21,2,10,good,toward_good,False
above_good,above_good/21,3,10,good,toward_bad,False
above_good,above_good/21,4,10,good,toward_good,False
above_good,above_good/21,5,10,good,toward_good,False
above_good,above_good/21,6,10,good,toward_bad,False
above_good,above_good/21,7,10,good,toward_bad,False
above_good,above_good/21,8,10,good,toward_bad,False
above_good,above_good/21,9,10,good,,True
above_good,above_good/22,0,3,good,toward_bad,False
above_good,above_good/22,1,3,good,toward_good,False
above_good,above_good/22,2,3,good,,True
above_good,above_good/23,0,3,good,toward_bad,False
above_good,above_good/23,1,3,good,toward_bad,False
above_good,above_good/23,2,3,good,,True
above_good,above_good/24,0,3,bad,toward_good,False
above_good,above_good/24,1,3,bad,toward_good,False
above_good,above_good/24,2,3,good,,True
above_good,above_good/25,0,1,good,,True
above_good,above_good/26,0,1,good,,True
above_good,above_good/27,0,1,good,,True
above_good,above_good/28,0,4,bad,toward_good,False
above_good,above_good/28,1,4,bad,toward_bad,False
above_good,above_good/28,2,4,bad,toward_bad,False
above_good,above_good/28,3,4,bad,,True
above_good,above_good/29,0,2,good,toward_bad,False
above_good,above_good/29,1,2,good,,True
above_good,above_good/30,0,19,bad,toward_bad,False
above_good,above_good/30,1,19,bad,toward_good,False
above_good,above_good/30,2,19,bad,toward_bad,False
above_good,above_good/30,3,19,bad,toward_bad,False
above_good,above_good/30,4,19,bad,toward_good,False
above_good,above_good/30,5,19,bad,toward_good,False
above_good,above_good/30,6,19,good,toward_bad,False
above_good,above_good/30,7,19,bad,toward_good,False
above_good,above_good/30,8,19,bad,toward_bad,False
above_good,above_good/30,9,19,bad,toward_good,False
above_good,above_good/30,10,19,bad,toward_good,False
above_good,above_good/30,11,19,good,toward_bad,False
above_good,above_good/30,12,19,bad,toward_good,False
above_good,above_good/30,13,19,bad,toward_good,False
above_good,above_good/30,14,19,bad,toward_good,False
above_good,above_good/30,15,19,bad,toward_bad,False
above_good,above_good/30,16,19,bad,toward_good,False
above_good,above_good/30,17,19,good,toward_good,False
above_good,above_good/30,18,19,good,,True
above_good,above_good/31,0,29,good,toward_bad,False
above_good,above_good/31,1,29,good,toward_bad,False
above_good,above_good/31,2,29,good,toward_bad,False
above_good,above_good/31,3,29,good,toward_good,False
above_good,above_good/31,4,29,good,toward_bad,False
above_good,above_good/31,5,29,good,toward_good,False
above_good,above_good/31,6,29,good,toward_bad,False
above_good,above_good/31,7,29,good,toward_bad,False
above_good,above_good/31,8,29,bad,toward_good,False
above_good,above_good/31,9,29,good,toward_good,False
above_good,above_good/31,10,29,good,toward_good,False
above_good,above_good/31,11,29,good,toward_bad,False
above_good,above_good/31,12,29,bad,toward_good,False
above_good,above_good/31,13,29,good,toward_good,False
above_good,above_good/31,14,29,good,toward_bad,False
above_good,above_good/31,15,29,good,toward_good,False
above_good,above_good/31,16,29,good,toward_bad,False
above_good,above_good/31,17,29,good,toward_good,False
above_good,above_good/31,18,29,good,toward_good,False
above_good,above_good/31,19,29,good,toward_bad,False
above_good,above_good/31,20,29,good,toward_good,False
above_good,above_good/31,21,29,good,toward_bad,False
above_good,above_good/31,22,29,good,toward_good,False
above_good,above_good/31,23,29,good,toward_bad,False
above_good,above_good/31,24,29,good,toward_good,False
above_good,above_good/31,25,29,good,toward_good,False
above_good,above_good/31,26,29,good,toward_bad,False
above_good,above_good/31,27,29,good,toward_bad,False
above_good,above_good/31,28,29,good,,True
above_good,above_good/32,0,2,bad,toward_good,False
above_good,above_good/32,1,2,good,,True
above_good,above_good/33,0,37,good,toward_bad,False
above_good,above_good/33,1,37,bad,toward_good,False
above_good,above_good/33,2,37,good,toward_bad,False
above_good,above_good/33,3,37,good,toward_bad,False
above_good,above_good/33,4,37,good,toward_bad,False
above_good,above_good/33,5,37,bad,toward_good,False
above_good,above_good/33,6,37,good,toward_bad,False
above_good,above_good/33,7,37,bad,toward_good,False
above_good,above_good/33,8,37,good,toward_bad,False
above_good,above_good/33,9,37,good,toward_good,False
above_good,above_good/33,10,37,good,toward_bad,False
above_good,above_good/33,11,37,good,toward_bad,False
above_good,above_good/33,12,37,good,toward_bad,False
above_good,above_good/33,13,37,bad,toward_good,False
above_good,above_good/33,14,37,good,toward_bad,False
above_good,above_good/33,15,37,good,toward_bad,False
above_good,above_good/33,16,37,good,toward_bad,False
above_good,above_good/33,17,37,good,toward_bad,False
above_good,above_good/33,18,37,bad,toward_good,False
above_good,above_good/33,19,37,good,toward_bad,False
above_good,above_good/33,20,37,good,toward_bad,False
above_good,above_good/33,21,37,good,toward_good,False
above_good,above_good/33,22,37,good,toward_good,False
above_good,above_good/33,23,37,good,toward_bad,False
above_good,above_good/33,24,37,good,toward_bad,False
above_good,above_good/33,25,37,good,toward_good,False
above_good,above_good/33,26,37,good,toward_bad,False
above_good,above_good/33,27,37,good,toward_good,False
above_good,above_good/33,28,37,good,toward_bad,False
above_good,above_good/33,29,37,good,toward_good,False
above_good,above_good/33,30,37,good,toward_bad,False
above_good,above_good/33,31,37,good,toward_good,False
above_good,above_good/33,32,37,good,toward_bad,False
above_good,above_good/33,33,37,good,toward_bad,False
above_good,above_good/33,34,37,good,toward_good,False
above_good,above_good/33,35,37,good,toward_good,False
above_good,above_good/33,36,37,good,,True
above_good,above_good/34,0,11,bad,toward_good,False
above_good,above_good/34,1,11,good,toward_bad,False
above_good,above_good/34,2,11,bad,toward_good,False
above_good,above_good/34,3,11,good,toward_bad,False
above_good,above_good/34,4,11,bad,toward_bad,False
above_good,above_good/34,5,11,bad,toward_good,False
above_good,above_good/34,6,11,bad,toward_good,False
above_good,above_good/34,7,11,good,toward_good,False
above_good,above_good/34,8,11,good,toward_bad,False
above_good,above_good/34,9,11,bad,toward_good,False
above_good,above_good/34,10,11,good,,True
above_good,above_good/35,0,3,good,toward_bad,False
above_good,above_good/35,1,3,good,toward_bad,False
above_good,above_good/35,2,3,bad,,True
above_good,above_good/36,0,18,good,toward_bad,False
above_good,above_good/36,1,18,good,toward_bad,False
above_good,above_good/36,2,18,good,toward_good,False
above_good,above_good/36,3,18,good,toward_bad,False
above_good,above_good/36,4,18,good,toward_bad,False
above_good,above_good/36,5,18,good,toward_good,False
above_good,above_good/36,6,18,good,toward_good,False
above_good,above_good/36,7,18,good,toward_bad,False
above_good,above_good/36,8,18,good,toward_good,False
above_good,above_good/36,9,18,good,toward_good,False
above_good,above_good/36,10,18,good,toward_bad,False
above_good,above_good/36,11,18,good,toward_bad,False
above_good,above_good/36,12,18,good,toward_good,False
above_good,above_good/36,13,18,good,toward_bad,False
above_good,above_good/36,14,18,good,toward_good,False
above_good,above_good/36,15,18,good,toward_bad,False
above_good,above_good/36,16,18,good,toward_good,False
above_good,above_good/36,17,18,good,,True
above_good,above_good/37,0,13,bad,toward_good,False
above_good,above_good/37,1,13,bad,toward_good,False
above_good,above_good/37,2,13,good,toward_bad,False
above_good,above_good/37,3,13,bad,toward_bad,False
above_good,above_good/37,4,13,bad,toward_good,False
above_good,above_good/37,5,13,bad,toward_good,False
above_good,above_good/37,6,13,bad,toward_good,False
above_good,above_good/37,7,13,bad,toward_bad,False
above_good,above_good/37,8,13,bad,toward_bad,False
above_good,above_good/37,9,13,bad,toward_good,False
above_good,above_good/37,10,13,bad,toward_good,False
above_good,above_good/37,11,13,bad,toward_bad,False
above_good,above_good/37,12,13,bad,,True
above_good,above_good/38,0,35,good,toward_bad,False
above_good,above_good/38,1,35,good,toward_bad,False
above_good,above_good/38,2,35,good,toward_bad,False
above_good,above_good/38,3,35,bad,toward_good,False
above_good,above_good/38,4,35,good,toward_bad,False
above_good,above_good/38,5,35,good,toward_bad,False
above_good,above_good/38,6,35,good,toward_bad,False
above_good,above_good/38,7,35,bad,toward_good,False
above_good,above_good/38,8,35,bad,toward_good,False
above_good,above_good/38,9,35,good,toward_bad,False
above_good,above_good/38,10,35,bad,toward_good,False
above_good,above_good/38,11,35,good,toward_bad,False
above_good,above_good/38,12,35,good,toward_good,False
above_good,above_good/38,13,35,good,toward_good,False
above_good,above_good/38,14,35,good,toward_bad,False
above_good,above_good/38,15,35,good,toward_bad,False
above_good,above_good/38,16,35,good,toward_good,False
above_good,above_good/38,17,35,good,toward_bad,False
above_good,above_good/38,18,35,good,toward_good,False
above_good,above_good/38,19,35,good,toward_bad,False
above_good,above_good/38,20,35,good,toward_bad,False
above_good,above_good/38,21,35,good,toward_good,False
above_good,above_good/38,22,35,good,toward_bad,False
above_good,above_good/38,23,35,good,toward_bad,False
above_good,above_good/38,24,35,good,toward_good,False
above_good,above_good/38,25,35,good,toward_bad,False
above_good,above_good/38,26,35,good,toward_bad,False
above_good,above_good/38,27,35,good,toward_good,False
above_good,above_good/38,28,35,good,toward_good,False
above_good,above_good/38,29,35,good,toward_bad,False
above_good,above_good/38,30,35,good,toward_bad,False
above_good,above_good/38,31,35,good,toward_good,False
above_good,above_good/38,32,35,good,toward_bad,False
above_good,above_good/38,33,35,good,toward_bad,False
above_good,above_good/38,34,35,good,,True
above_good,above_good/39,0,5,good,toward_bad,False
above_good,above_good/39,1,5,good,toward_bad,False
above_good,above_good/39,2,5,good,toward_good,False
above_good,above_good/39,3,5,good,toward_good,False
above_good,above_good/39,4,5,good,,True
above_good,above_good/40,0,10,bad,toward_good,False
above_good,above_good/40,1,10,good,toward_bad,False
above_good,above_good/40,2,10,bad,toward_good,False
above_good,above_good/40,3,10,good,toward_bad,False
above_good,above_good/40,4,10,good,toward_good,False
above_good,above_good/40,5,10,good,toward_bad,False
above_good,above_good/40,6,10,good,toward_good,False
above_good,above_good/40,7,10,good,toward_bad,False
above_good,above_good/40,8,10,bad,toward_good,False
above_good,above_good/40,9,10,good,,True
above_good,above_good/42,0,4,bad,toward_good,False
above_good,above_good/42,1,4,bad,toward_good,False
above_good,above_good/42,2,4,bad,toward_bad,False
above_good,above_good/42,3,4,bad,,True
above_good,above_good/43,0,1,good,,True
above_good,above_good/44,0,4,good,toward_bad,False
above_good,above_good/44,1,4,good,toward_good,False
above_good,above_good/44,2,4,good,toward_bad,False
above_good,above_good/44,3,4,good,,True
above_good,above_good/45,0,1,good,,True
above_good,above_good/46,0,19,good,toward_bad,False
above_good,above_good/46,1,19,good,toward_bad,False
above_good,above_good/46,2,19,good,toward_good,False
above_good,above_good/46,3,19,good,toward_bad,False
above_good,above_good/46,4,19,good,toward_bad,False
above_good,above_good/46,5,19,good,toward_bad,False
above_good,above_good/46,6,19,bad,toward_good,False
above_good,above_good/46,7,19,good,toward_good,False
above_good,above_good/46,8,19,good,toward_bad,False
above_good,above_good/46,9,19,good,toward_good,False
above_good,above_good/46,10,19,good,toward_bad,False
above_good,above_good/46,11,19,good,toward_bad,False
above_good,above_good/46,12,19,good,toward_good,False
above_good,above_good/46,13,19,good,toward_good,False
above_good,above_good/46,14,19,good,toward_bad,False
above_good,above_good/46,15,19,good,toward_good,False
above_good,above_good/46,16,19,good,toward_bad,False
above_good,above_good/46,17,19,good,toward_bad,False
above_good,above_good/46,18,19,good,,True
above_good,above_good/47,0,1,good,,True
above_good,above_good/48,0,12,good,toward_bad,False
above_good,above_good/48,1,12,good,toward_good,False
above_good,above_good/48,2,12,good,toward_bad,False
above_good,above_good/48,3,12,good,toward_bad,False
above_good,above_good/48,4,12,good,toward_bad,False
above_good,above_good/48,5,12,good,toward_bad,False
above_good,above_good/48,6,12,good,toward_good,False
above_good,above_good/48,7,12,good,toward_bad,False
above_good,above_good/48,8,12,good,toward_good,False
above_good,above_good/48,9,12,good,toward_bad,False
above_good,above_good/48,10,12,good,toward_bad,False
above_good,above_good/48,11,12,good,,True
above_good,above_good/49,0,45,bad,toward_good,False
above_good,above_good/49,1,45,bad,toward_bad,False
above_good,above_good/49,2,45,bad,toward_good,False
above_good,above_good/49,3,45,bad,toward_bad,False
above_good,above_good/49,4,45,bad,toward_bad,False
above_good,above_good/49,5,45,bad,toward_good,False
above_good,above_good/49,6,45,bad,toward_bad,False
above_good,above_good/49,7,45,bad,toward_good,False
above_good,above_good/49,8,45,bad,toward_bad,False
above_good,above_good/49,9,45,bad,toward_good,False
above_good,above_good/49,10,45,bad,toward_good,False
above_good,above_good/49,11,45,bad,toward_bad,False
above_good,above_good/49,12,45,bad,toward_good,False
above_good,above_good/49,13,45,bad,toward_bad,False
above_good,above_good/49,14,45,bad,toward_good,False
above_good,above_good/49,15,45,bad,toward_good,False
above_good,above_good/49,16,45,bad,toward_good,False
above_good,above_good/49,17,45,bad,toward_bad,False
above_good,above_good/49,18,45,bad,toward_bad,False
above_good,above_good/49,19,45,bad,toward_good,False
above_good,above_good/49,20,45,bad,toward_bad,False
above_good,above_good/49,21,45,bad,toward_bad,False
above_good,above_good/49,22,45,bad,toward_good,False
above_good,above_good/49,23,45,bad,toward_good,False
above_good,above_good/49,24,45,bad,toward_bad,False
above_good,above_good/49,25,45,bad,toward_good,False
above_good,above_good/49,26,45,bad,toward_bad,False
above_good,above_good/49,27,45,bad,toward_bad,False
above_good,above_good/49,28,45,bad,toward_good,False
above_good,above_good/49,29,45,bad,toward_good,False
above_good,above_good/49,30,45,bad,toward_good,False
above_good,above_good/49,31,45,bad,toward_bad,False
above_good,above_good/49,32,45,bad,toward_good,False
above_good,above_good/49,33,45,bad,toward_good,False
above_good,above_good/49,34,45,bad,toward_bad,False
above_good,above_good/49,35,45,bad,toward_good,False
above_good,above_good/49,36,45,bad,toward_bad,False
above_good,above_good/49,37,45,bad,toward_good,False
above_good,above_good/49,38,45,bad,toward_bad,False
above_good,above_good/49,39,45,bad,toward_good,False
above_good,above_good/49,40,45,bad,toward_bad,False
above_good,above_good/49,41,45,bad,toward_good,False
above_good,above_good/49,42,45,bad,toward_good,False
above_good,above_good/49,43,45,bad,toward_good,False
above_good,above_good/49,44,45,bad,,True
above_good,above_good/50,0,6,bad,toward_bad,False
above_good,above_good/50,1,6,bad,toward_good,False
above_good,above_good/50,2,6,bad,toward_good,False
above_good,above_good/50,3,6,bad,toward_bad,False
above_good,above_good/50,4,6,bad,toward_good,False
above_good,above_good/50,5,6,bad,,True
above_good,above_good/51,0,1,good,,True
above_good,above_good/52,0,14,bad,toward_good,False
above_good,above_good/52,1,14,good,toward_bad,False
above_good,above_good/52,2,14,bad,toward_good,False
above_good,above_good/52,3,14,good,toward_bad,False
above_good,above_good/52,4,14,good,toward_good,False
above_good,above_good/52,5,14,good,toward_bad,False
above_good,above_good/52,6,14,good,toward_good,False
above_good,above_good/52,7,14,good,toward_bad,False
above_good,above_good/52,8,14,good,toward_bad,False
above_good,above_good/52,9,14,good,toward_good,False
above_good,above_good/52,10,14,good,toward_good,False
above_good,above_good/52,11,14,good,toward_bad,False
above_good,above_good/52,12,14,good,toward_good,False
above_good,above_good/52,13,14,good,,True
above_good,above_good/53,0,3,good,toward_bad,False
above_good,above_good/53,1,3,good,toward_bad,False
above_good,above_good/53,2,3,good,,True
above_good,above_good/54,0,1,good,,True
above_good,above_good/55,0,1,good,,True
above_good,above_good/56,0,6,bad,toward_good,False
above_good,above_good/56,1,6,bad,toward_bad,False
above_good,above_good/56,2,6,bad,toward_good,False
above_good,above_good/56,3,6,bad,toward_good,False
above_good,above_good/56,4,6,bad,toward_bad,False
above_good,above_good/56,5,6,bad,,True
above_good,above_good/57,0,16,bad,toward_good,False
above_good,above_good/57,1,16,good,toward_bad,False
above_good,above_good/57,2,16,bad,toward_bad,False
above_good,above_good/57,3,16,bad,toward_good,False
above_good,above_good/57,4,16,bad,toward_bad,False
above_good,above_good/57,5,16,bad,toward_bad,False
above_good,above_good/57,6,16,bad,toward_good,False
above_good,above_good/57,7,16,bad,toward_good,False
above_good,above_good/57,8,16,bad,toward_good,False
above_good,above_good/57,9,16,bad,toward_bad,False
above_good,above_good/57,10,16,bad,toward_good,False
above_good,above_good/57,11,16,bad,toward_bad,False
above_good,above_good/57,12,16,bad,toward_bad,False
above_good,above_good/57,13,16,bad,toward_good,False
above_good,above_good/57,14,16,bad,toward_good,False
above_good,above_good/57,15,16,bad,,True
above_good,above_good/58,0,1,good,,True
above_good,above_good/59,0,9,bad,toward_good,False
above_good,above_good/59,1,9,good,toward_bad,False
above_good,above_good/59,2,9,bad,toward_good,False
above_good,above_good/59,3,9,good,toward_good,False
above_good,above_good/59,4,9,good,toward_bad,False
above_good,above_good/59,5,9,good,toward_good,False
above_good,above_good/59,6,9,good,toward_bad,False
above_good,above_good/59,7,9,good,toward_bad,False
above_good,above_good/59,8,9,good,,True
above_good,above_good/60,0,20,bad,toward_good,False
above_good,above_good/60,1,20,good,toward_bad,False
above_good,above_good/60,2,20,bad,toward_good,False
above_good,above_good/60,3,20,good,toward_bad,False
above_good,above_good/60,4,20,bad,toward_good,False
above_good,above_good/60,5,20,bad,toward_good,False
above_good,above_good/60,6,20,good,toward_bad,False
above_good,above_good/60,7,20,good,toward_bad,False
above_good,above_good/60,8,20,bad,toward_bad,False
above_good,above_good/60,9,20,bad,toward_good,False
above_good,above_good/60,10,20,good,toward_bad,False
above_good,above_good/60,11,20,bad,toward_good,False
above_good,above_good/60,12,20,bad,toward_good,False
above_good,above_good/60,13,20,good,toward_bad,False
above_good,above_good/60,14,20,bad,toward_good,False
above_good,above_good/60,15,20,good,toward_good,False
above_good,above_good/60,16,20,good,toward_bad,False
above_good,above_good/60,17,20,bad,toward_good,False
above_good,above_good/60,18,20,good,toward_bad,False
above_good,above_good/60,19,20,good,,True
above_good,above_good/61,0,9,bad,toward_bad,False
above_good,above_good/61,1,9,bad,toward_good,False
above_good,above_good/61,2,9,bad,toward_bad,False
above_good,above_good/61,3,9,bad,toward_good,False
above_good,above_good/61,4,9,bad,toward_bad,False
above_good,above_good/61,5,9,bad,toward_good,False
above_good,above_good/61,6,9,bad,toward_good,False
above_good,above_good/61,7,9,bad,toward_good,False
above_good,above_good/61,8,9,bad,,True
above_good,above_good/62,0,12,good,toward_good,False
above_good,above_good/62,1,12,good,toward_bad,False
above_good,above_good/62,2,12,good,toward_bad,False
above_good,above_good/62,3,12,good,toward_good,False
above_good,above_good/62,4,12,good,toward_bad,False
above_good,above_good/62,5,12,good,toward_bad,False
above_good,above_good/62,6,12,good,toward_bad,False
above_good,above_good/62,7,12,good,toward_bad,False
above_good,above_good/62,8,12,good,toward_good,False
above_good,above_good/62,9,12,good,toward_bad,False
above_good,above_good/62,10,12,good,toward_good,False
above_good,above_good/62,11,12,good,,True
above_good,above_good/63,0,11,good,toward_bad,False
above_good,above_good/63,1,11,bad,toward_bad,False
above_good,above_good/63,2,11,bad,toward_good,False
above_good,above_good/63,3,11,good,toward_bad,False
above_good,above_good/63,4,11,good,toward_bad,False
above_good,above_good/63,5,11,good,toward_good,False
above_good,above_good/63,6,11,good,toward_bad,False
above_good,above_good/63,7,11,good,toward_bad,False
above_good,above_good/63,8,11,good,toward_good,False
above_good,above_good/63,9,11,good,toward_bad,False
above_good,above_good/63,10,11,good,,True
above_good,above_good/64,0,10,good,toward_bad,False
above_good,above_good/64,1,10,good,toward_good,False
above_good,above_good/64,2,10,good,toward_bad,False
above_good,above_good/64,3,10,good,toward_bad,False
above_good,above_good/64,4,10,good,toward_bad,False
above_good,above_good/64,5,10,good,toward_good,False
above_good,above_good/64,6,10,good,toward_bad,False
above_good,above_good/64,7,10,good,toward_good,False
above_good,above_good/64,8,10,good,toward_good,False
above_good,above_good/64,9,10,good,,True
above_good,above_good/65,0,5,good,toward_bad,False
above_good,above_good/65,1,5,good,toward_good,False
above_good,above_good/65,2,5,good,toward_good,False
above_good,above_good/65,3,5,good,toward_bad,False
above_good,above_good/65,4,5,good,,True
above_good,above_good/66,0,6,good,toward_bad,False
above_good,above_good/66,1,6,good,toward_good,False
above_good,above_good/66,2,6,good,toward_good,False
above_good,above_good/66,3,6,good,toward_bad,False
above_good,above_good/66,4,6,good,toward_bad,False
above_good,above_good/66,5,6,good,,True
above_good,above_good/67,0,6,good,toward_bad,False
above_good,above_good/67,1,6,good,toward_good,False
above_good,above_good/67,2,6,good,toward_bad,False
above_good,above_good/67,3,6,bad,toward_good,False
above_good,above_good/67,4,6,bad,toward_good,False
above_good,above_good/67,5,6,good,,True
above_good,above_good/68,0,1,good,,True
above_good,above_good/69,0,4,bad,toward_bad,False
above_good,above_good/69,1,4,bad,toward_good,False
above_good,above_good/69,2,4,bad,toward_good,False
above_good,above_good/69,3,4,good,,True
above_good,above_good/70,0,4,good,toward_bad,False
above_good,above_good/70,1,4,good,toward_bad,False
above_good,above_good/70,2,4,good,toward_bad,False
above_good,above_good/70,3,4,good,,True
above_good,above_good/71,0,1,good,,True
above_good,above_good/72,0,3,good,toward_bad,False
above_good,above_good/72,1,3,good,toward_good,False
above_good,above_good/72,2,3,good,,True
above_good,above_good/73,0,1,good,,True
above_good,above_good/74,0,2,bad,toward_good,False
above_good,above_good/74,1,2,good,,True
above_good,above_good/75,0,1,good,,True
above_good,above_good/76,0,3,good,toward_bad,False
above_good,above_good/76,1,3,good,toward_good,False
above_good,above_good/76,2,3,good,,True
above_good,above_good/77,0,11,good,toward_bad,False
above_good,above_good/77,1,11,good,toward_bad,False
above_good,above_good/77,2,11,good,toward_bad,False
above_good,above_good/77,3,11,good,toward_bad,False
above_good,above_good/77,4,11,good,toward_bad,False
above_good,above_good/77,5,11,good,toward_bad,False
above_good,above_good/77,6,11,good,toward_good,False
above_good,above_good/77,7,11,good,toward_good,False
above_good,above_good/77,8,11,good,toward_bad,False
above_good,above_good/77,9,11,good,toward_bad,False
above_good,above_good/77,10,11,good,,True
above_good,above_good/78,0,21,good,toward_bad,False
above_good,above_good/78,1,21,good,toward_bad,False
above_good,above_good/78,2,21,good,toward_good,False
above_good,above_good/78,3,21,good,toward_bad,False
above_good,above_good/78,4,21,good,toward_bad,False
above_good,above_good/78,5,21,bad,toward_good,False
above_good,above_good/78,6,21,good,toward_good,False
above_good,above_good/78,7,21,good,toward_bad,False
above_good,above_good/78,8,21,good,toward_good,False
above_good,above_good/78,9,21,good,toward_good,False
above_good,above_good/78,10,21,good,toward_bad,False
above_good,above_good/78,11,21,good,toward_good,False
above_good,above_good/78,12,21,good,toward_good,False
above_good,above_good/78,13,21,good,toward_bad,False
above_good,above_good/78,14,21,good,toward_bad,False
above_good,above_good/78,15,21,good,toward_good,False
above_good,above_good/78,16,21,good,toward_good,False
above_good,above_good/78,17,21,good,toward_bad,False
above_good,above_good/78,18,21,good,toward_good,False
above_good,above_good/78,19,21,good,toward_bad,False
above_good,above_good/78,20,21,good,,True
above_good,above_good/79,0,25,good,toward_good,False
above_good,above_good/79,1,25,good,toward_bad,False
above_good,above_good/79,2,25,good,toward_bad,False
above_good,above_good/79,3,25,good,toward_bad,False
above_good,above_good/79,4,25,bad,toward_good,False
above_good,above_good/79,5,25,good,toward_bad,False
above_good,above_good/79,6,25,good,toward_bad,False
above_good,above_good/79,7,25,good,toward_bad,False
above_good,above_good/79,8,25,good,toward_good,False
above_good,above_good/79,9,25,good,toward_bad,False
above_good,above_good/79,10,25,good,toward_good,False
above_good,above_good/79,11,25,good,toward_bad,False
above_good,above_good/79,12,25,good,toward_good,False
above_good,above_good/79,13,25,good,toward_bad,False
above_good,above_good/79,14,25,good,toward_good,False
above_good,above_good/79,15,25,good,toward_good,False
above_good,above_good/79,16,25,good,toward_bad,False
above_good,above_good/79,17,25,good,toward_bad,False
above_good,above_good/79,18,25,good,toward_bad,False
above_good,above_good/79,19,25,good,toward_bad,False
above_good,above_good/79,20,25,good,toward_bad,False
above_good,above_good/79,21,25,good,toward_good,False
above_good,above_good/79,22,25,good,toward_good,False
above_good,above_good/79,23,25,good,toward_good,False
above_good,above_good/79,24,25,good,,True
above_good,above_good/80,0,9,good,toward_bad,False
above_good,above_good/80,1,9,good,toward_bad,False
above_good,above_good/80,2,9,good,toward_good,False
above_good,above_good/80,3,9,good,toward_bad,False
above_good,above_good/80,4,9,good,toward_good,False
above_good,above_good/80,5,9,good,toward_bad,False
above_good,above_good/80,6,9,good,toward_good,False
above_good,above_good/80,7,9,good,toward_bad,False
above_good,above_good/80,8,9,good,,True
above_good,above_good/82,0,1,good,,True
above_good,above_good/84,0,2,good,toward_bad,False
above_good,above_good/84,1,2,good,,True
above_good,above_good/85,0,1,good,,True
above_good,above_good/86,0,1,good,,True
above_good,above_good/87,0,30,good,toward_bad,False
above_good,above_good/87,1,30,bad,toward_good,False
above_good,above_good/87,2,30,good,toward_bad,False
above_good,above_good/87,3,30,good,toward_bad,False
above_good,above_good/87,4,30,bad,toward_good,False
above_good,above_good/87,5,30,bad,toward_good,False
above_good,above_good/87,6,30,good,toward_good,False
above_good,above_good/87,7,30,good,toward_bad,False
above_good,above_good/87,8,30,bad,toward_good,False
above_good,above_good/87,9,30,good,toward_good,False
above_good,above_good/87,10,30,good,toward_good,False
above_good,above_good/87,11,30,good,toward_bad,False
above_good,above_good/87,12,30,good,toward_bad,False
above_good,above_good/87,13,30,good,toward_bad,False
above_good,above_good/87,14,30,good,toward_good,False
above_good,above_good/87,15,30,good,toward_good,False
above_good,above_good/87,16,30,good,toward_good,False
above_good,above_good/87,17,30,good,toward_bad,False
above_good,above_good/87,18,30,good,toward_good,False
above_good,above_good/87,19,30,good,toward_bad,False
above_good,above_good/87,20,30,bad,toward_good,False
above_good,above_good/87,21,30,good,toward_good,False
above_good,above_good/87,22,30,good,toward_bad,False
above_good,above_good/87,23,30,good,toward_good,False
above_good,above_good/87,24,30,good,toward_bad,False
above_good,above_good/87,25,30,bad,toward_good,False
above_good,above_good/87,26,30,good,toward_bad,False
above_good,above_good/87,27,30,good,toward_good,False
above_good,above_good/87,28,30,good,toward_bad,False
above_good,above_good/87,29,30,good,,True
above_good,above_good/88,0,5,bad,toward_bad,False
above_good,above_good/88,1,5,bad,toward_bad,False
above_good,above_good/88,2,5,bad,toward_good,False
above_good,above_good/88,3,5,bad,toward_good,False
above_good,above_good/88,4,5,bad,,True
above_good,above_good/89,0,2,bad,toward_good,False
above_good,above_good/89,1,2,good,,True
above_good,above_good/90,0,22,good,toward_bad,False
above_good,above_good/90,1,22,good,toward_bad,False
above_good,above_good/90,2,22,good,toward_bad,False
above_good,above_good/90,3,22,good,toward_bad,False
above_good,above_good/90,4,22,good,toward_bad,False
above_good,above_good/90,5,22,bad,toward_good,False
above_good,above_good/90,6,22,good,toward_good,False
above_good,above_good/90,7,22,good,toward_bad,False
above_good,above_good/90,8,22,good,toward_bad,False
above_good,above_good/90,9,22,good,toward_bad,False
above_good,above_good/90,10,22,good,toward_bad,False
above_good,above_good/90,11,22,good,toward_good,False
above_good,above_good/90,12,22,good,toward_bad,False
above_good,above_good/90,13,22,good,toward_good,False
above_good,above_good/90,14,22,good,toward_bad,False
above_good,above_good/90,15,22,good,toward_bad,False
above_good,above_good/90,16,22,good,toward_good,False
above_good,above_good/90,17,22,good,toward_bad,False
above_good,above_good/90,18,22,good,toward_good,False
above_good,above_good/90,19,22,good,toward_bad,False
above_good,above_good/90,20,22,good,toward_good,False
above_good,above_good/90,21,22,good,,True
above_good,above_good/91,0,5,good,toward_bad,False
above_good,above_good/91,1,5,good,toward_good,False
above_good,above_good/91,2,5,good,toward_good,False
above_good,above_good/91,3,5,good,toward_bad,False
above_good,above_good/91,4,5,good,,True
above_good,above_good/92,0,10,bad,toward_good,False
above_good,above_good/92,1,10,bad,toward_good,False
above_good,above_good/92,2,10,bad,toward_good,False
above_good,above_good/92,3,10,bad,toward_bad,False
above_good,above_good/92,4,10,bad,toward_good,False
above_good,above_good/92,5,10,good,toward_bad,False
above_good,above_good/92,6,10,bad,toward_good,False
above_good,above_good/92,7,10,bad,toward_bad,False
above_good,above_good/92,8,10,bad,toward_good,False
above_good,above_good/92,9,10,bad,,True
above_good,above_good/93,0,1,good,,True
above_good,above_good/94,0,1,good,,True
above_good,above_good/95,0,2,good,toward_bad,False
above_good,above_good/95,1,2,good,,True
above_good,above_good/96,0,5,good,toward_bad,False
above_good,above_good/96,1,5,good,toward_good,False
above_good,above_good/96,2,5,good,toward_bad,False
above_good,above_good/96,3,5,good,toward_good,False
above_good,above_good/96,4,5,good,,True
above_good,above_good/97,0,1,good,,True
above_good,above_good/98,0,24,bad,toward_good,False
above_good,above_good/98,1,24,bad,toward_bad,False
above_good,above_good/98,2,24,bad,toward_bad,False
above_good,above_good/98,3,24,bad,toward_good,False
above_good,above_good/98,4,24,good,toward_bad,False
above_good,above_good/98,5,24,bad,toward_good,False
above_good,above_good/98,6,24,bad,toward_good,False
above_good,above_good/98,7,24,bad,toward_bad,False
above_good,above_good/98,8,24,bad,toward_bad,False
above_good,above_good/98,9,24,bad,toward_good,False
above_good,above_good/98,10,24,bad,toward_good,False
above_good,above_good/98,11,24,bad,toward_good,False
above_good,above_good/98,12,24,bad,toward_bad,False
above_good,above_good/98,13,24,bad,toward_bad,False
above_good,above_good/98,14,24,bad,toward_good,False
above_good,above_good/98,15,24,bad,toward_bad,False
above_good,above_good/98,16,24,bad,toward_good,False
above_good,above_good/98,17,24,bad,toward_good,False
above_good,above_good/98,18,24,good,toward_bad,False
above_good,above_good/98,19,24,bad,toward_bad,False
above_good,above_good/98,20,24,bad,toward_bad,False
above_good,above_good/98,21,24,bad,toward_good,False
above_good,above_good/98,22,24,bad,toward_bad,False
above_good,above_good/98,23,24,bad,,True
above_good,above_good/99,0,1,good,,True
