group,rollout,t,K,side,move,is_last
baseline[good=above],baseline/0,0,43,bad,toward_bad,False
baseline[good=above],baseline/0,1,43,bad,toward_bad,False
baseline[good=above],baseline/0,2,43,bad,toward_good,False
baseline[good=above],baseline/0,3,43,bad,toward_good,False
baseline[good=above],baseline/0,4,43,bad,toward_bad,False
baseline[good=above],baseline/0,5,43,bad,toward_good,False
baseline[good=above],baseline/0,6,43,bad,toward_bad,False
baseline[good=above],baseline/0,7,43,bad,toward_good,False
baseline[good=above],baseline/0,8,43,bad,toward_bad,False
baseline[good=above],baseline/0,9,43,bad,toward_good,False
baseline[good=above],baseline/0,10,43,bad,toward_good,False
baseline[good=above],baseline/0,11,43,bad,toward_good,False
baseline[good=above],baseline/0,12,43,bad,toward_good,False
baseline[good=above],baseline/0,13,43,bad,toward_bad,False
baseline[good=above],baseline/0,14,43,bad,toward_bad,False
baseline[good=above],baseline/0,15,43,bad,toward_good,False
baseline[good=above],baseline/0,16,43,bad,toward_bad,False
baseline[good=above],baseline/0,17,43,bad,toward_good,False
baseline[good=above],baseline/0,18,43,bad,toward_good,False
baseline[good=above],baseline/0,19,43,bad,toward_good,False
baseline[good=above],baseline/0,20,43,bad,toward_bad,False
baseline[good=above],baseline/0,21,43,bad,toward_bad,False
baseline[good=above],baseline/0,22,43,bad,toward_bad,False
baseline[good=above],baseline/0,23,43,bad,toward_bad,False
baseline[good=above],baseline/0,24,43,bad,toward_good,False
baseline[good=above],baseline/0,25,43,bad,toward_bad,False
baseline[good=above],baseline/0,26,43,bad,toward_good,False
baseline[good=above],baseline/0,27,43,bad,toward_good,False
baseline[good=above],baseline/0,28,43,bad,toward_bad,False
baseline[good=above],baseline/0,29,43,bad,toward_bad,False
baseline[good=above],baseline/0,30,43,bad,toward_bad,False
baseline[good=above],baseline/0,31,43,bad,toward_bad,False
baseline[good=above],baseline/0,32,43,bad,toward_good,False
baseline[good=above],baseline/0,33,43,bad,toward_bad,False
baseline[good=above],baseline/0,34,43,bad,toward_good,False
baseline[good=above],baseline/0,35,43,bad,toward_bad,False
baseline[good=above],baseline/0,36,43,bad,toward_good,False
baseline[good=above],baseline/0,37,43,bad,toward_good,False
baseline[good=above],baseline/0,38,43,bad,toward_bad,False
baseline[good=above],baseline/0,39,43,bad,same,False
baseline[good=above],baseline/0,40,43,bad,toward_bad,False
baseline[good=above],baseline/0,41,43,bad,toward_good,False
baseline[good=above],baseline/0,42,43,bad,,True
baseline[good=below],baseline/0,0,43,good,toward_good,False
baseline[good=below],baseline/0,1,43,good,toward_good,False
baseline[good=below],baseline/0,2,43,good,toward_bad,False
baseline[good=below],baseline/0,3,43,good,toward_bad,False
baseline[good=below],baseline/0,4,43,good,toward_good,False
baseline[good=below],baseline/0,5,43,good,toward_bad,False
baseline[good=below],baseline/0,6,43,good,toward_good,False
baseline[good=below],baseline/0,7,43,good,toward_bad,False
baseline[good=below],baseline/0,8,43,good,toward_good,False
baseline[good=below],baseline/0,9,43,good,toward_bad,False
baseline[good=below],baseline/0,10,43,good,toward_bad,False
baseline[good=below],baseline/0,11,43,good,toward_bad,False
baseline[good=below],baseline/0,12,43,good,toward_bad,False
baseline[good=below],baseline/0,13,43,good,toward_good,False
baseline[good=below],baseline/0,14,43,good,toward_good,False
baseline[good=below],baseline/0,15,43,good,toward_bad,False
baseline[good=below],baseline/0,16,43,good,toward_good,False
baseline[good=below],baseline/0,17,43,good,toward_bad,False
baseline[good=below],baseline/0,18,43,good,toward_bad,False
baseline[good=below],baseline/0,19,43,good,toward_bad,False
baseline[good=below],baseline/0,20,43,good,toward_good,False
baseline[good=below],baseline/0,21,43,good,toward_good,False
baseline[good=below],baseline/0,22,43,good,toward_good,False
baseline[good=below],baseline/0,23,43,good,toward_good,False
baseline[good=below],baseline/0,24,43,good,toward_bad,False
baseline[good=below],baseline/0,25,43,good,toward_good,False
baseline[good=below],baseline/0,26,43,good,toward_bad,False
baseline[good=below],baseline/0,27,43,good,toward_bad,False
baseline[good=below],baseline/0,28,43,good,toward_good,False
baseline[good=below],baseline/0,29,43,good,toward_good,False
baseline[good=below],baseline/0,30,43,good,toward_good,False
baseline[good=below],baseline/0,31,43,good,toward_good,False
baseline[good=below],baseline/0,32,43,good,toward_bad,False
baseline[good=below],baseline/0,33,43,good,toward_good,False
baseline[good=below],baseline/0,34,43,good,toward_bad,False
baseline[good=below],baseline/0,35,43,good,toward_good,False
baseline[good=below],baseline/0,36,43,good,toward_bad,False
baseline[good=below],baseline/0,37,43,good,toward_bad,False
baseline[good=below],baseline/0,38,43,good,toward_good,False
baseline[good=below],baseline/0,39,43,good,same,False
baseline[good=below],baseline/0,40,43,good,toward_good,False
baseline[good=below],baseline/0,41,43,good,toward_bad,False
baseline[good=below],baseline/0,42,43,good,,True
baseline[good=above],baseline/1,0,25,bad,toward_good,False
baseline[good=above],baseline/1,1,25,bad,toward_good,False
baseline[good=above],baseline/1,2,25,bad,toward_bad,False
baseline[good=above],baseline/1,3,25,bad,toward_bad,False
baseline[good=above],baseline/1,4,25,bad,toward_good,False
baseline[good=above],baseline/1,5,25,bad,toward_good,False
baseline[good=above],baseline/1,6,25,bad,toward_good,False
baseline[good=above],baseline/1,7,25,bad,toward_bad,False
baseline[good=above],baseline/1,8,25,bad,toward_bad,False
baseline[good=above],baseline/1,9,25,bad,toward_bad,False
baseline[good=above],baseline/1,10,25,bad,toward_good,False
baseline[good=above],baseline/1,11,25,bad,toward_bad,False
baseline[good=above],baseline/1,12,25,bad,toward_good,False
baseline[good=above],baseline/1,13,25,bad,toward_bad,False
baseline[good=above],baseline/1,14,25,bad,toward_bad,False
baseline[good=above],baseline/1,15,25,bad,toward_good,False
baseline[good=above],baseline/1,16,25,bad,toward_bad,False
baseline[good=above],baseline/1,17,25,bad,toward_good,False
baseline[good=above],baseline/1,18,25,good,toward_bad,False
baseline[good=above],baseline/1,19,25,bad,toward_bad,False
baseline[good=above],baseline/1,20,25,bad,toward_bad,False
baseline[good=above],baseline/1,21,25,bad,toward_bad,False
baseline[good=above],baseline/1,22,25,bad,toward_good,False
baseline[good=above],baseline/1,23,25,bad,toward_bad,False
baseline[good=above],baseline/1,24,25,bad,,True
baseline[good=below],baseline/1,0,25,good,toward_bad,False
baseline[good=below],baseline/1,1,25,good,toward_bad,False
baseline[good=below],baseline/1,2,25,good,toward_good,False
baseline[good=below],baseline/1,3,25,good,toward_good,False
baseline[good=below],baseline/1,4,25,good,toward_bad,False
baseline[good=below],baseline/1,5,25,good,toward_bad,False
baseline[good=below],baseline/1,6,25,good,toward_bad,False
baseline[good=below],baseline/1,7,25,good,toward_good,False
baseline[good=below],baseline/1,8,25,good,toward_good,False
baseline[good=below],baseline/1,9,25,good,toward_good,False
baseline[good=below],baseline/1,10,25,good,toward_bad,False
baseline[good=below],baseline/1,11,25,good,toward_good,False
baseline[good=below],baseline/1,12,25,good,toward_bad,False
baseline[good=below],baseline/1,13,25,good,toward_good,False
baseline[good=below],baseline/1,14,25,good,toward_good,False
baseline[good=below],baseline/1,15,25,good,toward_bad,False
baseline[good=below],baseline/1,16,25,good,toward_good,False
baseline[good=below],baseline/1,17,25,good,toward_bad,False
baseline[good=below],baseline/1,18,25,bad,toward_good,False
baseline[good=below],baseline/1,19,25,good,toward_good,False
baseline[good=below],baseline/1,20,25,good,toward_good,False
baseline[good=below],baseline/1,21,25,good,toward_good,False
baseline[good=below],baseline/1,22,25,good,toward_bad,False
baseline[good=below],baseline/1,23,25,good,toward_good,False
baseline[good=below],baseline/1,24,25,good,,True
baseline[good=above],baseline/2,0,22,good,toward_good,False
baseline[good=above],baseline/2,1,22,good,toward_bad,False
baseline[good=above],baseline/2,2,22,good,toward_bad,False
baseline[good=above],baseline/2,3,22,good,toward_good,False
baseline[good=above],baseline/2,4,22,good,toward_good,False
baseline[good=above],baseline/2,5,22,good,toward_good,False
baseline[good=above],baseline/2,6,22,good,toward_bad,False
baseline[good=above],baseline/2,7,22,good,toward_good,False
baseline[good=above],baseline/2,8,22,good,toward_bad,False
baseline[good=above],baseline/2,9,22,good,toward_good,False
baseline[good=above],baseline/2,10,22,good,toward_bad,False
baseline[good=above],baseline/2,11,22,good,toward_good,False
baseline[good=above],baseline/2,12,22,good,toward_bad,False
baseline[good=above],baseline/2,13,22,good,toward_good,False
baseline[good=above],baseline/2,14,22,good,toward_bad,False
baseline[good=above],baseline/2,15,22,good,toward_bad,False
baseline[good=above],baseline/2,16,22,good,toward_good,False
baseline[good=above],baseline/2,17,22,good,toward_bad,False
baseline[good=above],baseline/2,18,22,good,toward_good,False
baseline[good=above],baseline/2,19,22,good,toward_good,False
baseline[good=above],baseline/2,20,22,good,toward_bad,False
baseline[good=above],baseline/2,21,22,good,,True
baseline[good=below],baseline/2,0,22,bad,toward_bad,False
baseline[good=below],baseline/2,1,22,bad,toward_good,False
baseline[good=below],baseline/2,2,22,bad,toward_good,False
baseline[good=below],baseline/2,3,22,bad,toward_bad,False
baseline[good=below],baseline/2,4,22,bad,toward_bad,False
baseline[good=below],baseline/2,5,22,bad,toward_bad,False
baseline[good=below],baseline/2,6,22,bad,toward_good,False
baseline[good=below],baseline/2,7,22,bad,toward_bad,False
baseline[good=below],baseline/2,8,22,bad,toward_good,False
baseline[good=below],baseline/2,9,22,bad,toward_bad,False
baseline[good=below],baseline/2,10,22,bad,toward_good,False
baseline[good=below],baseline/2,11,22,bad,toward_bad,False
baseline[good=below],baseline/2,12,22,bad,toward_good,False
baseline[good=below],baseline/2,13,22,bad,toward_bad,False
baseline[good=below],baseline/2,14,22,bad,toward_good,False
baseline[good=below],baseline/2,15,22,bad,toward_good,False
baseline[good=below],baseline/2,16,22,bad,toward_bad,False
baseline[good=below],baseline/2,17,22,bad,toward_good,False
baseline[good=below],baseline/2,18,22,bad,toward_bad,False
baseline[good=below],baseline/2,19,22,bad,toward_bad,False
baseline[good=below],baseline/2,20,22,bad,toward_good,False
baseline[good=below],baseline/2,21,22,bad,,True
baseline[good=above],baseline/3,0,28,good,toward_good,False
baseline[good=above],baseline/3,1,28,good,toward_bad,False
baseline[good=above],baseline/3,2,28,good,toward_bad,False
baseline[good=above],baseline/3,3,28,good,toward_good,False
baseline[good=above],baseline/3,4,28,good,toward_good,False
baseline[good=above],baseline/3,5,28,good,toward_bad,False
baseline[good=above],baseline/3,6,28,good,toward_good,False
baseline[good=above],baseline/3,7,28,good,toward_bad,False
baseline[good=above],baseline/3,8,28,good,toward_bad,False
baseline[good=above],baseline/3,9,28,good,toward_good,False
baseline[good=above],baseline/3,10,28,good,toward_bad,False
baseline[good=above],baseline/3,11,28,good,toward_good,False
baseline[good=above],baseline/3,12,28,good,toward_good,False
baseline[good=above],baseline/3,13,28,good,toward_good,False
baseline[good=above],baseline/3,14,28,good,toward_good,False
baseline[good=above],baseline/3,15,28,good,toward_bad,False
baseline[good=above],baseline/3,16,28,good,toward_good,False
baseline[good=above],baseline/3,17,28,good,toward_bad,False
baseline[good=above],baseline/3,18,28,good,toward_bad,False
baseline[good=above],baseline/3,19,28,good,toward_good,False
baseline[good=above],baseline/3,20,28,good,toward_good,False
baseline[good=above],baseline/3,21,28,good,toward_bad,False
baseline[good=above],baseline/3,22,28,good,toward_good,False
baseline[good=above],baseline/3,23,28,good,toward_bad,False
baseline[good=above],baseline/3,24,28,good,toward_good,False
baseline[good=above],baseline/3,25,28,good,toward_bad,False
baseline[good=above],baseline/3,26,28,good,toward_good,False
baseline[good=above],baseline/3,27,28,good,,True
baseline[good=below],baseline/3,0,28,bad,toward_bad,False
baseline[good=below],baseline/3,1,28,bad,toward_good,False
baseline[good=below],baseline/3,2,28,bad,toward_good,False
baseline[good=below],baseline/3,3,28,bad,toward_bad,False
baseline[good=below],baseline/3,4,28,bad,toward_bad,False
baseline[good=below],baseline/3,5,28,bad,toward_good,False
baseline[good=below],baseline/3,6,28,bad,toward_bad,False
baseline[good=below],baseline/3,7,28,bad,toward_good,False
baseline[good=below],baseline/3,8,28,bad,toward_good,False
baseline[good=below],baseline/3,9,28,bad,toward_bad,False
baseline[good=below],baseline/3,10,28,bad,toward_good,False
baseline[good=below],baseline/3,11,28,bad,toward_bad,False
baseline[good=below],baseline/3,12,28,bad,toward_bad,False
baseline[good=below],baseline/3,13,28,bad,toward_bad,False
baseline[good=below],baseline/3,14,28,bad,toward_bad,False
baseline[good=below],baseline/3,15,28,bad,toward_good,False
baseline[good=below],baseline/3,16,28,bad,toward_bad,False
baseline[good=below],baseline/3,17,28,bad,toward_good,False
baseline[good=below],baseline/3,18,28,bad,toward_good,False
baseline[good=below],baseline/3,19,28,bad,toward_bad,False
baseline[good=below],baseline/3,20,28,bad,toward_bad,False
baseline[good=below],baseline/3,21,28,bad,toward_good,False
baseline[good=below],baseline/3,22,28,bad,toward_bad,False
baseline[good=below],baseline/3,23,28,bad,toward_good,False
baseline[good=below],baseline/3,24,28,bad,toward_bad,False
baseline[good=below],baseline/3,25,28,bad,toward_good,False
baseline[good=below],baseline/3,26,28,bad,toward_bad,False
baseline[good=below],baseline/3,27,28,bad,,True
baseline[good=above],baseline/4,0,48,bad,toward_good,False
baseline[good=above],baseline/4,1,48,good,toward_good,False
baseline[good=above],baseline/4,2,48,good,toward_bad,False
baseline[good=above],baseline/4,3,48,good,toward_bad,False
baseline[good=above],baseline/4,4,48,good,toward_good,False
baseline[good=above],baseline/4,5,48,good,toward_bad,False
baseline[good=above],baseline/4,6,48,good,toward_bad,False
baseline[good=above],baseline/4,7,48,good,toward_good,False
baseline[good=above],baseline/4,8,48,good,toward_bad,False
baseline[good=above],baseline/4,9,48,good,toward_bad,False
baseline[good=above],baseline/4,10,48,good,toward_bad,False
baseline[good=above],baseline/4,11,48,good,toward_good,False
baseline[good=above],baseline/4,12,48,good,toward_good,False
baseline[good=above],baseline/4,13,48,good,toward_bad,False
baseline[good=above],baseline/4,14,48,good,toward_good,False
baseline[good=above],baseline/4,15,48,good,toward_bad,False
baseline[good=above],baseline/4,16,48,good,toward_good,False
baseline[good=above],baseline/4,17,48,good,toward_bad,False
baseline[good=above],baseline/4,18,48,good,toward_bad,False
baseline[good=above],baseline/4,19,48,good,toward_bad,False
baseline[good=above],baseline/4,20,48,good,toward_good,False
baseline[good=above],baseline/4,21,48,good,toward_good,False
baseline[good=above],baseline/4,22,48,good,toward_bad,False
baseline[good=above],baseline/4,23,48,good,toward_bad,False
baseline[good=above],baseline/4,24,48,good,toward_good,False
baseline[good=above],baseline/4,25,48,good,toward_bad,False
baseline[good=above],baseline/4,26,48,good,toward_good,False
baseline[good=above],baseline/4,27,48,good,toward_good,False
baseline[good=above],baseline/4,28,48,good,toward_good,False
baseline[good=above],baseline/4,29,48,good,toward_bad,False
baseline[good=above],baseline/4,30,48,good,toward_bad,False
baseline[good=above],baseline/4,31,48,good,toward_good,False
baseline[good=above],baseline/4,32,48,good,toward_bad,False
baseline[good=above],baseline/4,33,48,good,toward_good,False
baseline[good=above],baseline/4,34,48,good,toward_bad,False
baseline[good=above],baseline/4,35,48,good,toward_good,False
baseline[good=above],baseline/4,36,48,good,toward_good,False
baseline[good=above],baseline/4,37,48,good,toward_bad,False
baseline[good=above],baseline/4,38,48,good,toward_bad,False
baseline[good=above],baseline/4,39,48,good,toward_good,False
baseline[good=above],baseline/4,40,48,good,toward_bad,False
baseline[good=above],baseline/4,41,48,good,toward_good,False
baseline[good=above],baseline/4,42,48,good,toward_bad,False
baseline[good=above],baseline/4,43,48,good,toward_good,False
baseline[good=above],baseline/4,44,48,good,toward_good,False
baseline[good=above],baseline/4,45,48,good,toward_bad,False
baseline[good=above],baseline/4,46,48,good,toward_good,False
baseline[good=above],baseline/4,47,48,good,,True
baseline[good=below],baseline/4,0,48,good,toward_bad,False
baseline[good=below],baseline/4,1,48,bad,toward_bad,False
baseline[good=below],baseline/4,2,48,bad,toward_good,False
baseline[good=below],baseline/4,3,48,bad,toward_good,False
baseline[good=below],baseline/4,4,48,bad,toward_bad,False
baseline[good=below],baseline/4,5,48,bad,toward_good,False
baseline[good=below],baseline/4,6,48,bad,toward_good,False
baseline[good=below],baseline/4,7,48,bad,toward_bad,False
baseline[good=below],baseline/4,8,48,bad,toward_good,False
baseline[good=below],baseline/4,9,48,bad,toward_good,False
baseline[good=below],baseline/4,10,48,bad,toward_good,False
baseline[good=below],baseline/4,11,48,bad,toward_bad,False
baseline[good=below],baseline/4,12,48,bad,toward_bad,False
baseline[good=below],baseline/4,13,48,bad,toward_good,False
baseline[good=below],baseline/4,14,48,bad,toward_bad,False
baseline[good=below],baseline/4,15,48,bad,toward_good,False
baseline[good=below],baseline/4,16,48,bad,toward_bad,False
baseline[good=below],baseline/4,17,48,bad,toward_good,False
baseline[good=below],baseline/4,18,48,bad,toward_good,False
baseline[good=below],baseline/4,19,48,bad,toward_good,False
baseline[good=below],baseline/4,20,48,bad,toward_bad,False
baseline[good=below],baseline/4,21,48,bad,toward_bad,False
baseline[good=below],baseline/4,22,48,bad,toward_good,False
baseline[good=below],baseline/4,23,48,bad,toward_good,False
baseline[good=below],baseline/4,24,48,bad,toward_bad,False
baseline[good=below],baseline/4,25,48,bad,toward_good,False
baseline[good=below],baseline/4,26,48,bad,toward_bad,False
baseline[good=below],baseline/4,27,48,bad,toward_bad,False
baseline[good=below],baseline/4,28,48,bad,toward_bad,False
baseline[good=below],baseline/4,29,48,bad,toward_good,False
baseline[good=below],baseline/4,30,48,bad,toward_good,False
baseline[good=below],baseline/4,31,48,bad,toward_bad,False
baseline[good=below],baseline/4,32,48,bad,toward_good,False
baseline[good=below],baseline/4,33,48,bad,toward_bad,False
baseline[good=below],baseline/4,34,48,bad,toward_good,False
baseline[good=below],baseline/4,35,48,bad,toward_bad,False
baseline[good=below],baseline/4,36,48,bad,toward_bad,False
baseline[good=below],baseline/4,37,48,bad,toward_good,False
baseline[good=below],baseline/4,38,48,bad,toward_good,False
baseline[good=below],baseline/4,39,48,bad,toward_bad,False
baseline[good=below],baseline/4,40,48,bad,toward_good,False
baseline[good=below],baseline/4,41,48,bad,toward_bad,False
baseline[good=below],baseline/4,42,48,bad,toward_good,False
baseline[good=below],baseline/4,43,48,bad,toward_bad,False
baseline[good=below],baseline/4,44,48,bad,toward_bad,False
baseline[good=below],baseline/4,45,48,bad,toward_good,False
baseline[good=below],baseline/4,46,48,bad,toward_bad,False
baseline[good=below],baseline/4,47,48,bad,,True
baseline[good=above],baseline/5,0,15,bad,toward_bad,False
baseline[good=above],baseline/5,1,15,bad,toward_bad,False
baseline[good=above],baseline/5,2,15,bad,toward_good,False
baseline[good=above],baseline/5,3,15,bad,toward_bad,False
baseline[good=above],baseline/5,4,15,bad,toward_good,False
baseline[good=above],baseline/5,5,15,bad,toward_bad,False
baseline[good=above],baseline/5,6,15,bad,toward_good,False
baseline[good=above],baseline/5,7,15,good,toward_bad,False
baseline[good=above],baseline/5,8,15,bad,toward_bad,False
baseline[good=above],baseline/5,9,15,bad,toward_bad,False
baseline[good=above],baseline/5,10,15,bad,toward_good,False
baseline[good=above],baseline/5,11,15,bad,toward_bad,False
baseline[good=above],baseline/5,12,15,bad,toward_bad,False
baseline[good=above],baseline/5,13,15,bad,toward_bad,False
baseline[good=above],baseline/5,14,15,bad,,True
baseline[good=below],baseline/5,0,15,good,toward_good,False
baseline[good=below],baseline/5,1,15,good,toward_good,False
baseline[good=below],baseline/5,2,15,good,toward_bad,False
baseline[good=below],baseline/5,3,15,good,toward_good,False
baseline[good=below],baseline/5,4,15,good,toward_bad,False
baseline[good=below],baseline/5,5,15,good,toward_good,False
baseline[good=below],baseline/5,6,15,good,toward_bad,False
baseline[good=below],baseline/5,7,15,bad,toward_good,False
baseline[good=below],baseline/5,8,15,good,toward_good,False
baseline[good=below],baseline/5,9,15,good,toward_good,False
baseline[good=below],baseline/5,10,15,good,toward_bad,False
baseline[good=below],baseline/5,11,15,good,toward_good,False
baseline[good=below],baseline/5,12,15,good,toward_good,False
baseline[good=below],baseline/5,13,15,good,toward_good,False
baseline[good=below],baseline/5,14,15,good,,True
baseline[good=above],baseline/7,0,16,good,toward_bad,False
baseline[good=above],baseline/7,1,16,good,toward_bad,False
baseline[good=above],baseline/7,2,16,good,toward_good,False
baseline[good=above],baseline/7,3,16,good,toward_bad,False
baseline[good=above],baseline/7,4,16,good,toward_good,False
baseline[good=above],baseline/7,5,16,good,toward_bad,False
baseline[good=above],baseline/7,6,16,good,toward_good,False
baseline[good=above],baseline/7,7,16,good,toward_bad,False
baseline[good=above],baseline/7,8,16,good,toward_good,False
baseline[good=above],baseline/7,9,16,good,toward_bad,False
baseline[good=above],baseline/7,10,16,good,toward_good,False
baseline[good=above],baseline/7,11,16,good,toward_bad,False
baseline[good=above],baseline/7,12,16,good,toward_bad,False
baseline[good=above],baseline/7,13,16,good,toward_bad,False
baseline[good=above],baseline/7,14,16,good,toward_good,False
baseline[good=above],baseline/7,15,16,good,,True
baseline[good=below],baseline/7,0,16,bad,toward_good,False
baseline[good=below],baseline/7,1,16,bad,toward_good,False
baseline[good=below],baseline/7,2,16,bad,toward_bad,False
baseline[good=below],baseline/7,3,16,bad,toward_good,False
baseline[good=below],baseline/7,4,16,bad,toward_bad,False
baseline[good=below],baseline/7,5,16,bad,toward_good,False
baseline[good=below],baseline/7,6,16,bad,toward_bad,False
baseline[good=below],baseline/7,7,16,bad,toward_good,False
baseline[good=below],baseline/7,8,16,bad,toward_bad,False
baseline[good=below],baseline/7,9,16,bad,toward_good,False
baseline[good=below],baseline/7,10,16,bad,toward_bad,False
baseline[good=below],baseline/7,11,16,bad,toward_good,False
baseline[good=below],baseline/7,12,16,bad,toward_good,False
baseline[good=below],baseline/7,13,16,bad,toward_good,False
baseline[good=below],baseline/7,14,16,bad,toward_bad,False
baseline[good=below],baseline/7,15,16,bad,,True
baseline[good=above],baseline/8,0,49,bad,toward_bad,False
baseline[good=above],baseline/8,1,49,bad,toward_good,False
baseline[good=above],baseline/8,2,49,bad,toward_bad,False
baseline[good=above],baseline/8,3,49,bad,toward_good,False
baseline[good=above],baseline/8,4,49,bad,toward_bad,False
baseline[good=above],baseline/8,5,49,bad,toward_good,False
baseline[good=above],baseline/8,6,49,bad,toward_bad,False
baseline[good=above],baseline/8,7,49,bad,toward_good,False
baseline[good=above],baseline/8,8,49,bad,toward_good,False
baseline[good=above],baseline/8,9,49,bad,toward_bad,False
baseline[good=above],baseline/8,10,49,bad,toward_good,False
baseline[good=above],baseline/8,11,49,bad,toward_bad,False
baseline[good=above],baseline/8,12,49,bad,toward_bad,False
baseline[good=above],baseline/8,13,49,bad,toward_good,False
baseline[good=above],baseline/8,14,49,bad,toward_good,False
baseline[good=above],baseline/8,15,49,bad,toward_bad,False
baseline[good=above],baseline/8,16,49,bad,toward_good,False
baseline[good=above],baseline/8,17,49,bad,toward_good,False
baseline[good=above],baseline/8,18,49,bad,toward_bad,False
baseline[good=above],baseline/8,19,49,bad,toward_bad,False
baseline[good=above],baseline/8,20,49,bad,toward_good,False
baseline[good=above],baseline/8,21,49,bad,toward_bad,False
baseline[good=above],baseline/8,22,49,bad,toward_good,False
baseline[good=above],baseline/8,23,49,bad,toward_bad,False
baseline[good=above],baseline/8,24,49,bad,toward_bad,False
baseline[good=above],baseline/8,25,49,bad,toward_good,False
baseline[good=above],baseline/8,26,49,bad,toward_good,False
baseline[good=above],baseline/8,27,49,bad,toward_bad,False
baseline[good=above],baseline/8,28,49,bad,toward_bad,False
baseline[good=above],baseline/8,29,49,bad,toward_bad,False
baseline[good=above],baseline/8,30,49,bad,toward_good,False
baseline[good=above],baseline/8,31,49,bad,same,False
baseline[good=above],baseline/8,32,49,bad,toward_good,False
baseline[good=above],baseline/8,33,49,bad,toward_bad,False
baseline[good=above],baseline/8,34,49,bad,toward_good,False
baseline[good=above],baseline/8,35,49,bad,toward_bad,False
baseline[good=above],baseline/8,36,49,bad,toward_good,False
baseline[good=above],baseline/8,37,49,bad,toward_good,False
baseline[good=above],baseline/8,38,49,bad,toward_bad,False
baseline[good=above],baseline/8,39,49,bad,toward_good,False
baseline[good=above],baseline/8,40,49,bad,toward_bad,False
baseline[good=above],baseline/8,41,49,bad,toward_good,False
baseline[good=above],baseline/8,42,49,bad,toward_good,False
baseline[good=above],baseline/8,43,49,bad,toward_good,False
baseline[good=above],baseline/8,44,49,bad,toward_bad,False
baseline[good=above],baseline/8,45,49,bad,toward_good,False
baseline[good=above],baseline/8,46,49,bad,toward_bad,False
baseline[good=above],baseline/8,47,49,bad,toward_good,False
baseline[good=above],baseline/8,48,49,bad,,True
baseline[good=below],baseline/8,0,49,good,toward_good,False
baseline[good=below],baseline/8,1,49,good,toward_bad,False
baseline[good=below],baseline/8,2,49,good,toward_good,False
baseline[good=below],baseline/8,3,49,good,toward_bad,False
baseline[good=below],baseline/8,4,49,good,toward_good,False
baseline[good=below],baseline/8,5,49,good,toward_bad,False
baseline[good=below],baseline/8,6,49,good,toward_good,False
baseline[good=below],baseline/8,7,49,good,toward_bad,False
baseline[good=below],baseline/8,8,49,good,toward_bad,False
baseline[good=below],baseline/8,9,49,good,toward_good,False
baseline[good=below],baseline/8,10,49,good,toward_bad,False
baseline[good=below],baseline/8,11,49,good,toward_good,False
baseline[good=below],baseline/8,12,49,good,toward_good,False
baseline[good=below],baseline/8,13,49,good,toward_bad,False
baseline[good=below],baseline/8,14,49,good,toward_bad,False
baseline[good=below],baseline/8,15,49,good,toward_good,False
baseline[good=below],baseline/8,16,49,good,toward_bad,False
baseline[good=below],baseline/8,17,49,good,toward_bad,False
baseline[good=below],baseline/8,18,49,good,toward_good,False
baseline[good=below],baseline/8,19,49,good,toward_good,False
baseline[good=below],baseline/8,20,49,good,toward_bad,False
baseline[good=below],baseline/8,21,49,good,toward_good,False
baseline[good=below],baseline/8,22,49,good,toward_bad,False
baseline[good=below],baseline/8,23,49,good,toward_good,False
baseline[good=below],baseline/8,24,49,good,toward_good,False
baseline[good=below],baseline/8,25,49,good,toward_bad,False
baseline[good=below],baseline/8,26,49,good,toward_bad,False
baseline[good=below],baseline/8,27,49,good,toward_good,False
baseline[good=below],baseline/8,28,49,good,toward_good,False
baseline[good=below],baseline/8,29,49,good,toward_good,False
baseline[good=below],baseline/8,30,49,good,toward_bad,False
baseline[good=below],baseline/8,31,49,good,same,False
baseline[good=below],baseline/8,32,49,good,toward_bad,False
baseline[good=below],baseline/8,33,49,good,toward_good,False
baseline[good=below],baseline/8,34,49,good,toward_bad,False
baseline[good=below],baseline/8,35,49,good,toward_good,False
baseline[good=below],baseline/8,36,49,good,toward_bad,False
baseline[good=below],baseline/8,37,49,good,toward_bad,False
baseline[good=below],baseline/8,38,49,good,toward_good,False
baseline[good=below],baseline/8,39,49,good,toward_bad,False
baseline[good=below],baseline/8,40,49,good,toward_good,False
baseline[good=below],baseline/8,41,49,good,toward_bad,False
baseline[good=below],baseline/8,42,49,good,toward_bad,False
baseline[good=below],baseline/8,43,49,good,toward_bad,False
baseline[good=below],baseline/8,44,49,good,toward_good,False
baseline[good=below],baseline/8,45,49,good,toward_bad,False
baseline[good=below],baseline/8,46,49,good,toward_good,False
baseline[good=below],baseline/8,47,49,good,toward_bad,False
baseline[good=below],baseline/8,48,49,good,,True
baseline[good=above],baseline/10,0,2,good,toward_bad,False
baseline[good=above],baseline/10,1,2,good,,True
baseline[good=below],baseline/10,0,2,bad,toward_good,False
baseline[good=below],baseline/10,1,2,bad,,True
baseline[good=above],baseline/12,0,1,bad,,True
baseline[good=below],baseline/12,0,1,good,,True
baseline[good=above],baseline/13,0,5,good,toward_bad,False
baseline[good=above],baseline/13,1,5,good,toward_good,False
baseline[good=above],baseline/13,2,5,good,toward_good,False
baseline[good=above],baseline/13,3,5,good,toward_bad,False
baseline[good=above],baseline/13,4,5,good,,True
baseline[good=below],baseline/13,0,5,bad,toward_good,False
baseline[good=below],baseline/13,1,5,bad,toward_bad,False
baseline[good=below],baseline/13,2,5,bad,toward_bad,False
baseline[good=below],baseline/13,3,5,bad,toward_good,False
baseline[good=below],baseline/13,4,5,bad,,True
baseline[good=above],baseline/15,0,32,bad,toward_good,False
baseline[good=above],baseline/15,1,32,bad,toward_good,False
baseline[good=above],baseline/15,2,32,good,toward_bad,False
baseline[good=above],baseline/15,3,32,good,toward_good,False
baseline[good=above],baseline/15,4,32,good,toward_good,False
baseline[good=above],baseline/15,5,32,good,toward_bad,False
baseline[good=above],baseline/15,6,32,good,toward_bad,False
baseline[good=above],baseline/15,7,32,good,toward_good,False
baseline[good=above],baseline/15,8,32,good,toward_bad,False
baseline[good=above],baseline/15,9,32,good,toward_good,False
baseline[good=above],baseline/15,10,32,good,toward_good,False
baseline[good=above],baseline/15,11,32,good,toward_bad,False
baseline[good=above],baseline/15,12,32,good,toward_good,False
baseline[good=above],baseline/15,13,32,good,toward_good,False
baseline[good=above],baseline/15,14,32,good,toward_good,False
baseline[good=above],baseline/15,15,32,good,toward_good,False
baseline[good=above],baseline/15,16,32,good,toward_bad,False
baseline[good=above],baseline/15,17,32,good,toward_good,False
baseline[good=above],baseline/15,18,32,good,toward_bad,False
baseline[good=above],baseline/15,19,32,good,toward_bad,False
baseline[good=above],baseline/15,20,32,good,toward_bad,False
baseline[good=above],baseline/15,21,32,good,toward_good,False
baseline[good=above],baseline/15,22,32,good,toward_good,False
baseline[good=above],baseline/15,23,32,good,toward_bad,False
baseline[good=above],baseline/15,24,32,good,toward_bad,False
baseline[good=above],baseline/15,25,32,good,toward_bad,False
baseline[good=above],baseline/15,26,32,good,toward_good,False
baseline[good=above],baseline/15,27,32,good,toward_good,False
baseline[good=above],baseline/15,28,32,good,toward_good,False
baseline[good=above],baseline/15,29,32,good,toward_bad,False
baseline[good=above],baseline/15,30,32,good,toward_good,False
baseline[good=above],baseline/15,31,32,good,,True
baseline[good=below],baseline/15,0,32,good,toward_bad,False
baseline[good=below],baseline/15,1,32,good,toward_bad,False
baseline[good=below],baseline/15,2,32,bad,toward_good,False
baseline[good=below],baseline/15,3,32,bad,toward_bad,False
baseline[good=below],baseline/15,4,32,bad,toward_bad,False
baseline[good=below],baseline/15,5,32,bad,toward_good,False
baseline[good=below],baseline/15,6,32,bad,toward_good,False
baseline[good=below],baseline/15,7,32,bad,toward_bad,False
baseline[good=below],baseline/15,8,32,bad,toward_good,False
baseline[good=below],baseline/15,9,32,bad,toward_bad,False
baseline[good=below],baseline/15,10,32,bad,toward_bad,False
baseline[good=below],baseline/15,11,32,bad,toward_good,False
baseline[good=below],baseline/15,12,32,bad,toward_bad,False
baseline[good=below],baseline/15,13,32,bad,toward_bad,False
baseline[good=below],baseline/15,14,32,bad,toward_bad,False
baseline[good=below],baseline/15,15,32,bad,toward_bad,False
baseline[good=below],baseline/15,16,32,bad,toward_good,False
baseline[good=below],baseline/15,17,32,bad,toward_bad,False
baseline[good=below],baseline/15,18,32,bad,toward_good,False
baseline[good=below],baseline/15,19,32,bad,toward_good,False
baseline[good=below],baseline/15,20,32,bad,toward_good,False
baseline[good=below],baseline/15,21,32,bad,toward_bad,False
baseline[good=below],baseline/15,22,32,bad,toward_bad,False
baseline[good=below],baseline/15,23,32,bad,toward_good,False
baseline[good=below],baseline/15,24,32,bad,toward_good,False
baseline[good=below],baseline/15,25,32,bad,toward_good,False
baseline[good=below],baseline/15,26,32,bad,toward_bad,False
baseline[good=below],baseline/15,27,32,bad,toward_bad,False
baseline[good=below],baseline/15,28,32,bad,toward_bad,False
baseline[good=below],baseline/15,29,32,bad,toward_good,False
baseline[good=below],baseline/15,30,32,bad,toward_bad,False
baseline[good=below],baseline/15,31,32,bad,,True
baseline[good=above],baseline/16,0,37,good,toward_bad,False
baseline[good=above],baseline/16,1,37,good,toward_good,False
baseline[good=above],baseline/16,2,37,good,toward_good,False
baseline[good=above],baseline/16,3,37,good,toward_good,False
baseline[good=above],baseline/16,4,37,good,toward_good,False
baseline[good=above],baseline/16,5,37,good,toward_good,False
baseline[good=above],baseline/16,6,37,good,toward_good,False
baseline[good=above],baseline/16,7,37,good,toward_good,False
baseline[good=above],baseline/16,8,37,good,toward_bad,False
baseline[good=above],baseline/16,9,37,good,toward_good,False
baseline[good=above],baseline/16,10,37,good,toward_bad,False
baseline[good=above],baseline/16,11,37,good,toward_good,False
baseline[good=above],baseline/16,12,37,good,toward_bad,False
baseline[good=above],baseline/16,13,37,good,toward_bad,False
baseline[good=above],baseline/16,14,37,good,toward_good,False
baseline[good=above],baseline/16,15,37,good,toward_good,False
baseline[good=above],baseline/16,16,37,good,toward_bad,False
baseline[good=above],baseline/16,17,37,good,toward_good,False
baseline[good=above],baseline/16,18,37,good,toward_good,False
baseline[good=above],baseline/16,19,37,good,toward_bad,False
baseline[good=above],baseline/16,20,37,good,toward_good,False
baseline[good=above],baseline/16,21,37,good,toward_bad,False
baseline[good=above],baseline/16,22,37,good,toward_bad,False
baseline[good=above],baseline/16,23,37,good,toward_good,False
baseline[good=above],baseline/16,24,37,good,toward_good,False
baseline[good=above],baseline/16,25,37,good,toward_good,False
baseline[good=above],baseline/16,26,37,good,toward_good,False
baseline[good=above],baseline/16,27,37,good,toward_bad,False
baseline[good=above],baseline/16,28,37,good,toward_bad,False
baseline[good=above],baseline/16,29,37,good,toward_good,False
baseline[good=above],baseline/16,30,37,good,toward_good,False
baseline[good=above],baseline/16,31,37,good,toward_bad,False
baseline[good=above],baseline/16,32,37,good,toward_good,False
baseline[good=above],baseline/16,33,37,good,toward_bad,False
baseline[good=above],baseline/16,34,37,good,toward_bad,False
baseline[good=above],baseline/16,35,37,good,toward_good,False
baseline[good=above],baseline/16,36,37,good,,True
baseline[good=below],baseline/16,0,37,bad,toward_good,False
baseline[good=below],baseline/16,1,37,bad,toward_bad,False
baseline[good=below],baseline/16,2,37,bad,toward_bad,False
baseline[good=below],baseline/16,3,37,bad,toward_bad,False
baseline[good=below],baseline/16,4,37,bad,toward_bad,False
baseline[good=below],baseline/16,5,37,bad,toward_bad,False
baseline[good=below],baseline/16,6,37,bad,toward_bad,False
baseline[good=below],baseline/16,7,37,bad,toward_bad,False
baseline[good=below],baseline/16,8,37,bad,toward_good,False
baseline[good=below],baseline/16,9,37,bad,toward_bad,False
baseline[good=below],baseline/16,10,37,bad,toward_good,False
baseline[good=below],baseline/16,11,37,bad,toward_bad,False
baseline[good=below],baseline/16,12,37,bad,toward_good,False
baseline[good=below],baseline/16,13,37,bad,toward_good,False
baseline[good=below],baseline/16,14,37,bad,toward_bad,False
baseline[good=below],baseline/16,15,37,bad,toward_bad,False
baseline[good=below],baseline/16,16,37,bad,toward_good,False
baseline[good=below],baseline/16,17,37,bad,toward_bad,False
baseline[good=below],baseline/16,18,37,bad,toward_bad,False
baseline[good=below],baseline/16,19,37,bad,toward_good,False
baseline[good=below],baseline/16,20,37,bad,toward_bad,False
baseline[good=below],baseline/16,21,37,bad,toward_good,False
baseline[good=below],baseline/16,22,37,bad,toward_good,False
baseline[good=below],baseline/16,23,37,bad,toward_bad,False
baseline[good=below],baseline/16,24,37,bad,toward_bad,False
baseline[good=below],baseline/16,25,37,bad,toward_bad,False
baseline[good=below],baseline/16,26,37,bad,toward_bad,False
baseline[good=below],baseline/16,27,37,bad,toward_good,False
baseline[good=below],baseline/16,28,37,bad,toward_good,False
baseline[good=below],baseline/16,29,37,bad,toward_bad,False
baseline[good=below],baseline/16,30,37,bad,toward_bad,False
baseline[good=below],baseline/16,31,37,bad,toward_good,False
baseline[good=below],baseline/16,32,37,bad,toward_bad,False
baseline[good=below],baseline/16,33,37,bad,toward_good,False
baseline[good=below],baseline/16,34,37,bad,toward_good,False
baseline[good=below],baseline/16,35,37,bad,toward_bad,False
baseline[good=below],baseline/16,36,37,bad,,True
baseline[good=above],baseline/17,0,22,good,toward_good,False
baseline[good=above],baseline/17,1,22,good,toward_bad,False
baseline[good=above],baseline/17,2,22,good,toward_good,False
baseline[good=above],baseline/17,3,22,good,toward_bad,False
baseline[good=above],baseline/17,4,22,good,toward_good,False
baseline[good=above],baseline/17,5,22,good,toward_bad,False
baseline[good=above],baseline/17,6,22,good,toward_bad,False
baseline[good=above],baseline/17,7,22,good,toward_bad,False
baseline[good=above],baseline/17,8,22,good,toward_good,False
baseline[good=above],baseline/17,9,22,good,toward_good,False
baseline[good=above],baseline/17,10,22,good,toward_bad,False
baseline[good=above],baseline/17,11,22,good,toward_bad,False
baseline[good=above],baseline/17,12,22,good,toward_good,False
baseline[good=above],baseline/17,13,22,good,toward_good,False
baseline[good=above],baseline/17,14,22,good,toward_bad,False
baseline[good=above],baseline/17,15,22,good,toward_bad,False
baseline[good=above],baseline/17,16,22,good,toward_bad,False
baseline[good=above],baseline/17,17,22,good,toward_bad,False
baseline[good=above],baseline/17,18,22,good,toward_bad,False
baseline[good=above],baseline/17,19,22,good,toward_good,False
baseline[good=above],baseline/17,20,22,good,toward_bad,False
baseline[good=above],baseline/17,21,22,good,,True
baseline[good=below],baseline/17,0,22,bad,toward_bad,False
baseline[good=below],baseline/17,1,22,bad,toward_good,False
baseline[good=below],baseline/17,2,22,bad,toward_bad,False
baseline[good=below],baseline/17,3,22,bad,toward_good,False
baseline[good=below],baseline/17,4,22,bad,toward_bad,False
baseline[good=below],baseline/17,5,22,bad,toward_good,False
baseline[good=below],baseline/17,6,22,bad,toward_good,False
baseline[good=below],baseline/17,7,22,bad,toward_good,False
baseline[good=below],baseline/17,8,22,bad,toward_bad,False
baseline[good=below],baseline/17,9,22,bad,toward_bad,False
baseline[good=below],baseline/17,10,22,bad,toward_good,False
baseline[good=below],baseline/17,11,22,bad,toward_good,False
baseline[good=below],baseline/17,12,22,bad,toward_bad,False
baseline[good=below],baseline/17,13,22,bad,toward_bad,False
baseline[good=below],baseline/17,14,22,bad,toward_good,False
baseline[good=below],baseline/17,15,22,bad,toward_good,False
baseline[good=below],baseline/17,16,22,bad,toward_good,False
baseline[good=below],baseline/17,17,22,bad,toward_good,False
baseline[good=below],baseline/17,18,22,bad,toward_good,False
baseline[good=below],baseline/17,19,22,bad,toward_bad,False
baseline[good=below],baseline/17,20,22,bad,toward_good,False
baseline[good=below],baseline/17,21,22,bad,,True
baseline[good=above],baseline/18,0,5,good,toward_bad,False
baseline[good=above],baseline/18,1,5,good,toward_bad,False
baseline[good=above],baseline/18,2,5,good,toward_good,False
baseline[good=above],baseline/18,3,5,good,toward_good,False
baseline[good=above],baseline/18,4,5,good,,True
baseline[good=below],baseline/18,0,5,bad,toward_good,False
baseline[good=below],baseline/18,1,5,bad,toward_good,False
baseline[good=below],baseline/18,2,5,bad,toward_bad,False
baseline[good=below],baseline/18,3,5,bad,toward_bad,False
baseline[good=below],baseline/18,4,5,bad,,True
baseline[good=above],baseline/19,0,10,bad,toward_bad,False
baseline[good=above],baseline/19,1,10,bad,toward_bad,False
baseline[good=above],baseline/19,2,10,bad,toward_good,False
baseline[good=above],baseline/19,3,10,bad,toward_good,False
baseline[good=above],baseline/19,4,10,bad,toward_bad,False
baseline[good=above],baseline/19,5,10,bad,toward_good,False
baseline[good=above],baseline/19,6,10,bad,toward_bad,False
baseline[good=above],baseline/19,7,10,bad,toward_good,False
baseline[good=above],baseline/19,8,10,bad,toward_good,False
baseline[good=above],baseline/19,9,10,bad,,True
baseline[good=below],baseline/19,0,10,good,toward_good,False
baseline[good=below],baseline/19,1,10,good,toward_good,False
baseline[good=below],baseline/19,2,10,good,toward_bad,False
baseline[good=below],baseline/19,3,10,good,toward_bad,False
baseline[good=below],baseline/19,4,10,good,toward_good,False
baseline[good=below],baseline/19,5,10,good,toward_bad,False
baseline[good=below],baseline/19,6,10,good,toward_good,False
baseline[good=below],baseline/19,7,10,good,toward_bad,False
baseline[good=below],baseline/19,8,10,good,toward_bad,False
baseline[good=below],baseline/19,9,10,good,,True
baseline[good=above],baseline/20,0,24,good,toward_good,False
baseline[good=above],baseline/20,1,24,good,toward_good,False
baseline[good=above],baseline/20,2,24,good,toward_good,False
baseline[good=above],baseline/20,3,24,good,toward_bad,False
baseline[good=above],baseline/20,4,24,good,toward_bad,False
baseline[good=above],baseline/20,5,24,good,toward_good,False
baseline[good=above],baseline/20,6,24,good,toward_bad,False
baseline[good=above],baseline/20,7,24,good,toward_good,False
baseline[good=above],baseline/20,8,24,good,toward_bad,False
baseline[good=above],baseline/20,9,24,good,toward_bad,False
baseline[good=above],baseline/20,10,24,good,toward_good,False
baseline[good=above],baseline/20,11,24,good,toward_good,False
baseline[good=above],baseline/20,12,24,good,toward_good,False
baseline[good=above],baseline/20,13,24,good,toward_good,False
baseline[good=above],baseline/20,14,24,good,toward_bad,False
baseline[good=above],baseline/20,15,24,good,toward_good,False
baseline[good=above],baseline/20,16,24,good,toward_bad,False
baseline[good=above],baseline/20,17,24,good,toward_good,False
baseline[good=above],baseline/20,18,24,good,toward_good,False
baseline[good=above],baseline/20,19,24,good,toward_bad,False
baseline[good=above],baseline/20,20,24,good,toward_bad,False
baseline[good=above],baseline/20,21,24,good,toward_good,False
baseline[good=above],baseline/20,22,24,good,toward_bad,False
baseline[good=above],baseline/20,23,24,good,,True
baseline[good=below],baseline/20,0,24,bad,toward_bad,False
baseline[good=below],baseline/20,1,24,bad,toward_bad,False
baseline[good=below],baseline/20,2,24,bad,toward_bad,False
baseline[good=below],baseline/20,3,24,bad,toward_good,False
baseline[good=below],baseline/20,4,24,bad,toward_good,False
baseline[good=below],baseline/20,5,24,bad,toward_bad,False
baseline[good=below],baseline/20,6,24,bad,toward_good,False
baseline[good=below],baseline/20,7,24,bad,toward_bad,False
baseline[good=below],baseline/20,8,24,bad,toward_good,False
baseline[good=below],baseline/20,9,24,bad,toward_good,False
baseline[good=below],baseline/20,10,24,bad,toward_bad,False
baseline[good=below],baseline/20,11,24,bad,toward_bad,False
baseline[good=below],baseline/20,12,24,bad,toward_bad,False
baseline[good=below],baseline/20,13,24,bad,toward_bad,False
baseline[good=below],baseline/20,14,24,bad,toward_good,False
baseline[good=below],baseline/20,15,24,bad,toward_bad,False
baseline[good=below],baseline/20,16,24,bad,toward_good,False
baseline[good=below],baseline/20,17,24,bad,toward_bad,False
baseline[good=below],baseline/20,18,24,bad,toward_bad,False
baseline[good=below],baseline/20,19,24,bad,toward_good,False
baseline[good=below],baseline/20,20,24,bad,toward_good,False
baseline[good=below],baseline/20,21,24,bad,toward_bad,False
baseline[good=below],baseline/20,22,24,bad,toward_good,False
baseline[good=below],baseline/20,23,24,bad,,True
baseline[good=above],baseline/21,0,6,bad,toward_bad,False
baseline[good=above],baseline/21,1,6,bad,toward_good,False
baseline[good=above],baseline/21,2,6,bad,toward_bad,False
baseline[good=above],baseline/21,3,6,bad,toward_bad,False
baseline[good=above],baseline/21,4,6,bad,toward_bad,False
baseline[good=above],baseline/21,5,6,bad,,True
baseline[good=below],baseline/21,0,6,good,toward_good,False
baseline[good=below],baseline/21,1,6,good,toward_bad,False
baseline[good=below],baseline/21,2,6,good,toward_good,False
baseline[good=below],baseline/21,3,6,good,toward_good,False
baseline[good=below],baseline/21,4,6,good,toward_good,False
baseline[good=below],baseline/21,5,6,good,,True
baseline[good=above],baseline/22,0,42,bad,toward_good,False
baseline[good=above],baseline/22,1,42,bad,toward_bad,False
baseline[good=above],baseline/22,2,42,bad,toward_good,False
baseline[good=above],baseline/22,3,42,bad,toward_bad,False
baseline[good=above],baseline/22,4,42,bad,toward_bad,False
baseline[good=above],baseline/22,5,42,bad,toward_good,False
baseline[good=above],baseline/22,6,42,bad,toward_good,False
baseline[good=above],baseline/22,7,42,bad,toward_good,False
baseline[good=above],baseline/22,8,42,bad,toward_good,False
baseline[good=above],baseline/22,9,42,bad,toward_good,False
baseline[good=above],baseline/22,10,42,bad,toward_bad,False
baseline[good=above],baseline/22,11,42,bad,toward_bad,False
baseline[good=above],baseline/22,12,42,bad,toward_good,False
baseline[good=above],baseline/22,13,42,bad,toward_bad,False
baseline[good=above],baseline/22,14,42,bad,toward_good,False
baseline[good=above],baseline/22,15,42,bad,toward_good,False
baseline[good=above],baseline/22,16,42,bad,toward_bad,False
baseline[good=above],baseline/22,17,42,bad,toward_bad,False
baseline[good=above],baseline/22,18,42,bad,toward_bad,False
baseline[good=above],baseline/22,19,42,bad,toward_good,False
baseline[good=above],baseline/22,20,42,bad,toward_good,False
baseline[good=above],baseline/22,21,42,bad,toward_good,False
baseline[good=above],baseline/22,22,42,bad,toward_bad,False
baseline[good=above],baseline/22,23,42,bad,toward_good,False
baseline[good=above],baseline/22,24,42,bad,toward_good,False
baseline[good=above],baseline/22,25,42,bad,toward_good,False
baseline[good=above],baseline/22,26,42,bad,toward_bad,False
baseline[good=above],baseline/22,27,42,bad,toward_bad,False
baseline[good=above],baseline/22,28,42,bad,toward_good,False
baseline[good=above],baseline/22,29,42,bad,toward_good,False
baseline[good=above],baseline/22,30,42,bad,toward_bad,False
baseline[good=above],baseline/22,31,42,bad,toward_good,False
baseline[good=above],baseline/22,32,42,bad,toward_good,False
baseline[good=above],baseline/22,33,42,bad,toward_bad,False
baseline[good=above],baseline/22,34,42,bad,toward_good,False
baseline[good=above],baseline/22,35,42,bad,toward_good,False
baseline[good=above],baseline/22,36,42,bad,same,False
baseline[good=above],baseline/22,37,42,bad,toward_bad,False
baseline[good=above],baseline/22,38,42,bad,toward_bad,False
baseline[good=above],baseline/22,39,42,bad,toward_bad,False
baseline[good=above],baseline/22,40,42,bad,toward_bad,False
baseline[good=above],baseline/22,41,42,bad,,True
baseline[good=below],baseline/22,0,42,good,toward_bad,False
baseline[good=below],baseline/22,1,42,good,toward_good,False
baseline[good=below],baseline/22,2,42,good,toward_bad,False
baseline[good=below],baseline/22,3,42,good,toward_good,False
baseline[good=below],baseline/22,4,42,good,toward_good,False
baseline[good=below],baseline/22,5,42,good,toward_bad,False
baseline[good=below],baseline/22,6,42,good,toward_bad,False
baseline[good=below],baseline/22,7,42,good,toward_bad,False
baseline[good=below],baseline/22,8,42,good,toward_bad,False
baseline[good=below],baseline/22,9,42,good,toward_bad,False
baseline[good=below],baseline/22,10,42,good,toward_good,False
baseline[good=below],baseline/22,11,42,good,toward_good,False
baseline[good=below],baseline/22,12,42,good,toward_bad,False
baseline[good=below],baseline/22,13,42,good,toward_good,False
baseline[good=below],baseline/22,14,42,good,toward_bad,False
baseline[good=below],baseline/22,15,42,good,toward_bad,False
baseline[good=below],baseline/22,16,42,good,toward_good,False
baseline[good=below],baseline/22,17,42,good,toward_good,False
baseline[good=below],baseline/22,18,42,good,toward_good,False
baseline[good=below],baseline/22,19,42,good,toward_bad,False
baseline[good=below],baseline/22,20,42,good,toward_bad,False
baseline[good=below],baseline/22,21,42,good,toward_bad,False
baseline[good=below],baseline/22,22,42,good,toward_good,False
baseline[good=below],baseline/22,23,42,good,toward_bad,False
baseline[good=below],baseline/22,24,42,good,toward_bad,False
baseline[good=below],baseline/22,25,42,good,toward_bad,False
baseline[good=below],baseline/22,26,42,good,toward_good,False
baseline[good=below],baseline/22,27,42,good,toward_good,False
baseline[good=below],baseline/22,28,42,good,toward_bad,False
baseline[good=below],baseline/22,29,42,good,toward_bad,False
baseline[good=below],baseline/22,30,42,good,toward_good,False
baseline[good=below],baseline/22,31,42,good,toward_bad,False
baseline[good=below],baseline/22,32,42,good,toward_bad,False
baseline[good=below],baseline/22,33,42,good,toward_good,False
baseline[good=below],baseline/22,34,42,good,toward_bad,False
baseline[good=below],baseline/22,35,42,good,toward_bad,False
baseline[good=below],baseline/22,36,42,good,same,False
baseline[good=below],baseline/22,37,42,good,toward_good,False
baseline[good=below],baseline/22,38,42,good,toward_good,False
baseline[good=below],baseline/22,39,42,good,toward_good,False
baseline[good=below],baseline/22,40,42,good,toward_good,False
baseline[good=below],baseline/22,41,42,good,,True
baseline[good=above],baseline/23,0,28,good,toward_bad,False
baseline[good=above],baseline/23,1,28,good,toward_good,False
baseline[good=above],baseline/23,2,28,good,toward_good,False
baseline[good=above],baseline/23,3,28,good,toward_bad,False
baseline[good=above],baseline/23,4,28,good,toward_bad,False
baseline[good=above],baseline/23,5,28,good,toward_good,False
baseline[good=above],baseline/23,6,28,good,toward_bad,False
baseline[good=above],baseline/23,7,28,good,toward_bad,False
baseline[good=above],baseline/23,8,28,good,toward_good,False
baseline[good=above],baseline/23,9,28,good,toward_bad,False
baseline[good=above],baseline/23,10,28,good,toward_bad,False
baseline[good=above],baseline/23,11,28,good,toward_bad,False
baseline[good=above],baseline/23,12,28,good,toward_good,False
baseline[good=above],baseline/23,13,28,good,toward_bad,False
baseline[good=above],baseline/23,14,28,good,toward_good,False
baseline[good=above],baseline/23,15,28,good,toward_bad,False
baseline[good=above],baseline/23,16,28,good,toward_good,False
baseline[good=above],baseline/23,17,28,good,toward_good,False
baseline[good=above],baseline/23,18,28,good,toward_good,False
baseline[good=above],baseline/23,19,28,good,toward_bad,False
baseline[good=above],baseline/23,20,28,good,toward_bad,False
baseline[good=above],baseline/23,21,28,good,toward_bad,False
baseline[good=above],baseline/23,22,28,good,toward_good,False
baseline[good=above],baseline/23,23,28,good,toward_bad,False
baseline[good=above],baseline/23,24,28,good,toward_good,False
baseline[good=above],baseline/23,25,28,good,toward_bad,False
baseline[good=above],baseline/23,26,28,good,toward_bad,False
baseline[good=above],baseline/23,27,28,good,,True
baseline[good=below],baseline/23,0,28,bad,toward_good,False
baseline[good=below],baseline/23,1,28,bad,toward_bad,False
baseline[good=below],baseline/23,2,28,bad,toward_bad,False
baseline[good=below],baseline/23,3,28,bad,toward_good,False
baseline[good=below],baseline/23,4,28,bad,toward_good,False
baseline[good=below],baseline/23,5,28,bad,toward_bad,False
baseline[good=below],baseline/23,6,28,bad,toward_good,False
baseline[good=below],baseline/23,7,28,bad,toward_good,False
baseline[good=below],baseline/23,8,28,bad,toward_bad,False
baseline[good=below],baseline/23,9,28,bad,toward_good,False
baseline[good=below],baseline/23,10,28,bad,toward_good,False
baseline[good=below],baseline/23,11,28,bad,toward_good,False
baseline[good=below],baseline/23,12,28,bad,toward_bad,False
baseline[good=below],baseline/23,13,28,bad,toward_good,False
baseline[good=below],baseline/23,14,28,bad,toward_bad,False
baseline[good=below],baseline/23,15,28,bad,toward_good,False
baseline[good=below],baseline/23,16,28,bad,toward_bad,False
baseline[good=below],baseline/23,17,28,bad,toward_bad,False
baseline[good=below],baseline/23,18,28,bad,toward_bad,False
baseline[good=below],baseline/23,19,28,bad,toward_good,False
baseline[good=below],baseline/23,20,28,bad,toward_good,False
baseline[good=below],baseline/23,21,28,bad,toward_good,False
baseline[good=below],baseline/23,22,28,bad,toward_bad,False
baseline[good=below],baseline/23,23,28,bad,toward_good,False
baseline[good=below],baseline/23,24,28,bad,toward_bad,False
baseline[good=below],baseline/23,25,28,bad,toward_good,False
baseline[good=below],baseline/23,26,28,bad,toward_good,False
baseline[good=below],baseline/23,27,28,bad,,True
baseline[good=above],baseline/24,0,28,bad,toward_bad,False
baseline[good=above],baseline/24,1,28,bad,toward_bad,False
baseline[good=above],baseline/24,2,28,bad,toward_bad,False
baseline[good=above],baseline/24,3,28,bad,toward_good,False
baseline[good=above],baseline/24,4,28,bad,toward_good,False
baseline[good=above],baseline/24,5,28,bad,toward_good,False
baseline[good=above],baseline/24,6,28,bad,toward_bad,False
baseline[good=above],baseline/24,7,28,bad,toward_good,False
baseline[good=above],baseline/24,8,28,bad,toward_bad,False
baseline[good=above],baseline/24,9,28,bad,toward_good,False
baseline[good=above],baseline/24,10,28,bad,toward_good,False
baseline[good=above],baseline/24,11,28,bad,toward_bad,False
baseline[good=above],baseline/24,12,28,bad,toward_bad,False
baseline[good=above],baseline/24,13,28,bad,toward_bad,False
baseline[good=above],baseline/24,14,28,bad,toward_good,False
baseline[good=above],baseline/24,15,28,bad,toward_good,False
baseline[good=above],baseline/24,16,28,bad,toward_bad,False
baseline[good=above],baseline/24,17,28,bad,toward_good,False
baseline[good=above],baseline/24,18,28,bad,toward_good,False
baseline[good=above],baseline/24,19,28,bad,toward_good,False
baseline[good=above],baseline/24,20,28,bad,toward_bad,False
baseline[good=above],baseline/24,21,28,bad,toward_good,False
baseline[good=above],baseline/24,22,28,bad,toward_good,False
baseline[good=above],baseline/24,23,28,bad,toward_good,False
baseline[good=above],baseline/24,24,28,bad,toward_bad,False
baseline[good=above],baseline/24,25,28,bad,toward_good,False
baseline[good=above],baseline/24,26,28,bad,toward_bad,False
baseline[good=above],baseline/24,27,28,bad,,True
baseline[good=below],baseline/24,0,28,good,toward_good,False
baseline[good=below],baseline/24,1,28,good,toward_good,False
baseline[good=below],baseline/24,2,28,good,toward_good,False
baseline[good=below],baseline/24,3,28,good,toward_bad,False
baseline[good=below],baseline/24,4,28,good,toward_bad,False
baseline[good=below],baseline/24,5,28,good,toward_bad,False
baseline[good=below],baseline/24,6,28,good,toward_good,False
baseline[good=below],baseline/24,7,28,good,toward_bad,False
baseline[good=below],baseline/24,8,28,good,toward_good,False
baseline[good=below],baseline/24,9,28,good,toward_bad,False
baseline[good=below],baseline/24,10,28,good,toward_bad,False
baseline[good=below],baseline/24,11,28,good,toward_good,False
baseline[good=below],baseline/24,12,28,good,toward_good,False
baseline[good=below],baseline/24,13,28,good,toward_good,False
baseline[good=below],baseline/24,14,28,good,toward_bad,False
baseline[good=below],baseline/24,15,28,good,toward_bad,False
baseline[good=below],baseline/24,16,28,good,toward_good,False
baseline[good=below],baseline/24,17,28,good,toward_bad,False
baseline[good=below],baseline/24,18,28,good,toward_bad,False
baseline[good=below],baseline/24,19,28,good,toward_bad,False
baseline[good=below],baseline/24,20,28,good,toward_good,False
baseline[good=below],baseline/24,21,28,good,toward_bad,False
baseline[good=below],baseline/24,22,28,good,toward_bad,False
baseline[good=below],baseline/24,23,28,good,toward_bad,False
baseline[good=below],baseline/24,24,28,good,toward_good,False
baseline[good=below],baseline/24,25,28,good,toward_bad,False
baseline[good=below],baseline/24,26,28,good,toward_good,False
baseline[good=below],baseline/24,27,28,good,,True
baseline[good=above],baseline/25,0,26,good,toward_good,False
baseline[good=above],baseline/25,1,26,good,toward_bad,False
baseline[good=above],baseline/25,2,26,good,toward_bad,False
baseline[good=above],baseline/25,3,26,good,toward_good,False
baseline[good=above],baseline/25,4,26,good,toward_good,False
baseline[good=above],baseline/25,5,26,good,toward_bad,False
baseline[good=above],baseline/25,6,26,good,toward_good,False
baseline[good=above],baseline/25,7,26,good,toward_bad,False
baseline[good=above],baseline/25,8,26,good,toward_bad,False
baseline[good=above],baseline/25,9,26,good,toward_good,False
baseline[good=above],baseline/25,10,26,good,toward_bad,False
baseline[good=above],baseline/25,11,26,good,toward_bad,False
baseline[good=above],baseline/25,12,26,good,toward_bad,False
baseline[good=above],baseline/25,13,26,good,toward_good,False
baseline[good=above],baseline/25,14,26,good,toward_bad,False
baseline[good=above],baseline/25,15,26,good,toward_good,False
baseline[good=above],baseline/25,16,26,good,toward_bad,False
baseline[good=above],baseline/25,17,26,good,toward_good,False
baseline[good=above],baseline/25,18,26,good,toward_bad,False
baseline[good=above],baseline/25,19,26,good,toward_good,False
baseline[good=above],baseline/25,20,26,good,toward_bad,False
baseline[good=above],baseline/25,21,26,good,toward_good,False
baseline[good=above],baseline/25,22,26,good,toward_good,False
baseline[good=above],baseline/25,23,26,good,toward_good,False
baseline[good=above],baseline/25,24,26,good,toward_bad,False
baseline[good=above],baseline/25,25,26,good,,True
baseline[good=below],baseline/25,0,26,bad,toward_bad,False
baseline[good=below],baseline/25,1,26,bad,toward_good,False
baseline[good=below],baseline/25,2,26,bad,toward_good,False
baseline[good=below],baseline/25,3,26,bad,toward_bad,False
baseline[good=below],baseline/25,4,26,bad,toward_bad,False
baseline[good=below],baseline/25,5,26,bad,toward_good,False
baseline[good=below],baseline/25,6,26,bad,toward_bad,False
baseline[good=below],baseline/25,7,26,bad,toward_good,False
baseline[good=below],baseline/25,8,26,bad,toward_good,False
baseline[good=below],baseline/25,9,26,bad,toward_bad,False
baseline[good=below],baseline/25,10,26,bad,toward_good,False
baseline[good=below],baseline/25,11,26,bad,toward_good,False
baseline[good=below],baseline/25,12,26,bad,toward_good,False
baseline[good=below],baseline/25,13,26,bad,toward_bad,False
baseline[good=below],baseline/25,14,26,bad,toward_good,False
baseline[good=below],baseline/25,15,26,bad,toward_bad,False
baseline[good=below],baseline/25,16,26,bad,toward_good,False
baseline[good=below],baseline/25,17,26,bad,toward_bad,False
baseline[good=below],baseline/25,18,26,bad,toward_good,False
baseline[good=below],baseline/25,19,26,bad,toward_bad,False
baseline[good=below],baseline/25,20,26,bad,toward_good,False
baseline[good=below],baseline/25,21,26,bad,toward_bad,False
baseline[good=below],baseline/25,22,26,bad,toward_bad,False
baseline[good=below],baseline/25,23,26,bad,toward_bad,False
baseline[good=below],baseline/25,24,26,bad,toward_good,False
baseline[good=below],baseline/25,25,26,bad,,True
baseline[good=above],baseline/26,0,31,good,toward_good,False
baseline[good=above],baseline/26,1,31,good,toward_bad,False
baseline[good=above],baseline/26,2,31,good,toward_good,False
baseline[good=above],baseline/26,3,31,good,toward_good,False
baseline[good=above],baseline/26,4,31,good,toward_bad,False
baseline[good=above],baseline/26,5,31,good,toward_good,False
baseline[good=above],baseline/26,6,31,good,toward_good,False
baseline[good=above],baseline/26,7,31,good,toward_good,False
baseline[good=above],baseline/26,8,31,good,toward_good,False
baseline[good=above],baseline/26,9,31,good,toward_bad,False
baseline[good=above],baseline/26,10,31,good,toward_good,False
baseline[good=above],baseline/26,11,31,good,toward_good,False
baseline[good=above],baseline/26,12,31,good,toward_good,False
baseline[good=above],baseline/26,13,31,good,toward_bad,False
baseline[good=above],baseline/26,14,31,good,toward_good,False
baseline[good=above],baseline/26,15,31,good,toward_good,False
baseline[good=above],baseline/26,16,31,good,toward_bad,False
baseline[good=above],baseline/26,17,31,good,toward_good,False
baseline[good=above],baseline/26,18,31,good,toward_good,False
baseline[good=above],baseline/26,19,31,good,toward_good,False
baseline[good=above],baseline/26,20,31,good,toward_good,False
baseline[good=above],baseline/26,21,31,good,toward_bad,False
baseline[good=above],baseline/26,22,31,good,toward_good,False
baseline[good=above],baseline/26,23,31,good,toward_good,False
baseline[good=above],baseline/26,24,31,good,toward_bad,False
baseline[good=above],baseline/26,25,31,good,toward_good,False
baseline[good=above],baseline/26,26,31,good,toward_bad,False
baseline[good=above],baseline/26,27,31,good,toward_good,False
baseline[good=above],baseline/26,28,31,good,toward_bad,False
baseline[good=above],baseline/26,29,31,good,toward_bad,False
baseline[good=above],baseline/26,30,31,good,,True
baseline[good=below],baseline/26,0,31,bad,toward_bad,False
baseline[good=below],baseline/26,1,31,bad,toward_good,False
baseline[good=below],baseline/26,2,31,bad,toward_bad,False
baseline[good=below],baseline/26,3,31,bad,toward_bad,False
baseline[good=below],baseline/26,4,31,bad,toward_good,False
baseline[good=below],baseline/26,5,31,bad,toward_bad,False
baseline[good=below],baseline/26,6,31,bad,toward_bad,False
baseline[good=below],baseline/26,7,31,bad,toward_bad,False
baseline[good=below],baseline/26,8,31,bad,toward_bad,False
baseline[good=below],baseline/26,9,31,bad,toward_good,False
baseline[good=below],baseline/26,10,31,bad,toward_bad,False
baseline[good=below],baseline/26,11,31,bad,toward_bad,False
baseline[good=below],baseline/26,12,31,bad,toward_bad,False
baseline[good=below],baseline/26,13,31,bad,toward_good,False
baseline[good=below],baseline/26,14,31,bad,toward_bad,False
baseline[good=below],baseline/26,15,31,bad,toward_bad,False
baseline[good=below],baseline/26,16,31,bad,toward_good,False
baseline[good=below],baseline/26,17,31,bad,toward_bad,False
baseline[good=below],baseline/26,18,31,bad,toward_bad,False
baseline[good=below],baseline/26,19,31,bad,toward_bad,False
baseline[good=below],baseline/26,20,31,bad,toward_bad,False
baseline[good=below],baseline/26,21,31,bad,toward_good,False
baseline[good=below],baseline/26,22,31,bad,toward_bad,False
baseline[good=below],baseline/26,23,31,bad,toward_bad,False
baseline[good=below],baseline/26,24,31,bad,toward_good,False
baseline[good=below],baseline/26,25,31,bad,toward_bad,False
baseline[good=below],baseline/26,26,31,bad,toward_good,False
baseline[good=below],baseline/26,27,31,bad,toward_bad,False
baseline[good=below],baseline/26,28,31,bad,toward_good,False
baseline[good=below],baseline/26,29,31,bad,toward_good,False
baseline[good=below],baseline/26,30,31,bad,,True
baseline[good=above],baseline/27,0,36,good,toward_bad,False
baseline[good=above],baseline/27,1,36,good,toward_bad,False
baseline[good=above],baseline/27,2,36,good,toward_good,False
baseline[good=above],baseline/27,3,36,good,toward_good,False
baseline[good=above],baseline/27,4,36,good,toward_bad,False
baseline[good=above],baseline/27,5,36,good,toward_good,False
baseline[good=above],baseline/27,6,36,good,toward_good,False
baseline[good=above],baseline/27,7,36,good,toward_good,False
baseline[good=above],baseline/27,8,36,good,toward_good,False
baseline[good=above],baseline/27,9,36,good,toward_bad,False
baseline[good=above],baseline/27,10,36,good,toward_bad,False
baseline[good=above],baseline/27,11,36,good,toward_bad,False
baseline[good=above],baseline/27,12,36,good,toward_good,False
baseline[good=above],baseline/27,13,36,good,toward_bad,False
baseline[good=above],baseline/27,14,36,good,toward_bad,False
baseline[good=above],baseline/27,15,36,good,toward_bad,False
baseline[good=above],baseline/27,16,36,good,toward_bad,False
baseline[good=above],baseline/27,17,36,good,toward_bad,False
baseline[good=above],baseline/27,18,36,good,toward_good,False
baseline[good=above],baseline/27,19,36,good,toward_good,False
baseline[good=above],baseline/27,20,36,good,toward_bad,False
baseline[good=above],baseline/27,21,36,good,toward_good,False
baseline[good=above],baseline/27,22,36,good,toward_good,False
baseline[good=above],baseline/27,23,36,good,toward_bad,False
baseline[good=above],baseline/27,24,36,good,toward_good,False
baseline[good=above],baseline/27,25,36,good,toward_bad,False
baseline[good=above],baseline/27,26,36,good,toward_bad,False
baseline[good=above],baseline/27,27,36,good,toward_good,False
baseline[good=above],baseline/27,28,36,good,toward_bad,False
baseline[good=above],baseline/27,29,36,good,toward_bad,False
baseline[good=above],baseline/27,30,36,good,toward_bad,False
baseline[good=above],baseline/27,31,36,good,toward_good,False
baseline[good=above],baseline/27,32,36,good,toward_bad,False
baseline[good=above],baseline/27,33,36,good,toward_bad,False
baseline[good=above],baseline/27,34,36,good,toward_good,False
baseline[good=above],baseline/27,35,36,good,,True
baseline[good=below],baseline/27,0,36,bad,toward_good,False
baseline[good=below],baseline/27,1,36,bad,toward_good,False
baseline[good=below],baseline/27,2,36,bad,toward_bad,False
baseline[good=below],baseline/27,3,36,bad,toward_bad,False
baseline[good=below],baseline/27,4,36,bad,toward_good,False
baseline[good=below],baseline/27,5,36,bad,toward_bad,False
baseline[good=below],baseline/27,6,36,bad,toward_bad,False
baseline[good=below],baseline/27,7,36,bad,toward_bad,False
baseline[good=below],baseline/27,8,36,bad,toward_bad,False
baseline[good=below],baseline/27,9,36,bad,toward_good,False
baseline[good=below],baseline/27,10,36,bad,toward_good,False
baseline[good=below],baseline/27,11,36,bad,toward_good,False
baseline[good=below],baseline/27,12,36,bad,toward_bad,False
baseline[good=below],baseline/27,13,36,bad,toward_good,False
baseline[good=below],baseline/27,14,36,bad,toward_good,False
baseline[good=below],baseline/27,15,36,bad,toward_good,False
baseline[good=below],baseline/27,16,36,bad,toward_good,False
baseline[good=below],baseline/27,17,36,bad,toward_good,False
baseline[good=below],baseline/27,18,36,bad,toward_bad,False
baseline[good=below],baseline/27,19,36,bad,toward_bad,False
baseline[good=below],baseline/27,20,36,bad,toward_good,False
baseline[good=below],baseline/27,21,36,bad,toward_bad,False
baseline[good=below],baseline/27,22,36,bad,toward_bad,False
baseline[good=below],baseline/27,23,36,bad,toward_good,False
baseline[good=below],baseline/27,24,36,bad,toward_bad,False
baseline[good=below],baseline/27,25,36,bad,toward_good,False
baseline[good=below],baseline/27,26,36,bad,toward_good,False
baseline[good=below],baseline/27,27,36,bad,toward_bad,False
baseline[good=below],baseline/27,28,36,bad,toward_good,False
baseline[good=below],baseline/27,29,36,bad,toward_good,False
baseline[good=below],baseline/27,30,36,bad,toward_good,False
baseline[good=below],baseline/27,31,36,bad,toward_bad,False
baseline[good=below],baseline/27,32,36,bad,toward_good,False
baseline[good=below],baseline/27,33,36,bad,toward_good,False
baseline[good=below],baseline/27,34,36,bad,toward_bad,False
baseline[good=below],baseline/27,35,36,bad,,True
baseline[good=above],baseline/28,0,26,bad,toward_bad,False
baseline[good=above],baseline/28,1,26,bad,toward_good,False
baseline[good=above],baseline/28,2,26,bad,toward_good,False
baseline[good=above],baseline/28,3,26,bad,toward_good,False
baseline[good=above],baseline/28,4,26,bad,toward_good,False
baseline[good=above],baseline/28,5,26,bad,toward_bad,False
baseline[good=above],baseline/28,6,26,bad,toward_bad,False
baseline[good=above],baseline/28,7,26,bad,toward_bad,False
baseline[good=above],baseline/28,8,26,bad,toward_good,False
baseline[good=above],baseline/28,9,26,bad,toward_good,False
baseline[good=above],baseline/28,10,26,bad,toward_bad,False
baseline[good=above],baseline/28,11,26,bad,toward_bad,False
baseline[good=above],baseline/28,12,26,bad,toward_good,False
baseline[good=above],baseline/28,13,26,bad,toward_bad,False
baseline[good=above],baseline/28,14,26,bad,toward_good,False
baseline[good=above],baseline/28,15,26,bad,toward_bad,False
baseline[good=above],baseline/28,16,26,bad,toward_bad,False
baseline[good=above],baseline/28,17,26,bad,toward_bad,False
baseline[good=above],baseline/28,18,26,bad,toward_good,False
baseline[good=above],baseline/28,19,26,bad,toward_good,False
baseline[good=above],baseline/28,20,26,bad,toward_good,False
baseline[good=above],baseline/28,21,26,bad,toward_good,False
baseline[good=above],baseline/28,22,26,bad,toward_good,False
baseline[good=above],baseline/28,23,26,bad,toward_bad,False
baseline[good=above],baseline/28,24,26,bad,toward_good,False
baseline[good=above],baseline/28,25,26,bad,,True
baseline[good=below],baseline/28,0,26,good,toward_good,False
baseline[good=below],baseline/28,1,26,good,toward_bad,False
baseline[good=below],baseline/28,2,26,good,toward_bad,False
baseline[good=below],baseline/28,3,26,good,toward_bad,False
baseline[good=below],baseline/28,4,26,good,toward_bad,False
baseline[good=below],baseline/28,5,26,good,toward_good,False
baseline[good=below],baseline/28,6,26,good,toward_good,False
baseline[good=below],baseline/28,7,26,good,toward_good,False
baseline[good=below],baseline/28,8,26,good,toward_bad,False
baseline[good=below],baseline/28,9,26,good,toward_bad,False
baseline[good=below],baseline/28,10,26,good,toward_good,False
baseline[good=below],baseline/28,11,26,good,toward_good,False
baseline[good=below],baseline/28,12,26,good,toward_bad,False
baseline[good=below],baseline/28,13,26,good,toward_good,False
baseline[good=below],baseline/28,14,26,good,toward_bad,False
baseline[good=below],baseline/28,15,26,good,toward_good,False
baseline[good=below],baseline/28,16,26,good,toward_good,False
baseline[good=below],baseline/28,17,26,good,toward_good,False
baseline[good=below],baseline/28,18,26,good,toward_bad,False
baseline[good=below],baseline/28,19,26,good,toward_bad,False
baseline[good=below],baseline/28,20,26,good,toward_bad,False
baseline[good=below],baseline/28,21,26,good,toward_bad,False
baseline[good=below],baseline/28,22,26,good,toward_bad,False
baseline[good=below],baseline/28,23,26,good,toward_good,False
baseline[good=below],baseline/28,24,26,good,toward_bad,False
baseline[good=below],baseline/28,25,26,good,,True
baseline[good=above],baseline/29,0,16,bad,toward_bad,False
baseline[good=above],baseline/29,1,16,bad,toward_good,False
baseline[good=above],baseline/29,2,16,good,toward_bad,False
baseline[good=above],baseline/29,3,16,good,toward_good,False
baseline[good=above],baseline/29,4,16,good,toward_bad,False
baseline[good=above],baseline/29,5,16,good,toward_good,False
baseline[good=above],baseline/29,6,16,good,toward_good,False
baseline[good=above],baseline/29,7,16,good,toward_good,False
baseline[good=above],baseline/29,8,16,good,toward_bad,False
baseline[good=above],baseline/29,9,16,good,toward_bad,False
baseline[good=above],baseline/29,10,16,good,toward_good,False
baseline[good=above],baseline/29,11,16,good,toward_bad,False
baseline[good=above],baseline/29,12,16,good,toward_good,False
baseline[good=above],baseline/29,13,16,good,toward_bad,False
baseline[good=above],baseline/29,14,16,good,toward_bad,False
baseline[good=above],baseline/29,15,16,good,,True
baseline[good=below],baseline/29,0,16,good,toward_good,False
baseline[good=below],baseline/29,1,16,good,toward_bad,False
baseline[good=below],baseline/29,2,16,bad,toward_good,False
baseline[good=below],baseline/29,3,16,bad,toward_bad,False
baseline[good=below],baseline/29,4,16,bad,toward_good,False
baseline[good=below],baseline/29,5,16,bad,toward_bad,False
baseline[good=below],baseline/29,6,16,bad,toward_bad,False
baseline[good=below],baseline/29,7,16,bad,toward_bad,False
baseline[good=below],baseline/29,8,16,bad,toward_good,False
baseline[good=below],baseline/29,9,16,bad,toward_good,False
baseline[good=below],baseline/29,10,16,bad,toward_bad,False
baseline[good=below],baseline/29,11,16,bad,toward_good,False
baseline[good=below],baseline/29,12,16,bad,toward_bad,False
baseline[good=below],baseline/29,13,16,bad,toward_good,False
baseline[good=below],baseline/29,14,16,bad,toward_good,False
baseline[good=below],baseline/29,15,16,bad,,True
baseline[good=above],baseline/30,0,1,bad,,True
baseline[good=below],baseline/30,0,1,good,,True
baseline[good=above],baseline/31,0,37,good,toward_good,False
baseline[good=above],baseline/31,1,37,good,toward_bad,False
baseline[good=above],baseline/31,2,37,good,toward_good,False
baseline[good=above],baseline/31,3,37,good,toward_bad,False
baseline[good=above],baseline/31,4,37,good,toward_bad,False
baseline[good=above],baseline/31,5,37,good,toward_good,False
baseline[good=above],baseline/31,6,37,good,toward_bad,False
baseline[good=above],baseline/31,7,37,good,toward_bad,False
baseline[good=above],baseline/31,8,37,good,same,False
baseline[good=above],baseline/31,9,37,good,toward_good,False
baseline[good=above],baseline/31,10,37,good,toward_good,False
baseline[good=above],baseline/31,11,37,good,toward_bad,False
baseline[good=above],baseline/31,12,37,good,toward_bad,False
baseline[good=above],baseline/31,13,37,bad,toward_good,False
baseline[good=above],baseline/31,14,37,good,toward_good,False
baseline[good=above],baseline/31,15,37,good,toward_bad,False
baseline[good=above],baseline/31,16,37,good,toward_bad,False
baseline[good=above],baseline/31,17,37,good,toward_good,False
baseline[good=above],baseline/31,18,37,good,toward_good,False
baseline[good=above],baseline/31,19,37,good,toward_bad,False
baseline[good=above],baseline/31,20,37,good,toward_good,False
baseline[good=above],baseline/31,21,37,good,toward_good,False
baseline[good=above],baseline/31,22,37,good,toward_bad,False
baseline[good=above],baseline/31,23,37,good,toward_good,False
baseline[good=above],baseline/31,24,37,good,toward_bad,False
baseline[good=above],baseline/31,25,37,good,toward_good,False
baseline[good=above],baseline/31,26,37,good,same,False
baseline[good=above],baseline/31,27,37,good,toward_bad,False
baseline[good=above],baseline/31,28,37,good,toward_good,False
baseline[good=above],baseline/31,29,37,good,toward_good,False
baseline[good=above],baseline/31,30,37,good,toward_bad,False
baseline[good=above],baseline/31,31,37,bad,toward_good,False
baseline[good=above],baseline/31,32,37,good,toward_good,False
baseline[good=above],baseline/31,33,37,good,toward_good,False
baseline[good=above],baseline/31,34,37,good,toward_good,False
baseline[good=above],baseline/31,35,37,good,toward_bad,False
baseline[good=above],baseline/31,36,37,good,,True
baseline[good=below],baseline/31,0,37,bad,toward_bad,False
baseline[good=below],baseline/31,1,37,bad,toward_good,False
baseline[good=below],baseline/31,2,37,bad,toward_bad,False
baseline[good=below],baseline/31,3,37,bad,toward_good,False
baseline[good=below],baseline/31,4,37,bad,toward_good,False
baseline[good=below],baseline/31,5,37,bad,toward_bad,False
baseline[good=below],baseline/31,6,37,bad,toward_good,False
baseline[good=below],baseline/31,7,37,bad,toward_good,False
baseline[good=below],baseline/31,8,37,bad,same,False
baseline[good=below],baseline/31,9,37,bad,toward_bad,False
baseline[good=below],baseline/31,10,37,bad,toward_bad,False
baseline[good=below],baseline/31,11,37,bad,toward_good,False
baseline[good=below],baseline/31,12,37,bad,toward_good,False
baseline[good=below],baseline/31,13,37,good,toward_bad,False
baseline[good=below],baseline/31,14,37,bad,toward_bad,False
baseline[good=below],baseline/31,15,37,bad,toward_good,False
baseline[good=below],baseline/31,16,37,bad,toward_good,False
baseline[good=below],baseline/31,17,37,bad,toward_bad,False
baseline[good=below],baseline/31,18,37,bad,toward_bad,False
baseline[good=below],baseline/31,19,37,bad,toward_good,False
baseline[good=below],baseline/31,20,37,bad,toward_bad,False
baseline[good=below],baseline/31,21,37,bad,toward_bad,False
baseline[good=below],baseline/31,22,37,bad,toward_good,False
baseline[good=below],baseline/31,23,37,bad,toward_bad,False
baseline[good=below],baseline/31,24,37,bad,toward_good,False
baseline[good=below],baseline/31,25,37,bad,toward_bad,False
baseline[good=below],baseline/31,26,37,bad,same,False
baseline[good=below],baseline/31,27,37,bad,toward_good,False
baseline[good=below],baseline/31,28,37,bad,toward_bad,False
baseline[good=below],baseline/31,29,37,bad,toward_bad,False
baseline[good=below],baseline/31,30,37,bad,toward_good,False
baseline[good=below],baseline/31,31,37,good,toward_bad,False
baseline[good=below],baseline/31,32,37,bad,toward_bad,False
baseline[good=below],baseline/31,33,37,bad,toward_bad,False
baseline[good=below],baseline/31,34,37,bad,toward_bad,False
baseline[good=below],baseline/31,35,37,bad,toward_good,False
baseline[good=below],baseline/31,36,37,bad,,True
baseline[good=above],baseline/32,0,24,good,toward_bad,False
baseline[good=above],baseline/32,1,24,good,toward_good,False
baseline[good=above],baseline/32,2,24,good,toward_bad,False
baseline[good=above],baseline/32,3,24,good,toward_bad,False
baseline[good=above],baseline/32,4,24,good,toward_good,False
baseline[good=above],baseline/32,5,24,good,toward_bad,False
baseline[good=above],baseline/32,6,24,good,toward_bad,False
baseline[good=above],baseline/32,7,24,good,toward_good,False
baseline[good=above],baseline/32,8,24,good,toward_bad,False
baseline[good=above],baseline/32,9,24,good,toward_good,False
baseline[good=above],baseline/32,10,24,good,toward_bad,False
baseline[good=above],baseline/32,11,24,good,toward_bad,False
baseline[good=above],baseline/32,12,24,good,toward_bad,False
baseline[good=above],baseline/32,13,24,good,toward_good,False
baseline[good=above],baseline/32,14,24,good,toward_bad,False
baseline[good=above],baseline/32,15,24,good,toward_bad,False
baseline[good=above],baseline/32,16,24,good,toward_good,False
baseline[good=above],baseline/32,17,24,good,toward_good,False
baseline[good=above],baseline/32,18,24,good,toward_good,False
baseline[good=above],baseline/32,19,24,good,toward_bad,False
baseline[good=above],baseline/32,20,24,good,toward_good,False
baseline[good=above],baseline/32,21,24,good,toward_bad,False
baseline[good=above],baseline/32,22,24,good,toward_good,False
baseline[good=above],baseline/32,23,24,good,,True
baseline[good=below],baseline/32,0,24,bad,toward_good,False
baseline[good=below],baseline/32,1,24,bad,toward_bad,False
baseline[good=below],baseline/32,2,24,bad,toward_good,False
baseline[good=below],baseline/32,3,24,bad,toward_good,False
baseline[good=below],baseline/32,4,24,bad,toward_bad,False
baseline[good=below],baseline/32,5,24,bad,toward_good,False
baseline[good=below],baseline/32,6,24,bad,toward_good,False
baseline[good=below],baseline/32,7,24,bad,toward_bad,False
baseline[good=below],baseline/32,8,24,bad,toward_good,False
baseline[good=below],baseline/32,9,24,bad,toward_bad,False
baseline[good=below],baseline/32,10,24,bad,toward_good,False
baseline[good=below],baseline/32,11,24,bad,toward_good,False
baseline[good=below],baseline/32,12,24,bad,toward_good,False
baseline[good=below],baseline/32,13,24,bad,toward_bad,False
baseline[good=below],baseline/32,14,24,bad,toward_good,False
baseline[good=below],baseline/32,15,24,bad,toward_good,False
baseline[good=below],baseline/32,16,24,bad,toward_bad,False
baseline[good=below],baseline/32,17,24,bad,toward_bad,False
baseline[good=below],baseline/32,18,24,bad,toward_bad,False
baseline[good=below],baseline/32,19,24,bad,toward_good,False
baseline[good=below],baseline/32,20,24,bad,toward_bad,False
baseline[good=below],baseline/32,21,24,bad,toward_good,False
baseline[good=below],baseline/32,22,24,bad,toward_bad,False
baseline[good=below],baseline/32,23,24,bad,,True
baseline[good=above],baseline/34,0,11,good,toward_good,False
baseline[good=above],baseline/34,1,11,good,toward_bad,False
baseline[good=above],baseline/34,2,11,good,toward_good,False
baseline[good=above],baseline/34,3,11,good,toward_bad,False
baseline[good=above],baseline/34,4,11,good,toward_good,False
baseline[good=above],baseline/34,5,11,good,toward_good,False
baseline[good=above],baseline/34,6,11,good,toward_bad,False
baseline[good=above],baseline/34,7,11,good,toward_bad,False
baseline[good=above],baseline/34,8,11,good,toward_good,False
baseline[good=above],baseline/34,9,11,good,toward_good,False
baseline[good=above],baseline/34,10,11,good,,True
baseline[good=below],baseline/34,0,11,bad,toward_bad,False
baseline[good=below],baseline/34,1,11,bad,toward_good,False
baseline[good=below],baseline/34,2,11,bad,toward_bad,False
baseline[good=below],baseline/34,3,11,bad,toward_good,False
baseline[good=below],baseline/34,4,11,bad,toward_bad,False
baseline[good=below],baseline/34,5,11,bad,toward_bad,False
baseline[good=below],baseline/34,6,11,bad,toward_good,False
baseline[good=below],baseline/34,7,11,bad,toward_good,False
baseline[good=below],baseline/34,8,11,bad,toward_bad,False
baseline[good=below],baseline/34,9,11,bad,toward_bad,False
baseline[good=below],baseline/34,10,11,bad,,True
baseline[good=above],baseline/35,0,42,good,toward_bad,False
baseline[good=above],baseline/35,1,42,good,toward_bad,False
baseline[good=above],baseline/35,2,42,good,toward_good,False
baseline[good=above],baseline/35,3,42,good,toward_bad,False
baseline[good=above],baseline/35,4,42,good,toward_bad,False
baseline[good=above],baseline/35,5,42,good,toward_good,False
baseline[good=above],baseline/35,6,42,good,toward_bad,False
baseline[good=above],baseline/35,7,42,good,toward_good,False
baseline[good=above],baseline/35,8,42,good,toward_good,False
baseline[good=above],baseline/35,9,42,good,toward_bad,False
baseline[good=above],baseline/35,10,42,good,toward_bad,False
baseline[good=above],baseline/35,11,42,good,toward_good,False
baseline[good=above],baseline/35,12,42,good,toward_bad,False
baseline[good=above],baseline/35,13,42,good,toward_good,False
baseline[good=above],baseline/35,14,42,good,toward_bad,False
baseline[good=above],baseline/35,15,42,good,toward_bad,False
baseline[good=above],baseline/35,16,42,good,toward_good,False
baseline[good=above],baseline/35,17,42,good,toward_bad,False
baseline[good=above],baseline/35,18,42,good,toward_good,False
baseline[good=above],baseline/35,19,42,good,toward_bad,False
baseline[good=above],baseline/35,20,42,good,toward_bad,False
baseline[good=above],baseline/35,21,42,good,toward_good,False
baseline[good=above],baseline/35,22,42,good,toward_good,False
baseline[good=above],baseline/35,23,42,good,toward_good,False
baseline[good=above],baseline/35,24,42,good,toward_bad,False
baseline[good=above],baseline/35,25,42,good,toward_good,False
baseline[good=above],baseline/35,26,42,good,toward_bad,False
baseline[good=above],baseline/35,27,42,good,toward_good,False
baseline[good=above],baseline/35,28,42,good,toward_bad,False
baseline[good=above],baseline/35,29,42,good,toward_good,False
baseline[good=above],baseline/35,30,42,good,toward_good,False
baseline[good=above],baseline/35,31,42,good,toward_good,False
baseline[good=above],baseline/35,32,42,good,toward_bad,False
baseline[good=above],baseline/35,33,42,good,toward_bad,False
baseline[good=above],baseline/35,34,42,good,toward_good,False
baseline[good=above],baseline/35,35,42,good,toward_good,False
baseline[good=above],baseline/35,36,42,good,toward_bad,False
baseline[good=above],baseline/35,37,42,good,toward_bad,False
baseline[good=above],baseline/35,38,42,good,toward_good,False
baseline[good=above],baseline/35,39,42,good,toward_bad,False
baseline[good=above],baseline/35,40,42,good,toward_good,False
baseline[good=above],baseline/35,41,42,good,,True
baseline[good=below],baseline/35,0,42,bad,toward_good,False
baseline[good=below],baseline/35,1,42,bad,toward_good,False
baseline[good=below],baseline/35,2,42,bad,toward_bad,False
baseline[good=below],baseline/35,3,42,bad,toward_good,False
baseline[good=below],baseline/35,4,42,bad,toward_good,False
baseline[good=below],baseline/35,5,42,bad,toward_bad,False
baseline[good=below],baseline/35,6,42,bad,toward_good,False
baseline[good=below],baseline/35,7,42,bad,toward_bad,False
baseline[good=below],baseline/35,8,42,bad,toward_bad,False
baseline[good=below],baseline/35,9,42,bad,toward_good,False
baseline[good=below],baseline/35,10,42,bad,toward_good,False
baseline[good=below],baseline/35,11,42,bad,toward_bad,False
baseline[good=below],baseline/35,12,42,bad,toward_good,False
baseline[good=below],baseline/35,13,42,bad,toward_bad,False
baseline[good=below],baseline/35,14,42,bad,toward_good,False
baseline[good=below],baseline/35,15,42,bad,toward_good,False
baseline[good=below],baseline/35,16,42,bad,toward_bad,False
baseline[good=below],baseline/35,17,42,bad,toward_good,False
baseline[good=below],baseline/35,18,42,bad,toward_bad,False
baseline[good=below],baseline/35,19,42,bad,toward_good,False
baseline[good=below],baseline/35,20,42,bad,toward_good,False
baseline[good=below],baseline/35,21,42,bad,toward_bad,False
baseline[good=below],baseline/35,22,42,bad,toward_bad,False
baseline[good=below],baseline/35,23,42,bad,toward_bad,False
baseline[good=below],baseline/35,24,42,bad,toward_good,False
baseline[good=below],baseline/35,25,42,bad,toward_bad,False
baseline[good=below],baseline/35,26,42,bad,toward_good,False
baseline[good=below],baseline/35,27,42,bad,toward_bad,False
baseline[good=below],baseline/35,28,42,bad,toward_good,False
baseline[good=below],baseline/35,29,42,bad,toward_bad,False
baseline[good=below],baseline/35,30,42,bad,toward_bad,False
baseline[good=below],baseline/35,31,42,bad,toward_bad,False
baseline[good=below],baseline/35,32,42,bad,toward_good,False
baseline[good=below],baseline/35,33,42,bad,toward_good,False
baseline[good=below],baseline/35,34,42,bad,toward_bad,False
baseline[good=below],baseline/35,35,42,bad,toward_bad,False
baseline[good=below],baseline/35,36,42,bad,toward_good,False
baseline[good=below],baseline/35,37,42,bad,toward_good,False
baseline[good=below],baseline/35,38,42,bad,toward_bad,False
baseline[good=below],baseline/35,39,42,bad,toward_good,False
baseline[good=below],baseline/35,40,42,bad,toward_bad,False
baseline[good=below],baseline/35,41,42,bad,,True
baseline[good=above],baseline/36,0,32,bad,toward_good,False
baseline[good=above],baseline/36,1,32,good,toward_bad,False
baseline[good=above],baseline/36,2,32,good,toward_good,False
baseline[good=above],baseline/36,3,32,good,toward_bad,False
baseline[good=above],baseline/36,4,32,good,toward_good,False
baseline[good=above],baseline/36,5,32,good,toward_bad,False
baseline[good=above],baseline/36,6,32,good,toward_good,False
baseline[good=above],baseline/36,7,32,good,toward_good,False
baseline[good=above],baseline/36,8,32,good,toward_bad,False
baseline[good=above],baseline/36,9,32,good,toward_good,False
baseline[good=above],baseline/36,10,32,good,toward_bad,False
baseline[good=above],baseline/36,11,32,good,toward_bad,False
baseline[good=above],baseline/36,12,32,good,toward_good,False
baseline[good=above],baseline/36,13,32,good,toward_bad,False
baseline[good=above],baseline/36,14,32,good,toward_bad,False
baseline[good=above],baseline/36,15,32,good,toward_good,False
baseline[good=above],baseline/36,16,32,good,toward_good,False
baseline[good=above],baseline/36,17,32,good,toward_bad,False
baseline[good=above],baseline/36,18,32,good,toward_good,False
baseline[good=above],baseline/36,19,32,good,toward_bad,False
baseline[good=above],baseline/36,20,32,good,toward_good,False
baseline[good=above],baseline/36,21,32,good,toward_good,False
baseline[good=above],baseline/36,22,32,good,toward_bad,False
baseline[good=above],baseline/36,23,32,good,toward_good,False
baseline[good=above],baseline/36,24,32,good,toward_good,False
baseline[good=above],baseline/36,25,32,good,toward_good,False
baseline[good=above],baseline/36,26,32,good,toward_bad,False
baseline[good=above],baseline/36,27,32,good,toward_bad,False
baseline[good=above],baseline/36,28,32,good,toward_good,False
baseline[good=above],baseline/36,29,32,good,toward_good,False
baseline[good=above],baseline/36,30,32,good,toward_bad,False
baseline[good=above],baseline/36,31,32,good,,True
baseline[good=below],baseline/36,0,32,good,toward_bad,False
baseline[good=below],baseline/36,1,32,bad,toward_good,False
baseline[good=below],baseline/36,2,32,bad,toward_bad,False
baseline[good=below],baseline/36,3,32,bad,toward_good,False
baseline[good=below],baseline/36,4,32,bad,toward_bad,False
baseline[good=below],baseline/36,5,32,bad,toward_good,False
baseline[good=below],baseline/36,6,32,bad,toward_bad,False
baseline[good=below],baseline/36,7,32,bad,toward_bad,False
baseline[good=below],baseline/36,8,32,bad,toward_good,False
baseline[good=below],baseline/36,9,32,bad,toward_bad,False
baseline[good=below],baseline/36,10,32,bad,toward_good,False
baseline[good=below],baseline/36,11,32,bad,toward_good,False
baseline[good=below],baseline/36,12,32,bad,toward_bad,False
baseline[good=below],baseline/36,13,32,bad,toward_good,False
baseline[good=below],baseline/36,14,32,bad,toward_good,False
baseline[good=below],baseline/36,15,32,bad,toward_bad,False
baseline[good=below],baseline/36,16,32,bad,toward_bad,False
baseline[good=below],baseline/36,17,32,bad,toward_good,False
baseline[good=below],baseline/36,18,32,bad,toward_bad,False
baseline[good=below],baseline/36,19,32,bad,toward_good,False
baseline[good=below],baseline/36,20,32,bad,toward_bad,False
baseline[good=below],baseline/36,21,32,bad,toward_bad,False
baseline[good=below],baseline/36,22,32,bad,toward_good,False
baseline[good=below],baseline/36,23,32,bad,toward_bad,False
baseline[good=below],baseline/36,24,32,bad,toward_bad,False
baseline[good=below],baseline/36,25,32,bad,toward_bad,False
baseline[good=below],baseline/36,26,32,bad,toward_good,False
baseline[good=below],baseline/36,27,32,bad,toward_good,False
baseline[good=below],baseline/36,28,32,bad,toward_bad,False
baseline[good=below],baseline/36,29,32,bad,toward_bad,False
baseline[good=below],baseline/36,30,32,bad,toward_good,False
baseline[good=below],baseline/36,31,32,bad,,True
baseline[good=above],baseline/40,0,15,good,toward_bad,False
baseline[good=above],baseline/40,1,15,good,toward_good,False
baseline[good=above],baseline/40,2,15,good,toward_bad,False
baseline[good=above],baseline/40,3,15,good,toward_bad,False
baseline[good=above],baseline/40,4,15,good,toward_good,False
baseline[good=above],baseline/40,5,15,good,toward_good,False
baseline[good=above],baseline/40,6,15,good,toward_bad,False
baseline[good=above],baseline/40,7,15,good,toward_good,False
baseline[good=above],baseline/40,8,15,good,toward_bad,False
baseline[good=above],baseline/40,9,15,good,toward_good,False
baseline[good=above],baseline/40,10,15,good,toward_good,False
baseline[good=above],baseline/40,11,15,good,toward_good,False
baseline[good=above],baseline/40,12,15,good,toward_bad,False
baseline[good=above],baseline/40,13,15,good,toward_good,False
baseline[good=above],baseline/40,14,15,good,,True
baseline[good=below],baseline/40,0,15,bad,toward_good,False
baseline[good=below],baseline/40,1,15,bad,toward_bad,False
baseline[good=below],baseline/40,2,15,bad,toward_good,False
baseline[good=below],baseline/40,3,15,bad,toward_good,False
baseline[good=below],baseline/40,4,15,bad,toward_bad,False
baseline[good=below],baseline/40,5,15,bad,toward_bad,False
baseline[good=below],baseline/40,6,15,bad,toward_good,False
baseline[good=below],baseline/40,7,15,bad,toward_bad,False
baseline[good=below],baseline/40,8,15,bad,toward_good,False
baseline[good=below],baseline/40,9,15,bad,toward_bad,False
baseline[good=below],baseline/40,10,15,bad,toward_bad,False
baseline[good=below],baseline/40,11,15,bad,toward_bad,False
baseline[good=below],baseline/40,12,15,bad,toward_good,False
baseline[good=below],baseline/40,13,15,bad,toward_bad,False
baseline[good=below],baseline/40,14,15,bad,,True
baseline[good=above],baseline/42,0,29,bad,toward_bad,False
baseline[good=above],baseline/42,1,29,bad,toward_good,False
baseline[good=above],baseline/42,2,29,bad,toward_bad,False
baseline[good=above],baseline/42,3,29,bad,toward_good,False
baseline[good=above],baseline/42,4,29,bad,toward_good,False
baseline[good=above],baseline/42,5,29,bad,toward_bad,False
baseline[good=above],baseline/42,6,29,bad,toward_good,False
baseline[good=above],baseline/42,7,29,bad,toward_good,False
baseline[good=above],baseline/42,8,29,bad,toward_bad,False
baseline[good=above],baseline/42,9,29,bad,toward_good,False
baseline[good=above],baseline/42,10,29,bad,toward_bad,False
baseline[good=above],baseline/42,11,29,bad,toward_good,False
baseline[good=above],baseline/42,12,29,bad,toward_bad,False
baseline[good=above],baseline/42,13,29,bad,toward_good,False
baseline[good=above],baseline/42,14,29,bad,toward_good,False
baseline[good=above],baseline/42,15,29,bad,toward_bad,False
baseline[good=above],baseline/42,16,29,bad,toward_good,False
baseline[good=above],baseline/42,17,29,bad,toward_good,False
baseline[good=above],baseline/42,18,29,bad,toward_bad,False
baseline[good=above],baseline/42,19,29,bad,toward_bad,False
baseline[good=above],baseline/42,20,29,bad,toward_good,False
baseline[good=above],baseline/42,21,29,bad,toward_bad,False
baseline[good=above],baseline/42,22,29,bad,toward_good,False
baseline[good=above],baseline/42,23,29,bad,toward_good,False
baseline[good=above],baseline/42,24,29,bad,toward_bad,False
baseline[good=above],baseline/42,25,29,bad,toward_good,False
baseline[good=above],baseline/42,26,29,bad,toward_bad,False
baseline[good=above],baseline/42,27,29,bad,toward_bad,False
baseline[good=above],baseline/42,28,29,bad,,True
baseline[good=below],baseline/42,0,29,good,toward_good,False
baseline[good=below],baseline/42,1,29,good,toward_bad,False
baseline[good=below],baseline/42,2,29,good,toward_good,False
baseline[good=below],baseline/42,3,29,good,toward_bad,False
baseline[good=below],baseline/42,4,29,good,toward_bad,False
baseline[good=below],baseline/42,5,29,good,toward_good,False
baseline[good=below],baseline/42,6,29,good,toward_bad,False
baseline[good=below],baseline/42,7,29,good,toward_bad,False
baseline[good=below],baseline/42,8,29,good,toward_good,False
baseline[good=below],baseline/42,9,29,good,toward_bad,False
baseline[good=below],baseline/42,10,29,good,toward_good,False
baseline[good=below],baseline/42,11,29,good,toward_bad,False
baseline[good=below],baseline/42,12,29,good,toward_good,False
baseline[good=below],baseline/42,13,29,good,toward_bad,False
baseline[good=below],baseline/42,14,29,good,toward_bad,False
baseline[good=below],baseline/42,15,29,good,toward_good,False
baseline[good=below],baseline/42,16,29,good,toward_bad,False
baseline[good=below],baseline/42,17,29,good,toward_bad,False
baseline[good=below],baseline/42,18,29,good,toward_good,False
baseline[good=below],baseline/42,19,29,good,toward_good,False
baseline[good=below],baseline/42,20,29,good,toward_bad,False
baseline[good=below],baseline/42,21,29,good,toward_good,False
baseline[good=below],baseline/42,22,29,good,toward_bad,False
baseline[good=below],baseline/42,23,29,good,toward_bad,False
baseline[good=below],baseline/42,24,29,good,toward_good,False
baseline[good=below],baseline/42,25,29,good,toward_bad,False
baseline[good=below],baseline/42,26,29,good,toward_good,False
baseline[good=below],baseline/42,27,29,good,toward_good,False
baseline[good=below],baseline/42,28,29,good,,True
baseline[good=above],baseline/44,0,3,good,toward_good,False
baseline[good=above],baseline/44,1,3,good,toward_bad,False
baseline[good=above],baseline/44,2,3,good,,True
baseline[good=below],baseline/44,0,3,bad,toward_bad,False
baseline[good=below],baseline/44,1,3,bad,toward_good,False
baseline[good=below],baseline/44,2,3,bad,,True
baseline[good=above],baseline/45,0,4,good,toward_bad,False
baseline[good=above],baseline/45,1,4,good,toward_bad,False
baseline[good=above],baseline/45,2,4,good,toward_good,False
baseline[good=above],baseline/45,3,4,good,,True
baseline[good=below],baseline/45,0,4,bad,toward_good,False
baseline[good=below],baseline/45,1,4,bad,toward_good,False
baseline[good=below],baseline/45,2,4,bad,toward_bad,False
baseline[good=below],baseline/45,3,4,bad,,True
baseline[good=above],baseline/47,0,4,good,toward_good,False
baseline[good=above],baseline/47,1,4,good,toward_good,False
baseline[good=above],baseline/47,2,4,good,toward_good,False
baseline[good=above],baseline/47,3,4,good,,True
baseline[good=below],baseline/47,0,4,bad,toward_bad,False
baseline[good=below],baseline/47,1,4,bad,toward_bad,False
baseline[good=below],baseline/47,2,4,bad,toward_bad,False
baseline[good=below],baseline/47,3,4,bad,,True
baseline[good=above],baseline/48,0,21,good,toward_bad,False
baseline[good=above],baseline/48,1,21,good,toward_good,False
baseline[good=above],baseline/48,2,21,good,toward_good,False
baseline[good=above],baseline/48,3,21,good,toward_good,False
baseline[good=above],baseline/48,4,21,good,toward_bad,False
baseline[good=above],baseline/48,5,21,good,toward_good,False
baseline[good=above],baseline/48,6,21,good,toward_bad,False
baseline[good=above],baseline/48,7,21,good,toward_good,False
baseline[good=above],baseline/48,8,21,good,toward_bad,False
baseline[good=above],baseline/48,9,21,good,toward_good,False
baseline[good=above],baseline/48,10,21,good,toward_bad,False
baseline[good=above],baseline/48,11,21,good,toward_good,False
baseline[good=above],baseline/48,12,21,good,toward_bad,False
baseline[good=above],baseline/48,13,21,good,toward_bad,False
baseline[good=above],baseline/48,14,21,good,toward_bad,False
baseline[good=above],baseline/48,15,21,good,toward_bad,False
baseline[good=above],baseline/48,16,21,good,toward_bad,False
baseline[good=above],baseline/48,17,21,good,toward_bad,False
baseline[good=above],baseline/48,18,21,good,toward_good,False
baseline[good=above],baseline/48,19,21,good,toward_good,False
baseline[good=above],baseline/48,20,21,good,,True
baseline[good=below],baseline/48,0,21,bad,toward_good,False
baseline[good=below],baseline/48,1,21,bad,toward_bad,False
baseline[good=below],baseline/48,2,21,bad,toward_bad,False
baseline[good=below],baseline/48,3,21,bad,toward_bad,False
baseline[good=below],baseline/48,4,21,bad,toward_good,False
baseline[good=below],baseline/48,5,21,bad,toward_bad,False
baseline[good=below],baseline/48,6,21,bad,toward_good,False
baseline[good=below],baseline/48,7,21,bad,toward_bad,False
baseline[good=below],baseline/48,8,21,bad,toward_good,False
baseline[good=below],baseline/48,9,21,bad,toward_bad,False
baseline[good=below],baseline/48,10,21,bad,toward_good,False
baseline[good=below],baseline/48,11,21,bad,toward_bad,False
baseline[good=below],baseline/48,12,21,bad,toward_good,False
baseline[good=below],baseline/48,13,21,bad,toward_good,False
baseline[good=below],baseline/48,14,21,bad,toward_good,False
baseline[good=below],baseline/48,15,21,bad,toward_good,False
baseline[good=below],baseline/48,16,21,bad,toward_good,False
baseline[good=below],baseline/48,17,21,bad,toward_good,False
baseline[good=below],baseline/48,18,21,bad,toward_bad,False
baseline[good=below],baseline/48,19,21,bad,toward_bad,False
baseline[good=below],baseline/48,20,21,bad,,True
baseline[good=above],baseline/50,0,16,bad,toward_bad,False
baseline[good=above],baseline/50,1,16,bad,toward_bad,False
baseline[good=above],baseline/50,2,16,bad,toward_bad,False
baseline[good=above],baseline/50,3,16,bad,toward_good,False
baseline[good=above],baseline/50,4,16,bad,toward_bad,False
baseline[good=above],baseline/50,5,16,bad,toward_good,False
baseline[good=above],baseline/50,6,16,bad,toward_bad,False
baseline[good=above],baseline/50,7,16,bad,toward_good,False
baseline[good=above],baseline/50,8,16,bad,toward_bad,False
baseline[good=above],baseline/50,9,16,bad,toward_good,False
baseline[good=above],baseline/50,10,16,bad,toward_bad,False
baseline[good=above],baseline/50,11,16,bad,toward_good,False
baseline[good=above],baseline/50,12,16,bad,toward_bad,False
baseline[good=above],baseline/50,13,16,bad,toward_good,False
baseline[good=above],baseline/50,14,16,bad,toward_good,False
baseline[good=above],baseline/50,15,16,bad,,True
baseline[good=below],baseline/50,0,16,good,toward_good,False
baseline[good=below],baseline/50,1,16,good,toward_good,False
baseline[good=below],baseline/50,2,16,good,toward_good,False
baseline[good=below],baseline/50,3,16,good,toward_bad,False
baseline[good=below],baseline/50,4,16,good,toward_good,False
baseline[good=below],baseline/50,5,16,good,toward_bad,False
baseline[good=below],baseline/50,6,16,good,toward_good,False
baseline[good=below],baseline/50,7,16,good,toward_bad,False
baseline[good=below],baseline/50,8,16,good,toward_good,False
baseline[good=below],baseline/50,9,16,good,toward_bad,False
baseline[good=below],baseline/50,10,16,good,toward_good,False
baseline[good=below],baseline/50,11,16,good,toward_bad,False
baseline[good=below],baseline/50,12,16,good,toward_good,False
baseline[good=below],baseline/50,13,16,good,toward_bad,False
baseline[good=below],baseline/50,14,16,good,toward_bad,False
baseline[good=below],baseline/50,15,16,good,,True
baseline[good=above],baseline/53,0,36,good,toward_good,False
baseline[good=above],baseline/53,1,36,good,toward_bad,False
baseline[good=above],baseline/53,2,36,good,toward_good,False
baseline[good=above],baseline/53,3,36,good,toward_bad,False
baseline[good=above],baseline/53,4,36,good,toward_good,False
baseline[good=above],baseline/53,5,36,good,toward_good,False
baseline[good=above],baseline/53,6,36,good,toward_bad,False
baseline[good=above],baseline/53,7,36,good,toward_good,False
baseline[good=above],baseline/53,8,36,good,toward_bad,False
baseline[good=above],baseline/53,9,36,good,toward_bad,False
baseline[good=above],baseline/53,10,36,good,toward_bad,False
baseline[good=above],baseline/53,11,36,good,toward_good,False
baseline[good=above],baseline/53,12,36,good,toward_bad,False
baseline[good=above],baseline/53,13,36,good,toward_good,False
baseline[good=above],baseline/53,14,36,good,toward_bad,False
baseline[good=above],baseline/53,15,36,good,toward_good,False
baseline[good=above],baseline/53,16,36,good,toward_bad,False
baseline[good=above],baseline/53,17,36,bad,toward_good,False
baseline[good=above],baseline/53,18,36,good,toward_good,False
baseline[good=above],baseline/53,19,36,good,toward_good,False
baseline[good=above],baseline/53,20,36,good,toward_bad,False
baseline[good=above],baseline/53,21,36,good,toward_good,False
baseline[good=above],baseline/53,22,36,good,toward_good,False
baseline[good=above],baseline/53,23,36,good,toward_bad,False
baseline[good=above],baseline/53,24,36,good,toward_bad,False
baseline[good=above],baseline/53,25,36,good,toward_good,False
baseline[good=above],baseline/53,26,36,good,toward_bad,False
baseline[good=above],baseline/53,27,36,good,toward_good,False
baseline[good=above],baseline/53,28,36,good,toward_good,False
baseline[good=above],baseline/53,29,36,good,toward_good,False
baseline[good=above],baseline/53,30,36,good,toward_bad,False
baseline[good=above],baseline/53,31,36,good,toward_good,False
baseline[good=above],baseline/53,32,36,good,toward_good,False
baseline[good=above],baseline/53,33,36,good,toward_bad,False
baseline[good=above],baseline/53,34,36,good,toward_good,False
baseline[good=above],baseline/53,35,36,good,,True
baseline[good=below],baseline/53,0,36,bad,toward_bad,False
baseline[good=below],baseline/53,1,36,bad,toward_good,False
baseline[good=below],baseline/53,2,36,bad,toward_bad,False
baseline[good=below],baseline/53,3,36,bad,toward_good,False
baseline[good=below],baseline/53,4,36,bad,toward_bad,False
baseline[good=below],baseline/53,5,36,bad,toward_bad,False
baseline[good=below],baseline/53,6,36,bad,toward_good,False
baseline[good=below],baseline/53,7,36,bad,toward_bad,False
baseline[good=below],baseline/53,8,36,bad,toward_good,False
baseline[good=below],baseline/53,9,36,bad,toward_good,False
baseline[good=below],baseline/53,10,36,bad,toward_good,False
baseline[good=below],baseline/53,11,36,bad,toward_bad,False
baseline[good=below],baseline/53,12,36,bad,toward_good,False
baseline[good=below],baseline/53,13,36,bad,toward_bad,False
baseline[good=below],baseline/53,14,36,bad,toward_good,False
baseline[good=below],baseline/53,15,36,bad,toward_bad,False
baseline[good=below],baseline/53,16,36,bad,toward_good,False
baseline[good=below],baseline/53,17,36,good,toward_bad,False
baseline[good=below],baseline/53,18,36,bad,toward_bad,False
baseline[good=below],baseline/53,19,36,bad,toward_bad,False
baseline[good=below],baseline/53,20,36,bad,toward_good,False
baseline[good=below],baseline/53,21,36,bad,toward_bad,False
baseline[good=below],baseline/53,22,36,bad,toward_bad,False
baseline[good=below],baseline/53,23,36,bad,toward_good,False
baseline[good=below],baseline/53,24,36,bad,toward_good,False
baseline[good=below],baseline/53,25,36,bad,toward_bad,False
baseline[good=below],baseline/53,26,36,bad,toward_good,False
baseline[good=below],baseline/53,27,36,bad,toward_bad,False
baseline[good=below],baseline/53,28,36,bad,toward_bad,False
baseline[good=below],baseline/53,29,36,bad,toward_bad,False
baseline[good=below],baseline/53,30,36,bad,toward_good,False
baseline[good=below],baseline/53,31,36,bad,toward_bad,False
baseline[good=below],baseline/53,32,36,bad,toward_bad,False
baseline[good=below],baseline/53,33,36,bad,toward_good,False
baseline[good=below],baseline/53,34,36,bad,toward_bad,False
baseline[good=below],baseline/53,35,36,bad,,True
baseline[good=above],baseline/55,0,36,bad,toward_good,False
baseline[good=above],baseline/55,1,36,bad,toward_bad,False
baseline[good=above],baseline/55,2,36,bad,toward_good,False
baseline[good=above],baseline/55,3,36,bad,toward_good,False
baseline[good=above],baseline/55,4,36,bad,toward_bad,False
baseline[good=above],baseline/55,5,36,bad,toward_good,False
baseline[good=above],baseline/55,6,36,bad,toward_bad,False
baseline[good=above],baseline/55,7,36,bad,toward_good,False
baseline[good=above],baseline/55,8,36,bad,toward_bad,False
baseline[good=above],baseline/55,9,36,bad,toward_good,False
baseline[good=above],baseline/55,10,36,bad,toward_bad,False
baseline[good=above],baseline/55,11,36,bad,toward_good,False
baseline[good=above],baseline/55,12,36,bad,toward_bad,False
baseline[good=above],baseline/55,13,36,bad,toward_bad,False
baseline[good=above],baseline/55,14,36,bad,toward_good,False
baseline[good=above],baseline/55,15,36,bad,toward_good,False
baseline[good=above],baseline/55,16,36,bad,toward_bad,False
baseline[good=above],baseline/55,17,36,bad,toward_good,False
baseline[good=above],baseline/55,18,36,bad,toward_good,False
baseline[good=above],baseline/55,19,36,bad,toward_bad,False
baseline[good=above],baseline/55,20,36,bad,toward_good,False
baseline[good=above],baseline/55,21,36,bad,toward_bad,False
baseline[good=above],baseline/55,22,36,bad,toward_good,False
baseline[good=above],baseline/55,23,36,bad,toward_good,False
baseline[good=above],baseline/55,24,36,bad,toward_bad,False
baseline[good=above],baseline/55,25,36,bad,toward_good,False
baseline[good=above],baseline/55,26,36,bad,toward_good,False
baseline[good=above],baseline/55,27,36,bad,toward_bad,False
baseline[good=above],baseline/55,28,36,bad,toward_bad,False
baseline[good=above],baseline/55,29,36,bad,same,False
baseline[good=above],baseline/55,30,36,bad,toward_good,False
baseline[good=above],baseline/55,31,36,bad,toward_good,False
baseline[good=above],baseline/55,32,36,bad,toward_bad,False
baseline[good=above],baseline/55,33,36,bad,toward_bad,False
baseline[good=above],baseline/55,34,36,bad,toward_good,False
baseline[good=above],baseline/55,35,36,bad,,True
baseline[good=below],baseline/55,0,36,good,toward_bad,False
baseline[good=below],baseline/55,1,36,good,toward_good,False
baseline[good=below],baseline/55,2,36,good,toward_bad,False
baseline[good=below],baseline/55,3,36,good,toward_bad,False
baseline[good=below],baseline/55,4,36,good,toward_good,False
baseline[good=below],baseline/55,5,36,good,toward_bad,False
baseline[good=below],baseline/55,6,36,good,toward_good,False
baseline[good=below],baseline/55,7,36,good,toward_bad,False
baseline[good=below],baseline/55,8,36,good,toward_good,False
baseline[good=below],baseline/55,9,36,good,toward_bad,False
baseline[good=below],baseline/55,10,36,good,toward_good,False
baseline[good=below],baseline/55,11,36,good,toward_bad,False
baseline[good=below],baseline/55,12,36,good,toward_good,False
baseline[good=below],baseline/55,13,36,good,toward_good,False
baseline[good=below],baseline/55,14,36,good,toward_bad,False
baseline[good=below],baseline/55,15,36,good,toward_bad,False
baseline[good=below],baseline/55,16,36,good,toward_good,False
baseline[good=below],baseline/55,17,36,good,toward_bad,False
baseline[good=below],baseline/55,18,36,good,toward_bad,False
baseline[good=below],baseline/55,19,36,good,toward_good,False
baseline[good=below],baseline/55,20,36,good,toward_bad,False
baseline[good=below],baseline/55,21,36,good,toward_good,False
baseline[good=below],baseline/55,22,36,good,toward_bad,False
baseline[good=below],baseline/55,23,36,good,toward_bad,False
baseline[good=below],baseline/55,24,36,good,toward_good,False
baseline[good=below],baseline/55,25,36,good,toward_bad,False
baseline[good=below],baseline/55,26,36,good,toward_bad,False
baseline[good=below],baseline/55,27,36,good,toward_good,False
baseline[good=below],baseline/55,28,36,good,toward_good,False
baseline[good=below],baseline/55,29,36,good,same,False
baseline[good=below],baseline/55,30,36,good,toward_bad,False
baseline[good=below],baseline/55,31,36,good,toward_bad,False
baseline[good=below],baseline/55,32,36,good,toward_good,False
baseline[good=below],baseline/55,33,36,good,toward_good,False
baseline[good=below],baseline/55,34,36,good,toward_bad,False
baseline[good=below],baseline/55,35,36,good,,True
baseline[good=above],baseline/58,0,11,bad,toward_good,False
baseline[good=above],baseline/58,1,11,bad,toward_bad,False
baseline[good=above],baseline/58,2,11,bad,toward_bad,False
baseline[good=above],baseline/58,3,11,bad,toward_bad,False
baseline[good=above],baseline/58,4,11,bad,toward_good,False
baseline[good=above],baseline/58,5,11,bad,toward_good,False
baseline[good=above],baseline/58,6,11,bad,toward_good,False
baseline[good=above],baseline/58,7,11,bad,toward_bad,False
baseline[good=above],baseline/58,8,11,bad,toward_bad,False
baseline[good=above],baseline/58,9,11,bad,toward_bad,False
baseline[good=above],baseline/58,10,11,bad,,True
baseline[good=below],baseline/58,0,11,good,toward_bad,False
baseline[good=below],baseline/58,1,11,good,toward_good,False
baseline[good=below],baseline/58,2,11,good,toward_good,False
baseline[good=below],baseline/58,3,11,good,toward_good,False
baseline[good=below],baseline/58,4,11,good,toward_bad,False
baseline[good=below],baseline/58,5,11,good,toward_bad,False
baseline[good=below],baseline/58,6,11,good,toward_bad,False
baseline[good=below],baseline/58,7,11,good,toward_good,False
baseline[good=below],baseline/58,8,11,good,toward_good,False
baseline[good=below],baseline/58,9,11,good,toward_good,False
baseline[good=below],baseline/58,10,11,good,,True
baseline[good=above],baseline/59,0,23,bad,toward_good,False
baseline[good=above],baseline/59,1,23,good,toward_bad,False
baseline[good=above],baseline/59,2,23,good,toward_bad,False
baseline[good=above],baseline/59,3,23,good,toward_bad,False
baseline[good=above],baseline/59,4,23,bad,toward_good,False
baseline[good=above],baseline/59,5,23,good,toward_bad,False
baseline[good=above],baseline/59,6,23,bad,toward_good,False
baseline[good=above],baseline/59,7,23,good,toward_good,False
baseline[good=above],baseline/59,8,23,good,toward_bad,False
baseline[good=above],baseline/59,9,23,good,toward_good,False
baseline[good=above],baseline/59,10,23,good,toward_bad,False
baseline[good=above],baseline/59,11,23,bad,toward_good,False
baseline[good=above],baseline/59,12,23,good,toward_bad,False
baseline[good=above],baseline/59,13,23,good,toward_bad,False
baseline[good=above],baseline/59,14,23,good,toward_bad,False
baseline[good=above],baseline/59,15,23,bad,toward_good,False
baseline[good=above],baseline/59,16,23,bad,toward_good,False
baseline[good=above],baseline/59,17,23,good,toward_good,False
baseline[good=above],baseline/59,18,23,good,toward_good,False
baseline[good=above],baseline/59,19,23,good,toward_bad,False
baseline[good=above],baseline/59,20,23,good,toward_good,False
baseline[good=above],baseline/59,21,23,good,toward_bad,False
baseline[good=above],baseline/59,22,23,good,,True
baseline[good=below],baseline/59,0,23,good,toward_bad,False
baseline[good=below],baseline/59,1,23,bad,toward_good,False
baseline[good=below],baseline/59,2,23,bad,toward_good,False
baseline[good=below],baseline/59,3,23,bad,toward_good,False
baseline[good=below],baseline/59,4,23,good,toward_bad,False
baseline[good=below],baseline/59,5,23,bad,toward_good,False
baseline[good=below],baseline/59,6,23,good,toward_bad,False
baseline[good=below],baseline/59,7,23,bad,toward_bad,False
baseline[good=below],baseline/59,8,23,bad,toward_good,False
baseline[good=below],baseline/59,9,23,bad,toward_bad,False
baseline[good=below],baseline/59,10,23,bad,toward_good,False
baseline[good=below],baseline/59,11,23,good,toward_bad,False
baseline[good=below],baseline/59,12,23,bad,toward_good,False
baseline[good=below],baseline/59,13,23,bad,toward_good,False
baseline[good=below],baseline/59,14,23,bad,toward_good,False
baseline[good=below],baseline/59,15,23,good,toward_bad,False
baseline[good=below],baseline/59,16,23,good,toward_bad,False
baseline[good=below],baseline/59,17,23,bad,toward_bad,False
baseline[good=below],baseline/59,18,23,bad,toward_bad,False
baseline[good=below],baseline/59,19,23,bad,toward_good,False
baseline[good=below],baseline/59,20,23,bad,toward_bad,False
baseline[good=below],baseline/59,21,23,bad,toward_good,False
baseline[good=below],baseline/59,22,23,bad,,True
baseline[good=above],baseline/61,0,22,bad,toward_bad,False
baseline[good=above],baseline/61,1,22,bad,toward_bad,False
baseline[good=above],baseline/61,2,22,bad,toward_bad,False
baseline[good=above],baseline/61,3,22,bad,toward_good,False
baseline[good=above],baseline/61,4,22,bad,toward_bad,False
baseline[good=above],baseline/61,5,22,bad,toward_good,False
baseline[good=above],baseline/61,6,22,bad,toward_bad,False
baseline[good=above],baseline/61,7,22,bad,toward_good,False
baseline[good=above],baseline/61,8,22,bad,toward_bad,False
baseline[good=above],baseline/61,9,22,bad,toward_bad,False
baseline[good=above],baseline/61,10,22,bad,toward_bad,False
baseline[good=above],baseline/61,11,22,bad,toward_good,False
baseline[good=above],baseline/61,12,22,bad,toward_bad,False
baseline[good=above],baseline/61,13,22,bad,toward_good,False
baseline[good=above],baseline/61,14,22,bad,toward_bad,False
baseline[good=above],baseline/61,15,22,bad,toward_good,False
baseline[good=above],baseline/61,16,22,bad,toward_good,False
baseline[good=above],baseline/61,17,22,bad,toward_bad,False
baseline[good=above],baseline/61,18,22,bad,toward_bad,False
baseline[good=above],baseline/61,19,22,bad,toward_bad,False
baseline[good=above],baseline/61,20,22,bad,toward_good,False
baseline[good=above],baseline/61,21,22,bad,,True
baseline[good=below],baseline/61,0,22,good,toward_good,False
baseline[good=below],baseline/61,1,22,good,toward_good,False
baseline[good=below],baseline/61,2,22,good,toward_good,False
baseline[good=below],baseline/61,3,22,good,toward_bad,False
baseline[good=below],baseline/61,4,22,good,toward_good,False
baseline[good=below],baseline/61,5,22,good,toward_bad,False
baseline[good=below],baseline/61,6,22,good,toward_good,False
baseline[good=below],baseline/61,7,22,good,toward_bad,False
baseline[good=below],baseline/61,8,22,good,toward_good,False
baseline[good=below],baseline/61,9,22,good,toward_good,False
baseline[good=below],baseline/61,10,22,good,toward_good,False
baseline[good=below],baseline/61,11,22,good,toward_bad,False
baseline[good=below],baseline/61,12,22,good,toward_good,False
baseline[good=below],baseline/61,13,22,good,toward_bad,False
baseline[good=below],baseline/61,14,22,good,toward_good,False
baseline[good=below],baseline/61,15,22,good,toward_bad,False
baseline[good=below],baseline/61,16,22,good,toward_bad,False
baseline[good=below],baseline/61,17,22,good,toward_good,False
baseline[good=below],baseline/61,18,22,good,toward_good,False
baseline[good=below],baseline/61,19,22,good,toward_good,False
baseline[good=below],baseline/61,20,22,good,toward_bad,False
baseline[good=below],baseline/61,21,22,good,,True
baseline[good=above],baseline/62,0,1,good,,True
baseline[good=below],baseline/62,0,1,bad,,True
baseline[good=above],baseline/63,0,23,bad,toward_good,False
baseline[good=above],baseline/63,1,23,bad,toward_bad,False
baseline[good=above],baseline/63,2,23,bad,toward_bad,False
baseline[good=above],baseline/63,3,23,bad,toward_good,False
baseline[good=above],baseline/63,4,23,bad,toward_good,False
baseline[good=above],baseline/63,5,23,bad,toward_bad,False
baseline[good=above],baseline/63,6,23,bad,toward_bad,False
baseline[good=above],baseline/63,7,23,bad,toward_good,False
baseline[good=above],baseline/63,8,23,bad,toward_bad,False
baseline[good=above],baseline/63,9,23,bad,toward_bad,False
baseline[good=above],baseline/63,10,23,bad,toward_bad,False
baseline[good=above],baseline/63,11,23,bad,toward_good,False
baseline[good=above],baseline/63,12,23,bad,toward_bad,False
baseline[good=above],baseline/63,13,23,bad,toward_good,False
baseline[good=above],baseline/63,14,23,bad,toward_bad,False
baseline[good=above],baseline/63,15,23,bad,toward_good,False
baseline[good=above],baseline/63,16,23,bad,toward_bad,False
baseline[good=above],baseline/63,17,23,bad,toward_good,False
baseline[good=above],baseline/63,18,23,bad,toward_good,False
baseline[good=above],baseline/63,19,23,bad,toward_bad,False
baseline[good=above],baseline/63,20,23,bad,toward_good,False
baseline[good=above],baseline/63,21,23,bad,toward_bad,False
baseline[good=above],baseline/63,22,23,bad,,True
baseline[good=below],baseline/63,0,23,good,toward_bad,False
baseline[good=below],baseline/63,1,23,good,toward_good,False
baseline[good=below],baseline/63,2,23,good,toward_good,False
baseline[good=below],baseline/63,3,23,good,toward_bad,False
baseline[good=below],baseline/63,4,23,good,toward_bad,False
baseline[good=below],baseline/63,5,23,good,toward_good,False
baseline[good=below],baseline/63,6,23,good,toward_good,False
baseline[good=below],baseline/63,7,23,good,toward_bad,False
baseline[good=below],baseline/63,8,23,good,toward_good,False
baseline[good=below],baseline/63,9,23,good,toward_good,False
baseline[good=below],baseline/63,10,23,good,toward_good,False
baseline[good=below],baseline/63,11,23,good,toward_bad,False
baseline[good=below],baseline/63,12,23,good,toward_good,False
baseline[good=below],baseline/63,13,23,good,toward_bad,False
baseline[good=below],baseline/63,14,23,good,toward_good,False
baseline[good=below],baseline/63,15,23,good,toward_bad,False
baseline[good=below],baseline/63,16,23,good,toward_good,False
baseline[good=below],baseline/63,17,23,good,toward_bad,False
baseline[good=below],baseline/63,18,23,good,toward_bad,False
baseline[good=below],baseline/63,19,23,good,toward_good,False
baseline[good=below],baseline/63,20,23,good,toward_bad,False
baseline[good=below],baseline/63,21,23,good,toward_good,False
baseline[good=below],baseline/63,22,23,good,,True
baseline[good=above],baseline/64,0,22,bad,toward_good,False
baseline[good=above],baseline/64,1,22,good,toward_good,False
baseline[good=above],baseline/64,2,22,good,toward_bad,False
baseline[good=above],baseline/64,3,22,good,toward_good,False
baseline[good=above],baseline/64,4,22,good,toward_bad,False
baseline[good=above],baseline/64,5,22,good,toward_good,False
baseline[good=above],baseline/64,6,22,good,toward_bad,False
baseline[good=above],baseline/64,7,22,good,toward_good,False
baseline[good=above],baseline/64,8,22,good,toward_good,False
baseline[good=above],baseline/64,9,22,good,toward_good,False
baseline[good=above],baseline/64,10,22,good,toward_good,False
baseline[good=above],baseline/64,11,22,good,toward_bad,False
baseline[good=above],baseline/64,12,22,good,toward_bad,False
baseline[good=above],baseline/64,13,22,good,toward_good,False
baseline[good=above],baseline/64,14,22,good,toward_bad,False
baseline[good=above],baseline/64,15,22,good,toward_good,False
baseline[good=above],baseline/64,16,22,good,toward_bad,False
baseline[good=above],baseline/64,17,22,good,toward_bad,False
baseline[good=above],baseline/64,18,22,good,toward_bad,False
baseline[good=above],baseline/64,19,22,good,toward_good,False
baseline[good=above],baseline/64,20,22,good,toward_good,False
baseline[good=above],baseline/64,21,22,good,,True
baseline[good=below],baseline/64,0,22,good,toward_bad,False
baseline[good=below],baseline/64,1,22,bad,toward_bad,False
baseline[good=below],baseline/64,2,22,bad,toward_good,False
baseline[good=below],baseline/64,3,22,bad,toward_bad,False
baseline[good=below],baseline/64,4,22,bad,toward_good,False
baseline[good=below],baseline/64,5,22,bad,toward_bad,False
baseline[good=below],baseline/64,6,22,bad,toward_good,False
baseline[good=below],baseline/64,7,22,bad,toward_bad,False
baseline[good=below],baseline/64,8,22,bad,toward_bad,False
baseline[good=below],baseline/64,9,22,bad,toward_bad,False
baseline[good=below],baseline/64,10,22,bad,toward_bad,False
baseline[good=below],baseline/64,11,22,bad,toward_good,False
baseline[good=below],baseline/64,12,22,bad,toward_good,False
baseline[good=below],baseline/64,13,22,bad,toward_bad,False
baseline[good=below],baseline/64,14,22,bad,toward_good,False
baseline[good=below],baseline/64,15,22,bad,toward_bad,False
baseline[good=below],baseline/64,16,22,bad,toward_good,False
baseline[good=below],baseline/64,17,22,bad,toward_good,False
baseline[good=below],baseline/64,18,22,bad,toward_good,False
baseline[good=below],baseline/64,19,22,bad,toward_bad,False
baseline[good=below],baseline/64,20,22,bad,toward_bad,False
baseline[good=below],baseline/64,21,22,bad,,True
baseline[good=above],baseline/67,0,1,good,,True
baseline[good=below],baseline/67,0,1,bad,,True
baseline[good=above],baseline/69,0,28,good,toward_bad,False
baseline[good=above],baseline/69,1,28,good,toward_bad,False
baseline[good=above],baseline/69,2,28,good,toward_good,False
baseline[good=above],baseline/69,3,28,good,toward_bad,False
baseline[good=above],baseline/69,4,28,good,toward_bad,False
baseline[good=above],baseline/69,5,28,good,toward_bad,False
baseline[good=above],baseline/69,6,28,good,toward_good,False
baseline[good=above],baseline/69,7,28,good,toward_bad,False
baseline[good=above],baseline/69,8,28,good,toward_bad,False
baseline[good=above],baseline/69,9,28,good,toward_good,False
baseline[good=above],baseline/69,10,28,good,toward_bad,False
baseline[good=above],baseline/69,11,28,good,toward_bad,False
baseline[good=above],baseline/69,12,28,good,toward_good,False
baseline[good=above],baseline/69,13,28,good,toward_good,False
baseline[good=above],baseline/69,14,28,good,toward_good,False
baseline[good=above],baseline/69,15,28,good,toward_good,False
baseline[good=above],baseline/69,16,28,good,toward_bad,False
baseline[good=above],baseline/69,17,28,good,toward_good,False
baseline[good=above],baseline/69,18,28,good,toward_good,False
baseline[good=above],baseline/69,19,28,good,toward_good,False
baseline[good=above],baseline/69,20,28,good,toward_good,False
baseline[good=above],baseline/69,21,28,good,toward_good,False
baseline[good=above],baseline/69,22,28,good,toward_good,False
baseline[good=above],baseline/69,23,28,good,toward_bad,False
baseline[good=above],baseline/69,24,28,good,toward_good,False
baseline[good=above],baseline/69,25,28,good,toward_bad,False
baseline[good=above],baseline/69,26,28,good,toward_bad,False
baseline[good=above],baseline/69,27,28,good,,True
baseline[good=below],baseline/69,0,28,bad,toward_good,False
baseline[good=below],baseline/69,1,28,bad,toward_good,False
baseline[good=below],baseline/69,2,28,bad,toward_bad,False
baseline[good=below],baseline/69,3,28,bad,toward_good,False
baseline[good=below],baseline/69,4,28,bad,toward_good,False
baseline[good=below],baseline/69,5,28,bad,toward_good,False
baseline[good=below],baseline/69,6,28,bad,toward_bad,False
baseline[good=below],baseline/69,7,28,bad,toward_good,False
baseline[good=below],baseline/69,8,28,bad,toward_good,False
baseline[good=below],baseline/69,9,28,bad,toward_bad,False
baseline[good=below],baseline/69,10,28,bad,toward_good,False
baseline[good=below],baseline/69,11,28,bad,toward_good,False
baseline[good=below],baseline/69,12,28,bad,toward_bad,False
baseline[good=below],baseline/69,13,28,bad,toward_bad,False
baseline[good=below],baseline/69,14,28,bad,toward_bad,False
baseline[good=below],baseline/69,15,28,bad,toward_bad,False
baseline[good=below],baseline/69,16,28,bad,toward_good,False
baseline[good=below],baseline/69,17,28,bad,toward_bad,False
baseline[good=below],baseline/69,18,28,bad,toward_bad,False
baseline[good=below],baseline/69,19,28,bad,toward_bad,False
baseline[good=below],baseline/69,20,28,bad,toward_bad,False
baseline[good=below],baseline/69,21,28,bad,toward_bad,False
baseline[good=below],baseline/69,22,28,bad,toward_bad,False
baseline[good=below],baseline/69,23,28,bad,toward_good,False
baseline[good=below],baseline/69,24,28,bad,toward_bad,False
baseline[good=below],baseline/69,25,28,bad,toward_good,False
baseline[good=below],baseline/69,26,28,bad,toward_good,False
baseline[good=below],baseline/69,27,28,bad,,True
baseline[good=above],baseline/74,0,29,bad,toward_bad,False
baseline[good=above],baseline/74,1,29,bad,same,False
baseline[good=above],baseline/74,2,29,bad,toward_bad,False
baseline[good=above],baseline/74,3,29,bad,toward_good,False
baseline[good=above],baseline/74,4,29,bad,toward_bad,False
baseline[good=above],baseline/74,5,29,bad,toward_good,False
baseline[good=above],baseline/74,6,29,bad,toward_good,False
baseline[good=above],baseline/74,7,29,bad,toward_bad,False
baseline[good=above],baseline/74,8,29,bad,toward_bad,False
baseline[good=above],baseline/74,9,29,bad,toward_good,False
baseline[good=above],baseline/74,10,29,bad,toward_bad,False
baseline[good=above],baseline/74,11,29,bad,toward_bad,False
baseline[good=above],baseline/74,12,29,bad,toward_good,False
baseline[good=above],baseline/74,13,29,bad,toward_bad,False
baseline[good=above],baseline/74,14,29,bad,toward_good,False
baseline[good=above],baseline/74,15,29,bad,toward_good,False
baseline[good=above],baseline/74,16,29,bad,toward_bad,False
baseline[good=above],baseline/74,17,29,bad,toward_good,False
baseline[good=above],baseline/74,18,29,bad,toward_bad,False
baseline[good=above],baseline/74,19,29,bad,toward_bad,False
baseline[good=above],baseline/74,20,29,bad,toward_bad,False
baseline[good=above],baseline/74,21,29,bad,toward_bad,False
baseline[good=above],baseline/74,22,29,bad,toward_good,False
baseline[good=above],baseline/74,23,29,bad,toward_bad,False
baseline[good=above],baseline/74,24,29,bad,toward_bad,False
baseline[good=above],baseline/74,25,29,bad,toward_good,False
baseline[good=above],baseline/74,26,29,bad,toward_good,False
baseline[good=above],baseline/74,27,29,bad,toward_bad,False
baseline[good=above],baseline/74,28,29,bad,,True
baseline[good=below],baseline/74,0,29,good,toward_good,False
baseline[good=below],baseline/74,1,29,good,same,False
baseline[good=below],baseline/74,2,29,good,toward_good,False
baseline[good=below],baseline/74,3,29,good,toward_bad,False
baseline[good=below],baseline/74,4,29,good,toward_good,False
baseline[good=below],baseline/74,5,29,good,toward_bad,False
baseline[good=below],baseline/74,6,29,good,toward_bad,False
baseline[good=below],baseline/74,7,29,good,toward_good,False
baseline[good=below],baseline/74,8,29,good,toward_good,False
baseline[good=below],baseline/74,9,29,good,toward_bad,False
baseline[good=below],baseline/74,10,29,good,toward_good,False
baseline[good=below],baseline/74,11,29,good,toward_good,False
baseline[good=below],baseline/74,12,29,good,toward_bad,False
baseline[good=below],baseline/74,13,29,good,toward_good,False
baseline[good=below],baseline/74,14,29,good,toward_bad,False
baseline[good=below],baseline/74,15,29,good,toward_bad,False
baseline[good=below],baseline/74,16,29,good,toward_good,False
baseline[good=below],baseline/74,17,29,good,toward_bad,False
baseline[good=below],baseline/74,18,29,good,toward_good,False
baseline[good=below],baseline/74,19,29,good,toward_good,False
baseline[good=below],baseline/74,20,29,good,toward_good,False
baseline[good=below],baseline/74,21,29,good,toward_good,False
baseline[good=below],baseline/74,22,29,good,toward_bad,False
baseline[good=below],baseline/74,23,29,good,toward_good,False
baseline[good=below],baseline/74,24,29,good,toward_good,False
baseline[good=below],baseline/74,25,29,good,toward_bad,False
baseline[good=below],baseline/74,26,29,good,toward_bad,False
baseline[good=below],baseline/74,27,29,good,toward_good,False
baseline[good=below],baseline/74,28,29,good,,True
baseline[good=above],baseline/75,0,6,good,toward_good,False
baseline[good=above],baseline/75,1,6,good,toward_bad,False
baseline[good=above],baseline/75,2,6,good,toward_good,False
baseline[good=above],baseline/75,3,6,good,toward_bad,False
baseline[good=above],baseline/75,4,6,good,toward_bad,False
baseline[good=above],baseline/75,5,6,good,,True
baseline[good=below],baseline/75,0,6,bad,toward_bad,False
baseline[good=below],baseline/75,1,6,bad,toward_good,False
baseline[good=below],baseline/75,2,6,bad,toward_bad,False
baseline[good=below],baseline/75,3,6,bad,toward_good,False
baseline[good=below],baseline/75,4,6,bad,toward_good,False
baseline[good=below],baseline/75,5,6,bad,,True
baseline[good=above],baseline/77,0,28,bad,toward_bad,False
baseline[good=above],baseline/77,1,28,bad,toward_good,False
baseline[good=above],baseline/77,2,28,good,toward_bad,False
baseline[good=above],baseline/77,3,28,bad,toward_good,False
baseline[good=above],baseline/77,4,28,bad,toward_bad,False
baseline[good=above],baseline/77,5,28,bad,toward_good,False
baseline[good=above],baseline/77,6,28,bad,toward_bad,False
baseline[good=above],baseline/77,7,28,bad,toward_bad,False
baseline[good=above],baseline/77,8,28,bad,toward_good,False
baseline[good=above],baseline/77,9,28,bad,toward_good,False
baseline[good=above],baseline/77,10,28,bad,toward_bad,False
baseline[good=above],baseline/77,11,28,bad,toward_good,False
baseline[good=above],baseline/77,12,28,bad,toward_bad,False
baseline[good=above],baseline/77,13,28,bad,toward_good,False
baseline[good=above],baseline/77,14,28,bad,toward_bad,False
baseline[good=above],baseline/77,15,28,bad,toward_good,False
baseline[good=above],baseline/77,16,28,bad,toward_bad,False
baseline[good=above],baseline/77,17,28,bad,toward_good,False
baseline[good=above],baseline/77,18,28,bad,toward_good,False
baseline[good=above],baseline/77,19,28,bad,toward_good,False
baseline[good=above],baseline/77,20,28,bad,toward_bad,False
baseline[good=above],baseline/77,21,28,bad,toward_bad,False
baseline[good=above],baseline/77,22,28,bad,toward_good,False
baseline[good=above],baseline/77,23,28,bad,toward_bad,False
baseline[good=above],baseline/77,24,28,bad,toward_good,False
baseline[good=above],baseline/77,25,28,bad,toward_good,False
baseline[good=above],baseline/77,26,28,bad,toward_bad,False
baseline[good=above],baseline/77,27,28,bad,,True
baseline[good=below],baseline/77,0,28,good,toward_good,False
baseline[good=below],baseline/77,1,28,good,toward_bad,False
baseline[good=below],baseline/77,2,28,bad,toward_good,False
baseline[good=below],baseline/77,3,28,good,toward_bad,False
baseline[good=below],baseline/77,4,28,good,toward_good,False
baseline[good=below],baseline/77,5,28,good,toward_bad,False
baseline[good=below],baseline/77,6,28,good,toward_good,False
baseline[good=below],baseline/77,7,28,good,toward_good,False
baseline[good=below],baseline/77,8,28,good,toward_bad,False
baseline[good=below],baseline/77,9,28,good,toward_bad,False
baseline[good=below],baseline/77,10,28,good,toward_good,False
baseline[good=below],baseline/77,11,28,good,toward_bad,False
baseline[good=below],baseline/77,12,28,good,toward_good,False
baseline[good=below],baseline/77,13,28,good,toward_bad,False
baseline[good=below],baseline/77,14,28,good,toward_good,False
baseline[good=below],baseline/77,15,28,good,toward_bad,False
baseline[good=below],baseline/77,16,28,good,toward_good,False
baseline[good=below],baseline/77,17,28,good,toward_bad,False
baseline[good=below],baseline/77,18,28,good,toward_bad,False
baseline[good=below],baseline/77,19,28,good,toward_bad,False
baseline[good=below],baseline/77,20,28,good,toward_good,False
baseline[good=below],baseline/77,21,28,good,toward_good,False
baseline[good=below],baseline/77,22,28,good,toward_bad,False
baseline[good=below],baseline/77,23,28,good,toward_good,False
baseline[good=below],baseline/77,24,28,good,toward_bad,False
baseline[good=below],baseline/77,25,28,good,toward_bad,False
baseline[good=below],baseline/77,26,28,good,toward_good,False
baseline[good=below],baseline/77,27,28,good,,True
baseline[good=above],baseline/78,0,24,good,toward_bad,False
baseline[good=above],baseline/78,1,24,good,toward_bad,False
baseline[good=above],baseline/78,2,24,good,toward_bad,False
baseline[good=above],baseline/78,3,24,good,toward_good,False
baseline[good=above],baseline/78,4,24,good,toward_good,False
baseline[good=above],baseline/78,5,24,good,toward_bad,False
baseline[good=above],baseline/78,6,24,good,toward_good,False
baseline[good=above],baseline/78,7,24,good,toward_bad,False
baseline[good=above],baseline/78,8,24,good,toward_bad,False
baseline[good=above],baseline/78,9,24,bad,toward_good,False
baseline[good=above],baseline/78,10,24,good,toward_good,False
baseline[good=above],baseline/78,11,24,good,toward_good,False
baseline[good=above],baseline/78,12,24,good,toward_bad,False
baseline[good=above],baseline/78,13,24,good,toward_good,False
baseline[good=above],baseline/78,14,24,good,toward_bad,False
baseline[good=above],baseline/78,15,24,good,toward_good,False
baseline[good=above],baseline/78,16,24,good,toward_bad,False
baseline[good=above],baseline/78,17,24,good,toward_bad,False
baseline[good=above],baseline/78,18,24,good,toward_bad,False
baseline[good=above],baseline/78,19,24,good,toward_good,False
baseline[good=above],baseline/78,20,24,good,toward_bad,False
baseline[good=above],baseline/78,21,24,good,toward_good,False
baseline[good=above],baseline/78,22,24,good,toward_bad,False
baseline[good=above],baseline/78,23,24,good,,True
baseline[good=below],baseline/78,0,24,bad,toward_good,False
baseline[good=below],baseline/78,1,24,bad,toward_good,False
baseline[good=below],baseline/78,2,24,bad,toward_good,False
baseline[good=below],baseline/78,3,24,bad,toward_bad,False
baseline[good=below],baseline/78,4,24,bad,toward_bad,False
baseline[good=below],baseline/78,5,24,bad,toward_good,False
baseline[good=below],baseline/78,6,24,bad,toward_bad,False
baseline[good=below],baseline/78,7,24,bad,toward_good,False
baseline[good=below],baseline/78,8,24,bad,toward_good,False
baseline[good=below],baseline/78,9,24,good,toward_bad,False
baseline[good=below],baseline/78,10,24,bad,toward_bad,False
baseline[good=below],baseline/78,11,24,bad,toward_bad,False
baseline[good=below],baseline/78,12,24,bad,toward_good,False
baseline[good=below],baseline/78,13,24,bad,toward_bad,False
baseline[good=below],baseline/78,14,24,bad,toward_good,False
baseline[good=below],baseline/78,15,24,bad,toward_bad,False
baseline[good=below],baseline/78,16,24,bad,toward_good,False
baseline[good=below],baseline/78,17,24,bad,toward_good,False
baseline[good=below],baseline/78,18,24,bad,toward_good,False
baseline[good=below],baseline/78,19,24,bad,toward_bad,False
baseline[good=below],baseline/78,20,24,bad,toward_good,False
baseline[good=below],baseline/78,21,24,bad,toward_bad,False
baseline[good=below],baseline/78,22,24,bad,toward_good,False
baseline[good=below],baseline/78,23,24,bad,,True
baseline[good=above],baseline/79,0,24,good,toward_bad,False
baseline[good=above],baseline/79,1,24,good,toward_good,False
baseline[good=above],baseline/79,2,24,good,toward_good,False
baseline[good=above],baseline/79,3,24,good,toward_bad,False
baseline[good=above],baseline/79,4,24,good,toward_bad,False
baseline[good=above],baseline/79,5,24,good,toward_good,False
baseline[good=above],baseline/79,6,24,good,toward_bad,False
baseline[good=above],baseline/79,7,24,good,toward_good,False
baseline[good=above],baseline/79,8,24,good,toward_bad,False
baseline[good=above],baseline/79,9,24,good,toward_bad,False
baseline[good=above],baseline/79,10,24,good,toward_good,False
baseline[good=above],baseline/79,11,24,good,toward_bad,False
baseline[good=above],baseline/79,12,24,good,toward_good,False
baseline[good=above],baseline/79,13,24,good,toward_bad,False
baseline[good=above],baseline/79,14,24,good,toward_good,False
baseline[good=above],baseline/79,15,24,good,toward_bad,False
baseline[good=above],baseline/79,16,24,good,toward_good,False
baseline[good=above],baseline/79,17,24,good,toward_bad,False
baseline[good=above],baseline/79,18,24,good,toward_bad,False
baseline[good=above],baseline/79,19,24,good,toward_bad,False
baseline[good=above],baseline/79,20,24,good,toward_good,False
baseline[good=above],baseline/79,21,24,good,toward_bad,False
baseline[good=above],baseline/79,22,24,good,toward_good,False
baseline[good=above],baseline/79,23,24,good,,True
baseline[good=below],baseline/79,0,24,bad,toward_good,False
baseline[good=below],baseline/79,1,24,bad,toward_bad,False
baseline[good=below],baseline/79,2,24,bad,toward_bad,False
baseline[good=below],baseline/79,3,24,bad,toward_good,False
baseline[good=below],baseline/79,4,24,bad,toward_good,False
baseline[good=below],baseline/79,5,24,bad,toward_bad,False
baseline[good=below],baseline/79,6,24,bad,toward_good,False
baseline[good=below],baseline/79,7,24,bad,toward_bad,False
baseline[good=below],baseline/79,8,24,bad,toward_good,False
baseline[good=below],baseline/79,9,24,bad,toward_good,False
baseline[good=below],baseline/79,10,24,bad,toward_bad,False
baseline[good=below],baseline/79,11,24,bad,toward_good,False
baseline[good=below],baseline/79,12,24,bad,toward_bad,False
baseline[good=below],baseline/79,13,24,bad,toward_good,False
baseline[good=below],baseline/79,14,24,bad,toward_bad,False
baseline[good=below],baseline/79,15,24,bad,toward_good,False
baseline[good=below],baseline/79,16,24,bad,toward_bad,False
baseline[good=below],baseline/79,17,24,bad,toward_good,False
baseline[good=below],baseline/79,18,24,bad,toward_good,False
baseline[good=below],baseline/79,19,24,bad,toward_good,False
baseline[good=below],baseline/79,20,24,bad,toward_bad,False
baseline[good=below],baseline/79,21,24,bad,toward_good,False
baseline[good=below],baseline/79,22,24,bad,toward_bad,False
baseline[good=below],baseline/79,23,24,bad,,True
baseline[good=above],baseline/80,0,51,good,toward_good,False
baseline[good=above],baseline/80,1,51,good,toward_bad,False
baseline[good=above],baseline/80,2,51,good,toward_good,False
baseline[good=above],baseline/80,3,51,good,toward_bad,False
baseline[good=above],baseline/80,4,51,good,toward_good,False
baseline[good=above],baseline/80,5,51,good,toward_bad,False
baseline[good=above],baseline/80,6,51,good,toward_bad,False
baseline[good=above],baseline/80,7,51,good,toward_bad,False
baseline[good=above],baseline/80,8,51,good,toward_bad,False
baseline[good=above],baseline/80,9,51,good,toward_good,False
baseline[good=above],baseline/80,10,51,good,toward_bad,False
baseline[good=above],baseline/80,11,51,good,toward_bad,False
baseline[good=above],baseline/80,12,51,good,toward_good,False
baseline[good=above],baseline/80,13,51,good,toward_good,False
baseline[good=above],baseline/80,14,51,good,toward_bad,False
baseline[good=above],baseline/80,15,51,good,toward_bad,False
baseline[good=above],baseline/80,16,51,good,toward_good,False
baseline[good=above],baseline/80,17,51,good,toward_good,False
baseline[good=above],baseline/80,18,51,good,toward_good,False
baseline[good=above],baseline/80,19,51,good,toward_bad,False
baseline[good=above],baseline/80,20,51,good,toward_bad,False
baseline[good=above],baseline/80,21,51,good,toward_good,False
baseline[good=above],baseline/80,22,51,good,toward_bad,False
baseline[good=above],baseline/80,23,51,good,toward_good,False
baseline[good=above],baseline/80,24,51,good,toward_bad,False
baseline[good=above],baseline/80,25,51,good,toward_good,False
baseline[good=above],baseline/80,26,51,good,toward_good,False
baseline[good=above],baseline/80,27,51,good,toward_good,False
baseline[good=above],baseline/80,28,51,good,toward_good,False
baseline[good=above],baseline/80,29,51,good,toward_bad,False
baseline[good=above],baseline/80,30,51,good,toward_good,False
baseline[good=above],baseline/80,31,51,good,toward_good,False
baseline[good=above],baseline/80,32,51,good,toward_bad,False
baseline[good=above],baseline/80,33,51,good,toward_bad,False
baseline[good=above],baseline/80,34,51,good,toward_good,False
baseline[good=above],baseline/80,35,51,good,same,False
baseline[good=above],baseline/80,36,51,good,toward_bad,False
baseline[good=above],baseline/80,37,51,good,toward_good,False
baseline[good=above],baseline/80,38,51,good,toward_bad,False
baseline[good=above],baseline/80,39,51,good,toward_good,False
baseline[good=above],baseline/80,40,51,good,toward_good,False
baseline[good=above],baseline/80,41,51,good,toward_good,False
baseline[good=above],baseline/80,42,51,good,toward_bad,False
baseline[good=above],baseline/80,43,51,good,toward_bad,False
baseline[good=above],baseline/80,44,51,good,toward_good,False
baseline[good=above],baseline/80,45,51,good,toward_bad,False
baseline[good=above],baseline/80,46,51,good,toward_good,False
baseline[good=above],baseline/80,47,51,good,toward_good,False
baseline[good=above],baseline/80,48,51,good,toward_good,False
baseline[good=above],baseline/80,49,51,good,toward_bad,False
baseline[good=above],baseline/80,50,51,good,,True
baseline[good=below],baseline/80,0,51,bad,toward_bad,False
baseline[good=below],baseline/80,1,51,bad,toward_good,False
baseline[good=below],baseline/80,2,51,bad,toward_bad,False
baseline[good=below],baseline/80,3,51,bad,toward_good,False
baseline[good=below],baseline/80,4,51,bad,toward_bad,False
baseline[good=below],baseline/80,5,51,bad,toward_good,False
baseline[good=below],baseline/80,6,51,bad,toward_good,False
baseline[good=below],baseline/80,7,51,bad,toward_good,False
baseline[good=below],baseline/80,8,51,bad,toward_good,False
baseline[good=below],baseline/80,9,51,bad,toward_bad,False
baseline[good=below],baseline/80,10,51,bad,toward_good,False
baseline[good=below],baseline/80,11,51,bad,toward_good,False
baseline[good=below],baseline/80,12,51,bad,toward_bad,False
baseline[good=below],baseline/80,13,51,bad,toward_bad,False
baseline[good=below],baseline/80,14,51,bad,toward_good,False
baseline[good=below],baseline/80,15,51,bad,toward_good,False
baseline[good=below],baseline/80,16,51,bad,toward_bad,False
baseline[good=below],baseline/80,17,51,bad,toward_bad,False
baseline[good=below],baseline/80,18,51,bad,toward_bad,False
baseline[good=below],baseline/80,19,51,bad,toward_good,False
baseline[good=below],baseline/80,20,51,bad,toward_good,False
baseline[good=below],baseline/80,21,51,bad,toward_bad,False
baseline[good=below],baseline/80,22,51,bad,toward_good,False
baseline[good=below],baseline/80,23,51,bad,toward_bad,False
baseline[good=below],baseline/80,24,51,bad,toward_good,False
baseline[good=below],baseline/80,25,51,bad,toward_bad,False
baseline[good=below],baseline/80,26,51,bad,toward_bad,False
baseline[good=below],baseline/80,27,51,bad,toward_bad,False
baseline[good=below],baseline/80,28,51,bad,toward_bad,False
baseline[good=below],baseline/80,29,51,bad,toward_good,False
baseline[good=below],baseline/80,30,51,bad,toward_bad,False
baseline[good=below],baseline/80,31,51,bad,toward_bad,False
baseline[good=below],baseline/80,32,51,bad,toward_good,False
baseline[good=below],baseline/80,33,51,bad,toward_good,False
baseline[good=below],baseline/80,34,51,bad,toward_bad,False
baseline[good=below],baseline/80,35,51,bad,same,False
baseline[good=below],baseline/80,36,51,bad,toward_good,False
baseline[good=below],baseline/80,37,51,bad,toward_bad,False
baseline[good=below],baseline/80,38,51,bad,toward_good,False
baseline[good=below],baseline/80,39,51,bad,toward_bad,False
baseline[good=below],baseline/80,40,51,bad,toward_bad,False
baseline[good=below],baseline/80,41,51,bad,toward_bad,False
baseline[good=below],baseline/80,42,51,bad,toward_good,False
baseline[good=below],baseline/80,43,51,bad,toward_good,False
baseline[good=below],baseline/80,44,51,bad,toward_bad,False
baseline[good=below],baseline/80,45,51,bad,toward_good,False
baseline[good=below],baseline/80,46,51,bad,toward_bad,False
baseline[good=below],baseline/80,47,51,bad,toward_bad,False
baseline[good=below],baseline/80,48,51,bad,toward_bad,False
baseline[good=below],baseline/80,49,51,bad,toward_good,False
baseline[good=below],baseline/80,50,51,bad,,True
baseline[good=above],baseline/81,0,17,bad,toward_bad,False
baseline[good=above],baseline/81,1,17,bad,toward_bad,False
baseline[good=above],baseline/81,2,17,bad,toward_bad,False
baseline[good=above],baseline/81,3,17,bad,toward_bad,False
baseline[good=above],baseline/81,4,17,bad,toward_good,False
baseline[good=above],baseline/81,5,17,bad,toward_good,False
baseline[good=above],baseline/81,6,17,bad,toward_bad,False
baseline[good=above],baseline/81,7,17,bad,toward_good,False
baseline[good=above],baseline/81,8,17,bad,toward_good,False
baseline[good=above],baseline/81,9,17,bad,toward_good,False
baseline[good=above],baseline/81,10,17,bad,toward_good,False
baseline[good=above],baseline/81,11,17,bad,toward_good,False
baseline[good=above],baseline/81,12,17,bad,toward_bad,False
baseline[good=above],baseline/81,13,17,bad,toward_good,False
baseline[good=above],baseline/81,14,17,bad,toward_good,False
baseline[good=above],baseline/81,15,17,bad,toward_bad,False
baseline[good=above],baseline/81,16,17,bad,,True
baseline[good=below],baseline/81,0,17,good,toward_good,False
baseline[good=below],baseline/81,1,17,good,toward_good,False
baseline[good=below],baseline/81,2,17,good,toward_good,False
baseline[good=below],baseline/81,3,17,good,toward_good,False
baseline[good=below],baseline/81,4,17,good,toward_bad,False
baseline[good=below],baseline/81,5,17,good,toward_bad,False
baseline[good=below],baseline/81,6,17,good,toward_good,False
baseline[good=below],baseline/81,7,17,good,toward_bad,False
baseline[good=below],baseline/81,8,17,good,toward_bad,False
baseline[good=below],baseline/81,9,17,good,toward_bad,False
baseline[good=below],baseline/81,10,17,good,toward_bad,False
baseline[good=below],baseline/81,11,17,good,toward_bad,False
baseline[good=below],baseline/81,12,17,good,toward_good,False
baseline[good=below],baseline/81,13,17,good,toward_bad,False
baseline[good=below],baseline/81,14,17,good,toward_bad,False
baseline[good=below],baseline/81,15,17,good,toward_good,False
baseline[good=below],baseline/81,16,17,good,,True
baseline[good=above],baseline/82,0,2,good,toward_bad,False
baseline[good=above],baseline/82,1,2,good,,True
baseline[good=below],baseline/82,0,2,bad,toward_good,False
baseline[good=below],baseline/82,1,2,bad,,True
baseline[good=above],baseline/85,0,42,bad,toward_good,False
baseline[good=above],baseline/85,1,42,bad,toward_bad,False
baseline[good=above],baseline/85,2,42,bad,toward_bad,False
baseline[good=above],baseline/85,3,42,bad,toward_good,False
baseline[good=above],baseline/85,4,42,bad,toward_bad,False
baseline[good=above],baseline/85,5,42,bad,toward_good,False
baseline[good=above],baseline/85,6,42,bad,toward_good,False
baseline[good=above],baseline/85,7,42,bad,toward_bad,False
baseline[good=above],baseline/85,8,42,bad,toward_bad,False
baseline[good=above],baseline/85,9,42,bad,toward_good,False
baseline[good=above],baseline/85,10,42,bad,toward_bad,False
baseline[good=above],baseline/85,11,42,bad,toward_good,False
baseline[good=above],baseline/85,12,42,bad,toward_good,False
baseline[good=above],baseline/85,13,42,bad,toward_bad,False
baseline[good=above],baseline/85,14,42,bad,toward_bad,False
baseline[good=above],baseline/85,15,42,bad,toward_good,False
baseline[good=above],baseline/85,16,42,bad,toward_bad,False
baseline[good=above],baseline/85,17,42,bad,toward_good,False
baseline[good=above],baseline/85,18,42,bad,toward_bad,False
baseline[good=above],baseline/85,19,42,bad,toward_good,False
baseline[good=above],baseline/85,20,42,bad,toward_bad,False
baseline[good=above],baseline/85,21,42,bad,toward_good,False
baseline[good=above],baseline/85,22,42,bad,toward_bad,False
baseline[good=above],baseline/85,23,42,bad,toward_good,False
baseline[good=above],baseline/85,24,42,bad,toward_bad,False
baseline[good=above],baseline/85,25,42,bad,toward_bad,False
baseline[good=above],baseline/85,26,42,bad,toward_good,False
baseline[good=above],baseline/85,27,42,bad,toward_good,False
baseline[good=above],baseline/85,28,42,bad,toward_bad,False
baseline[good=above],baseline/85,29,42,bad,toward_good,False
baseline[good=above],baseline/85,30,42,bad,toward_good,False
baseline[good=above],baseline/85,31,42,bad,toward_bad,False
baseline[good=above],baseline/85,32,42,bad,toward_bad,False
baseline[good=above],baseline/85,33,42,bad,toward_good,False
baseline[good=above],baseline/85,34,42,bad,toward_bad,False
baseline[good=above],baseline/85,35,42,bad,toward_good,False
baseline[good=above],baseline/85,36,42,bad,toward_good,False
baseline[good=above],baseline/85,37,42,bad,toward_good,False
baseline[good=above],baseline/85,38,42,bad,toward_bad,False
baseline[good=above],baseline/85,39,42,bad,toward_bad,False
baseline[good=above],baseline/85,40,42,bad,toward_good,False
baseline[good=above],baseline/85,41,42,bad,,True
baseline[good=below],baseline/85,0,42,good,toward_bad,False
baseline[good=below],baseline/85,1,42,good,toward_good,False
baseline[good=below],baseline/85,2,42,good,toward_good,False
baseline[good=below],baseline/85,3,42,good,toward_bad,False
baseline[good=below],baseline/85,4,42,good,toward_good,False
baseline[good=below],baseline/85,5,42,good,toward_bad,False
baseline[good=below],baseline/85,6,42,good,toward_bad,False
baseline[good=below],baseline/85,7,42,good,toward_good,False
baseline[good=below],baseline/85,8,42,good,toward_good,False
baseline[good=below],baseline/85,9,42,good,toward_bad,False
baseline[good=below],baseline/85,10,42,good,toward_good,False
baseline[good=below],baseline/85,11,42,good,toward_bad,False
baseline[good=below],baseline/85,12,42,good,toward_bad,False
baseline[good=below],baseline/85,13,42,good,toward_good,False
baseline[good=below],baseline/85,14,42,good,toward_good,False
baseline[good=below],baseline/85,15,42,good,toward_bad,False
baseline[good=below],baseline/85,16,42,good,toward_good,False
baseline[good=below],baseline/85,17,42,good,toward_bad,False
baseline[good=below],baseline/85,18,42,good,toward_good,False
baseline[good=below],baseline/85,19,42,good,toward_bad,False
baseline[good=below],baseline/85,20,42,good,toward_good,False
baseline[good=below],baseline/85,21,42,good,toward_bad,False
baseline[good=below],baseline/85,22,42,good,toward_good,False
baseline[good=below],baseline/85,23,42,good,toward_bad,False
baseline[good=below],baseline/85,24,42,good,toward_good,False
baseline[good=below],baseline/85,25,42,good,toward_good,False
baseline[good=below],baseline/85,26,42,good,toward_bad,False
baseline[good=below],baseline/85,27,42,good,toward_bad,False
baseline[good=below],baseline/85,28,42,good,toward_good,False
baseline[good=below],baseline/85,29,42,good,toward_bad,False
baseline[good=below],baseline/85,30,42,good,toward_bad,False
baseline[good=below],baseline/85,31,42,good,toward_good,False
baseline[good=below],baseline/85,32,42,good,toward_good,False
baseline[good=below],baseline/85,33,42,good,toward_bad,False
baseline[good=below],baseline/85,34,42,good,toward_good,False
baseline[good=below],baseline/85,35,42,good,toward_bad,False
baseline[good=below],baseline/85,36,42,good,toward_bad,False
baseline[good=below],baseline/85,37,42,good,toward_bad,False
baseline[good=below],baseline/85,38,42,good,toward_good,False
baseline[good=below],baseline/85,39,42,good,toward_good,False
baseline[good=below],baseline/85,40,42,good,toward_bad,False
baseline[good=below],baseline/85,41,42,good,,True
baseline[good=above],baseline/88,0,19,bad,toward_good,False
baseline[good=above],baseline/88,1,19,bad,toward_bad,False
baseline[good=above],baseline/88,2,19,bad,toward_good,False
baseline[good=above],baseline/88,3,19,bad,toward_bad,False
baseline[good=above],baseline/88,4,19,bad,toward_good,False
baseline[good=above],baseline/88,5,19,bad,toward_good,False
baseline[good=above],baseline/88,6,19,bad,toward_bad,False
baseline[good=above],baseline/88,7,19,bad,toward_good,False
baseline[good=above],baseline/88,8,19,bad,toward_bad,False
baseline[good=above],baseline/88,9,19,bad,toward_bad,False
baseline[good=above],baseline/88,10,19,bad,toward_bad,False
baseline[good=above],baseline/88,11,19,bad,toward_good,False
baseline[good=above],baseline/88,12,19,bad,toward_bad,False
baseline[good=above],baseline/88,13,19,bad,toward_bad,False
baseline[good=above],baseline/88,14,19,bad,toward_good,False
baseline[good=above],baseline/88,15,19,bad,toward_good,False
baseline[good=above],baseline/88,16,19,bad,toward_good,False
baseline[good=above],baseline/88,17,19,bad,toward_bad,False
baseline[good=above],baseline/88,18,19,bad,,True
baseline[good=below],baseline/88,0,19,good,toward_bad,False
baseline[good=below],baseline/88,1,19,good,toward_good,False
baseline[good=below],baseline/88,2,19,good,toward_bad,False
baseline[good=below],baseline/88,3,19,good,toward_good,False
baseline[good=below],baseline/88,4,19,good,toward_bad,False
baseline[good=below],baseline/88,5,19,good,toward_bad,False
baseline[good=below],baseline/88,6,19,good,toward_good,False
baseline[good=below],baseline/88,7,19,good,toward_bad,False
baseline[good=below],baseline/88,8,19,good,toward_good,False
baseline[good=below],baseline/88,9,19,good,toward_good,False
baseline[good=below],baseline/88,10,19,good,toward_good,False
baseline[good=below],baseline/88,11,19,good,toward_bad,False
baseline[good=below],baseline/88,12,19,good,toward_good,False
baseline[good=below],baseline/88,13,19,good,toward_good,False
baseline[good=below],baseline/88,14,19,good,toward_bad,False
baseline[good=below],baseline/88,15,19,good,toward_bad,False
baseline[good=below],baseline/88,16,19,good,toward_bad,False
baseline[good=below],baseline/88,17,19,good,toward_good,False
baseline[good=below],baseline/88,18,19,good,,True
baseline[good=above],baseline/89,0,12,bad,toward_good,False
baseline[good=above],baseline/89,1,12,good,toward_good,False
baseline[good=above],baseline/89,2,12,good,toward_bad,False
baseline[good=above],baseline/89,3,12,bad,toward_good,False
baseline[good=above],baseline/89,4,12,good,toward_good,False
baseline[good=above],baseline/89,5,12,good,toward_bad,False
baseline[good=above],baseline/89,6,12,good,toward_bad,False
baseline[good=above],baseline/89,7,12,good,toward_good,False
baseline[good=above],baseline/89,8,12,good,toward_bad,False
baseline[good=above],baseline/89,9,12,bad,toward_bad,False
baseline[good=above],baseline/89,10,12,bad,toward_good,False
baseline[good=above],baseline/89,11,12,bad,,True
baseline[good=below],baseline/89,0,12,good,toward_bad,False
baseline[good=below],baseline/89,1,12,bad,toward_bad,False
baseline[good=below],baseline/89,2,12,bad,toward_good,False
baseline[good=below],baseline/89,3,12,good,toward_bad,False
baseline[good=below],baseline/89,4,12,bad,toward_bad,False
baseline[good=below],baseline/89,5,12,bad,toward_good,False
baseline[good=below],baseline/89,6,12,bad,toward_good,False
baseline[good=below],baseline/89,7,12,bad,toward_bad,False
baseline[good=below],baseline/89,8,12,bad,toward_good,False
baseline[good=below],baseline/89,9,12,good,toward_good,False
baseline[good=below],baseline/89,10,12,good,toward_bad,False
baseline[good=below],baseline/89,11,12,good,,True
baseline[good=above],baseline/90,0,16,bad,toward_bad,False
baseline[good=above],baseline/90,1,16,bad,toward_good,False
baseline[good=above],baseline/90,2,16,good,toward_good,False
baseline[good=above],baseline/90,3,16,good,toward_good,False
baseline[good=above],baseline/90,4,16,good,toward_good,False
baseline[good=above],baseline/90,5,16,good,toward_good,False
baseline[good=above],baseline/90,6,16,good,toward_bad,False
baseline[good=above],baseline/90,7,16,good,toward_good,False
baseline[good=above],baseline/90,8,16,good,toward_bad,False
baseline[good=above],baseline/90,9,16,good,toward_good,False
baseline[good=above],baseline/90,10,16,good,toward_good,False
baseline[good=above],baseline/90,11,16,good,toward_bad,False
baseline[good=above],baseline/90,12,16,good,toward_good,False
baseline[good=above],baseline/90,13,16,good,toward_good,False
baseline[good=above],baseline/90,14,16,good,toward_good,False
baseline[good=above],baseline/90,15,16,good,,True
baseline[good=below],baseline/90,0,16,good,toward_good,False
baseline[good=below],baseline/90,1,16,good,toward_bad,False
baseline[good=below],baseline/90,2,16,bad,toward_bad,False
baseline[good=below],baseline/90,3,16,bad,toward_bad,False
baseline[good=below],baseline/90,4,16,bad,toward_bad,False
baseline[good=below],baseline/90,5,16,bad,toward_bad,False
baseline[good=below],baseline/90,6,16,bad,toward_good,False
baseline[good=below],baseline/90,7,16,bad,toward_bad,False
baseline[good=below],baseline/90,8,16,bad,toward_good,False
baseline[good=below],baseline/90,9,16,bad,toward_bad,False
baseline[good=below],baseline/90,10,16,bad,toward_bad,False
baseline[good=below],baseline/90,11,16,bad,toward_good,False
baseline[good=below],baseline/90,12,16,bad,toward_bad,False
baseline[good=below],baseline/90,13,16,bad,toward_bad,False
baseline[good=below],baseline/90,14,16,bad,toward_bad,False
baseline[good=below],baseline/90,15,16,bad,,True
baseline[good=above],baseline/91,0,30,good,toward_good,False
baseline[good=above],baseline/91,1,30,good,toward_good,False
baseline[good=above],baseline/91,2,30,good,toward_bad,False
baseline[good=above],baseline/91,3,30,good,toward_good,False
baseline[good=above],baseline/91,4,30,good,toward_good,False
baseline[good=above],baseline/91,5,30,good,toward_good,False
baseline[good=above],baseline/91,6,30,good,toward_good,False
baseline[good=above],baseline/91,7,30,good,toward_good,False
baseline[good=above],baseline/91,8,30,good,toward_bad,False
baseline[good=above],baseline/91,9,30,good,toward_bad,False
baseline[good=above],baseline/91,10,30,good,toward_good,False
baseline[good=above],baseline/91,11,30,good,toward_bad,False
baseline[good=above],baseline/91,12,30,good,toward_good,False
baseline[good=above],baseline/91,13,30,good,toward_good,False
baseline[good=above],baseline/91,14,30,good,toward_bad,False
baseline[good=above],baseline/91,15,30,good,toward_good,False
baseline[good=above],baseline/91,16,30,good,toward_good,False
baseline[good=above],baseline/91,17,30,good,toward_bad,False
baseline[good=above],baseline/91,18,30,good,toward_bad,False
baseline[good=above],baseline/91,19,30,good,toward_bad,False
baseline[good=above],baseline/91,20,30,good,toward_bad,False
baseline[good=above],baseline/91,21,30,good,toward_bad,False
baseline[good=above],baseline/91,22,30,good,toward_good,False
baseline[good=above],baseline/91,23,30,good,toward_good,False
baseline[good=above],baseline/91,24,30,good,toward_bad,False
baseline[good=above],baseline/91,25,30,good,toward_good,False
baseline[good=above],baseline/91,26,30,good,toward_bad,False
baseline[good=above],baseline/91,27,30,good,toward_bad,False
baseline[good=above],baseline/91,28,30,good,toward_bad,False
baseline[good=above],baseline/91,29,30,good,,True
baseline[good=below],baseline/91,0,30,bad,toward_bad,False
baseline[good=below],baseline/91,1,30,bad,toward_bad,False
baseline[good=below],baseline/91,2,30,bad,toward_good,False
baseline[good=below],baseline/91,3,30,bad,toward_bad,False
baseline[good=below],baseline/91,4,30,bad,toward_bad,False
baseline[good=below],baseline/91,5,30,bad,toward_bad,False
baseline[good=below],baseline/91,6,30,bad,toward_bad,False
baseline[good=below],baseline/91,7,30,bad,toward_bad,False
baseline[good=below],baseline/91,8,30,bad,toward_good,False
baseline[good=below],baseline/91,9,30,bad,toward_good,False
baseline[good=below],baseline/91,10,30,bad,toward_bad,False
baseline[good=below],baseline/91,11,30,bad,toward_good,False
baseline[good=below],baseline/91,12,30,bad,toward_bad,False
baseline[good=below],baseline/91,13,30,bad,toward_bad,False
baseline[good=below],baseline/91,14,30,bad,toward_good,False
baseline[good=below],baseline/91,15,30,bad,toward_bad,False
baseline[good=below],baseline/91,16,30,bad,toward_bad,False
baseline[good=below],baseline/91,17,30,bad,toward_good,False
baseline[good=below],baseline/91,18,30,bad,toward_good,False
baseline[good=below],baseline/91,19,30,bad,toward_good,False
baseline[good=below],baseline/91,20,30,bad,toward_good,False
baseline[good=below],baseline/91,21,30,bad,toward_good,False
baseline[good=below],baseline/91,22,30,bad,toward_bad,False
baseline[good=below],baseline/91,23,30,bad,toward_bad,False
baseline[good=below],baseline/91,24,30,bad,toward_good,False
baseline[good=below],baseline/91,25,30,bad,toward_bad,False
baseline[good=below],baseline/91,26,30,bad,toward_good,False
baseline[good=below],baseline/91,27,30,bad,toward_good,False
baseline[good=below],baseline/91,28,30,bad,toward_good,False
baseline[good=below],baseline/91,29,30,bad,,True
baseline[good=above],baseline/92,0,13,bad,toward_bad,False
baseline[good=above],baseline/92,1,13,bad,toward_bad,False
baseline[good=above],baseline/92,2,13,bad,toward_bad,False
baseline[good=above],baseline/92,3,13,bad,toward_good,False
baseline[good=above],baseline/92,4,13,bad,toward_good,False
baseline[good=above],baseline/92,5,13,bad,toward_bad,False
baseline[good=above],baseline/92,6,13,bad,toward_good,False
baseline[good=above],baseline/92,7,13,bad,toward_good,False
baseline[good=above],baseline/92,8,13,bad,toward_bad,False
baseline[good=above],baseline/92,9,13,bad,toward_good,False
baseline[good=above],baseline/92,10,13,bad,toward_bad,False
baseline[good=above],baseline/92,11,13,bad,toward_bad,False
baseline[good=above],baseline/92,12,13,bad,,True
baseline[good=below],baseline/92,0,13,good,toward_good,False
baseline[good=below],baseline/92,1,13,good,toward_good,False
baseline[good=below],baseline/92,2,13,good,toward_good,False
baseline[good=below],baseline/92,3,13,good,toward_bad,False
baseline[good=below],baseline/92,4,13,good,toward_bad,False
baseline[good=below],baseline/92,5,13,good,toward_good,False
baseline[good=below],baseline/92,6,13,good,toward_bad,False
baseline[good=below],baseline/92,7,13,good,toward_bad,False
baseline[good=below],baseline/92,8,13,good,toward_good,False
baseline[good=below],baseline/92,9,13,good,toward_bad,False
baseline[good=below],baseline/92,10,13,good,toward_good,False
baseline[good=below],baseline/92,11,13,good,toward_good,False
baseline[good=below],baseline/92,12,13,good,,True
baseline[good=above],baseline/94,0,16,bad,toward_good,False
baseline[good=above],baseline/94,1,16,bad,toward_bad,False
baseline[good=above],baseline/94,2,16,bad,toward_good,False
baseline[good=above],baseline/94,3,16,bad,toward_bad,False
baseline[good=above],baseline/94,4,16,bad,toward_good,False
baseline[good=above],baseline/94,5,16,bad,toward_bad,False
baseline[good=above],baseline/94,6,16,bad,toward_good,False
baseline[good=above],baseline/94,7,16,bad,toward_bad,False
baseline[good=above],baseline/94,8,16,bad,toward_good,False
baseline[good=above],baseline/94,9,16,bad,toward_good,False
baseline[good=above],baseline/94,10,16,bad,toward_bad,False
baseline[good=above],baseline/94,11,16,bad,toward_good,False
baseline[good=above],baseline/94,12,16,bad,toward_bad,False
baseline[good=above],baseline/94,13,16,bad,toward_bad,False
baseline[good=above],baseline/94,14,16,bad,toward_good,False
baseline[good=above],baseline/94,15,16,bad,,True
baseline[good=below],baseline/94,0,16,good,toward_bad,False
baseline[good=below],baseline/94,1,16,good,toward_good,False
baseline[good=below],baseline/94,2,16,good,toward_bad,False
baseline[good=below],baseline/94,3,16,good,toward_good,False
baseline[good=below],baseline/94,4,16,good,toward_bad,False
baseline[good=below],baseline/94,5,16,good,toward_good,False
baseline[good=below],baseline/94,6,16,good,toward_bad,False
baseline[good=below],baseline/94,7,16,good,toward_good,False
baseline[good=below],baseline/94,8,16,good,toward_bad,False
baseline[good=below],baseline/94,9,16,good,toward_bad,False
baseline[good=below],baseline/94,10,16,good,toward_good,False
baseline[good=below],baseline/94,11,16,good,toward_bad,False
baseline[good=below],baseline/94,12,16,good,toward_good,False
baseline[good=below],baseline/94,13,16,good,toward_good,False
baseline[good=below],baseline/94,14,16,good,toward_bad,False
baseline[good=below],baseline/94,15,16,good,,True
baseline[good=above],baseline/95,0,1,good,,True
baseline[good=below],baseline/95,0,1,bad,,True
baseline[good=above],baseline/97,0,15,good,toward_bad,False
baseline[good=above],baseline/97,1,15,good,toward_bad,False
baseline[good=above],baseline/97,2,15,good,toward_bad,False
baseline[good=above],baseline/97,3,15,good,toward_good,False
baseline[good=above],baseline/97,4,15,good,toward_bad,False
baseline[good=above],baseline/97,5,15,good,toward_good,False
baseline[good=above],baseline/97,6,15,good,toward_bad,False
baseline[good=above],baseline/97,7,15,good,toward_bad,False
baseline[good=above],baseline/97,8,15,good,toward_good,False
baseline[good=above],baseline/97,9,15,good,toward_bad,False
baseline[good=above],baseline/97,10,15,good,toward_good,False
baseline[good=above],baseline/97,11,15,good,toward_bad,False
baseline[good=above],baseline/97,12,15,good,toward_good,False
baseline[good=above],baseline/97,13,15,good,toward_bad,False
baseline[good=above],baseline/97,14,15,good,,True
baseline[good=below],baseline/97,0,15,bad,toward_good,False
baseline[good=below],baseline/97,1,15,bad,toward_good,False
baseline[good=below],baseline/97,2,15,bad,toward_good,False
baseline[good=below],baseline/97,3,15,bad,toward_bad,False
baseline[good=below],baseline/97,4,15,bad,toward_good,False
baseline[good=below],baseline/97,5,15,bad,toward_bad,False
baseline[good=below],baseline/97,6,15,bad,toward_good,False
baseline[good=below],baseline/97,7,15,bad,toward_good,False
baseline[good=below],baseline/97,8,15,bad,toward_bad,False
baseline[good=below],baseline/97,9,15,bad,toward_good,False
baseline[good=below],baseline/97,10,15,bad,toward_bad,False
baseline[good=below],baseline/97,11,15,bad,toward_good,False
baseline[good=below],baseline/97,12,15,bad,toward_bad,False
baseline[good=below],baseline/97,13,15,bad,toward_good,False
baseline[good=below],baseline/97,14,15,bad,,True
baseline[good=above],baseline/98,0,15,good,toward_good,False
baseline[good=above],baseline/98,1,15,good,toward_bad,False
baseline[good=above],baseline/98,2,15,bad,toward_good,False
baseline[good=above],baseline/98,3,15,good,toward_bad,False
baseline[good=above],baseline/98,4,15,good,toward_bad,False
baseline[good=above],baseline/98,5,15,bad,toward_good,False
baseline[good=above],baseline/98,6,15,good,toward_bad,False
baseline[good=above],baseline/98,7,15,good,toward_bad,False
baseline[good=above],baseline/98,8,15,bad,toward_good,False
baseline[good=above],baseline/98,9,15,good,toward_bad,False
baseline[good=above],baseline/98,10,15,bad,toward_good,False
baseline[good=above],baseline/98,11,15,bad,toward_good,False
baseline[good=above],baseline/98,12,15,good,toward_good,False
baseline[good=above],baseline/98,13,15,good,toward_bad,False
baseline[good=above],baseline/98,14,15,good,,True
baseline[good=below],baseline/98,0,15,bad,toward_bad,False
baseline[good=below],baseline/98,1,15,bad,toward_good,False
baseline[good=below],baseline/98,2,15,good,toward_bad,False
baseline[good=below],baseline/98,3,15,bad,toward_good,False
baseline[good=below],baseline/98,4,15,bad,toward_good,False
baseline[good=below],baseline/98,5,15,good,toward_bad,False
baseline[good=below],baseline/98,6,15,bad,toward_good,False
baseline[good=below],baseline/98,7,15,bad,toward_good,False
baseline[good=below],baseline/98,8,15,good,toward_bad,False
baseline[good=below],baseline/98,9,15,bad,toward_good,False
baseline[good=below],baseline/98,10,15,good,toward_bad,False
baseline[good=below],baseline/98,11,15,good,toward_bad,False
baseline[good=below],baseline/98,12,15,bad,toward_bad,False
baseline[good=below],baseline/98,13,15,bad,toward_good,False
baseline[good=below],baseline/98,14,15,bad,,True
baseline[good=above],baseline/99,0,1,good,,True
baseline[good=below],baseline/99,0,1,bad,,True
below_good,below_good/0,0,6,bad,toward_good,False
below_good,below_good/0,1,6,bad,toward_bad,False
below_good,below_good/0,2,6,bad,toward_bad,False
below_good,below_good/0,3,6,bad,toward_good,False
below_good,below_good/0,4,6,good,toward_bad,False
below_good,below_good/0,5,6,bad,,True
below_good,below_good/1,0,16,good,toward_bad,False
below_good,below_good/1,1,16,good,toward_bad,False
below_good,below_good/1,2,16,good,toward_bad,False
below_good,below_good/1,3,16,good,toward_good,False
below_good,below_good/1,4,16,good,toward_bad,False
below_good,below_good/1,5,16,good,toward_good,False
below_good,below_good/1,6,16,good,toward_bad,False
below_good,below_good/1,7,16,good,toward_bad,False
below_good,below_good/1,8,16,good,toward_bad,False
below_good,below_good/1,9,16,good,toward_good,False
below_good,below_good/1,10,16,good,toward_bad,False
below_good,below_good/1,11,16,good,toward_good,False
below_good,below_good/1,12,16,good,toward_good,False
below_good,below_good/1,13,16,good,toward_good,False
below_good,below_good/1,14,16,good,toward_bad,False
below_good,below_good/1,15,16,good,,True
below_good,below_good/2,0,5,bad,toward_good,False
below_good,below_good/2,1,5,bad,toward_good,False
below_good,below_good/2,2,5,good,toward_bad,False
below_good,below_good/2,3,5,good,toward_good,False
below_good,below_good/2,4,5,good,,True
below_good,below_good/3,0,3,good,toward_bad,False
below_good,below_good/3,1,3,good,toward_bad,False
below_good,below_good/3,2,3,good,,True
below_good,below_good/4,0,7,bad,toward_good,False
below_good,below_good/4,1,7,bad,toward_bad,False
below_good,below_good/4,2,7,bad,toward_bad,False
below_good,below_good/4,3,7,bad,toward_good,False
below_good,below_good/4,4,7,bad,toward_bad,False
below_good,below_good/4,5,7,bad,toward_good,False
below_good,below_good/4,6,7,good,,True
below_good,below_good/5,0,3,good,toward_good,False
below_good,below_good/5,1,3,good,toward_bad,False
below_good,below_good/5,2,3,good,,True
below_good,below_good/6,0,18,good,toward_bad,False
below_good,below_good/6,1,18,bad,toward_bad,False
below_good,below_good/6,2,18,bad,toward_good,False
below_good,below_good/6,3,18,bad,toward_good,False
below_good,below_good/6,4,18,good,toward_bad,False
below_good,below_good/6,5,18,bad,toward_good,False
below_good,below_good/6,6,18,good,toward_bad,False
below_good,below_good/6,7,18,bad,toward_good,False
below_good,below_good/6,8,18,good,toward_good,False
below_good,below_good/6,9,18,good,toward_good,False
below_good,below_good/6,10,18,good,toward_bad,False
below_good,below_good/6,11,18,good,toward_bad,False
below_good,below_good/6,12,18,bad,toward_good,False
below_good,below_good/6,13,18,good,toward_good,False
below_good,below_good/6,14,18,good,toward_good,False
below_good,below_good/6,15,18,good,toward_bad,False
below_good,below_good/6,16,18,good,toward_good,False
below_good,below_good/6,17,18,good,,True
below_good,below_good/7,0,8,good,toward_bad,False
below_good,below_good/7,1,8,good,toward_bad,False
below_good,below_good/7,2,8,good,toward_good,False
below_good,below_good/7,3,8,good,toward_bad,False
below_good,below_good/7,4,8,good,toward_bad,False
below_good,below_good/7,5,8,good,toward_good,False
below_good,below_good/7,6,8,good,toward_good,False
below_good,below_good/7,7,8,good,,True
below_good,below_good/8,0,1,good,,True
below_good,below_good/9,0,16,bad,toward_good,False
below_good,below_good/9,1,16,bad,toward_good,False
below_good,below_good/9,2,16,good,toward_bad,False
below_good,below_good/9,3,16,good,toward_bad,False
below_good,below_good/9,4,16,bad,toward_bad,False
below_good,below_good/9,5,16,bad,toward_good,False
below_good,below_good/9,6,16,good,toward_bad,False
below_good,below_good/9,7,16,bad,toward_good,False
below_good,below_good/9,8,16,good,toward_bad,False
below_good,below_good/9,9,16,good,toward_bad,False
below_good,below_good/9,10,16,good,toward_good,False
below_good,below_good/9,11,16,good,toward_bad,False
below_good,below_good/9,12,16,good,toward_good,False
below_good,below_good/9,13,16,good,toward_bad,False
below_good,below_good/9,14,16,good,toward_bad,False
below_good,below_good/9,15,16,good,,True
below_good,below_good/10,0,2,good,toward_good,False
below_good,below_good/10,1,2,good,,True
below_good,below_good/11,0,13,bad,toward_good,False
below_good,below_good/11,1,13,good,toward_bad,False
below_good,below_good/11,2,13,bad,toward_good,False
below_good,below_good/11,3,13,bad,toward_bad,False
below_good,below_good/11,4,13,bad,toward_good,False
below_good,below_good/11,5,13,bad,toward_good,False
below_good,below_good/11,6,13,bad,toward_good,False
below_good,below_good/11,7,13,good,toward_bad,False
below_good,below_good/11,8,13,bad,toward_good,False
below_good,below_good/11,9,13,bad,toward_good,False
below_good,below_good/11,10,13,good,toward_bad,False
below_good,below_good/11,11,13,bad,toward_good,False
below_good,below_good/11,12,13,good,,True
below_good,below_good/12,0,10,bad,toward_good,False
below_good,below_good/12,1,10,bad,toward_good,False
below_good,below_good/12,2,10,good,toward_bad,False
below_good,below_good/12,3,10,bad,toward_good,False
below_good,below_good/12,4,10,bad,toward_bad,False
below_good,below_good/12,5,10,bad,toward_good,False
below_good,below_good/12,6,10,bad,toward_bad,False
below_good,below_good/12,7,10,bad,toward_bad,False
below_good,below_good/12,8,10,bad,toward_good,False
below_good,below_good/12,9,10,bad,,True
below_good,below_good/13,0,1,good,,True
below_good,below_good/14,0,13,bad,toward_bad,False
below_good,below_good/14,1,13,bad,toward_good,False
below_good,below_good/14,2,13,good,toward_bad,False
below_good,below_good/14,3,13,bad,toward_good,False
below_good,below_good/14,4,13,good,toward_bad,False
below_good,below_good/14,5,13,bad,toward_bad,False
below_good,below_good/14,6,13,bad,toward_good,False
below_good,below_good/14,7,13,good,toward_good,False
below_good,below_good/14,8,13,good,toward_good,False
below_good,below_good/14,9,13,good,toward_bad,False
below_good,below_good/14,10,13,bad,toward_good,False
below_good,below_good/14,11,13,good,toward_good,False
below_good,below_good/14,12,13,good,,True
below_good,below_good/15,0,22,good,toward_bad,False
below_good,below_good/15,1,22,good,toward_bad,False
below_good,below_good/15,2,22,good,toward_bad,False
below_good,below_good/15,3,22,bad,toward_good,False
below_good,below_good/15,4,22,good,toward_bad,False
below_good,below_good/15,5,22,bad,toward_good,False
below_good,below_good/15,6,22,good,toward_bad,False
below_good,below_good/15,7,22,good,toward_bad,False
below_good,below_good/15,8,22,good,toward_good,False
below_good,below_good/15,9,22,good,toward_good,False
below_good,below_good/15,10,22,good,toward_bad,False
below_good,below_good/15,11,22,good,toward_bad,False
below_good,below_good/15,12,22,good,toward_bad,False
below_good,below_good/15,13,22,bad,toward_good,False
below_good,below_good/15,14,22,good,toward_good,False
below_good,below_good/15,15,22,good,toward_good,False
below_good,below_good/15,16,22,good,toward_bad,False
below_good,below_good/15,17,22,good,toward_good,False
below_good,below_good/15,18,22,good,toward_bad,False
below_good,below_good/15,19,22,good,toward_bad,False
below_good,below_good/15,20,22,good,toward_bad,False
below_good,below_good/15,21,22,good,,True
below_good,below_good/16,0,5,good,toward_good,False
below_good,below_good/16,1,5,good,toward_bad,False
below_good,below_good/16,2,5,good,toward_good,False
below_good,below_good/16,3,5,good,toward_bad,False
below_good,below_good/16,4,5,good,,True
below_good,below_good/17,0,3,good,toward_good,False
below_good,below_good/17,1,3,good,toward_bad,False
below_good,below_good/17,2,3,good,,True
below_good,below_good/18,0,6,bad,toward_good,False
below_good,below_good/18,1,6,bad,toward_good,False
below_good,below_good/18,2,6,bad,toward_good,False
below_good,below_good/18,3,6,bad,toward_bad,False
below_good,below_good/18,4,6,bad,toward_good,False
below_good,below_good/18,5,6,good,,True
below_good,below_good/19,0,12,good,toward_bad,False
below_good,below_good/19,1,12,good,toward_good,False
below_good,below_good/19,2,12,good,toward_good,False
below_good,below_good/19,3,12,good,toward_bad,False
below_good,below_good/19,4,12,good,toward_good,False
below_good,below_good/19,5,12,good,toward_bad,False
below_good,below_good/19,6,12,good,toward_bad,False
below_good,below_good/19,7,12,good,toward_good,False
below_good,below_good/19,8,12,good,toward_bad,False
below_good,below_good/19,9,12,good,toward_good,False
below_good,below_good/19,10,12,good,toward_bad,False
below_good,below_good/19,11,12,good,,True
below_good,below_good/20,0,12,good,toward_bad,False
below_good,below_good/20,1,12,bad,toward_bad,False
below_good,below_good/20,2,12,bad,toward_bad,False
below_good,below_good/20,3,12,bad,toward_good,False
below_good,below_good/20,4,12,bad,toward_bad,False
below_good,below_good/20,5,12,bad,toward_good,False
below_good,below_good/20,6,12,bad,toward_good,False
below_good,below_good/20,7,12,good,toward_bad,False
below_good,below_good/20,8,12,good,toward_bad,False
below_good,below_good/20,9,12,bad,toward_good,False
below_good,below_good/20,10,12,good,toward_good,False
below_good,below_good/20,11,12,good,,True
below_good,below_good/21,0,2,good,toward_bad,False
below_good,below_good/21,1,2,bad,,True
below_good,below_good/22,0,7,good,toward_good,False
below_good,below_good/22,1,7,good,toward_bad,False
below_good,below_good/22,2,7,good,toward_good,False
below_good,below_good/22,3,7,good,toward_bad,False
below_good,below_good/22,4,7,good,toward_bad,False
below_good,below_good/22,5,7,good,toward_good,False
below_good,below_good/22,6,7,good,,True
below_good,below_good/23,0,40,good,toward_bad,False
below_good,below_good/23,1,40,good,toward_bad,False
below_good,below_good/23,2,40,bad,toward_good,False
below_good,below_good/23,3,40,good,toward_bad,False
below_good,below_good/23,4,40,good,toward_bad,False
below_good,below_good/23,5,40,bad,toward_good,False
below_good,below_good/23,6,40,good,toward_good,False
below_good,below_good/23,7,40,good,toward_good,False
below_good,below_good/23,8,40,good,toward_good,False
below_good,below_good/23,9,40,good,toward_bad,False
below_good,below_good/23,10,40,good,toward_bad,False
below_good,below_good/23,11,40,bad,toward_good,False
below_good,below_good/23,12,40,good,toward_bad,False
below_good,below_good/23,13,40,good,toward_good,False
below_good,below_good/23,14,40,good,toward_good,False
below_good,below_good/23,15,40,good,toward_bad,False
below_good,below_good/23,16,40,good,toward_good,False
below_good,below_good/23,17,40,good,toward_bad,False
below_good,below_good/23,18,40,good,toward_bad,False
below_good,below_good/23,19,40,good,toward_good,False
below_good,below_good/23,20,40,good,toward_good,False
below_good,below_good/23,21,40,good,toward_good,False
below_good,below_good/23,22,40,good,toward_bad,False
below_good,below_good/23,23,40,good,toward_good,False
below_good,below_good/23,24,40,good,toward_bad,False
below_good,below_good/23,25,40,good,toward_bad,False
below_good,below_good/23,26,40,good,toward_good,False
below_good,below_good/23,27,40,good,toward_bad,False
below_good,below_good/23,28,40,good,toward_good,False
below_good,below_good/23,29,40,good,toward_good,False
below_good,below_good/23,30,40,good,toward_bad,False
below_good,below_good/23,31,40,good,toward_good,False
below_good,below_good/23,32,40,good,toward_bad,False
below_good,below_good/23,33,40,good,toward_good,False
below_good,below_good/23,34,40,good,toward_good,False
below_good,below_good/23,35,40,good,toward_good,False
below_good,below_good/23,36,40,good,toward_bad,False
below_good,below_good/23,37,40,good,toward_good,False
below_good,below_good/23,38,40,good,toward_bad,False
below_good,below_good/23,39,40,good,,True
below_good,below_good/24,0,3,bad,toward_good,False
below_good,below_good/24,1,3,good,toward_good,False
below_good,below_good/24,2,3,good,,True
below_good,below_good/25,0,12,bad,toward_bad,False
below_good,below_good/25,1,12,bad,toward_good,False
below_good,below_good/25,2,12,bad,toward_bad,False
below_good,below_good/25,3,12,bad,toward_good,False
below_good,below_good/25,4,12,bad,toward_good,False
below_good,below_good/25,5,12,bad,toward_bad,False
below_good,below_good/25,6,12,bad,toward_bad,False
below_good,below_good/25,7,12,bad,toward_good,False
below_good,below_good/25,8,12,bad,toward_good,False
below_good,below_good/25,9,12,bad,toward_bad,False
below_good,below_good/25,10,12,bad,toward_bad,False
below_good,below_good/25,11,12,bad,,True
below_good,below_good/26,0,13,bad,toward_good,False
below_good,below_good/26,1,13,bad,toward_bad,False
below_good,below_good/26,2,13,bad,toward_good,False
below_good,below_good/26,3,13,bad,toward_bad,False
below_good,below_good/26,4,13,bad,toward_good,False
below_good,below_good/26,5,13,bad,toward_bad,False
below_good,below_good/26,6,13,bad,toward_bad,False
below_good,below_good/26,7,13,bad,toward_bad,False
below_good,below_good/26,8,13,bad,toward_good,False
below_good,below_good/26,9,13,bad,toward_good,False
below_good,below_good/26,10,13,bad,toward_bad,False
below_good,below_good/26,11,13,bad,toward_bad,False
below_good,below_good/26,12,13,bad,,True
below_good,below_good/27,0,1,good,,True
below_good,below_good/28,0,15,good,toward_bad,False
below_good,below_good/28,1,15,bad,toward_good,False
below_good,below_good/28,2,15,good,toward_bad,False
below_good,below_good/28,3,15,good,toward_bad,False
below_good,below_good/28,4,15,good,toward_bad,False
below_good,below_good/28,5,15,bad,toward_good,False
below_good,below_good/28,6,15,good,toward_good,False
below_good,below_good/28,7,15,good,toward_bad,False
below_good,below_good/28,8,15,good,toward_bad,False
below_good,below_good/28,9,15,good,toward_bad,False
below_good,below_good/28,10,15,good,toward_bad,False
below_good,below_good/28,11,15,good,toward_good,False
below_good,below_good/28,12,15,good,toward_bad,False
below_good,below_good/28,13,15,good,toward_bad,False
below_good,below_good/28,14,15,good,,True
below_good,below_good/29,0,13,good,toward_bad,False
below_good,below_good/29,1,13,good,toward_good,False
below_good,below_good/29,2,13,good,toward_good,False
below_good,below_good/29,3,13,good,toward_good,False
below_good,below_good/29,4,13,good,toward_bad,False
below_good,below_good/29,5,13,good,toward_bad,False
below_good,below_good/29,6,13,good,toward_good,False
below_good,below_good/29,7,13,good,toward_bad,False
below_good,below_good/29,8,13,good,toward_bad,False
below_good,below_good/29,9,13,good,toward_good,False
below_good,below_good/29,10,13,good,toward_good,False
below_good,below_good/29,11,13,good,toward_bad,False
below_good,below_good/29,12,13,good,,True
below_good,below_good/30,0,1,bad,,True
below_good,below_good/31,0,2,bad,toward_good,False
below_good,below_good/31,1,2,bad,,True
below_good,below_good/32,0,13,good,toward_bad,False
below_good,below_good/32,1,13,bad,toward_bad,False
below_good,below_good/32,2,13,bad,toward_good,False
below_good,below_good/32,3,13,good,toward_bad,False
below_good,below_good/32,4,13,good,toward_good,False
below_good,below_good/32,5,13,good,toward_bad,False
below_good,below_good/32,6,13,good,toward_good,False
below_good,below_good/32,7,13,good,toward_bad,False
below_good,below_good/32,8,13,bad,toward_good,False
below_good,below_good/32,9,13,good,toward_good,False
below_good,below_good/32,10,13,good,toward_bad,False
below_good,below_good/32,11,13,good,toward_bad,False
below_good,below_good/32,12,13,bad,,True
below_good,below_good/34,0,6,good,toward_bad,False
below_good,below_good/34,1,6,bad,toward_bad,False
below_good,below_good/34,2,6,bad,toward_good,False
below_good,below_good/34,3,6,good,toward_bad,False
below_good,below_good/34,4,6,bad,toward_good,False
below_good,below_good/34,5,6,good,,True
below_good,below_good/37,0,5,good,toward_bad,False
below_good,below_good/37,1,5,bad,toward_good,False
below_good,below_good/37,2,5,good,toward_good,False
below_good,below_good/37,3,5,good,toward_bad,False
below_good,below_good/37,4,5,good,,True
below_good,below_good/38,0,23,bad,toward_good,False
below_good,below_good/38,1,23,good,toward_bad,False
below_good,below_good/38,2,23,bad,toward_bad,False
below_good,below_good/38,3,23,bad,toward_good,False
below_good,below_good/38,4,23,bad,toward_bad,False
below_good,below_good/38,5,23,bad,toward_good,False
below_good,below_good/38,6,23,bad,toward_bad,False
below_good,below_good/38,7,23,bad,toward_good,False
below_good,below_good/38,8,23,bad,toward_bad,False
below_good,below_good/38,9,23,bad,toward_good,False
below_good,below_good/38,10,23,bad,toward_bad,False
below_good,below_good/38,11,23,bad,toward_good,False
below_good,below_good/38,12,23,bad,toward_good,False
below_good,below_good/38,13,23,bad,toward_bad,False
below_good,below_good/38,14,23,bad,toward_good,False
below_good,below_good/38,15,23,bad,toward_bad,False
below_good,below_good/38,16,23,bad,toward_bad,False
below_good,below_good/38,17,23,bad,toward_good,False
below_good,below_good/38,18,23,bad,toward_good,False
below_good,below_good/38,19,23,bad,toward_bad,False
below_good,below_good/38,20,23,bad,toward_bad,False
below_good,below_good/38,21,23,bad,toward_good,False
below_good,below_good/38,22,23,bad,,True
below_good,below_good/39,0,28,good,toward_good,False
below_good,below_good/39,1,28,good,toward_bad,False
below_good,below_good/39,2,28,bad,toward_good,False
below_good,below_good/39,3,28,good,toward_good,False
below_good,below_good/39,4,28,good,toward_good,False
below_good,below_good/39,5,28,good,toward_bad,False
below_good,below_good/39,6,28,good,toward_good,False
below_good,below_good/39,7,28,good,toward_bad,False
below_good,below_good/39,8,28,good,toward_good,False
below_good,below_good/39,9,28,good,toward_bad,False
below_good,below_good/39,10,28,good,toward_bad,False
below_good,below_good/39,11,28,good,toward_good,False
below_good,below_good/39,12,28,good,toward_bad,False
below_good,below_good/39,13,28,good,toward_good,False
below_good,below_good/39,14,28,good,toward_bad,False
below_good,below_good/39,15,28,good,toward_bad,False
below_good,below_good/39,16,28,good,toward_good,False
below_good,below_good/39,17,28,good,toward_bad,False
below_good,below_good/39,18,28,good,toward_good,False
below_good,below_good/39,19,28,good,toward_bad,False
below_good,below_good/39,20,28,good,toward_good,False
below_good,below_good/39,21,28,good,toward_bad,False
below_good,below_good/39,22,28,good,toward_good,False
below_good,below_good/39,23,28,good,toward_good,False
below_good,below_good/39,24,28,good,toward_bad,False
below_good,below_good/39,25,28,good,toward_good,False
below_good,below_good/39,26,28,good,toward_bad,False
below_good,below_good/39,27,28,good,,True
below_good,below_good/40,0,14,good,toward_bad,False
below_good,below_good/40,1,14,good,toward_good,False
below_good,below_good/40,2,14,good,toward_bad,False
below_good,below_good/40,3,14,good,toward_bad,False
below_good,below_good/40,4,14,good,toward_good,False
below_good,below_good/40,5,14,good,toward_bad,False
below_good,below_good/40,6,14,good,toward_good,False
below_good,below_good/40,7,14,good,toward_good,False
below_good,below_good/40,8,14,good,toward_bad,False
below_good,below_good/40,9,14,good,toward_bad,False
below_good,below_good/40,10,14,good,toward_good,False
below_good,below_good/40,11,14,good,toward_bad,False
below_good,below_good/40,12,14,good,toward_bad,False
below_good,below_good/40,13,14,good,,True
below_good,below_good/41,0,22,bad,toward_good,False
below_good,below_good/41,1,22,bad,toward_good,False
below_good,below_good/41,2,22,good,toward_bad,False
below_good,below_good/41,3,22,bad,toward_good,False
below_good,below_good/41,4,22,bad,toward_good,False
below_good,below_good/41,5,22,good,toward_bad,False
below_good,below_good/41,6,22,bad,toward_good,False
below_good,below_good/41,7,22,good,toward_bad,False
below_good,below_good/41,8,22,good,toward_bad,False
below_good,below_good/41,9,22,bad,toward_good,False
below_good,below_good/41,10,22,good,toward_good,False
below_good,below_good/41,11,22,good,toward_good,False
below_good,below_good/41,12,22,good,toward_good,False
below_good,below_good/41,13,22,good,toward_bad,False
below_good,below_good/41,14,22,good,toward_good,False
below_good,below_good/41,15,22,good,toward_bad,False
below_good,below_good/41,16,22,good,toward_bad,False
below_good,below_good/41,17,22,good,toward_bad,False
below_good,below_good/41,18,22,bad,toward_bad,False
below_good,below_good/41,19,22,bad,toward_good,False
below_good,below_good/41,20,22,good,toward_bad,False
below_good,below_good/41,21,22,good,,True
below_good,below_good/43,0,7,bad,toward_good,False
below_good,below_good/43,1,7,bad,toward_bad,False
below_good,below_good/43,2,7,bad,toward_bad,False
below_good,below_good/43,3,7,bad,toward_good,False
below_good,below_good/43,4,7,good,toward_bad,False
below_good,below_good/43,5,7,bad,toward_good,False
below_good,below_good/43,6,7,bad,,True
below_good,below_good/44,0,34,good,toward_bad,False
below_good,below_good/44,1,34,good,toward_good,False
below_good,below_good/44,2,34,good,toward_bad,False
below_good,below_good/44,3,34,good,toward_good,False
below_good,below_good/44,4,34,good,toward_good,False
below_good,below_good/44,5,34,good,toward_bad,False
below_good,below_good/44,6,34,good,toward_bad,False
below_good,below_good/44,7,34,good,toward_good,False
below_good,below_good/44,8,34,good,toward_bad,False
below_good,below_good/44,9,34,good,toward_good,False
below_good,below_good/44,10,34,good,toward_bad,False
below_good,below_good/44,11,34,good,toward_bad,False
below_good,below_good/44,12,34,good,toward_bad,False
below_good,below_good/44,13,34,good,toward_good,False
below_good,below_good/44,14,34,good,toward_bad,False
below_good,below_good/44,15,34,good,toward_bad,False
below_good,below_good/44,16,34,good,same,False
below_good,below_good/44,17,34,good,toward_good,False
below_good,below_good/44,18,34,good,toward_bad,False
below_good,below_good/44,19,34,good,toward_bad,False
below_good,below_good/44,20,34,good,toward_bad,False
below_good,below_good/44,21,34,good,toward_bad,False
below_good,below_good/44,22,34,good,toward_good,False
below_good,below_good/44,23,34,good,toward_bad,False
below_good,below_good/44,24,34,good,toward_good,False
below_good,below_good/44,25,34,good,toward_bad,False
below_good,below_good/44,26,34,good,toward_good,False
below_good,below_good/44,27,34,good,toward_bad,False
below_good,below_good/44,28,34,good,same,False
below_good,below_good/44,29,34,good,toward_good,False
below_good,below_good/44,30,34,good,toward_bad,False
below_good,below_good/44,31,34,good,toward_good,False
below_good,below_good/44,32,34,good,toward_bad,False
below_good,below_good/44,33,34,good,,True
below_good,below_good/45,0,1,good,,True
below_good,below_good/46,0,26,bad,toward_good,False
below_good,below_good/46,1,26,bad,toward_bad,False
below_good,below_good/46,2,26,bad,toward_good,False
below_good,below_good/46,3,26,bad,toward_good,False
below_good,below_good/46,4,26,bad,toward_good,False
below_good,below_good/46,5,26,good,toward_bad,False
below_good,below_good/46,6,26,bad,toward_bad,False
below_good,below_good/46,7,26,bad,toward_good,False
below_good,below_good/46,8,26,good,toward_good,False
below_good,below_good/46,9,26,good,toward_bad,False
below_good,below_good/46,10,26,bad,toward_good,False
below_good,below_good/46,11,26,good,toward_bad,False
below_good,below_good/46,12,26,bad,toward_good,False
below_good,below_good/46,13,26,good,toward_bad,False
below_good,below_good/46,14,26,bad,toward_good,False
below_good,below_good/46,15,26,bad,toward_bad,False
below_good,below_good/46,16,26,bad,toward_good,False
below_good,below_good/46,17,26,bad,toward_good,False
below_good,below_good/46,18,26,bad,toward_bad,False
below_good,below_good/46,19,26,bad,toward_good,False
below_good,below_good/46,20,26,bad,toward_good,False
below_good,below_good/46,21,26,bad,toward_good,False
below_good,below_good/46,22,26,bad,toward_bad,False
below_good,below_good/46,23,26,bad,toward_good,False
below_good,below_good/46,24,26,good,toward_bad,False
below_good,below_good/46,25,26,bad,,True
below_good,below_good/47,0,17,bad,toward_bad,False
below_good,below_good/47,1,17,bad,toward_bad,False
below_good,below_good/47,2,17,bad,toward_good,False
below_good,below_good/47,3,17,bad,toward_bad,False
below_good,below_good/47,4,17,bad,toward_good,False
below_good,below_good/47,5,17,bad,toward_bad,False
below_good,below_good/47,6,17,bad,toward_good,False
below_good,below_good/47,7,17,bad,toward_bad,False
below_good,below_good/47,8,17,bad,toward_good,False
below_good,below_good/47,9,17,good,toward_bad,False
below_good,below_good/47,10,17,bad,toward_bad,False
below_good,below_good/47,11,17,bad,toward_good,False
below_good,below_good/47,12,17,bad,toward_bad,False
below_good,below_good/47,13,17,bad,toward_bad,False
below_good,below_good/47,14,17,bad,toward_good,False
below_good,below_good/47,15,17,bad,toward_good,False
below_good,below_good/47,16,17,bad,,True
below_good,below_good/48,0,11,good,toward_bad,False
below_good,below_good/48,1,11,good,toward_bad,False
below_good,below_good/48,2,11,good,toward_good,False
below_good,below_good/48,3,11,good,toward_good,False
below_good,below_good/48,4,11,good,toward_good,False
below_good,below_good/48,5,11,good,toward_bad,False
below_good,below_good/48,6,11,good,toward_bad,False
below_good,below_good/48,7,11,good,toward_good,False
below_good,below_good/48,8,11,good,toward_good,False
below_good,below_good/48,9,11,good,toward_bad,False
below_good,below_good/48,10,11,good,,True
below_good,below_good/49,0,1,good,,True
below_good,below_good/50,0,12,bad,toward_good,False
below_good,below_good/50,1,12,good,toward_good,False
below_good,below_good/50,2,12,good,toward_bad,False
below_good,below_good/50,3,12,bad,toward_good,False
below_good,below_good/50,4,12,bad,toward_good,False
below_good,below_good/50,5,12,bad,toward_bad,False
below_good,below_good/50,6,12,bad,toward_good,False
below_good,below_good/50,7,12,bad,toward_good,False
below_good,below_good/50,8,12,bad,toward_good,False
below_good,below_good/50,9,12,good,toward_good,False
below_good,below_good/50,10,12,good,toward_good,False
below_good,below_good/50,11,12,good,,True
below_good,below_good/51,0,27,bad,toward_bad,False
below_good,below_good/51,1,27,bad,toward_bad,False
below_good,below_good/51,2,27,bad,toward_good,False
below_good,below_good/51,3,27,good,toward_bad,False
below_good,below_good/51,4,27,bad,toward_good,False
below_good,below_good/51,5,27,bad,toward_good,False
below_good,below_good/51,6,27,bad,toward_good,False
below_good,below_good/51,7,27,good,toward_bad,False
below_good,below_good/51,8,27,bad,toward_good,False
below_good,below_good/51,9,27,bad,toward_good,False
below_good,below_good/51,10,27,good,toward_bad,False
below_good,below_good/51,11,27,bad,toward_good,False
below_good,below_good/51,12,27,bad,toward_good,False
below_good,below_good/51,13,27,good,toward_bad,False
below_good,below_good/51,14,27,bad,toward_good,False
below_good,below_good/51,15,27,bad,toward_bad,False
below_good,below_good/51,16,27,bad,toward_bad,False
below_good,below_good/51,17,27,bad,toward_good,False
below_good,below_good/51,18,27,bad,toward_good,False
below_good,below_good/51,19,27,bad,toward_bad,False
below_good,below_good/51,20,27,bad,toward_bad,False
below_good,below_good/51,21,27,bad,toward_good,False
below_good,below_good/51,22,27,good,toward_bad,False
below_good,below_good/51,23,27,bad,toward_bad,False
below_good,below_good/51,24,27,bad,toward_bad,False
below_good,below_good/51,25,27,bad,toward_good,False
below_good,below_good/51,26,27,bad,,True
below_good,below_good/52,0,14,good,toward_bad,False
below_good,below_good/52,1,14,good,toward_bad,False
below_good,below_good/52,2,14,good,toward_bad,False
below_good,below_good/52,3,14,good,toward_good,False
below_good,below_good/52,4,14,good,toward_good,False
below_good,below_good/52,5,14,good,toward_good,False
below_good,below_good/52,6,14,good,toward_bad,False
below_good,below_good/52,7,14,good,toward_good,False
below_good,below_good/52,8,14,good,toward_bad,False
below_good,below_good/52,9,14,good,toward_good,False
below_good,below_good/52,10,14,good,toward_bad,False
below_good,below_good/52,11,14,good,toward_good,False
below_good,below_good/52,12,14,good,toward_bad,False
below_good,below_good/52,13,14,good,,True
below_good,below_good/53,0,7,bad,toward_good,False
below_good,below_good/53,1,7,bad,toward_bad,False
below_good,below_good/53,2,7,bad,toward_good,False
below_good,below_good/53,3,7,good,toward_bad,False
below_good,below_good/53,4,7,bad,toward_good,False
below_good,below_good/53,5,7,bad,toward_good,False
below_good,below_good/53,6,7,good,,True
below_good,below_good/54,0,1,good,,True
below_good,below_good/55,0,12,bad,toward_good,False
below_good,below_good/55,1,12,bad,toward_good,False
below_good,below_good/55,2,12,bad,toward_good,False
below_good,below_good/55,3,12,bad,toward_good,False
below_good,below_good/55,4,12,bad,toward_good,False
below_good,below_good/55,5,12,bad,toward_bad,False
below_good,below_good/55,6,12,bad,toward_good,False
below_good,below_good/55,7,12,bad,toward_bad,False
below_good,below_good/55,8,12,bad,toward_good,False
below_good,below_good/55,9,12,bad,toward_good,False
below_good,below_good/55,10,12,bad,toward_good,False
below_good,below_good/55,11,12,bad,,True
below_good,below_good/56,0,10,bad,toward_bad,False
below_good,below_good/56,1,10,bad,toward_good,False
below_good,below_good/56,2,10,bad,toward_good,False
below_good,below_good/56,3,10,bad,toward_good,False
below_good,below_good/56,4,10,bad,toward_good,False
below_good,below_good/56,5,10,bad,toward_bad,False
below_good,below_good/56,6,10,bad,toward_good,False
below_good,below_good/56,7,10,bad,toward_bad,False
below_good,below_good/56,8,10,bad,toward_good,False
below_good,below_good/56,9,10,bad,,True
below_good,below_good/57,0,34,good,toward_bad,False
below_good,below_good/57,1,34,bad,toward_good,False
below_good,below_good/57,2,34,good,toward_bad,False
below_good,below_good/57,3,34,good,toward_bad,False
below_good,below_good/57,4,34,bad,toward_good,False
below_good,below_good/57,5,34,good,toward_bad,False
below_good,below_good/57,6,34,good,toward_bad,False
below_good,below_good/57,7,34,good,toward_good,False
below_good,below_good/57,8,34,good,toward_good,False
below_good,below_good/57,9,34,good,toward_bad,False
below_good,below_good/57,10,34,good,toward_good,False
below_good,below_good/57,11,34,good,toward_bad,False
below_good,below_good/57,12,34,good,toward_bad,False
below_good,below_good/57,13,34,good,toward_bad,False
below_good,below_good/57,14,34,good,toward_good,False
below_good,below_good/57,15,34,good,toward_bad,False
below_good,below_good/57,16,34,good,toward_bad,False
below_good,below_good/57,17,34,good,toward_good,False
below_good,below_good/57,18,34,good,toward_good,False
below_good,below_good/57,19,34,good,toward_good,False
below_good,below_good/57,20,34,good,toward_bad,False
below_good,below_good/57,21,34,good,toward_good,False
below_good,below_good/57,22,34,good,toward_bad,False
below_good,below_good/57,23,34,good,toward_bad,False
below_good,below_good/57,24,34,good,toward_good,False
below_good,below_good/57,25,34,good,toward_bad,False
below_good,below_good/57,26,34,good,toward_bad,False
below_good,below_good/57,27,34,good,toward_bad,False
below_good,below_good/57,28,34,bad,toward_good,False
below_good,below_good/57,29,34,good,toward_good,False
below_good,below_good/57,30,34,good,toward_good,False
below_good,below_good/57,31,34,good,toward_good,False
below_good,below_good/57,32,34,good,toward_bad,False
below_good,below_good/57,33,34,good,,True
below_good,below_good/58,0,8,bad,toward_good,False
below_good,below_good/58,1,8,bad,toward_good,False
below_good,below_good/58,2,8,good,toward_good,False
below_good,below_good/58,3,8,good,toward_bad,False
below_good,below_good/58,4,8,good,toward_bad,False
below_good,below_good/58,5,8,good,toward_good,False
below_good,below_good/58,6,8,good,toward_bad,False
below_good,below_good/58,7,8,good,,True
below_good,below_good/60,0,21,good,toward_bad,False
below_good,below_good/60,1,21,bad,toward_good,False
below_good,below_good/60,2,21,good,toward_bad,False
below_good,below_good/60,3,21,bad,toward_good,False
below_good,below_good/60,4,21,bad,toward_good,False
below_good,below_good/60,5,21,good,toward_bad,False
below_good,below_good/60,6,21,bad,toward_good,False
below_good,below_good/60,7,21,bad,toward_good,False
below_good,below_good/60,8,21,bad,toward_bad,False
below_good,below_good/60,9,21,bad,toward_good,False
below_good,below_good/60,10,21,good,toward_bad,False
below_good,below_good/60,11,21,good,toward_good,False
below_good,below_good/60,12,21,good,toward_bad,False
below_good,below_good/60,13,21,bad,toward_good,False
below_good,below_good/60,14,21,good,toward_bad,False
below_good,below_good/60,15,21,good,toward_bad,False
below_good,below_good/60,16,21,bad,toward_bad,False
below_good,below_good/60,17,21,bad,toward_bad,False
below_good,below_good/60,18,21,bad,toward_good,False
below_good,below_good/60,19,21,good,toward_bad,False
below_good,below_good/60,20,21,bad,,True
below_good,below_good/61,0,27,bad,toward_good,False
below_good,below_good/61,1,27,bad,toward_good,False
below_good,below_good/61,2,27,bad,toward_good,False
below_good,below_good/61,3,27,bad,toward_bad,False
below_good,below_good/61,4,27,bad,toward_good,False
below_good,below_good/61,5,27,bad,toward_good,False
below_good,below_good/61,6,27,good,toward_bad,False
below_good,below_good/61,7,27,bad,toward_good,False
below_good,below_good/61,8,27,good,toward_bad,False
below_good,below_good/61,9,27,bad,toward_good,False
below_good,below_good/61,10,27,good,toward_good,False
below_good,below_good/61,11,27,good,toward_bad,False
below_good,below_good/61,12,27,bad,toward_good,False
below_good,below_good/61,13,27,good,toward_bad,False
below_good,below_good/61,14,27,bad,toward_good,False
below_good,below_good/61,15,27,good,toward_bad,False
below_good,below_good/61,16,27,bad,toward_good,False
below_good,below_good/61,17,27,good,toward_bad,False
below_good,below_good/61,18,27,bad,toward_bad,False
below_good,below_good/61,19,27,bad,toward_good,False
below_good,below_good/61,20,27,bad,toward_good,False
below_good,below_good/61,21,27,good,toward_bad,False
below_good,below_good/61,22,27,bad,toward_good,False
below_good,below_good/61,23,27,good,toward_good,False
below_good,below_good/61,24,27,good,toward_bad,False
below_good,below_good/61,25,27,good,toward_good,False
below_good,below_good/61,26,27,good,,True
below_good,below_good/62,0,18,good,toward_bad,False
below_good,below_good/62,1,18,bad,toward_bad,False
below_good,below_good/62,2,18,bad,toward_good,False
below_good,below_good/62,3,18,good,toward_bad,False
below_good,below_good/62,4,18,good,toward_good,False
below_good,below_good/62,5,18,good,toward_good,False
below_good,below_good/62,6,18,good,toward_bad,False
below_good,below_good/62,7,18,good,toward_bad,False
below_good,below_good/62,8,18,good,toward_good,False
below_good,below_good/62,9,18,good,toward_good,False
below_good,below_good/62,10,18,good,toward_bad,False
below_good,below_good/62,11,18,good,toward_bad,False
below_good,below_good/62,12,18,good,toward_bad,False
below_good,below_good/62,13,18,good,toward_good,False
below_good,below_good/62,14,18,good,toward_bad,False
below_good,below_good/62,15,18,good,toward_bad,False
below_good,below_good/62,16,18,good,toward_good,False
below_good,below_good/62,17,18,good,,True
below_good,below_good/63,0,23,good,toward_bad,False
below_good,below_good/63,1,23,good,toward_bad,False
below_good,below_good/63,2,23,good,toward_good,False
below_good,below_good/63,3,23,good,toward_bad,False
below_good,below_good/63,4,23,good,toward_bad,False
below_good,below_good/63,5,23,good,toward_good,False
below_good,below_good/63,6,23,good,toward_bad,False
below_good,below_good/63,7,23,good,toward_bad,False
below_good,below_good/63,8,23,good,toward_good,False
below_good,below_good/63,9,23,good,toward_bad,False
below_good,below_good/63,10,23,good,toward_good,False
below_good,below_good/63,11,23,good,toward_bad,False
below_good,below_good/63,12,23,good,toward_bad,False
below_good,below_good/63,13,23,good,toward_bad,False
below_good,below_good/63,14,23,good,toward_bad,False
below_good,below_good/63,15,23,good,toward_bad,False
below_good,below_good/63,16,23,good,toward_bad,False
below_good,below_good/63,17,23,good,toward_good,False
below_good,below_good/63,18,23,good,toward_good,False
below_good,below_good/63,19,23,good,toward_bad,False
below_good,below_good/63,20,23,good,toward_bad,False
below_good,below_good/63,21,23,good,toward_bad,False
below_good,below_good/63,22,23,good,,True
below_good,below_good/64,0,13,good,toward_bad,False
below_good,below_good/64,1,13,good,toward_good,False
below_good,below_good/64,2,13,good,toward_bad,False
below_good,below_good/64,3,13,good,toward_good,False
below_good,below_good/64,4,13,good,toward_bad,False
below_good,below_good/64,5,13,good,toward_good,False
below_good,below_good/64,6,13,good,toward_good,False
below_good,below_good/64,7,13,good,toward_bad,False
below_good,below_good/64,8,13,good,toward_good,False
below_good,below_good/64,9,13,good,toward_good,False
below_good,below_good/64,10,13,good,toward_good,False
below_good,below_good/64,11,13,good,toward_bad,False
below_good,below_good/64,12,13,good,,True
below_good,below_good/65,0,30,good,toward_bad,False
below_good,below_good/65,1,30,good,toward_good,False
below_good,below_good/65,2,30,good,toward_good,False
below_good,below_good/65,3,30,good,toward_bad,False
below_good,below_good/65,4,30,good,toward_good,False
below_good,below_good/65,5,30,good,toward_bad,False
below_good,below_good/65,6,30,good,toward_good,False
below_good,below_good/65,7,30,good,toward_bad,False
below_good,below_good/65,8,30,good,toward_good,False
below_good,below_good/65,9,30,good,toward_bad,False
below_good,below_good/65,10,30,good,toward_good,False
below_good,below_good/65,11,30,good,toward_bad,False
below_good,below_good/65,12,30,good,toward_good,False
below_good,below_good/65,13,30,good,toward_bad,False
below_good,below_good/65,14,30,good,toward_bad,False
below_good,below_good/65,15,30,good,toward_good,False
below_good,below_good/65,16,30,good,toward_good,False
below_good,below_good/65,17,30,good,toward_bad,False
below_good,below_good/65,18,30,good,toward_good,False
below_good,below_good/65,19,30,good,toward_bad,False
below_good,below_good/65,20,30,good,toward_good,False
below_good,below_good/65,21,30,good,toward_bad,False
below_good,below_good/65,22,30,good,toward_bad,False
below_good,below_good/65,23,30,good,toward_bad,False
below_good,below_good/65,24,30,good,toward_good,False
below_good,below_good/65,25,30,good,toward_bad,False
below_good,below_good/65,26,30,good,toward_good,False
below_good,below_good/65,27,30,good,toward_bad,False
below_good,below_good/65,28,30,good,toward_good,False
below_good,below_good/65,29,30,good,,True
below_good,below_good/66,0,16,bad,toward_bad,False
below_good,below_good/66,1,16,bad,toward_good,False
below_good,below_good/66,2,16,bad,toward_good,False
below_good,below_good/66,3,16,bad,toward_bad,False
below_good,below_good/66,4,16,bad,toward_good,False
below_good,below_good/66,5,16,bad,toward_bad,False
below_good,below_good/66,6,16,bad,toward_good,False
below_good,below_good/66,7,16,bad,toward_bad,False
below_good,below_good/66,8,16,bad,toward_good,False
below_good,below_good/66,9,16,bad,toward_bad,False
below_good,below_good/66,10,16,bad,toward_bad,False
below_good,below_good/66,11,16,bad,toward_good,False
below_good,below_good/66,12,16,bad,toward_good,False
below_good,below_good/66,13,16,bad,toward_bad,False
below_good,below_good/66,14,16,bad,toward_bad,False
below_good,below_good/66,15,16,bad,,True
below_good,below_good/67,0,33,good,toward_bad,False
below_good,below_good/67,1,33,good,toward_good,False
below_good,below_good/67,2,33,good,toward_good,False
below_good,below_good/67,3,33,good,toward_bad,False
below_good,below_good/67,4,33,good,toward_good,False
below_good,below_good/67,5,33,good,toward_bad,False
below_good,below_good/67,6,33,good,toward_bad,False
below_good,below_good/67,7,33,good,toward_good,False
below_good,below_good/67,8,33,good,toward_bad,False
below_good,below_good/67,9,33,good,toward_bad,False
below_good,below_good/67,10,33,good,toward_bad,False
below_good,below_good/67,11,33,good,toward_good,False
below_good,below_good/67,12,33,good,toward_bad,False
below_good,below_good/67,13,33,good,toward_good,False
below_good,below_good/67,14,33,good,toward_bad,False
below_good,below_good/67,15,33,good,toward_good,False
below_good,below_good/67,16,33,good,toward_bad,False
below_good,below_good/67,17,33,good,toward_good,False
below_good,below_good/67,18,33,good,toward_bad,False
below_good,below_good/67,19,33,good,toward_bad,False
below_good,below_good/67,20,33,good,toward_good,False
below_good,below_good/67,21,33,good,toward_good,False
below_good,below_good/67,22,33,good,toward_bad,False
below_good,below_good/67,23,33,good,toward_bad,False
below_good,below_good/67,24,33,good,toward_good,False
below_good,below_good/67,25,33,good,same,False
below_good,below_good/67,26,33,good,toward_bad,False
below_good,below_good/67,27,33,good,toward_good,False
below_good,below_good/67,28,33,good,toward_bad,False
below_good,below_good/67,29,33,good,toward_bad,False
below_good,below_good/67,30,33,good,toward_bad,False
below_good,below_good/67,31,33,good,toward_good,False
below_good,below_good/67,32,33,good,,True
below_good,below_good/68,0,1,good,,True
below_good,below_good/69,0,6,good,toward_good,False
below_good,below_good/69,1,6,good,toward_bad,False
below_good,below_good/69,2,6,bad,toward_bad,False
below_good,below_good/69,3,6,bad,toward_good,False
below_good,below_good/69,4,6,bad,toward_good,False
below_good,below_good/69,5,6,good,,True
below_good,below_good/71,0,17,good,toward_bad,False
below_good,below_good/71,1,17,good,toward_good,False
below_good,below_good/71,2,17,good,toward_bad,False
below_good,below_good/71,3,17,good,toward_good,False
below_good,below_good/71,4,17,good,toward_bad,False
below_good,below_good/71,5,17,bad,toward_good,False
below_good,below_good/71,6,17,good,toward_good,False
below_good,below_good/71,7,17,good,toward_good,False
below_good,below_good/71,8,17,good,toward_bad,False
below_good,below_good/71,9,17,good,toward_bad,False
below_good,below_good/71,10,17,good,toward_good,False
below_good,below_good/71,11,17,good,toward_bad,False
below_good,below_good/71,12,17,good,toward_bad,False
below_good,below_good/71,13,17,good,toward_bad,False
below_good,below_good/71,14,17,good,toward_good,False
below_good,below_good/71,15,17,good,toward_bad,False
below_good,below_good/71,16,17,good,,True
below_good,below_good/72,0,17,good,toward_bad,False
below_good,below_good/72,1,17,bad,toward_good,False
below_good,below_good/72,2,17,good,toward_bad,False
below_good,below_good/72,3,17,bad,toward_bad,False
below_good,below_good/72,4,17,bad,same,False
below_good,below_good/72,5,17,bad,toward_good,False
below_good,below_good/72,6,17,bad,toward_bad,False
below_good,below_good/72,7,17,bad,toward_good,False
below_good,below_good/72,8,17,bad,toward_bad,False
below_good,below_good/72,9,17,bad,toward_good,False
below_good,below_good/72,10,17,good,toward_good,False
below_good,below_good/72,11,17,good,toward_bad,False
below_good,below_good/72,12,17,bad,toward_good,False
below_good,below_good/72,13,17,bad,toward_good,False
below_good,below_good/72,14,17,good,toward_good,False
below_good,below_good/72,15,17,good,toward_bad,False
below_good,below_good/72,16,17,bad,,True
below_good,below_good/73,0,42,good,toward_bad,False
below_good,below_good/73,1,42,good,toward_bad,False
below_good,below_good/73,2,42,bad,toward_good,False
below_good,below_good/73,3,42,good,toward_good,False
below_good,below_good/73,4,42,good,toward_good,False
below_good,below_good/73,5,42,good,toward_bad,False
below_good,below_good/73,6,42,good,toward_bad,False
below_good,below_good/73,7,42,good,toward_bad,False
below_good,below_good/73,8,42,good,toward_good,False
below_good,below_good/73,9,42,good,toward_bad,False
below_good,below_good/73,10,42,good,toward_good,False
below_good,below_good/73,11,42,good,toward_bad,False
below_good,below_good/73,12,42,good,toward_bad,False
below_good,below_good/73,13,42,bad,toward_good,False
below_good,below_good/73,14,42,good,toward_good,False
below_good,below_good/73,15,42,good,toward_good,False
below_good,below_good/73,16,42,good,toward_good,False
below_good,below_good/73,17,42,good,toward_bad,False
below_good,below_good/73,18,42,good,toward_bad,False
below_good,below_good/73,19,42,good,toward_good,False
below_good,below_good/73,20,42,good,toward_bad,False
below_good,below_good/73,21,42,good,toward_good,False
below_good,below_good/73,22,42,good,toward_bad,False
below_good,below_good/73,23,42,good,toward_good,False
below_good,below_good/73,24,42,good,toward_bad,False
below_good,below_good/73,25,42,good,toward_bad,False
below_good,below_good/73,26,42,good,toward_bad,False
below_good,below_good/73,27,42,bad,toward_good,False
below_good,below_good/73,28,42,good,toward_good,False
below_good,below_good/73,29,42,good,toward_good,False
below_good,below_good/73,30,42,good,toward_good,False
below_good,below_good/73,31,42,good,toward_good,False
below_good,below_good/73,32,42,good,toward_bad,False
below_good,below_good/73,33,42,good,toward_bad,False
below_good,below_good/73,34,42,good,toward_good,False
below_good,below_good/73,35,42,good,toward_good,False
below_good,below_good/73,36,42,good,toward_good,False
below_good,below_good/73,37,42,good,toward_good,False
below_good,below_good/73,38,42,good,toward_good,False
below_good,below_good/73,39,42,good,toward_bad,False
below_good,below_good/73,40,42,good,toward_good,False
below_good,below_good/73,41,42,good,,True
below_good,below_good/74,0,3,good,toward_bad,False
below_good,below_good/74,1,3,good,toward_bad,False
below_good,below_good/74,2,3,bad,,True
below_good,below_good/75,0,3,bad,toward_good,False
below_good,below_good/75,1,3,bad,toward_good,False
below_good,below_good/75,2,3,bad,,True
below_good,below_good/76,0,1,good,,True
below_good,below_good/79,0,1,bad,,True
below_good,below_good/80,0,24,bad,toward_good,False
below_good,below_good/80,1,24,bad,toward_good,False
below_good,below_good/80,2,24,bad,toward_good,False
below_good,below_good/80,3,24,good,toward_bad,False
below_good,below_good/80,4,24,bad,toward_good,False
below_good,below_good/80,5,24,bad,toward_good,False
below_good,below_good/80,6,24,good,toward_bad,False
below_good,below_good/80,7,24,bad,toward_good,False
below_good,below_good/80,8,24,good,toward_bad,False
below_good,below_good/80,9,24,good,toward_good,False
below_good,below_good/80,10,24,good,toward_bad,False
below_good,below_good/80,11,24,bad,toward_bad,False
below_good,below_good/80,12,24,bad,toward_good,False
below_good,below_good/80,13,24,good,toward_bad,False
below_good,below_good/80,14,24,bad,toward_good,False
below_good,below_good/80,15,24,good,toward_bad,False
below_good,below_good/80,16,24,good,toward_bad,False
below_good,below_good/80,17,24,bad,toward_good,False
below_good,below_good/80,18,24,good,toward_bad,False
below_good,below_good/80,19,24,good,toward_good,False
below_good,below_good/80,20,24,good,toward_bad,False
below_good,below_good/80,21,24,good,toward_bad,False
below_good,below_good/80,22,24,good,toward_good,False
below_good,below_good/80,23,24,good,,True
below_good,below_good/81,0,1,good,,True
below_good,below_good/82,0,14,bad,toward_good,False
below_good,below_good/82,1,14,bad,toward_bad,False
below_good,below_good/82,2,14,bad,toward_good,False
below_good,below_good/82,3,14,bad,toward_good,False
below_good,below_good/82,4,14,bad,toward_bad,False
below_good,below_good/82,5,14,bad,toward_good,False
below_good,below_good/82,6,14,bad,toward_bad,False
below_good,below_good/82,7,14,bad,toward_good,False
below_good,below_good/82,8,14,bad,toward_bad,False
below_good,below_good/82,9,14,bad,toward_good,False
below_good,below_good/82,10,14,bad,toward_good,False
below_good,below_good/82,11,14,bad,toward_good,False
below_good,below_good/82,12,14,bad,toward_bad,False
below_good,below_good/82,13,14,bad,,True
below_good,below_good/83,0,52,good,toward_bad,False
below_good,below_good/83,1,52,bad,toward_good,False
below_good,below_good/83,2,52,bad,toward_good,False
below_good,below_good/83,3,52,good,toward_bad,False
below_good,below_good/83,4,52,good,toward_good,False
below_good,below_good/83,5,52,good,toward_bad,False
below_good,below_good/83,6,52,good,toward_bad,False
below_good,below_good/83,7,52,good,toward_good,False
below_good,below_good/83,8,52,good,toward_good,False
below_good,below_good/83,9,52,good,toward_bad,False
below_good,below_good/83,10,52,good,toward_good,False
below_good,below_good/83,11,52,good,toward_bad,False
below_good,below_good/83,12,52,good,toward_bad,False
below_good,below_good/83,13,52,good,toward_bad,False
below_good,below_good/83,14,52,good,toward_bad,False
below_good,below_good/83,15,52,bad,toward_good,False
below_good,below_good/83,16,52,good,toward_bad,False
below_good,below_good/83,17,52,good,toward_bad,False
below_good,below_good/83,18,52,good,toward_good,False
below_good,below_good/83,19,52,good,toward_bad,False
below_good,below_good/83,20,52,good,toward_bad,False
below_good,below_good/83,21,52,bad,toward_good,False
below_good,below_good/83,22,52,good,toward_bad,False
below_good,below_good/83,23,52,good,toward_bad,False
below_good,below_good/83,24,52,good,toward_bad,False
below_good,below_good/83,25,52,bad,toward_good,False
below_good,below_good/83,26,52,good,toward_bad,False
below_good,below_good/83,27,52,good,toward_bad,False
below_good,below_good/83,28,52,good,toward_bad,False
below_good,below_good/83,29,52,good,toward_bad,False
below_good,below_good/83,30,52,good,toward_bad,False
below_good,below_good/83,31,52,good,toward_bad,False
below_good,below_good/83,32,52,bad,toward_good,False
below_good,below_good/83,33,52,good,toward_good,False
below_good,below_good/83,34,52,good,toward_good,False
below_good,below_good/83,35,52,good,toward_bad,False
below_good,below_good/83,36,52,good,toward_good,False
below_good,below_good/83,37,52,good,toward_bad,False
below_good,below_good/83,38,52,good,toward_good,False
below_good,below_good/83,39,52,good,toward_bad,False
below_good,below_good/83,40,52,good,toward_bad,False
below_good,below_good/83,41,52,good,toward_bad,False
below_good,below_good/83,42,52,bad,toward_good,False
below_good,below_good/83,43,52,good,toward_bad,False
below_good,below_good/83,44,52,good,toward_good,False
below_good,below_good/83,45,52,good,toward_bad,False
below_good,below_good/83,46,52,bad,toward_good,False
below_good,below_good/83,47,52,good,toward_bad,False
below_good,below_good/83,48,52,bad,toward_good,False
below_good,below_good/83,49,52,good,toward_bad,False
below_good,below_good/83,50,52,good,toward_good,False
below_good,below_good/83,51,52,good,,True
below_good,below_good/85,0,3,good,toward_bad,False
below_good,below_good/85,1,3,good,toward_good,False
below_good,below_good/85,2,3,good,,True
below_good,below_good/86,0,3,good,toward_good,False
below_good,below_good/86,1,3,good,toward_good,False
below_good,below_good/86,2,3,good,,True
below_good,below_good/87,0,14,good,toward_bad,False
below_good,below_good/87,1,14,good,toward_good,False
below_good,below_good/87,2,14,good,toward_bad,False
below_good,below_good/87,3,14,bad,toward_good,False
below_good,below_good/87,4,14,good,toward_bad,False
below_good,below_good/87,5,14,good,toward_bad,False
below_good,below_good/87,6,14,good,toward_good,False
below_good,below_good/87,7,14,good,toward_good,False
below_good,below_good/87,8,14,good,toward_bad,False
below_good,below_good/87,9,14,good,toward_good,False
below_good,below_good/87,10,14,good,toward_good,False
below_good,below_good/87,11,14,good,toward_good,False
below_good,below_good/87,12,14,good,toward_bad,False
below_good,below_good/87,13,14,good,,True
below_good,below_good/88,0,1,good,,True
below_good,below_good/89,0,3,bad,toward_good,False
below_good,below_good/89,1,3,bad,toward_good,False
below_good,below_good/89,2,3,bad,,True
below_good,below_good/90,0,19,bad,toward_good,False
below_good,below_good/90,1,19,bad,toward_good,False
below_good,below_good/90,2,19,bad,toward_bad,False
below_good,below_good/90,3,19,bad,toward_good,False
below_good,below_good/90,4,19,bad,toward_good,False
below_good,below_good/90,5,19,bad,toward_bad,False
below_good,below_good/90,6,19,bad,toward_bad,False
below_good,below_good/90,7,19,bad,toward_good,False
below_good,below_good/90,8,19,bad,toward_good,False
below_good,below_good/90,9,19,bad,toward_bad,False
below_good,below_good/90,10,19,bad,toward_good,False
below_good,below_good/90,11,19,bad,toward_bad,False
below_good,below_good/90,12,19,bad,toward_good,False
below_good,below_good/90,13,19,bad,toward_bad,False
below_good,below_good/90,14,19,bad,toward_good,False
below_good,below_good/90,15,19,bad,toward_good,False
below_good,below_good/90,16,19,bad,same,False
below_good,below_good/90,17,19,bad,toward_good,False
below_good,below_good/90,18,19,good,,True
below_good,below_good/91,0,2,good,toward_bad,False
below_good,below_good/91,1,2,good,,True
below_good,below_good/92,0,28,good,toward_bad,False
below_good,below_good/92,1,28,good,toward_bad,False
below_good,below_good/92,2,28,good,toward_good,False
below_good,below_good/92,3,28,good,toward_good,False
below_good,below_good/92,4,28,good,toward_bad,False
below_good,below_good/92,5,28,good,toward_good,False
below_good,below_good/92,6,28,good,toward_bad,False
below_good,below_good/92,7,28,good,toward_good,False
below_good,below_good/92,8,28,good,toward_bad,False
below_good,below_good/92,9,28,good,toward_bad,False
below_good,below_good/92,10,28,good,toward_good,False
below_good,below_good/92,11,28,good,toward_bad,False
below_good,below_good/92,12,28,good,toward_good,False
below_good,below_good/92,13,28,good,toward_bad,False
below_good,below_good/92,14,28,good,toward_good,False
below_good,below_good/92,15,28,good,toward_good,False
below_good,below_good/92,16,28,good,toward_bad,False
below_good,below_good/92,17,28,good,toward_bad,False
below_good,below_good/92,18,28,good,toward_good,False
below_good,below_good/92,19,28,good,toward_good,False
below_good,below_good/92,20,28,good,toward_bad,False
below_good,below_good/92,21,28,good,toward_bad,False
below_good,below_good/92,22,28,good,toward_bad,False
below_good,below_good/92,23,28,good,toward_good,False
below_good,below_good/92,24,28,good,toward_good,False
below_good,below_good/92,25,28,good,toward_bad,False
below_good,below_good/92,26,28,good,toward_good,False
below_good,below_good/92,27,28,good,,True
below_good,below_good/93,0,9,bad,toward_good,False
below_good,below_good/93,1,9,bad,toward_bad,False
below_good,below_good/93,2,9,bad,toward_good,False
below_good,below_good/93,3,9,bad,toward_bad,False
below_good,below_good/93,4,9,bad,toward_good,False
below_good,below_good/93,5,9,bad,toward_good,False
below_good,below_good/93,6,9,good,toward_bad,False
below_good,below_good/93,7,9,good,toward_good,False
below_good,below_good/93,8,9,good,,True
below_good,below_good/94,0,48,good,toward_bad,False
below_good,below_good/94,1,48,bad,toward_good,False
below_good,below_good/94,2,48,good,toward_bad,False
below_good,below_good/94,3,48,good,toward_bad,False
below_good,below_good/94,4,48,bad,toward_bad,False
below_good,below_good/94,5,48,bad,toward_good,False
below_good,below_good/94,6,48,bad,toward_good,False
below_good,below_good/94,7,48,good,toward_bad,False
below_good,below_good/94,8,48,bad,toward_good,False
below_good,below_good/94,9,48,good,toward_good,False
below_good,below_good/94,10,48,good,toward_bad,False
below_good,below_good/94,11,48,good,toward_bad,False
below_good,below_good/94,12,48,good,toward_bad,False
below_good,below_good/94,13,48,good,toward_good,False
below_good,below_good/94,14,48,good,toward_bad,False
below_good,below_good/94,15,48,good,toward_bad,False
below_good,below_good/94,16,48,good,toward_good,False
below_good,below_good/94,17,48,good,toward_bad,False
below_good,below_good/94,18,48,bad,toward_good,False
below_good,below_good/94,19,48,good,toward_bad,False
below_good,below_good/94,20,48,good,toward_bad,False
below_good,below_good/94,21,48,good,toward_bad,False
below_good,below_good/94,22,48,bad,toward_good,False
below_good,below_good/94,23,48,good,toward_good,False
below_good,below_good/94,24,48,good,toward_bad,False
below_good,below_good/94,25,48,good,toward_good,False
below_good,below_good/94,26,48,good,toward_bad,False
below_good,below_good/94,27,48,bad,toward_good,False
below_good,below_good/94,28,48,good,toward_bad,False
below_good,below_good/94,29,48,good,toward_good,False
below_good,below_good/94,30,48,good,toward_bad,False
below_good,below_good/94,31,48,good,toward_bad,False
below_good,below_good/94,32,48,good,toward_bad,False
below_good,below_good/94,33,48,good,toward_good,False
below_good,below_good/94,34,48,good,toward_good,False
below_good,below_good/94,35,48,good,toward_good,False
below_good,below_good/94,36,48,good,toward_bad,False
below_good,below_good/94,37,48,good,toward_good,False
below_good,below_good/94,38,48,good,toward_bad,False
below_good,below_good/94,39,48,good,toward_bad,False
below_good,below_good/94,40,48,good,toward_good,False
below_good,below_good/94,41,48,good,toward_bad,False
below_good,below_good/94,42,48,good,toward_good,False
below_good,below_good/94,43,48,good,toward_good,False
below_good,below_good/94,44,48,good,toward_bad,False
below_good,below_good/94,45,48,good,toward_bad,False
below_good,below_good/94,46,48,good,toward_bad,False
below_good,below_good/94,47,48,good,,True
below_good,below_good/95,0,2,bad,toward_good,False
below_good,below_good/95,1,2,good,,True
below_good,below_good/96,0,43,good,toward_bad,False
below_good,below_good/96,1,43,good,toward_bad,False
below_good,below_good/96,2,43,bad,toward_good,False
below_good,below_good/96,3,43,good,toward_bad,False
below_good,below_good/96,4,43,good,toward_bad,False
below_good,below_good/96,5,43,good,toward_bad,False
below_good,below_good/96,6,43,bad,toward_good,False
below_good,below_good/96,7,43,good,toward_good,False
below_good,below_good/96,8,43,good,toward_bad,False
below_good,below_good/96,9,43,bad,toward_good,False
below_good,below_good/96,10,43,good,toward_good,False
below_good,below_good/96,11,43,good,toward_good,False
below_good,below_good/96,12,43,good,toward_bad,False
below_good,below_good/96,13,43,good,toward_bad,False
below_good,below_good/96,14,43,good,toward_good,False
below_good,below_good/96,15,43,good,toward_bad,False
below_good,below_good/96,16,43,good,toward_bad,False
below_good,below_good/96,17,43,good,toward_bad,False
below_good,below_good/96,18,43,good,toward_bad,False
below_good,below_good/96,19,43,good,toward_bad,False
below_good,below_good/96,20,43,good,toward_good,False
below_good,below_good/96,21,43,good,toward_good,False
below_good,below_good/96,22,43,good,toward_bad,False
below_good,below_good/96,23,43,good,toward_bad,False
below_good,below_good/96,24,43,bad,toward_good,False
below_good,below_good/96,25,43,good,toward_good,False
below_good,below_good/96,26,43,good,toward_bad,False
below_good,below_good/96,27,43,good,toward_good,False
below_good,below_good/96,28,43,good,toward_bad,False
below_good,below_good/96,29,43,good,toward_good,False
below_good,below_good/96,30,43,good,toward_bad,False
below_good,below_good/96,31,43,good,toward_bad,False
below_good,below_good/96,32,43,good,toward_bad,False
below_good,below_good/96,33,43,good,toward_bad,False
below_good,below_good/96,34,43,good,toward_good,False
below_good,below_good/96,35,43,good,toward_good,False
below_good,below_good/96,36,43,good,toward_bad,False
below_good,below_good/96,37,43,good,toward_good,False
below_good,below_good/96,38,43,good,toward_bad,False
below_good,below_good/96,39,43,good,toward_bad,False
below_good,below_good/96,40,43,good,toward_bad,False
below_good,below_good/96,41,43,good,toward_good,False
below_good,below_good/96,42,43,good,,True
below_good,below_good/97,0,30,bad,toward_bad,False
below_good,below_good/97,1,30,bad,toward_bad,False
below_good,below_good/97,2,30,bad,toward_good,False
below_good,below_good/97,3,30,bad,toward_good,False
below_good,below_good/97,4,30,bad,toward_bad,False
below_good,below_good/97,5,30,bad,toward_bad,False
below_good,below_good/97,6,30,bad,toward_bad,False
below_good,below_good/97,7,30,bad,toward_good,False
below_good,below_good/97,8,30,good,toward_bad,False
below_good,below_good/97,9,30,good,toward_bad,False
below_good,below_good/97,10,30,bad,toward_good,False
below_good,below_good/97,11,30,good,toward_good,False
below_good,below_good/97,12,30,good,toward_bad,False
below_good,below_good/97,13,30,good,toward_bad,False
below_good,below_good/97,14,30,bad,toward_good,False
below_good,below_good/97,15,30,good,toward_bad,False
below_good,below_good/97,16,30,good,toward_good,False
below_good,below_good/97,17,30,good,toward_good,False
below_good,below_good/97,18,30,good,toward_bad,False
below_good,below_good/97,19,30,good,toward_bad,False
below_good,below_good/97,20,30,good,toward_good,False
below_good,below_good/97,21,30,good,toward_bad,False
below_good,below_good/97,22,30,good,toward_good,False
below_good,below_good/97,23,30,good,toward_good,False
below_good,below_good/97,24,30,good,toward_bad,False
below_good,below_good/97,25,30,good,toward_good,False
below_good,below_good/97,26,30,good,toward_bad,False
below_good,below_good/97,27,30,good,toward_good,False
below_good,below_good/97,28,30,good,toward_good,False
below_good,below_good/97,29,30,good,,True
below_good,below_good/98,0,1,good,,True
below_good,below_good/99,0,24,good,toward_bad,False
below_good,below_good/99,1,24,good,toward_bad,False
below_good,below_good/99,2,24,good,toward_good,False
below_good,below_good/99,3,24,good,toward_good,False
below_good,below_good/99,4,24,good,toward_bad,False
below_good,below_good/99,5,24,bad,toward_good,False
below_good,below_good/99,6,24,good,toward_good,False
below_good,below_good/99,7,24,good,toward_bad,False
below_good,below_good/99,8,24,good,toward_good,False
below_good,below_good/99,9,24,good,toward_bad,False
below_good,below_good/99,10,24,good,toward_good,False
below_good,below_good/99,11,24,good,toward_good,False
below_good,below_good/99,12,24,good,toward_bad,False
below_good,below_good/99,13,24,good,toward_good,False
below_good,below_good/99,14,24,good,toward_good,False
below_good,below_good/99,15,24,good,toward_bad,False
below_good,below_good/99,16,24,good,toward_good,False
below_good,below_good/99,17,24,good,toward_good,False
below_good,below_good/99,18,24,good,toward_bad,False
below_good,below_good/99,19,24,good,toward_good,False
below_good,below_good/99,20,24,good,toward_bad,False
below_good,below_good/99,21,24,good,toward_bad,False
below_good,below_good/99,22,24,good,toward_good,False
below_good,below_good/99,23,24,good,,True
above_good,above_good/0,0,1,good,,True
above_good,above_good/1,0,15,bad,toward_good,False
above_good,above_good/1,1,15,good,toward_good,False
above_good,above_good/1,2,15,good,toward_bad,False
above_good,above_good/1,3,15,good,toward_bad,False
above_good,above_good/1,4,15,good,toward_bad,False
above_good,above_good/1,5,15,bad,toward_good,False
above_good,above_good/1,6,15,good,toward_good,False
above_good,above_good/1,7,15,good,toward_bad,False
above_good,above_good/1,8,15,good,toward_good,False
above_good,above_good/1,9,15,good,toward_good,False
above_good,above_good/1,10,15,good,toward_bad,False
above_good,above_good/1,11,15,good,toward_good,False
above_good,above_good/1,12,15,good,toward_bad,False
above_good,above_good/1,13,15,good,toward_good,False
above_good,above_good/1,14,15,good,,True
above_good,above_good/2,0,1,good,,True
above_good,above_good/3,0,10,good,toward_bad,False
above_good,above_good/3,1,10,good,toward_bad,False
above_good,above_good/3,2,10,good,toward_good,False
above_good,above_good/3,3,10,good,toward_good,False
above_good,above_good/3,4,10,good,toward_good,False
above_good,above_good/3,5,10,good,toward_bad,False
above_good,above_good/3,6,10,good,toward_good,False
above_good,above_good/3,7,10,good,toward_bad,False
above_good,above_good/3,8,10,good,toward_good,False
above_good,above_good/3,9,10,good,,True
above_good,above_good/5,0,6,bad,toward_good,False
above_good,above_good/5,1,6,good,toward_bad,False
above_good,above_good/5,2,6,good,toward_bad,False
above_good,above_good/5,3,6,good,toward_good,False
above_good,above_good/5,4,6,good,toward_bad,False
above_good,above_good/5,5,6,good,,True
above_good,above_good/6,0,5,good,toward_bad,False
above_good,above_good/6,1,5,good,toward_bad,False
above_good,above_good/6,2,5,good,toward_bad,False
above_good,above_good/6,3,5,good,toward_bad,False
above_good,above_good/6,4,5,good,,True
above_good,above_good/8,0,8,good,toward_bad,False
above_good,above_good/8,1,8,good,toward_bad,False
above_good,above_good/8,2,8,good,toward_good,False
above_good,above_good/8,3,8,good,toward_bad,False
above_good,above_good/8,4,8,bad,toward_good,False
above_good,above_good/8,5,8,good,toward_good,False
above_good,above_good/8,6,8,good,toward_good,False
above_good,above_good/8,7,8,good,,True
above_good,above_good/9,0,4,good,toward_bad,False
above_good,above_good/9,1,4,good,toward_good,False
above_good,above_good/9,2,4,good,toward_bad,False
above_good,above_good/9,3,4,good,,True
above_good,above_good/10,0,19,good,toward_good,False
above_good,above_good/10,1,19,good,toward_good,False
above_good,above_good/10,2,19,good,toward_bad,False
above_good,above_good/10,3,19,good,toward_good,False
above_good,above_good/10,4,19,good,toward_bad,False
above_good,above_good/10,5,19,good,toward_bad,False
above_good,above_good/10,6,19,good,toward_bad,False
above_good,above_good/10,7,19,good,toward_good,False
above_good,above_good/10,8,19,good,toward_good,False
above_good,above_good/10,9,19,good,toward_good,False
above_good,above_good/10,10,19,good,toward_bad,False
above_good,above_good/10,11,19,good,toward_bad,False
above_good,above_good/10,12,19,good,toward_good,False
above_good,above_good/10,13,19,good,toward_good,False
above_good,above_good/10,14,19,good,toward_good,False
above_good,above_good/10,15,19,good,toward_bad,False
above_good,above_good/10,16,19,good,toward_good,False
above_good,above_good/10,17,19,good,toward_bad,False
above_good,above_good/10,18,19,good,,True
above_good,above_good/11,0,6,good,toward_good,False
above_good,above_good/11,1,6,good,toward_good,False
above_good,above_good/11,2,6,good,toward_bad,False
above_good,above_good/11,3,6,good,toward_bad,False
above_good,above_good/11,4,6,good,toward_good,False
above_good,above_good/11,5,6,good,,True
above_good,above_good/12,0,47,good,toward_bad,False
above_good,above_good/12,1,47,good,toward_good,False
above_good,above_good/12,2,47,good,toward_bad,False
above_good,above_good/12,3,47,bad,toward_good,False
above_good,above_good/12,4,47,good,toward_bad,False
above_good,above_good/12,5,47,good,toward_bad,False
above_good,above_good/12,6,47,good,toward_good,False
above_good,above_good/12,7,47,good,toward_bad,False
above_good,above_good/12,8,47,good,toward_bad,False
above_good,above_good/12,9,47,good,toward_bad,False
above_good,above_good/12,10,47,bad,toward_good,False
above_good,above_good/12,11,47,good,toward_good,False
above_good,above_good/12,12,47,good,toward_bad,False
above_good,above_good/12,13,47,good,toward_good,False
above_good,above_good/12,14,47,good,toward_good,False
above_good,above_good/12,15,47,good,toward_good,False
above_good,above_good/12,16,47,good,toward_bad,False
above_good,above_good/12,17,47,good,toward_bad,False
above_good,above_good/12,18,47,good,toward_good,False
above_good,above_good/12,19,47,good,toward_bad,False
above_good,above_good/12,20,47,good,toward_good,False
above_good,above_good/12,21,47,good,toward_bad,False
above_good,above_good/12,22,47,good,toward_good,False
above_good,above_good/12,23,47,good,toward_good,False
above_good,above_good/12,24,47,good,toward_good,False
above_good,above_good/12,25,47,good,toward_bad,False
above_good,above_good/12,26,47,good,toward_good,False
above_good,above_good/12,27,47,good,toward_good,False
above_good,above_good/12,28,47,good,toward_good,False
above_good,above_good/12,29,47,good,toward_good,False
above_good,above_good/12,30,47,good,toward_bad,False
above_good,above_good/12,31,47,good,toward_good,False
above_good,above_good/12,32,47,good,toward_good,False
above_good,above_good/12,33,47,good,toward_bad,False
above_good,above_good/12,34,47,good,toward_good,False
above_good,above_good/12,35,47,good,toward_good,False
above_good,above_good/12,36,47,good,toward_good,False
above_good,above_good/12,37,47,good,toward_bad,False
above_good,above_good/12,38,47,good,toward_bad,False
above_good,above_good/12,39,47,good,toward_bad,False
above_good,above_good/12,40,47,good,toward_good,False
above_good,above_good/12,41,47,good,toward_bad,False
above_good,above_good/12,42,47,good,toward_good,False
above_good,above_good/12,43,47,good,toward_good,False
above_good,above_good/12,44,47,good,toward_bad,False
above_good,above_good/12,45,47,good,toward_good,False
above_good,above_good/12,46,47,good,,True
above_good,above_good/13,0,31,good,toward_good,False
above_good,above_good/13,1,31,good,toward_bad,False
above_good,above_good/13,2,31,good,toward_bad,False
above_good,above_good/13,3,31,good,toward_bad,False
above_good,above_good/13,4,31,good,toward_good,False
above_good,above_good/13,5,31,good,toward_good,False
above_good,above_good/13,6,31,good,toward_bad,False
above_good,above_good/13,7,31,good,toward_good,False
above_good,above_good/13,8,31,good,toward_bad,False
above_good,above_good/13,9,31,good,toward_bad,False
above_good,above_good/13,10,31,good,toward_good,False
above_good,above_good/13,11,31,good,toward_good,False
above_good,above_good/13,12,31,good,toward_bad,False
above_good,above_good/13,13,31,good,toward_good,False
above_good,above_good/13,14,31,good,toward_good,False
above_good,above_good/13,15,31,good,toward_bad,False
above_good,above_good/13,16,31,good,toward_bad,False
above_good,above_good/13,17,31,good,toward_good,False
above_good,above_good/13,18,31,good,toward_good,False
above_good,above_good/13,19,31,good,toward_bad,False
above_good,above_good/13,20,31,good,toward_bad,False
above_good,above_good/13,21,31,good,toward_bad,False
above_good,above_good/13,22,31,good,toward_bad,False
above_good,above_good/13,23,31,good,toward_bad,False
above_good,above_good/13,24,31,good,toward_good,False
above_good,above_good/13,25,31,good,toward_good,False
above_good,above_good/13,26,31,good,toward_good,False
above_good,above_good/13,27,31,good,toward_good,False
above_good,above_good/13,28,31,good,toward_good,False
above_good,above_good/13,29,31,good,toward_bad,False
above_good,above_good/13,30,31,good,,True
above_good,above_good/14,0,1,bad,,True
above_good,above_good/15,0,33,good,toward_bad,False
above_good,above_good/15,1,33,good,toward_good,False
above_good,above_good/15,2,33,good,toward_good,False
above_good,above_good/15,3,33,good,toward_good,False
above_good,above_good/15,4,33,good,toward_bad,False
above_good,above_good/15,5,33,good,toward_bad,False
above_good,above_good/15,6,33,good,toward_good,False
above_good,above_good/15,7,33,good,toward_good,False
above_good,above_good/15,8,33,good,toward_bad,False
above_good,above_good/15,9,33,good,toward_good,False
above_good,above_good/15,10,33,good,toward_good,False
above_good,above_good/15,11,33,good,toward_good,False
above_good,above_good/15,12,33,good,toward_good,False
above_good,above_good/15,13,33,good,toward_bad,False
above_good,above_good/15,14,33,good,toward_good,False
above_good,above_good/15,15,33,good,toward_good,False
above_good,above_good/15,16,33,good,toward_bad,False
above_good,above_good/15,17,33,good,toward_bad,False
above_good,above_good/15,18,33,good,toward_good,False
above_good,above_good/15,19,33,good,toward_good,False
above_good,above_good/15,20,33,good,toward_good,False
above_good,above_good/15,21,33,good,toward_good,False
above_good,above_good/15,22,33,good,toward_bad,False
above_good,above_good/15,23,33,good,toward_bad,False
above_good,above_good/15,24,33,good,toward_good,False
above_good,above_good/15,25,33,good,toward_bad,False
above_good,above_good/15,26,33,good,toward_bad,False
above_good,above_good/15,27,33,good,toward_bad,False
above_good,above_good/15,28,33,good,toward_bad,False
above_good,above_good/15,29,33,good,toward_good,False
above_good,above_good/15,30,33,good,toward_good,False
above_good,above_good/15,31,33,good,same,False
above_good,above_good/15,32,33,good,,True
above_good,above_good/16,0,19,bad,toward_good,False
above_good,above_good/16,1,19,bad,toward_good,False
above_good,above_good/16,2,19,bad,toward_bad,False
above_good,above_good/16,3,19,bad,toward_good,False
above_good,above_good/16,4,19,bad,toward_good,False
above_good,above_good/16,5,19,bad,toward_good,False
above_good,above_good/16,6,19,bad,toward_good,False
above_good,above_good/16,7,19,bad,toward_good,False
above_good,above_good/16,8,19,bad,toward_bad,False
above_good,above_good/16,9,19,bad,toward_good,False
above_good,above_good/16,10,19,bad,toward_bad,False
above_good,above_good/16,11,19,bad,toward_good,False
above_good,above_good/16,12,19,good,toward_bad,False
above_good,above_good/16,13,19,bad,toward_good,False
above_good,above_good/16,14,19,bad,toward_good,False
above_good,above_good/16,15,19,bad,toward_good,False
above_good,above_good/16,16,19,bad,toward_good,False
above_good,above_good/16,17,19,bad,toward_bad,False
above_good,above_good/16,18,19,bad,,True
above_good,above_good/17,0,1,good,,True
above_good,above_good/18,0,3,good,toward_bad,False
above_good,above_good/18,1,3,good,toward_bad,False
above_good,above_good/18,2,3,good,,True
above_good,above_good/19,0,3,good,toward_good,False
above_good,above_good/19,1,3,good,toward_good,False
above_good,above_good/19,2,3,good,,True
above_good,above_good/20,0,2,bad,toward_good,False
above_good,above_good/20,1,2,good,,True
above_good,above_good/22,0,27,bad,toward_good,False
above_good,above_good/22,1,27,bad,toward_good,False
above_good,above_good/22,2,27,good,toward_bad,False
above_good,above_good/22,3,27,bad,toward_good,False
above_good,above_good/22,4,27,bad,toward_good,False
above_good,above_good/22,5,27,bad,toward_good,False
above_good,above_good/22,6,27,good,toward_bad,False
above_good,above_good/22,7,27,good,toward_bad,False
above_good,above_good/22,8,27,bad,toward_bad,False
above_good,above_good/22,9,27,bad,toward_bad,False
above_good,above_good/22,10,27,bad,toward_good,False
above_good,above_good/22,11,27,bad,toward_good,False
above_good,above_good/22,12,27,good,toward_bad,False
above_good,above_good/22,13,27,bad,toward_good,False
above_good,above_good/22,14,27,good,toward_bad,False
above_good,above_good/22,15,27,bad,toward_good,False
above_good,above_good/22,16,27,good,toward_bad,False
above_good,above_good/22,17,27,good,toward_good,False
above_good,above_good/22,18,27,good,toward_bad,False
above_good,above_good/22,19,27,bad,toward_good,False
above_good,above_good/22,20,27,good,toward_bad,False
above_good,above_good/22,21,27,bad,toward_bad,False
above_good,above_good/22,22,27,bad,toward_good,False
above_good,above_good/22,23,27,bad,toward_good,False
above_good,above_good/22,24,27,bad,toward_bad,False
above_good,above_good/22,25,27,bad,toward_good,False
above_good,above_good/22,26,27,bad,,True
above_good,above_good/23,0,1,good,,True
above_good,above_good/24,0,5,good,toward_bad,False
above_good,above_good/24,1,5,good,toward_good,False
above_good,above_good/24,2,5,good,toward_bad,False
above_good,above_good/24,3,5,good,toward_bad,False
above_good,above_good/24,4,5,good,,True
above_good,above_good/26,0,2,good,toward_bad,False
above_good,above_good/26,1,2,good,,True
above_good,above_good/28,0,2,bad,toward_good,False
above_good,above_good/28,1,2,good,,True
above_good,above_good/29,0,11,bad,toward_good,False
above_good,above_good/29,1,11,bad,toward_good,False
above_good,above_good/29,2,11,bad,toward_good,False
above_good,above_good/29,3,11,bad,toward_bad,False
above_good,above_good/29,4,11,bad,toward_good,False
above_good,above_good/29,5,11,bad,toward_bad,False
above_good,above_good/29,6,11,bad,toward_good,False
above_good,above_good/29,7,11,bad,toward_bad,False
above_good,above_good/29,8,11,bad,toward_good,False
above_good,above_good/29,9,11,good,toward_good,False
above_good,above_good/29,10,11,good,,True
above_good,above_good/30,0,22,bad,toward_good,False
above_good,above_good/30,1,22,bad,toward_good,False
above_good,above_good/30,2,22,bad,toward_bad,False
above_good,above_good/30,3,22,bad,toward_good,False
above_good,above_good/30,4,22,bad,toward_good,False
above_good,above_good/30,5,22,bad,toward_good,False
above_good,above_good/30,6,22,bad,toward_bad,False
above_good,above_good/30,7,22,bad,toward_bad,False
above_good,above_good/30,8,22,bad,toward_good,False
above_good,above_good/30,9,22,bad,toward_good,False
above_good,above_good/30,10,22,bad,toward_good,False
above_good,above_good/30,11,22,bad,toward_bad,False
above_good,above_good/30,12,22,bad,toward_good,False
above_good,above_good/30,13,22,bad,toward_good,False
above_good,above_good/30,14,22,bad,toward_good,False
above_good,above_good/30,15,22,bad,toward_bad,False
above_good,above_good/30,16,22,bad,toward_good,False
above_good,above_good/30,17,22,bad,toward_good,False
above_good,above_good/30,18,22,bad,toward_bad,False
above_good,above_good/30,19,22,bad,toward_good,False
above_good,above_good/30,20,22,bad,toward_good,False
above_good,above_good/30,21,22,bad,,True
above_good,above_good/31,0,15,good,toward_bad,False
above_good,above_good/31,1,15,good,toward_good,False
above_good,above_good/31,2,15,good,toward_bad,False
above_good,above_good/31,3,15,good,toward_bad,False
above_good,above_good/31,4,15,good,toward_good,False
above_good,above_good/31,5,15,good,toward_good,False
above_good,above_good/31,6,15,good,toward_bad,False
above_good,above_good/31,7,15,good,toward_bad,False
above_good,above_good/31,8,15,good,toward_bad,False
above_good,above_good/31,9,15,bad,toward_good,False
above_good,above_good/31,10,15,good,toward_good,False
above_good,above_good/31,11,15,good,toward_bad,False
above_good,above_good/31,12,15,good,toward_bad,False
above_good,above_good/31,13,15,good,toward_bad,False
above_good,above_good/31,14,15,bad,,True
above_good,above_good/32,0,7,good,toward_bad,False
above_good,above_good/32,1,7,good,toward_bad,False
above_good,above_good/32,2,7,good,toward_good,False
above_good,above_good/32,3,7,good,toward_good,False
above_good,above_good/32,4,7,good,toward_good,False
above_good,above_good/32,5,7,good,toward_bad,False
above_good,above_good/32,6,7,good,,True
above_good,above_good/33,0,4,good,toward_good,False
above_good,above_good/33,1,4,good,toward_bad,False
above_good,above_good/33,2,4,good,toward_bad,False
above_good,above_good/33,3,4,good,,True
above_good,above_good/34,0,6,bad,toward_good,False
above_good,above_good/34,1,6,bad,toward_bad,False
above_good,above_good/34,2,6,bad,toward_good,False
above_good,above_good/34,3,6,bad,toward_good,False
above_good,above_good/34,4,6,good,toward_bad,False
above_good,above_good/34,5,6,good,,True
above_good,above_good/35,0,6,bad,toward_good,False
above_good,above_good/35,1,6,bad,toward_good,False
above_good,above_good/35,2,6,good,toward_bad,False
above_good,above_good/35,3,6,bad,toward_good,False
above_good,above_good/35,4,6,good,toward_bad,False
above_good,above_good/35,5,6,bad,,True
above_good,above_good/36,0,6,bad,toward_good,False
above_good,above_good/36,1,6,bad,toward_bad,False
above_good,above_good/36,2,6,bad,toward_good,False
above_good,above_good/36,3,6,bad,toward_bad,False
above_good,above_good/36,4,6,bad,toward_good,False
above_good,above_good/36,5,6,bad,,True
above_good,above_good/37,0,1,good,,True
above_good,above_good/38,0,6,good,toward_good,False
above_good,above_good/38,1,6,good,toward_good,False
above_good,above_good/38,2,6,good,toward_good,False
above_good,above_good/38,3,6,good,toward_bad,False
above_good,above_good/38,4,6,good,toward_good,False
above_good,above_good/38,5,6,good,,True
above_good,above_good/39,0,14,good,toward_bad,False
above_good,above_good/39,1,14,good,toward_bad,False
above_good,above_good/39,2,14,good,toward_good,False
above_good,above_good/39,3,14,good,toward_bad,False
above_good,above_good/39,4,14,good,toward_good,False
above_good,above_good/39,5,14,good,toward_bad,False
above_good,above_good/39,6,14,good,toward_good,False
above_good,above_good/39,7,14,good,toward_bad,False
above_good,above_good/39,8,14,good,toward_bad,False
above_good,above_good/39,9,14,good,toward_bad,False
above_good,above_good/39,10,14,good,toward_bad,False
above_good,above_good/39,11,14,good,toward_good,False
above_good,above_good/39,12,14,good,toward_good,False
above_good,above_good/39,13,14,good,,True
above_good,above_good/41,0,19,bad,toward_good,False
above_good,above_good/41,1,19,bad,toward_good,False
above_good,above_good/41,2,19,bad,toward_bad,False
above_good,above_good/41,3,19,bad,toward_good,False
above_good,above_good/41,4,19,bad,toward_good,False
above_good,above_good/41,5,19,bad,toward_good,False
above_good,above_good/41,6,19,good,toward_bad,False
above_good,above_good/41,7,19,bad,toward_bad,False
above_good,above_good/41,8,19,bad,toward_bad,False
above_good,above_good/41,9,19,bad,toward_good,False
above_good,above_good/41,10,19,bad,toward_good,False
above_good,above_good/41,11,19,bad,toward_good,False
above_good,above_good/41,12,19,bad,toward_bad,False
above_good,above_good/41,13,19,bad,toward_bad,False
above_good,above_good/41,14,19,bad,toward_good,False
above_good,above_good/41,15,19,bad,toward_good,False
above_good,above_good/41,16,19,bad,toward_bad,False
above_good,above_good/41,17,19,bad,toward_good,False
above_good,above_good/41,18,19,bad,,True
above_good,above_good/42,0,1,good,,True
above_good,above_good/43,0,28,good,toward_bad,False
above_good,above_good/43,1,28,bad,toward_bad,False
above_good,above_good/43,2,28,bad,toward_good,False
above_good,above_good/43,3,28,bad,toward_good,False
above_good,above_good/43,4,28,good,toward_good,False
above_good,above_good/43,5,28,good,toward_bad,False
above_good,above_good/43,6,28,bad,toward_good,False
above_good,above_good/43,7,28,bad,toward_good,False
above_good,above_good/43,8,28,bad,toward_good,False
above_good,above_good/43,9,28,bad,toward_good,False
above_good,above_good/43,10,28,good,toward_bad,False
above_good,above_good/43,11,28,bad,toward_good,False
above_good,above_good/43,12,28,bad,toward_good,False
above_good,above_good/43,13,28,good,toward_good,False
above_good,above_good/43,14,28,good,toward_bad,False
above_good,above_good/43,15,28,bad,toward_good,False
above_good,above_good/43,16,28,good,toward_bad,False
above_good,above_good/43,17,28,bad,toward_good,False
above_good,above_good/43,18,28,bad,toward_good,False
above_good,above_good/43,19,28,good,toward_good,False
above_good,above_good/43,20,28,good,toward_bad,False
above_good,above_good/43,21,28,good,toward_bad,False
above_good,above_good/43,22,28,good,toward_good,False
above_good,above_good/43,23,28,good,toward_good,False
above_good,above_good/43,24,28,good,toward_bad,False
above_good,above_good/43,25,28,good,toward_bad,False
above_good,above_good/43,26,28,good,toward_bad,False
above_good,above_good/43,27,28,good,,True
above_good,above_good/44,0,32,bad,toward_good,False
above_good,above_good/44,1,32,bad,toward_good,False
above_good,above_good/44,2,32,bad,toward_good,False
above_good,above_good/44,3,32,bad,toward_bad,False
above_good,above_good/44,4,32,bad,toward_bad,False
above_good,above_good/44,5,32,bad,toward_good,False
above_good,above_good/44,6,32,bad,toward_good,False
above_good,above_good/44,7,32,bad,toward_bad,False
above_good,above_good/44,8,32,bad,toward_good,False
above_good,above_good/44,9,32,bad,toward_bad,False
above_good,above_good/44,10,32,bad,toward_good,False
above_good,above_good/44,11,32,bad,toward_good,False
above_good,above_good/44,12,32,bad,toward_good,False
above_good,above_good/44,13,32,bad,toward_good,False
above_good,above_good/44,14,32,good,toward_bad,False
above_good,above_good/44,15,32,bad,toward_good,False
above_good,above_good/44,16,32,bad,toward_bad,False
above_good,above_good/44,17,32,bad,toward_good,False
above_good,above_good/44,18,32,bad,toward_good,False
above_good,above_good/44,19,32,bad,toward_bad,False
above_good,above_good/44,20,32,bad,toward_good,False
above_good,above_good/44,21,32,bad,toward_bad,False
above_good,above_good/44,22,32,bad,toward_bad,False
above_good,above_good/44,23,32,bad,toward_good,False
above_good,above_good/44,24,32,bad,toward_good,False
above_good,above_good/44,25,32,bad,toward_bad,False
above_good,above_good/44,26,32,bad,toward_good,False
above_good,above_good/44,27,32,bad,toward_bad,False
above_good,above_good/44,28,32,bad,toward_bad,False
above_good,above_good/44,29,32,bad,toward_bad,False
above_good,above_good/44,30,32,bad,toward_good,False
above_good,above_good/44,31,32,bad,,True
above_good,above_good/45,0,5,bad,toward_good,False
above_good,above_good/45,1,5,good,toward_good,False
above_good,above_good/45,2,5,good,toward_good,False
above_good,above_good/45,3,5,good,toward_bad,False
above_good,above_good/45,4,5,good,,True
above_good,above_good/46,0,8,bad,toward_good,False
above_good,above_good/46,1,8,good,toward_good,False
above_good,above_good/46,2,8,good,toward_bad,False
above_good,above_good/46,3,8,good,toward_good,False
above_good,above_good/46,4,8,good,toward_bad,False
above_good,above_good/46,5,8,good,toward_good,False
above_good,above_good/46,6,8,good,toward_bad,False
above_good,above_good/46,7,8,good,,True
above_good,above_good/47,0,25,bad,toward_good,False
above_good,above_good/47,1,25,bad,toward_bad,False
above_good,above_good/47,2,25,bad,toward_good,False
above_good,above_good/47,3,25,bad,toward_good,False
above_good,above_good/47,4,25,bad,toward_bad,False
above_good,above_good/47,5,25,bad,toward_good,False
above_good,above_good/47,6,25,bad,toward_bad,False
above_good,above_good/47,7,25,bad,toward_bad,False
above_good,above_good/47,8,25,bad,toward_good,False
above_good,above_good/47,9,25,bad,toward_good,False
above_good,above_good/47,10,25,bad,toward_bad,False
above_good,above_good/47,11,25,bad,toward_good,False
above_good,above_good/47,12,25,bad,toward_bad,False
above_good,above_good/47,13,25,bad,toward_good,False
above_good,above_good/47,14,25,bad,toward_good,False
above_good,above_good/47,15,25,bad,toward_good,False
above_good,above_good/47,16,25,bad,toward_bad,False
above_good,above_good/47,17,25,bad,toward_good,False
above_good,above_good/47,18,25,bad,toward_good,False
above_good,above_good/47,19,25,bad,toward_bad,False
above_good,above_good/47,20,25,bad,toward_good,False
above_good,above_good/47,21,25,bad,toward_bad,False
above_good,above_good/47,22,25,bad,toward_bad,False
above_good,above_good/47,23,25,bad,toward_good,False
above_good,above_good/47,24,25,bad,,True
above_good,above_good/49,0,1,good,,True
above_good,above_good/50,0,1,good,,True
above_good,above_good/51,0,6,bad,toward_good,False
above_good,above_good/51,1,6,bad,toward_bad,False
above_good,above_good/51,2,6,bad,toward_good,False
above_good,above_good/51,3,6,bad,toward_good,False
above_good,above_good/51,4,6,good,toward_good,False
above_good,above_good/51,5,6,good,,True
above_good,above_good/52,0,5,bad,toward_good,False
above_good,above_good/52,1,5,good,toward_good,False
above_good,above_good/52,2,5,good,toward_bad,False
above_good,above_good/52,3,5,good,toward_good,False
above_good,above_good/52,4,5,good,,True
above_good,above_good/54,0,1,good,,True
above_good,above_good/55,0,2,bad,toward_good,False
above_good,above_good/55,1,2,bad,,True
above_good,above_good/56,0,16,bad,toward_good,False
above_good,above_good/56,1,16,good,toward_bad,False
above_good,above_good/56,2,16,bad,toward_good,False
above_good,above_good/56,3,16,bad,toward_bad,False
above_good,above_good/56,4,16,bad,toward_good,False
above_good,above_good/56,5,16,bad,toward_good,False
above_good,above_good/56,6,16,bad,toward_bad,False
above_good,above_good/56,7,16,bad,toward_good,False
above_good,above_good/56,8,16,bad,toward_bad,False
above_good,above_good/56,9,16,bad,toward_good,False
above_good,above_good/56,10,16,bad,toward_good,False
above_good,above_good/56,11,16,bad,toward_good,False
above_good,above_good/56,12,16,bad,toward_bad,False
above_good,above_good/56,13,16,bad,toward_good,False
above_good,above_good/56,14,16,good,toward_bad,False
above_good,above_good/56,15,16,bad,,True
above_good,above_good/57,0,12,bad,toward_good,False
above_good,above_good/57,1,12,bad,toward_good,False
above_good,above_good/57,2,12,bad,toward_good,False
above_good,above_good/57,3,12,bad,toward_good,False
above_good,above_good/57,4,12,bad,toward_good,False
above_good,above_good/57,5,12,bad,toward_good,False
above_good,above_good/57,6,12,good,toward_good,False
above_good,above_good/57,7,12,good,toward_good,False
above_good,above_good/57,8,12,good,toward_bad,False
above_good,above_good/57,9,12,good,toward_good,False
above_good,above_good/57,10,12,good,toward_good,False
above_good,above_good/57,11,12,good,,True
above_good,above_good/58,0,29,bad,toward_bad,False
above_good,above_good/58,1,29,bad,toward_good,False
above_good,above_good/58,2,29,bad,toward_good,False
above_good,above_good/58,3,29,good,toward_bad,False
above_good,above_good/58,4,29,good,toward_bad,False
above_good,above_good/58,5,29,bad,toward_good,False
above_good,above_good/58,6,29,bad,toward_bad,False
above_good,above_good/58,7,29,bad,toward_good,False
above_good,above_good/58,8,29,bad,toward_bad,False
above_good,above_good/58,9,29,bad,toward_bad,False
above_good,above_good/58,10,29,bad,toward_bad,False
above_good,above_good/58,11,29,bad,toward_bad,False
above_good,above_good/58,12,29,bad,toward_good,False
above_good,above_good/58,13,29,bad,toward_good,False
above_good,above_good/58,14,29,bad,toward_good,False
above_good,above_good/58,15,29,good,toward_good,False
above_good,above_good/58,16,29,good,toward_bad,False
above_good,above_good/58,17,29,bad,toward_good,False
above_good,above_good/58,18,29,bad,toward_bad,False
above_good,above_good/58,19,29,bad,toward_good,False
above_good,above_good/58,20,29,bad,toward_good,False
above_good,above_good/58,21,29,bad,toward_good,False
above_good,above_good/58,22,29,bad,toward_bad,False
above_good,above_good/58,23,29,bad,toward_bad,False
above_good,above_good/58,24,29,bad,toward_good,False
above_good,above_good/58,25,29,bad,toward_bad,False
above_good,above_good/58,26,29,bad,toward_good,False
above_good,above_good/58,27,29,bad,toward_bad,False
above_good,above_good/58,28,29,bad,,True
above_good,above_good/59,0,1,good,,True
above_good,above_good/60,0,1,good,,True
above_good,above_good/61,0,1,bad,,True
above_good,above_good/62,0,1,good,,True
above_good,above_good/63,0,16,good,toward_bad,False
above_good,above_good/63,1,16,good,toward_bad,False
above_good,above_good/63,2,16,good,toward_good,False
above_good,above_good/63,3,16,good,toward_good,False
above_good,above_good/63,4,16,good,toward_bad,False
above_good,above_good/63,5,16,good,toward_bad,False
above_good,above_good/63,6,16,good,toward_good,False
above_good,above_good/63,7,16,good,toward_bad,False
above_good,above_good/63,8,16,good,toward_good,False
above_good,above_good/63,9,16,good,toward_bad,False
above_good,above_good/63,10,16,good,toward_good,False
above_good,above_good/63,11,16,good,toward_bad,False
above_good,above_good/63,12,16,good,toward_good,False
above_good,above_good/63,13,16,good,toward_bad,False
above_good,above_good/63,14,16,good,toward_good,False
above_good,above_good/63,15,16,good,,True
above_good,above_good/64,0,23,good,toward_good,False
above_good,above_good/64,1,23,good,toward_bad,False
above_good,above_good/64,2,23,good,toward_good,False
above_good,above_good/64,3,23,good,toward_good,False
above_good,above_good/64,4,23,good,toward_bad,False
above_good,above_good/64,5,23,good,toward_bad,False
above_good,above_good/64,6,23,good,toward_good,False
above_good,above_good/64,7,23,good,toward_good,False
above_good,above_good/64,8,23,good,toward_good,False
above_good,above_good/64,9,23,good,toward_bad,False
above_good,above_good/64,10,23,good,toward_bad,False
above_good,above_good/64,11,23,good,toward_good,False
above_good,above_good/64,12,23,good,toward_bad,False
above_good,above_good/64,13,23,good,toward_bad,False
above_good,above_good/64,14,23,good,toward_bad,False
above_good,above_good/64,15,23,good,toward_bad,False
above_good,above_good/64,16,23,good,toward_good,False
above_good,above_good/64,17,23,good,toward_good,False
above_good,above_good/64,18,23,good,toward_bad,False
above_good,above_good/64,19,23,good,toward_bad,False
above_good,above_good/64,20,23,good,toward_good,False
above_good,above_good/64,21,23,good,toward_good,False
above_good,above_good/64,22,23,good,,True
above_good,above_good/65,0,6,good,toward_good,False
above_good,above_good/65,1,6,good,toward_bad,False
above_good,above_good/65,2,6,good,toward_bad,False
above_good,above_good/65,3,6,good,toward_good,False
above_good,above_good/65,4,6,good,toward_bad,False
above_good,above_good/65,5,6,good,,True
above_good,above_good/67,0,1,good,,True
above_good,above_good/68,0,1,good,,True
above_good,above_good/69,0,4,good,toward_good,False
above_good,above_good/69,1,4,good,toward_bad,False
above_good,above_good/69,2,4,good,toward_good,False
above_good,above_good/69,3,4,good,,True
above_good,above_good/70,0,11,good,toward_good,False
above_good,above_good/70,1,11,good,toward_bad,False
above_good,above_good/70,2,11,good,toward_bad,False
above_good,above_good/70,3,11,good,toward_bad,False
above_good,above_good/70,4,11,bad,toward_good,False
above_good,above_good/70,5,11,good,toward_good,False
above_good,above_good/70,6,11,good,toward_bad,False
above_good,above_good/70,7,11,good,toward_bad,False
above_good,above_good/70,8,11,good,toward_good,False
above_good,above_good/70,9,11,good,toward_good,False
above_good,above_good/70,10,11,good,,True
above_good,above_good/71,0,7,good,toward_good,False
above_good,above_good/71,1,7,good,toward_bad,False
above_good,above_good/71,2,7,good,toward_good,False
above_good,above_good/71,3,7,good,toward_bad,False
above_good,above_good/71,4,7,good,toward_good,False
above_good,above_good/71,5,7,good,toward_bad,False
above_good,above_good/71,6,7,good,,True
above_good,above_good/72,0,17,good,toward_good,False
above_good,above_good/72,1,17,good,toward_bad,False
above_good,above_good/72,2,17,good,toward_good,False
above_good,above_good/72,3,17,good,toward_bad,False
above_good,above_good/72,4,17,good,toward_bad,False
above_good,above_good/72,5,17,bad,toward_good,False
above_good,above_good/72,6,17,good,toward_bad,False
above_good,above_good/72,7,17,good,toward_good,False
above_good,above_good/72,8,17,good,toward_good,False
above_good,above_good/72,9,17,good,toward_bad,False
above_good,above_good/72,10,17,good,toward_bad,False
above_good,above_good/72,11,17,bad,toward_good,False
above_good,above_good/72,12,17,good,toward_bad,False
above_good,above_good/72,13,17,good,toward_bad,False
above_good,above_good/72,14,17,good,toward_good,False
above_good,above_good/72,15,17,good,toward_bad,False
above_good,above_good/72,16,17,good,,True
above_good,above_good/73,0,7,good,toward_bad,False
above_good,above_good/73,1,7,good,toward_good,False
above_good,above_good/73,2,7,good,toward_bad,False
above_good,above_good/73,3,7,good,toward_bad,False
above_good,above_good/73,4,7,good,toward_bad,False
above_good,above_good/73,5,7,good,toward_bad,False
above_good,above_good/73,6,7,good,,True
above_good,above_good/74,0,24,bad,toward_good,False
above_good,above_good/74,1,24,bad,toward_good,False
above_good,above_good/74,2,24,bad,toward_bad,False
above_good,above_good/74,3,24,bad,toward_bad,False
above_good,above_good/74,4,24,bad,toward_good,False
above_good,above_good/74,5,24,bad,toward_good,False
above_good,above_good/74,6,24,bad,toward_bad,False
above_good,above_good/74,7,24,bad,toward_bad,False
above_good,above_good/74,8,24,bad,toward_bad,False
above_good,above_good/74,9,24,bad,toward_good,False
above_good,above_good/74,10,24,bad,toward_bad,False
above_good,above_good/74,11,24,bad,toward_good,False
above_good,above_good/74,12,24,good,toward_bad,False
above_good,above_good/74,13,24,bad,toward_bad,False
above_good,above_good/74,14,24,bad,toward_good,False
above_good,above_good/74,15,24,bad,toward_bad,False
above_good,above_good/74,16,24,bad,toward_good,False
above_good,above_good/74,17,24,bad,toward_bad,False
above_good,above_good/74,18,24,bad,toward_good,False
above_good,above_good/74,19,24,bad,toward_good,False
above_good,above_good/74,20,24,bad,toward_good,False
above_good,above_good/74,21,24,bad,toward_good,False
above_good,above_good/74,22,24,bad,toward_bad,False
above_good,above_good/74,23,24,bad,,True
above_good,above_good/75,0,1,bad,,True
above_good,above_good/76,0,1,bad,,True
above_good,above_good/77,0,4,good,toward_bad,False
above_good,above_good/77,1,4,good,toward_bad,False
above_good,above_good/77,2,4,good,toward_good,False
above_good,above_good/77,3,4,good,,True
above_good,above_good/78,0,7,good,toward_bad,False
above_good,above_good/78,1,7,good,toward_bad,False
above_good,above_good/78,2,7,good,toward_bad,False
above_good,above_good/78,3,7,good,toward_good,False
above_good,above_good/78,4,7,good,toward_bad,False
above_good,above_good/78,5,7,good,toward_good,False
above_good,above_good/78,6,7,good,,True
above_good,above_good/79,0,1,good,,True
above_good,above_good/80,0,5,good,toward_bad,False
above_good,above_good/80,1,5,good,toward_bad,False
above_good,above_good/80,2,5,good,toward_bad,False
above_good,above_good/80,3,5,good,toward_good,False
above_good,above_good/80,4,5,good,,True
above_good,above_good/81,0,1,good,,True
above_good,above_good/82,0,37,good,toward_bad,False
above_good,above_good/82,1,37,good,toward_good,False
above_good,above_good/82,2,37,good,toward_bad,False
above_good,above_good/82,3,37,good,toward_good,False
above_good,above_good/82,4,37,good,toward_bad,False
above_good,above_good/82,5,37,good,toward_bad,False
above_good,above_good/82,6,37,bad,toward_good,False
above_good,above_good/82,7,37,good,toward_good,False
above_good,above_good/82,8,37,good,toward_good,False
above_good,above_good/82,9,37,good,toward_bad,False
above_good,above_good/82,10,37,good,toward_good,False
above_good,above_good/82,11,37,good,toward_good,False
above_good,above_good/82,12,37,good,toward_bad,False
above_good,above_good/82,13,37,bad,toward_good,False
above_good,above_good/82,14,37,good,toward_bad,False
above_good,above_good/82,15,37,good,toward_good,False
above_good,above_good/82,16,37,good,toward_bad,False
above_good,above_good/82,17,37,bad,toward_good,False
above_good,above_good/82,18,37,good,toward_good,False
above_good,above_good/82,19,37,good,toward_good,False
above_good,above_good/82,20,37,good,toward_bad,False
above_good,above_good/82,21,37,good,toward_good,False
above_good,above_good/82,22,37,good,toward_bad,False
above_good,above_good/82,23,37,good,toward_bad,False
above_good,above_good/82,24,37,good,toward_bad,False
above_good,above_good/82,25,37,good,toward_good,False
above_good,above_good/82,26,37,good,toward_good,False
above_good,above_good/82,27,37,good,toward_good,False
above_good,above_good/82,28,37,good,toward_bad,False
above_good,above_good/82,29,37,bad,toward_bad,False
above_good,above_good/82,30,37,bad,toward_good,False
above_good,above_good/82,31,37,good,toward_bad,False
above_good,above_good/82,32,37,good,toward_good,False
above_good,above_good/82,33,37,good,toward_good,False
above_good,above_good/82,34,37,good,toward_bad,False
above_good,above_good/82,35,37,good,toward_good,False
above_good,above_good/82,36,37,good,,True
above_good,above_good/84,0,20,bad,toward_bad,False
above_good,above_good/84,1,20,bad,toward_good,False
above_good,above_good/84,2,20,bad,toward_bad,False
above_good,above_good/84,3,20,bad,toward_bad,False
above_good,above_good/84,4,20,bad,toward_good,False
above_good,above_good/84,5,20,bad,toward_good,False
above_good,above_good/84,6,20,good,toward_bad,False
above_good,above_good/84,7,20,bad,toward_bad,False
above_good,above_good/84,8,20,bad,toward_good,False
above_good,above_good/84,9,20,bad,toward_good,False
above_good,above_good/84,10,20,good,toward_good,False
above_good,above_good/84,11,20,good,toward_bad,False
above_good,above_good/84,12,20,bad,toward_good,False
above_good,above_good/84,13,20,bad,toward_bad,False
above_good,above_good/84,14,20,bad,toward_good,False
above_good,above_good/84,15,20,good,toward_bad,False
above_good,above_good/84,16,20,bad,toward_good,False
above_good,above_good/84,17,20,bad,toward_good,False
above_good,above_good/84,18,20,good,toward_bad,False
above_good,above_good/84,19,20,good,,True
above_good,above_good/85,0,4,good,toward_good,False
above_good,above_good/85,1,4,good,toward_good,False
above_good,above_good/85,2,4,good,toward_good,False
above_good,above_good/85,3,4,good,,True
above_good,above_good/86,0,15,good,toward_good,False
above_good,above_good/86,1,15,good,toward_bad,False
above_good,above_good/86,2,15,good,toward_good,False
above_good,above_good/86,3,15,good,toward_bad,False
above_good,above_good/86,4,15,good,toward_good,False
above_good,above_good/86,5,15,good,toward_good,False
above_good,above_good/86,6,15,good,toward_bad,False
above_good,above_good/86,7,15,good,toward_bad,False
above_good,above_good/86,8,15,good,toward_good,False
above_good,above_good/86,9,15,good,toward_bad,False
above_good,above_good/86,10,15,good,toward_good,False
above_good,above_good/86,11,15,good,toward_good,False
above_good,above_good/86,12,15,good,toward_good,False
above_good,above_good/86,13,15,good,toward_bad,False
above_good,above_good/86,14,15,good,,True
above_good,above_good/87,0,1,good,,True
above_good,above_good/90,0,8,bad,toward_good,False
above_good,above_good/90,1,8,bad,toward_bad,False
above_good,above_good/90,2,8,bad,toward_good,False
above_good,above_good/90,3,8,bad,toward_bad,False
above_good,above_good/90,4,8,bad,toward_good,False
above_good,above_good/90,5,8,good,toward_bad,False
above_good,above_good/90,6,8,good,toward_good,False
above_good,above_good/90,7,8,good,,True
above_good,above_good/92,0,1,good,,True
above_good,above_good/93,0,10,good,toward_bad,False
above_good,above_good/93,1,10,good,toward_good,False
above_good,above_good/93,2,10,good,toward_good,False
above_good,above_good/93,3,10,good,toward_bad,False
above_good,above_good/93,4,10,good,toward_bad,False
above_good,above_good/93,5,10,good,toward_good,False
above_good,above_good/93,6,10,good,toward_bad,False
above_good,above_good/93,7,10,good,toward_good,False
above_good,above_good/93,8,10,good,toward_good,False
above_good,above_good/93,9,10,good,,True
above_good,above_good/94,0,1,good,,True
above_good,above_good/95,0,8,bad,toward_bad,False
above_good,above_good/95,1,8,bad,toward_good,False
above_good,above_good/95,2,8,good,toward_good,False
above_good,above_good/95,3,8,good,toward_good,False
above_good,above_good/95,4,8,good,toward_bad,False
above_good,above_good/95,5,8,good,toward_bad,False
above_good,above_good/95,6,8,good,toward_bad,False
above_good,above_good/95,7,8,good,,True
above_good,above_good/96,0,26,bad,toward_good,False
above_good,above_good/96,1,26,bad,toward_bad,False
above_good,above_good/96,2,26,bad,toward_good,False
above_good,above_good/96,3,26,bad,toward_good,False
above_good,above_good/96,4,26,good,toward_bad,False
above_good,above_good/96,5,26,bad,toward_good,False
above_good,above_good/96,6,26,bad,toward_good,False
above_good,above_good/96,7,26,good,toward_bad,False
above_good,above_good/96,8,26,bad,toward_good,False
above_good,above_good/96,9,26,bad,toward_good,False
above_good,above_good/96,10,26,bad,toward_bad,False
above_good,above_good/96,11,26,bad,toward_bad,False
above_good,above_good/96,12,26,bad,toward_good,False
above_good,above_good/96,13,26,bad,toward_good,False
above_good,above_good/96,14,26,bad,toward_good,False
above_good,above_good/96,15,26,bad,toward_good,False
above_good,above_good/96,16,26,good,toward_bad,False
above_good,above_good/96,17,26,bad,toward_bad,False
above_good,above_good/96,18,26,bad,toward_good,False
above_good,above_good/96,19,26,bad,toward_good,False
above_good,above_good/96,20,26,good,toward_bad,False
above_good,above_good/96,21,26,bad,toward_good,False
above_good,above_good/96,22,26,bad,toward_good,False
above_good,above_good/96,23,26,good,toward_bad,False
above_good,above_good/96,24,26,good,toward_bad,False
above_good,above_good/96,25,26,good,,True
above_good,above_good/97,0,10,good,toward_bad,False
above_good,above_good/97,1,10,good,toward_good,False
above_good,above_good/97,2,10,good,toward_good,False
above_good,above_good/97,3,10,good,toward_good,False
above_good,above_good/97,4,10,good,toward_bad,False
above_good,above_good/97,5,10,good,toward_bad,False
above_good,above_good/97,6,10,good,toward_bad,False
above_good,above_good/97,7,10,good,toward_bad,False
above_good,above_good/97,8,10,good,toward_good,False
above_good,above_good/97,9,10,good,,True
above_good,above_good/98,0,15,good,toward_good,False
above_good,above_good/98,1,15,good,toward_bad,False
above_good,above_good/98,2,15,good,toward_bad,False
above_good,above_good/98,3,15,good,toward_good,False
above_good,above_good/98,4,15,good,toward_good,False
above_good,above_good/98,5,15,good,toward_bad,False
above_good,above_good/98,6,15,good,toward_good,False
above_good,above_good/98,7,15,good,toward_bad,False
above_good,above_good/98,8,15,good,toward_good,False
above_good,above_good/98,9,15,good,toward_bad,False
above_good,above_good/98,10,15,good,toward_good,False
above_good,above_good/98,11,15,good,toward_bad,False
above_good,above_good/98,12,15,good,toward_good,False
above_good,above_good/98,13,15,good,toward_good,False
above_good,above_good/98,14,15,good,,True
above_good,above_good/99,0,1,bad,,True
