group,rollout,t,K,side,move,is_last
baseline[good=above],baseline/0,0,11,good,toward_good,False
baseline[good=above],baseline/0,1,11,good,toward_bad,False
baseline[good=above],baseline/0,2,11,good,toward_good,False
baseline[good=above],baseline/0,3,11,good,toward_bad,False
baseline[good=above],baseline/0,4,11,good,toward_bad,False
baseline[good=above],baseline/0,5,11,good,toward_bad,False
baseline[good=above],baseline/0,6,11,good,toward_bad,False
baseline[good=above],baseline/0,7,11,good,toward_good,False
baseline[good=above],baseline/0,8,11,good,toward_bad,False
baseline[good=above],baseline/0,9,11,good,toward_bad,False
baseline[good=above],baseline/0,10,11,good,,True
baseline[good=below],baseline/0,0,11,bad,toward_bad,False
baseline[good=below],baseline/0,1,11,bad,toward_good,False
baseline[good=below],baseline/0,2,11,bad,toward_bad,False
baseline[good=below],baseline/0,3,11,bad,toward_good,False
baseline[good=below],baseline/0,4,11,bad,toward_good,False
baseline[good=below],baseline/0,5,11,bad,toward_good,False
baseline[good=below],baseline/0,6,11,bad,toward_good,False
baseline[good=below],baseline/0,7,11,bad,toward_bad,False
baseline[good=below],baseline/0,8,11,bad,toward_good,False
baseline[good=below],baseline/0,9,11,bad,toward_good,False
baseline[good=below],baseline/0,10,11,bad,,True
baseline[good=above],baseline/2,0,9,good,toward_bad,False
baseline[good=above],baseline/2,1,9,good,toward_bad,False
baseline[good=above],baseline/2,2,9,good,toward_bad,False
baseline[good=above],baseline/2,3,9,good,toward_good,False
baseline[good=above],baseline/2,4,9,good,toward_good,False
baseline[good=above],baseline/2,5,9,good,toward_bad,False
baseline[good=above],baseline/2,6,9,good,toward_bad,False
baseline[good=above],baseline/2,7,9,good,toward_good,False
baseline[good=above],baseline/2,8,9,good,,True
baseline[good=below],baseline/2,0,9,bad,toward_good,False
baseline[good=below],baseline/2,1,9,bad,toward_good,False
baseline[good=below],baseline/2,2,9,bad,toward_good,False
baseline[good=below],baseline/2,3,9,bad,toward_bad,False
baseline[good=below],baseline/2,4,9,bad,toward_bad,False
baseline[good=below],baseline/2,5,9,bad,toward_good,False
baseline[good=below],baseline/2,6,9,bad,toward_good,False
baseline[good=below],baseline/2,7,9,bad,toward_bad,False
baseline[good=below],baseline/2,8,9,bad,,True
baseline[good=above],baseline/3,0,22,bad,toward_good,False
baseline[good=above],baseline/3,1,22,bad,toward_good,False
baseline[good=above],baseline/3,2,22,bad,toward_bad,False
baseline[good=above],baseline/3,3,22,bad,toward_good,False
baseline[good=above],baseline/3,4,22,bad,toward_good,False
baseline[good=above],baseline/3,5,22,bad,toward_bad,False
baseline[good=above],baseline/3,6,22,bad,toward_good,False
baseline[good=above],baseline/3,7,22,bad,toward_bad,False
baseline[good=above],baseline/3,8,22,bad,toward_bad,False
baseline[good=above],baseline/3,9,22,bad,toward_good,False
baseline[good=above],baseline/3,10,22,bad,toward_bad,False
baseline[good=above],baseline/3,11,22,bad,toward_bad,False
baseline[good=above],baseline/3,12,22,bad,toward_bad,False
baseline[good=above],baseline/3,13,22,bad,toward_bad,False
baseline[good=above],baseline/3,14,22,bad,toward_bad,False
baseline[good=above],baseline/3,15,22,bad,toward_good,False
baseline[good=above],baseline/3,16,22,bad,toward_bad,False
baseline[good=above],baseline/3,17,22,bad,toward_bad,False
baseline[good=above],baseline/3,18,22,bad,toward_good,False
baseline[good=above],baseline/3,19,22,bad,toward_bad,False
baseline[good=above],baseline/3,20,22,bad,toward_good,False
baseline[good=above],baseline/3,21,22,bad,,True
baseline[good=below],baseline/3,0,22,good,toward_bad,False
baseline[good=below],baseline/3,1,22,good,toward_bad,False
baseline[good=below],baseline/3,2,22,good,toward_good,False
baseline[good=below],baseline/3,3,22,good,toward_bad,False
baseline[good=below],baseline/3,4,22,good,toward_bad,False
baseline[good=below],baseline/3,5,22,good,toward_good,False
baseline[good=below],baseline/3,6,22,good,toward_bad,False
baseline[good=below],baseline/3,7,22,good,toward_good,False
baseline[good=below],baseline/3,8,22,good,toward_good,False
baseline[good=below],baseline/3,9,22,good,toward_bad,False
baseline[good=below],baseline/3,10,22,good,toward_good,False
baseline[good=below],baseline/3,11,22,good,toward_good,False
baseline[good=below],baseline/3,12,22,good,toward_good,False
baseline[good=below],baseline/3,13,22,good,toward_good,False
baseline[good=below],baseline/3,14,22,good,toward_good,False
baseline[good=below],baseline/3,15,22,good,toward_bad,False
baseline[good=below],baseline/3,16,22,good,toward_good,False
baseline[good=below],baseline/3,17,22,good,toward_good,False
baseline[good=below],baseline/3,18,22,good,toward_bad,False
baseline[good=below],baseline/3,19,22,good,toward_good,False
baseline[good=below],baseline/3,20,22,good,toward_bad,False
baseline[good=below],baseline/3,21,22,good,,True
baseline[good=above],baseline/4,0,10,good,toward_good,False
baseline[good=above],baseline/4,1,10,good,toward_good,False
baseline[good=above],baseline/4,2,10,good,toward_bad,False
baseline[good=above],baseline/4,3,10,good,toward_bad,False
baseline[good=above],baseline/4,4,10,good,toward_good,False
baseline[good=above],baseline/4,5,10,good,toward_bad,False
baseline[good=above],baseline/4,6,10,good,toward_bad,False
baseline[good=above],baseline/4,7,10,good,toward_bad,False
baseline[good=above],baseline/4,8,10,good,toward_good,False
baseline[good=above],baseline/4,9,10,good,,True
baseline[good=below],baseline/4,0,10,bad,toward_bad,False
baseline[good=below],baseline/4,1,10,bad,toward_bad,False
baseline[good=below],baseline/4,2,10,bad,toward_good,False
baseline[good=below],baseline/4,3,10,bad,toward_good,False
baseline[good=below],baseline/4,4,10,bad,toward_bad,False
baseline[good=below],baseline/4,5,10,bad,toward_good,False
baseline[good=below],baseline/4,6,10,bad,toward_good,False
baseline[good=below],baseline/4,7,10,bad,toward_good,False
baseline[good=below],baseline/4,8,10,bad,toward_bad,False
baseline[good=below],baseline/4,9,10,bad,,True
baseline[good=above],baseline/5,0,7,bad,toward_bad,False
baseline[good=above],baseline/5,1,7,bad,toward_bad,False
baseline[good=above],baseline/5,2,7,bad,toward_good,False
baseline[good=above],baseline/5,3,7,bad,toward_good,False
baseline[good=above],baseline/5,4,7,bad,toward_bad,False
baseline[good=above],baseline/5,5,7,bad,toward_good,False
baseline[good=above],baseline/5,6,7,bad,,True
baseline[good=below],baseline/5,0,7,good,toward_good,False
baseline[good=below],baseline/5,1,7,good,toward_good,False
baseline[good=below],baseline/5,2,7,good,toward_bad,False
baseline[good=below],baseline/5,3,7,good,toward_bad,False
baseline[good=below],baseline/5,4,7,good,toward_good,False
baseline[good=below],baseline/5,5,7,good,toward_bad,False
baseline[good=below],baseline/5,6,7,good,,True
baseline[good=above],baseline/6,0,20,bad,toward_good,False
baseline[good=above],baseline/6,1,20,bad,toward_bad,False
baseline[good=above],baseline/6,2,20,bad,toward_good,False
baseline[good=above],baseline/6,3,20,bad,toward_good,False
baseline[good=above],baseline/6,4,20,bad,toward_bad,False
baseline[good=above],baseline/6,5,20,bad,toward_bad,False
baseline[good=above],baseline/6,6,20,bad,toward_good,False
baseline[good=above],baseline/6,7,20,bad,toward_good,False
baseline[good=above],baseline/6,8,20,bad,toward_bad,False
baseline[good=above],baseline/6,9,20,bad,toward_bad,False
baseline[good=above],baseline/6,10,20,bad,toward_good,False
baseline[good=above],baseline/6,11,20,bad,toward_bad,False
baseline[good=above],baseline/6,12,20,bad,toward_bad,False
baseline[good=above],baseline/6,13,20,bad,toward_good,False
baseline[good=above],baseline/6,14,20,bad,toward_bad,False
baseline[good=above],baseline/6,15,20,bad,toward_bad,False
baseline[good=above],baseline/6,16,20,bad,toward_good,False
baseline[good=above],baseline/6,17,20,bad,toward_bad,False
baseline[good=above],baseline/6,18,20,bad,toward_good,False
baseline[good=above],baseline/6,19,20,bad,,True
baseline[good=below],baseline/6,0,20,good,toward_bad,False
baseline[good=below],baseline/6,1,20,good,toward_good,False
baseline[good=below],baseline/6,2,20,good,toward_bad,False
baseline[good=below],baseline/6,3,20,good,toward_bad,False
baseline[good=below],baseline/6,4,20,good,toward_good,False
baseline[good=below],baseline/6,5,20,good,toward_good,False
baseline[good=below],baseline/6,6,20,good,toward_bad,False
baseline[good=below],baseline/6,7,20,good,toward_bad,False
baseline[good=below],baseline/6,8,20,good,toward_good,False
baseline[good=below],baseline/6,9,20,good,toward_good,False
baseline[good=below],baseline/6,10,20,good,toward_bad,False
baseline[good=below],baseline/6,11,20,good,toward_good,False
baseline[good=below],baseline/6,12,20,good,toward_good,False
baseline[good=below],baseline/6,13,20,good,toward_bad,False
baseline[good=below],baseline/6,14,20,good,toward_good,False
baseline[good=below],baseline/6,15,20,good,toward_good,False
baseline[good=below],baseline/6,16,20,good,toward_bad,False
baseline[good=below],baseline/6,17,20,good,toward_good,False
baseline[good=below],baseline/6,18,20,good,toward_bad,False
baseline[good=below],baseline/6,19,20,good,,True
baseline[good=above],baseline/7,0,19,good,toward_bad,False
baseline[good=above],baseline/7,1,19,good,toward_bad,False
baseline[good=above],baseline/7,2,19,good,toward_bad,False
baseline[good=above],baseline/7,3,19,good,toward_good,False
baseline[good=above],baseline/7,4,19,good,toward_good,False
baseline[good=above],baseline/7,5,19,good,toward_good,False
baseline[good=above],baseline/7,6,19,good,toward_bad,False
baseline[good=above],baseline/7,7,19,good,toward_good,False
baseline[good=above],baseline/7,8,19,good,toward_bad,False
baseline[good=above],baseline/7,9,19,good,toward_bad,False
baseline[good=above],baseline/7,10,19,good,toward_good,False
baseline[good=above],baseline/7,11,19,good,toward_bad,False
baseline[good=above],baseline/7,12,19,good,toward_good,False
baseline[good=above],baseline/7,13,19,good,toward_good,False
baseline[good=above],baseline/7,14,19,good,toward_bad,False
baseline[good=above],baseline/7,15,19,good,toward_good,False
baseline[good=above],baseline/7,16,19,good,toward_good,False
baseline[good=above],baseline/7,17,19,good,toward_bad,False
baseline[good=above],baseline/7,18,19,good,,True
baseline[good=below],baseline/7,0,19,bad,toward_good,False
baseline[good=below],baseline/7,1,19,bad,toward_good,False
baseline[good=below],baseline/7,2,19,bad,toward_good,False
baseline[good=below],baseline/7,3,19,bad,toward_bad,False
baseline[good=below],baseline/7,4,19,bad,toward_bad,False
baseline[good=below],baseline/7,5,19,bad,toward_bad,False
baseline[good=below],baseline/7,6,19,bad,toward_good,False
baseline[good=below],baseline/7,7,19,bad,toward_bad,False
baseline[good=below],baseline/7,8,19,bad,toward_good,False
baseline[good=below],baseline/7,9,19,bad,toward_good,False
baseline[good=below],baseline/7,10,19,bad,toward_bad,False
baseline[good=below],baseline/7,11,19,bad,toward_good,False
baseline[good=below],baseline/7,12,19,bad,toward_bad,False
baseline[good=below],baseline/7,13,19,bad,toward_bad,False
baseline[good=below],baseline/7,14,19,bad,toward_good,False
baseline[good=below],baseline/7,15,19,bad,toward_bad,False
baseline[good=below],baseline/7,16,19,bad,toward_bad,False
baseline[good=below],baseline/7,17,19,bad,toward_good,False
baseline[good=below],baseline/7,18,19,bad,,True
baseline[good=above],baseline/8,0,12,bad,toward_bad,False
baseline[good=above],baseline/8,1,12,bad,toward_good,False
baseline[good=above],baseline/8,2,12,bad,toward_good,False
baseline[good=above],baseline/8,3,12,bad,toward_good,False
baseline[good=above],baseline/8,4,12,bad,toward_bad,False
baseline[good=above],baseline/8,5,12,bad,toward_good,False
baseline[good=above],baseline/8,6,12,bad,toward_bad,False
baseline[good=above],baseline/8,7,12,bad,toward_bad,False
baseline[good=above],baseline/8,8,12,bad,toward_good,False
baseline[good=above],baseline/8,9,12,bad,toward_good,False
baseline[good=above],baseline/8,10,12,bad,toward_good,False
baseline[good=above],baseline/8,11,12,bad,,True
baseline[good=below],baseline/8,0,12,good,toward_good,False
baseline[good=below],baseline/8,1,12,good,toward_bad,False
baseline[good=below],baseline/8,2,12,good,toward_bad,False
baseline[good=below],baseline/8,3,12,good,toward_bad,False
baseline[good=below],baseline/8,4,12,good,toward_good,False
baseline[good=below],baseline/8,5,12,good,toward_bad,False
baseline[good=below],baseline/8,6,12,good,toward_good,False
baseline[good=below],baseline/8,7,12,good,toward_good,False
baseline[good=below],baseline/8,8,12,good,toward_bad,False
baseline[good=below],baseline/8,9,12,good,toward_bad,False
baseline[good=below],baseline/8,10,12,good,toward_bad,False
baseline[good=below],baseline/8,11,12,good,,True
baseline[good=above],baseline/9,0,1,good,,True
baseline[good=below],baseline/9,0,1,bad,,True
baseline[good=above],baseline/10,0,25,bad,toward_good,False
baseline[good=above],baseline/10,1,25,bad,toward_good,False
baseline[good=above],baseline/10,2,25,bad,toward_bad,False
baseline[good=above],baseline/10,3,25,bad,toward_good,False
baseline[good=above],baseline/10,4,25,bad,toward_good,False
baseline[good=above],baseline/10,5,25,good,toward_bad,False
baseline[good=above],baseline/10,6,25,bad,toward_bad,False
baseline[good=above],baseline/10,7,25,bad,toward_good,False
baseline[good=above],baseline/10,8,25,bad,toward_bad,False
baseline[good=above],baseline/10,9,25,bad,toward_bad,False
baseline[good=above],baseline/10,10,25,bad,toward_good,False
baseline[good=above],baseline/10,11,25,bad,toward_bad,False
baseline[good=above],baseline/10,12,25,bad,toward_bad,False
baseline[good=above],baseline/10,13,25,bad,toward_good,False
baseline[good=above],baseline/10,14,25,bad,toward_good,False
baseline[good=above],baseline/10,15,25,bad,toward_bad,False
baseline[good=above],baseline/10,16,25,bad,same,False
baseline[good=above],baseline/10,17,25,bad,toward_good,False
baseline[good=above],baseline/10,18,25,bad,toward_bad,False
baseline[good=above],baseline/10,19,25,bad,toward_good,False
baseline[good=above],baseline/10,20,25,bad,toward_bad,False
baseline[good=above],baseline/10,21,25,bad,toward_good,False
baseline[good=above],baseline/10,22,25,bad,toward_bad,False
baseline[good=above],baseline/10,23,25,bad,toward_good,False
baseline[good=above],baseline/10,24,25,bad,,True
baseline[good=below],baseline/10,0,25,good,toward_bad,False
baseline[good=below],baseline/10,1,25,good,toward_bad,False
baseline[good=below],baseline/10,2,25,good,toward_good,False
baseline[good=below],baseline/10,3,25,good,toward_bad,False
baseline[good=below],baseline/10,4,25,good,toward_bad,False
baseline[good=below],baseline/10,5,25,bad,toward_good,False
baseline[good=below],baseline/10,6,25,good,toward_good,False
baseline[good=below],baseline/10,7,25,good,toward_bad,False
baseline[good=below],baseline/10,8,25,good,toward_good,False
baseline[good=below],baseline/10,9,25,good,toward_good,False
baseline[good=below],baseline/10,10,25,good,toward_bad,False
baseline[good=below],baseline/10,11,25,good,toward_good,False
baseline[good=below],baseline/10,12,25,good,toward_good,False
baseline[good=below],baseline/10,13,25,good,toward_bad,False
baseline[good=below],baseline/10,14,25,good,toward_bad,False
baseline[good=below],baseline/10,15,25,good,toward_good,False
baseline[good=below],baseline/10,16,25,good,same,False
baseline[good=below],baseline/10,17,25,good,toward_bad,False
baseline[good=below],baseline/10,18,25,good,toward_good,False
baseline[good=below],baseline/10,19,25,good,toward_bad,False
baseline[good=below],baseline/10,20,25,good,toward_good,False
baseline[good=below],baseline/10,21,25,good,toward_bad,False
baseline[good=below],baseline/10,22,25,good,toward_good,False
baseline[good=below],baseline/10,23,25,good,toward_bad,False
baseline[good=below],baseline/10,24,25,good,,True
baseline[good=above],baseline/11,0,1,bad,,True
baseline[good=below],baseline/11,0,1,good,,True
baseline[good=above],baseline/12,0,29,good,toward_good,False
baseline[good=above],baseline/12,1,29,good,toward_bad,False
baseline[good=above],baseline/12,2,29,good,toward_good,False
baseline[good=above],baseline/12,3,29,good,toward_good,False
baseline[good=above],baseline/12,4,29,good,toward_bad,False
baseline[good=above],baseline/12,5,29,good,toward_good,False
baseline[good=above],baseline/12,6,29,good,toward_good,False
baseline[good=above],baseline/12,7,29,good,toward_good,False
baseline[good=above],baseline/12,8,29,good,toward_good,False
baseline[good=above],baseline/12,9,29,good,toward_bad,False
baseline[good=above],baseline/12,10,29,good,toward_good,False
baseline[good=above],baseline/12,11,29,good,toward_bad,False
baseline[good=above],baseline/12,12,29,good,toward_good,False
baseline[good=above],baseline/12,13,29,good,toward_bad,False
baseline[good=above],baseline/12,14,29,good,toward_good,False
baseline[good=above],baseline/12,15,29,good,toward_bad,False
baseline[good=above],baseline/12,16,29,good,toward_good,False
baseline[good=above],baseline/12,17,29,good,toward_good,False
baseline[good=above],baseline/12,18,29,good,toward_good,False
baseline[good=above],baseline/12,19,29,good,toward_good,False
baseline[good=above],baseline/12,20,29,good,toward_bad,False
baseline[good=above],baseline/12,21,29,good,toward_good,False
baseline[good=above],baseline/12,22,29,good,toward_bad,False
baseline[good=above],baseline/12,23,29,good,toward_bad,False
baseline[good=above],baseline/12,24,29,good,toward_bad,False
baseline[good=above],baseline/12,25,29,good,toward_good,False
baseline[good=above],baseline/12,26,29,good,toward_bad,False
baseline[good=above],baseline/12,27,29,good,toward_good,False
baseline[good=above],baseline/12,28,29,good,,True
baseline[good=below],baseline/12,0,29,bad,toward_bad,False
baseline[good=below],baseline/12,1,29,bad,toward_good,False
baseline[good=below],baseline/12,2,29,bad,toward_bad,False
baseline[good=below],baseline/12,3,29,bad,toward_bad,False
baseline[good=below],baseline/12,4,29,bad,toward_good,False
baseline[good=below],baseline/12,5,29,bad,toward_bad,False
baseline[good=below],baseline/12,6,29,bad,toward_bad,False
baseline[good=below],baseline/12,7,29,bad,toward_bad,False
baseline[good=below],baseline/12,8,29,bad,toward_bad,False
baseline[good=below],baseline/12,9,29,bad,toward_good,False
baseline[good=below],baseline/12,10,29,bad,toward_bad,False
baseline[good=below],baseline/12,11,29,bad,toward_good,False
baseline[good=below],baseline/12,12,29,bad,toward_bad,False
baseline[good=below],baseline/12,13,29,bad,toward_good,False
baseline[good=below],baseline/12,14,29,bad,toward_bad,False
baseline[good=below],baseline/12,15,29,bad,toward_good,False
baseline[good=below],baseline/12,16,29,bad,toward_bad,False
baseline[good=below],baseline/12,17,29,bad,toward_bad,False
baseline[good=below],baseline/12,18,29,bad,toward_bad,False
baseline[good=below],baseline/12,19,29,bad,toward_bad,False
baseline[good=below],baseline/12,20,29,bad,toward_good,False
baseline[good=below],baseline/12,21,29,bad,toward_bad,False
baseline[good=below],baseline/12,22,29,bad,toward_good,False
baseline[good=below],baseline/12,23,29,bad,toward_good,False
baseline[good=below],baseline/12,24,29,bad,toward_good,False
baseline[good=below],baseline/12,25,29,bad,toward_bad,False
baseline[good=below],baseline/12,26,29,bad,toward_good,False
baseline[good=below],baseline/12,27,29,bad,toward_bad,False
baseline[good=below],baseline/12,28,29,bad,,True
baseline[good=above],baseline/14,0,26,bad,toward_good,False
baseline[good=above],baseline/14,1,26,bad,toward_bad,False
baseline[good=above],baseline/14,2,26,bad,toward_bad,False
baseline[good=above],baseline/14,3,26,bad,toward_good,False
baseline[good=above],baseline/14,4,26,bad,toward_good,False
baseline[good=above],baseline/14,5,26,bad,toward_bad,False
baseline[good=above],baseline/14,6,26,bad,toward_good,False
baseline[good=above],baseline/14,7,26,bad,toward_bad,False
baseline[good=above],baseline/14,8,26,bad,toward_bad,False
baseline[good=above],baseline/14,9,26,bad,toward_bad,False
baseline[good=above],baseline/14,10,26,bad,toward_good,False
baseline[good=above],baseline/14,11,26,bad,toward_bad,False
baseline[good=above],baseline/14,12,26,bad,toward_bad,False
baseline[good=above],baseline/14,13,26,bad,toward_good,False
baseline[good=above],baseline/14,14,26,bad,toward_bad,False
baseline[good=above],baseline/14,15,26,bad,toward_bad,False
baseline[good=above],baseline/14,16,26,bad,toward_good,False
baseline[good=above],baseline/14,17,26,bad,toward_good,False
baseline[good=above],baseline/14,18,26,bad,toward_good,False
baseline[good=above],baseline/14,19,26,bad,toward_bad,False
baseline[good=above],baseline/14,20,26,bad,toward_good,False
baseline[good=above],baseline/14,21,26,bad,toward_good,False
baseline[good=above],baseline/14,22,26,bad,toward_bad,False
baseline[good=above],baseline/14,23,26,bad,toward_good,False
baseline[good=above],baseline/14,24,26,bad,toward_bad,False
baseline[good=above],baseline/14,25,26,bad,,True
baseline[good=below],baseline/14,0,26,good,toward_bad,False
baseline[good=below],baseline/14,1,26,good,toward_good,False
baseline[good=below],baseline/14,2,26,good,toward_good,False
baseline[good=below],baseline/14,3,26,good,toward_bad,False
baseline[good=below],baseline/14,4,26,good,toward_bad,False
baseline[good=below],baseline/14,5,26,good,toward_good,False
baseline[good=below],baseline/14,6,26,good,toward_bad,False
baseline[good=below],baseline/14,7,26,good,toward_good,False
baseline[good=below],baseline/14,8,26,good,toward_good,False
baseline[good=below],baseline/14,9,26,good,toward_good,False
baseline[good=below],baseline/14,10,26,good,toward_bad,False
baseline[good=below],baseline/14,11,26,good,toward_good,False
baseline[good=below],baseline/14,12,26,good,toward_good,False
baseline[good=below],baseline/14,13,26,good,toward_bad,False
baseline[good=below],baseline/14,14,26,good,toward_good,False
baseline[good=below],baseline/14,15,26,good,toward_good,False
baseline[good=below],baseline/14,16,26,good,toward_bad,False
baseline[good=below],baseline/14,17,26,good,toward_bad,False
baseline[good=below],baseline/14,18,26,good,toward_bad,False
baseline[good=below],baseline/14,19,26,good,toward_good,False
baseline[good=below],baseline/14,20,26,good,toward_bad,False
baseline[good=below],baseline/14,21,26,good,toward_bad,False
baseline[good=below],baseline/14,22,26,good,toward_good,False
baseline[good=below],baseline/14,23,26,good,toward_bad,False
baseline[good=below],baseline/14,24,26,good,toward_good,False
baseline[good=below],baseline/14,25,26,good,,True
baseline[good=above],baseline/15,0,12,bad,toward_good,False
baseline[good=above],baseline/15,1,12,good,toward_bad,False
baseline[good=above],baseline/15,2,12,bad,toward_good,False
baseline[good=above],baseline/15,3,12,bad,toward_good,False
baseline[good=above],baseline/15,4,12,bad,toward_good,False
baseline[good=above],baseline/15,5,12,good,toward_bad,False
baseline[good=above],baseline/15,6,12,bad,toward_bad,False
baseline[good=above],baseline/15,7,12,bad,toward_good,False
baseline[good=above],baseline/15,8,12,bad,toward_good,False
baseline[good=above],baseline/15,9,12,bad,toward_good,False
baseline[good=above],baseline/15,10,12,bad,toward_good,False
baseline[good=above],baseline/15,11,12,bad,,True
baseline[good=below],baseline/15,0,12,good,toward_bad,False
baseline[good=below],baseline/15,1,12,bad,toward_good,False
baseline[good=below],baseline/15,2,12,good,toward_bad,False
baseline[good=below],baseline/15,3,12,good,toward_bad,False
baseline[good=below],baseline/15,4,12,good,toward_bad,False
baseline[good=below],baseline/15,5,12,bad,toward_good,False
baseline[good=below],baseline/15,6,12,good,toward_good,False
baseline[good=below],baseline/15,7,12,good,toward_bad,False
baseline[good=below],baseline/15,8,12,good,toward_bad,False
baseline[good=below],baseline/15,9,12,good,toward_bad,False
baseline[good=below],baseline/15,10,12,good,toward_bad,False
baseline[good=below],baseline/15,11,12,good,,True
baseline[good=above],baseline/16,0,6,bad,toward_good,False
baseline[good=above],baseline/16,1,6,bad,toward_good,False
baseline[good=above],baseline/16,2,6,bad,toward_bad,False
baseline[good=above],baseline/16,3,6,bad,toward_bad,False
baseline[good=above],baseline/16,4,6,bad,same,False
baseline[good=above],baseline/16,5,6,bad,,True
baseline[good=below],baseline/16,0,6,good,toward_bad,False
baseline[good=below],baseline/16,1,6,good,toward_bad,False
baseline[good=below],baseline/16,2,6,good,toward_good,False
baseline[good=below],baseline/16,3,6,good,toward_good,False
baseline[good=below],baseline/16,4,6,good,same,False
baseline[good=below],baseline/16,5,6,good,,True
baseline[good=above],baseline/17,0,1,good,,True
baseline[good=below],baseline/17,0,1,bad,,True
baseline[good=above],baseline/18,0,44,bad,toward_good,False
baseline[good=above],baseline/18,1,44,good,toward_bad,False
baseline[good=above],baseline/18,2,44,good,toward_bad,False
baseline[good=above],baseline/18,3,44,good,toward_bad,False
baseline[good=above],baseline/18,4,44,good,toward_good,False
baseline[good=above],baseline/18,5,44,good,toward_good,False
baseline[good=above],baseline/18,6,44,good,toward_good,False
baseline[good=above],baseline/18,7,44,good,toward_bad,False
baseline[good=above],baseline/18,8,44,good,toward_good,False
baseline[good=above],baseline/18,9,44,good,toward_good,False
baseline[good=above],baseline/18,10,44,good,toward_bad,False
baseline[good=above],baseline/18,11,44,good,toward_good,False
baseline[good=above],baseline/18,12,44,good,toward_bad,False
baseline[good=above],baseline/18,13,44,good,toward_good,False
baseline[good=above],baseline/18,14,44,good,toward_bad,False
baseline[good=above],baseline/18,15,44,good,toward_good,False
baseline[good=above],baseline/18,16,44,good,toward_bad,False
baseline[good=above],baseline/18,17,44,good,toward_good,False
baseline[good=above],baseline/18,18,44,good,toward_bad,False
baseline[good=above],baseline/18,19,44,good,same,False
baseline[good=above],baseline/18,20,44,good,toward_bad,False
baseline[good=above],baseline/18,21,44,good,toward_good,False
baseline[good=above],baseline/18,22,44,good,toward_good,False
baseline[good=above],baseline/18,23,44,good,toward_bad,False
baseline[good=above],baseline/18,24,44,good,toward_good,False
baseline[good=above],baseline/18,25,44,good,toward_good,False
baseline[good=above],baseline/18,26,44,good,toward_good,False
baseline[good=above],baseline/18,27,44,good,toward_bad,False
baseline[good=above],baseline/18,28,44,good,toward_bad,False
baseline[good=above],baseline/18,29,44,good,toward_good,False
baseline[good=above],baseline/18,30,44,good,toward_good,False
baseline[good=above],baseline/18,31,44,good,toward_bad,False
baseline[good=above],baseline/18,32,44,good,toward_good,False
baseline[good=above],baseline/18,33,44,good,toward_bad,False
baseline[good=above],baseline/18,34,44,good,toward_bad,False
baseline[good=above],baseline/18,35,44,good,same,False
baseline[good=above],baseline/18,36,44,good,toward_good,False
baseline[good=above],baseline/18,37,44,good,toward_bad,False
baseline[good=above],baseline/18,38,44,good,toward_good,False
baseline[good=above],baseline/18,39,44,good,toward_good,False
baseline[good=above],baseline/18,40,44,good,toward_good,False
baseline[good=above],baseline/18,41,44,good,toward_bad,False
baseline[good=above],baseline/18,42,44,good,toward_bad,False
baseline[good=above],baseline/18,43,44,good,,True
baseline[good=below],baseline/18,0,44,good,toward_bad,False
baseline[good=below],baseline/18,1,44,bad,toward_good,False
baseline[good=below],baseline/18,2,44,bad,toward_good,False
baseline[good=below],baseline/18,3,44,bad,toward_good,False
baseline[good=below],baseline/18,4,44,bad,toward_bad,False
baseline[good=below],baseline/18,5,44,bad,toward_bad,False
baseline[good=below],baseline/18,6,44,bad,toward_bad,False
baseline[good=below],baseline/18,7,44,bad,toward_good,False
baseline[good=below],baseline/18,8,44,bad,toward_bad,False
baseline[good=below],baseline/18,9,44,bad,toward_bad,False
baseline[good=below],baseline/18,10,44,bad,toward_good,False
baseline[good=below],baseline/18,11,44,bad,toward_bad,False
baseline[good=below],baseline/18,12,44,bad,toward_good,False
baseline[good=below],baseline/18,13,44,bad,toward_bad,False
baseline[good=below],baseline/18,14,44,bad,toward_good,False
baseline[good=below],baseline/18,15,44,bad,toward_bad,False
baseline[good=below],baseline/18,16,44,bad,toward_good,False
baseline[good=below],baseline/18,17,44,bad,toward_bad,False
baseline[good=below],baseline/18,18,44,bad,toward_good,False
baseline[good=below],baseline/18,19,44,bad,same,False
baseline[good=below],baseline/18,20,44,bad,toward_good,False
baseline[good=below],baseline/18,21,44,bad,toward_bad,False
baseline[good=below],baseline/18,22,44,bad,toward_bad,False
baseline[good=below],baseline/18,23,44,bad,toward_good,False
baseline[good=below],baseline/18,24,44,bad,toward_bad,False
baseline[good=below],baseline/18,25,44,bad,toward_bad,False
baseline[good=below],baseline/18,26,44,bad,toward_bad,False
baseline[good=below],baseline/18,27,44,bad,toward_good,False
baseline[good=below],baseline/18,28,44,bad,toward_good,False
baseline[good=below],baseline/18,29,44,bad,toward_bad,False
baseline[good=below],baseline/18,30,44,bad,toward_bad,False
baseline[good=below],baseline/18,31,44,bad,toward_good,False
baseline[good=below],baseline/18,32,44,bad,toward_bad,False
baseline[good=below],baseline/18,33,44,bad,toward_good,False
baseline[good=below],baseline/18,34,44,bad,toward_good,False
baseline[good=below],baseline/18,35,44,bad,same,False
baseline[good=below],baseline/18,36,44,bad,toward_bad,False
baseline[good=below],baseline/18,37,44,bad,toward_good,False
baseline[good=below],baseline/18,38,44,bad,toward_bad,False
baseline[good=below],baseline/18,39,44,bad,toward_bad,False
baseline[good=below],baseline/18,40,44,bad,toward_bad,False
baseline[good=below],baseline/18,41,44,bad,toward_good,False
baseline[good=below],baseline/18,42,44,bad,toward_good,False
baseline[good=below],baseline/18,43,44,bad,,True
baseline[good=above],baseline/19,0,10,bad,toward_bad,False
baseline[good=above],baseline/19,1,10,bad,toward_bad,False
baseline[good=above],baseline/19,2,10,bad,toward_good,False
baseline[good=above],baseline/19,3,10,bad,toward_good,False
baseline[good=above],baseline/19,4,10,bad,toward_bad,False
baseline[good=above],baseline/19,5,10,bad,toward_good,False
baseline[good=above],baseline/19,6,10,bad,toward_good,False
baseline[good=above],baseline/19,7,10,bad,toward_good,False
baseline[good=above],baseline/19,8,10,bad,toward_bad,False
baseline[good=above],baseline/19,9,10,bad,,True
baseline[good=below],baseline/19,0,10,good,toward_good,False
baseline[good=below],baseline/19,1,10,good,toward_good,False
baseline[good=below],baseline/19,2,10,good,toward_bad,False
baseline[good=below],baseline/19,3,10,good,toward_bad,False
baseline[good=below],baseline/19,4,10,good,toward_good,False
baseline[good=below],baseline/19,5,10,good,toward_bad,False
baseline[good=below],baseline/19,6,10,good,toward_bad,False
baseline[good=below],baseline/19,7,10,good,toward_bad,False
baseline[good=below],baseline/19,8,10,good,toward_good,False
baseline[good=below],baseline/19,9,10,good,,True
baseline[good=above],baseline/21,0,8,bad,toward_bad,False
baseline[good=above],baseline/21,1,8,bad,toward_bad,False
baseline[good=above],baseline/21,2,8,bad,toward_good,False
baseline[good=above],baseline/21,3,8,bad,toward_good,False
baseline[good=above],baseline/21,4,8,bad,toward_good,False
baseline[good=above],baseline/21,5,8,bad,toward_good,False
baseline[good=above],baseline/21,6,8,bad,toward_bad,False
baseline[good=above],baseline/21,7,8,bad,,True
baseline[good=below],baseline/21,0,8,good,toward_good,False
baseline[good=below],baseline/21,1,8,good,toward_good,False
baseline[good=below],baseline/21,2,8,good,toward_bad,False
baseline[good=below],baseline/21,3,8,good,toward_bad,False
baseline[good=below],baseline/21,4,8,good,toward_bad,False
baseline[good=below],baseline/21,5,8,good,toward_bad,False
baseline[good=below],baseline/21,6,8,good,toward_good,False
baseline[good=below],baseline/21,7,8,good,,True
baseline[good=above],baseline/23,0,21,bad,toward_good,False
baseline[good=above],baseline/23,1,21,good,toward_good,False
baseline[good=above],baseline/23,2,21,good,toward_bad,False
baseline[good=above],baseline/23,3,21,good,toward_good,False
baseline[good=above],baseline/23,4,21,good,toward_bad,False
baseline[good=above],baseline/23,5,21,good,toward_good,False
baseline[good=above],baseline/23,6,21,good,toward_bad,False
baseline[good=above],baseline/23,7,21,good,toward_good,False
baseline[good=above],baseline/23,8,21,good,toward_bad,False
baseline[good=above],baseline/23,9,21,good,toward_good,False
baseline[good=above],baseline/23,10,21,good,toward_good,False
baseline[good=above],baseline/23,11,21,good,toward_bad,False
baseline[good=above],baseline/23,12,21,good,toward_good,False
baseline[good=above],baseline/23,13,21,good,toward_good,False
baseline[good=above],baseline/23,14,21,good,toward_bad,False
baseline[good=above],baseline/23,15,21,good,toward_good,False
baseline[good=above],baseline/23,16,21,good,toward_bad,False
baseline[good=above],baseline/23,17,21,good,toward_bad,False
baseline[good=above],baseline/23,18,21,good,toward_good,False
baseline[good=above],baseline/23,19,21,good,toward_bad,False
baseline[good=above],baseline/23,20,21,good,,True
baseline[good=below],baseline/23,0,21,good,toward_bad,False
baseline[good=below],baseline/23,1,21,bad,toward_bad,False
baseline[good=below],baseline/23,2,21,bad,toward_good,False
baseline[good=below],baseline/23,3,21,bad,toward_bad,False
baseline[good=below],baseline/23,4,21,bad,toward_good,False
baseline[good=below],baseline/23,5,21,bad,toward_bad,False
baseline[good=below],baseline/23,6,21,bad,toward_good,False
baseline[good=below],baseline/23,7,21,bad,toward_bad,False
baseline[good=below],baseline/23,8,21,bad,toward_good,False
baseline[good=below],baseline/23,9,21,bad,toward_bad,False
baseline[good=below],baseline/23,10,21,bad,toward_bad,False
baseline[good=below],baseline/23,11,21,bad,toward_good,False
baseline[good=below],baseline/23,12,21,bad,toward_bad,False
baseline[good=below],baseline/23,13,21,bad,toward_bad,False
baseline[good=below],baseline/23,14,21,bad,toward_good,False
baseline[good=below],baseline/23,15,21,bad,toward_bad,False
baseline[good=below],baseline/23,16,21,bad,toward_good,False
baseline[good=below],baseline/23,17,21,bad,toward_good,False
baseline[good=below],baseline/23,18,21,bad,toward_bad,False
baseline[good=below],baseline/23,19,21,bad,toward_good,False
baseline[good=below],baseline/23,20,21,bad,,True
baseline[good=above],baseline/25,0,7,good,toward_bad,False
baseline[good=above],baseline/25,1,7,good,toward_bad,False
baseline[good=above],baseline/25,2,7,good,toward_good,False
baseline[good=above],baseline/25,3,7,good,toward_bad,False
baseline[good=above],baseline/25,4,7,good,toward_bad,False
baseline[good=above],baseline/25,5,7,good,toward_good,False
baseline[good=above],baseline/25,6,7,good,,True
baseline[good=below],baseline/25,0,7,bad,toward_good,False
baseline[good=below],baseline/25,1,7,bad,toward_good,False
baseline[good=below],baseline/25,2,7,bad,toward_bad,False
baseline[good=below],baseline/25,3,7,bad,toward_good,False
baseline[good=below],baseline/25,4,7,bad,toward_good,False
baseline[good=below],baseline/25,5,7,bad,toward_bad,False
baseline[good=below],baseline/25,6,7,bad,,True
baseline[good=above],baseline/26,0,11,bad,toward_bad,False
baseline[good=above],baseline/26,1,11,bad,toward_good,False
baseline[good=above],baseline/26,2,11,bad,toward_good,False
baseline[good=above],baseline/26,3,11,bad,toward_bad,False
baseline[good=above],baseline/26,4,11,bad,toward_bad,False
baseline[good=above],baseline/26,5,11,bad,toward_good,False
baseline[good=above],baseline/26,6,11,bad,toward_bad,False
baseline[good=above],baseline/26,7,11,bad,toward_bad,False
baseline[good=above],baseline/26,8,11,bad,toward_good,False
baseline[good=above],baseline/26,9,11,bad,toward_bad,False
baseline[good=above],baseline/26,10,11,bad,,True
baseline[good=below],baseline/26,0,11,good,toward_good,False
baseline[good=below],baseline/26,1,11,good,toward_bad,False
baseline[good=below],baseline/26,2,11,good,toward_bad,False
baseline[good=below],baseline/26,3,11,good,toward_good,False
baseline[good=below],baseline/26,4,11,good,toward_good,False
baseline[good=below],baseline/26,5,11,good,toward_bad,False
baseline[good=below],baseline/26,6,11,good,toward_good,False
baseline[good=below],baseline/26,7,11,good,toward_good,False
baseline[good=below],baseline/26,8,11,good,toward_bad,False
baseline[good=below],baseline/26,9,11,good,toward_good,False
baseline[good=below],baseline/26,10,11,good,,True
baseline[good=above],baseline/28,0,31,bad,toward_good,False
baseline[good=above],baseline/28,1,31,bad,toward_good,False
baseline[good=above],baseline/28,2,31,bad,toward_bad,False
baseline[good=above],baseline/28,3,31,bad,toward_bad,False
baseline[good=above],baseline/28,4,31,bad,toward_good,False
baseline[good=above],baseline/28,5,31,bad,toward_good,False
baseline[good=above],baseline/28,6,31,bad,toward_bad,False
baseline[good=above],baseline/28,7,31,bad,toward_bad,False
baseline[good=above],baseline/28,8,31,bad,toward_bad,False
baseline[good=above],baseline/28,9,31,bad,toward_good,False
baseline[good=above],baseline/28,10,31,bad,toward_good,False
baseline[good=above],baseline/28,11,31,bad,toward_good,False
baseline[good=above],baseline/28,12,31,bad,toward_bad,False
baseline[good=above],baseline/28,13,31,bad,toward_good,False
baseline[good=above],baseline/28,14,31,bad,toward_good,False
baseline[good=above],baseline/28,15,31,bad,toward_bad,False
baseline[good=above],baseline/28,16,31,bad,toward_good,False
baseline[good=above],baseline/28,17,31,bad,toward_good,False
baseline[good=above],baseline/28,18,31,bad,toward_bad,False
baseline[good=above],baseline/28,19,31,bad,toward_good,False
baseline[good=above],baseline/28,20,31,bad,toward_good,False
baseline[good=above],baseline/28,21,31,bad,same,False
baseline[good=above],baseline/28,22,31,bad,toward_bad,False
baseline[good=above],baseline/28,23,31,bad,toward_good,False
baseline[good=above],baseline/28,24,31,bad,toward_bad,False
baseline[good=above],baseline/28,25,31,bad,toward_bad,False
baseline[good=above],baseline/28,26,31,bad,same,False
baseline[good=above],baseline/28,27,31,bad,toward_good,False
baseline[good=above],baseline/28,28,31,bad,toward_bad,False
baseline[good=above],baseline/28,29,31,bad,toward_bad,False
baseline[good=above],baseline/28,30,31,bad,,True
baseline[good=below],baseline/28,0,31,good,toward_bad,False
baseline[good=below],baseline/28,1,31,good,toward_bad,False
baseline[good=below],baseline/28,2,31,good,toward_good,False
baseline[good=below],baseline/28,3,31,good,toward_good,False
baseline[good=below],baseline/28,4,31,good,toward_bad,False
baseline[good=below],baseline/28,5,31,good,toward_bad,False
baseline[good=below],baseline/28,6,31,good,toward_good,False
baseline[good=below],baseline/28,7,31,good,toward_good,False
baseline[good=below],baseline/28,8,31,good,toward_good,False
baseline[good=below],baseline/28,9,31,good,toward_bad,False
baseline[good=below],baseline/28,10,31,good,toward_bad,False
baseline[good=below],baseline/28,11,31,good,toward_bad,False
baseline[good=below],baseline/28,12,31,good,toward_good,False
baseline[good=below],baseline/28,13,31,good,toward_bad,False
baseline[good=below],baseline/28,14,31,good,toward_bad,False
baseline[good=below],baseline/28,15,31,good,toward_good,False
baseline[good=below],baseline/28,16,31,good,toward_bad,False
baseline[good=below],baseline/28,17,31,good,toward_bad,False
baseline[good=below],baseline/28,18,31,good,toward_good,False
baseline[good=below],baseline/28,19,31,good,toward_bad,False
baseline[good=below],baseline/28,20,31,good,toward_bad,False
baseline[good=below],baseline/28,21,31,good,same,False
baseline[good=below],baseline/28,22,31,good,toward_good,False
baseline[good=below],baseline/28,23,31,good,toward_bad,False
baseline[good=below],baseline/28,24,31,good,toward_good,False
baseline[good=below],baseline/28,25,31,good,toward_good,False
baseline[good=below],baseline/28,26,31,good,same,False
baseline[good=below],baseline/28,27,31,good,toward_bad,False
baseline[good=below],baseline/28,28,31,good,toward_good,False
baseline[good=below],baseline/28,29,31,good,toward_good,False
baseline[good=below],baseline/28,30,31,good,,True
baseline[good=above],baseline/30,0,17,bad,toward_good,False
baseline[good=above],baseline/30,1,17,good,toward_bad,False
baseline[good=above],baseline/30,2,17,bad,toward_bad,False
baseline[good=above],baseline/30,3,17,bad,toward_good,False
baseline[good=above],baseline/30,4,17,bad,toward_bad,False
baseline[good=above],baseline/30,5,17,bad,toward_good,False
baseline[good=above],baseline/30,6,17,bad,toward_bad,False
baseline[good=above],baseline/30,7,17,bad,toward_good,False
baseline[good=above],baseline/30,8,17,bad,toward_bad,False
baseline[good=above],baseline/30,9,17,bad,toward_bad,False
baseline[good=above],baseline/30,10,17,bad,toward_good,False
baseline[good=above],baseline/30,11,17,bad,toward_bad,False
baseline[good=above],baseline/30,12,17,bad,toward_bad,False
baseline[good=above],baseline/30,13,17,bad,toward_good,False
baseline[good=above],baseline/30,14,17,bad,toward_bad,False
baseline[good=above],baseline/30,15,17,bad,toward_good,False
baseline[good=above],baseline/30,16,17,bad,,True
baseline[good=below],baseline/30,0,17,good,toward_bad,False
baseline[good=below],baseline/30,1,17,bad,toward_good,False
baseline[good=below],baseline/30,2,17,good,toward_good,False
baseline[good=below],baseline/30,3,17,good,toward_bad,False
baseline[good=below],baseline/30,4,17,good,toward_good,False
baseline[good=below],baseline/30,5,17,good,toward_bad,False
baseline[good=below],baseline/30,6,17,good,toward_good,False
baseline[good=below],baseline/30,7,17,good,toward_bad,False
baseline[good=below],baseline/30,8,17,good,toward_good,False
baseline[good=below],baseline/30,9,17,good,toward_good,False
baseline[good=below],baseline/30,10,17,good,toward_bad,False
baseline[good=below],baseline/30,11,17,good,toward_good,False
baseline[good=below],baseline/30,12,17,good,toward_good,False
baseline[good=below],baseline/30,13,17,good,toward_bad,False
baseline[good=below],baseline/30,14,17,good,toward_good,False
baseline[good=below],baseline/30,15,17,good,toward_bad,False
baseline[good=below],baseline/30,16,17,good,,True
baseline[good=above],baseline/32,0,2,good,toward_good,False
baseline[good=above],baseline/32,1,2,good,,True
baseline[good=below],baseline/32,0,2,bad,toward_bad,False
baseline[good=below],baseline/32,1,2,bad,,True
baseline[good=above],baseline/33,0,17,bad,toward_bad,False
baseline[good=above],baseline/33,1,17,bad,toward_bad,False
baseline[good=above],baseline/33,2,17,bad,toward_good,False
baseline[good=above],baseline/33,3,17,bad,toward_bad,False
baseline[good=above],baseline/33,4,17,bad,toward_bad,False
baseline[good=above],baseline/33,5,17,bad,toward_good,False
baseline[good=above],baseline/33,6,17,bad,toward_bad,False
baseline[good=above],baseline/33,7,17,bad,toward_bad,False
baseline[good=above],baseline/33,8,17,bad,toward_good,False
baseline[good=above],baseline/33,9,17,bad,toward_bad,False
baseline[good=above],baseline/33,10,17,bad,toward_bad,False
baseline[good=above],baseline/33,11,17,bad,toward_good,False
baseline[good=above],baseline/33,12,17,bad,toward_bad,False
baseline[good=above],baseline/33,13,17,bad,toward_good,False
baseline[good=above],baseline/33,14,17,bad,toward_bad,False
baseline[good=above],baseline/33,15,17,bad,toward_bad,False
baseline[good=above],baseline/33,16,17,bad,,True
baseline[good=below],baseline/33,0,17,good,toward_good,False
baseline[good=below],baseline/33,1,17,good,toward_good,False
baseline[good=below],baseline/33,2,17,good,toward_bad,False
baseline[good=below],baseline/33,3,17,good,toward_good,False
baseline[good=below],baseline/33,4,17,good,toward_good,False
baseline[good=below],baseline/33,5,17,good,toward_bad,False
baseline[good=below],baseline/33,6,17,good,toward_good,False
baseline[good=below],baseline/33,7,17,good,toward_good,False
baseline[good=below],baseline/33,8,17,good,toward_bad,False
baseline[good=below],baseline/33,9,17,good,toward_good,False
baseline[good=below],baseline/33,10,17,good,toward_good,False
baseline[good=below],baseline/33,11,17,good,toward_bad,False
baseline[good=below],baseline/33,12,17,good,toward_good,False
baseline[good=below],baseline/33,13,17,good,toward_bad,False
baseline[good=below],baseline/33,14,17,good,toward_good,False
baseline[good=below],baseline/33,15,17,good,toward_good,False
baseline[good=below],baseline/33,16,17,good,,True
baseline[good=above],baseline/34,0,8,good,toward_bad,False
baseline[good=above],baseline/34,1,8,good,toward_good,False
baseline[good=above],baseline/34,2,8,good,toward_good,False
baseline[good=above],baseline/34,3,8,good,toward_good,False
baseline[good=above],baseline/34,4,8,good,toward_bad,False
baseline[good=above],baseline/34,5,8,good,toward_good,False
baseline[good=above],baseline/34,6,8,good,toward_bad,False
baseline[good=above],baseline/34,7,8,good,,True
baseline[good=below],baseline/34,0,8,bad,toward_good,False
baseline[good=below],baseline/34,1,8,bad,toward_bad,False
baseline[good=below],baseline/34,2,8,bad,toward_bad,False
baseline[good=below],baseline/34,3,8,bad,toward_bad,False
baseline[good=below],baseline/34,4,8,bad,toward_good,False
baseline[good=below],baseline/34,5,8,bad,toward_bad,False
baseline[good=below],baseline/34,6,8,bad,toward_good,False
baseline[good=below],baseline/34,7,8,bad,,True
baseline[good=above],baseline/35,0,11,good,toward_good,False
baseline[good=above],baseline/35,1,11,good,toward_good,False
baseline[good=above],baseline/35,2,11,good,toward_bad,False
baseline[good=above],baseline/35,3,11,good,toward_good,False
baseline[good=above],baseline/35,4,11,good,toward_good,False
baseline[good=above],baseline/35,5,11,good,toward_bad,False
baseline[good=above],baseline/35,6,11,good,toward_good,False
baseline[good=above],baseline/35,7,11,good,toward_bad,False
baseline[good=above],baseline/35,8,11,good,toward_bad,False
baseline[good=above],baseline/35,9,11,good,toward_good,False
baseline[good=above],baseline/35,10,11,good,,True
baseline[good=below],baseline/35,0,11,bad,toward_bad,False
baseline[good=below],baseline/35,1,11,bad,toward_bad,False
baseline[good=below],baseline/35,2,11,bad,toward_good,False
baseline[good=below],baseline/35,3,11,bad,toward_bad,False
baseline[good=below],baseline/35,4,11,bad,toward_bad,False
baseline[good=below],baseline/35,5,11,bad,toward_good,False
baseline[good=below],baseline/35,6,11,bad,toward_bad,False
baseline[good=below],baseline/35,7,11,bad,toward_good,False
baseline[good=below],baseline/35,8,11,bad,toward_good,False
baseline[good=below],baseline/35,9,11,bad,toward_bad,False
baseline[good=below],baseline/35,10,11,bad,,True
baseline[good=above],baseline/36,0,15,bad,toward_bad,False
baseline[good=above],baseline/36,1,15,bad,toward_bad,False
baseline[good=above],baseline/36,2,15,bad,toward_bad,False
baseline[good=above],baseline/36,3,15,bad,toward_bad,False
baseline[good=above],baseline/36,4,15,bad,toward_bad,False
baseline[good=above],baseline/36,5,15,bad,toward_bad,False
baseline[good=above],baseline/36,6,15,bad,toward_bad,False
baseline[good=above],baseline/36,7,15,bad,toward_good,False
baseline[good=above],baseline/36,8,15,bad,toward_bad,False
baseline[good=above],baseline/36,9,15,bad,toward_bad,False
baseline[good=above],baseline/36,10,15,bad,toward_good,False
baseline[good=above],baseline/36,11,15,bad,toward_bad,False
baseline[good=above],baseline/36,12,15,bad,toward_bad,False
baseline[good=above],baseline/36,13,15,bad,toward_good,False
baseline[good=above],baseline/36,14,15,bad,,True
baseline[good=below],baseline/36,0,15,good,toward_good,False
baseline[good=below],baseline/36,1,15,good,toward_good,False
baseline[good=below],baseline/36,2,15,good,toward_good,False
baseline[good=below],baseline/36,3,15,good,toward_good,False
baseline[good=below],baseline/36,4,15,good,toward_good,False
baseline[good=below],baseline/36,5,15,good,toward_good,False
baseline[good=below],baseline/36,6,15,good,toward_good,False
baseline[good=below],baseline/36,7,15,good,toward_bad,False
baseline[good=below],baseline/36,8,15,good,toward_good,False
baseline[good=below],baseline/36,9,15,good,toward_good,False
baseline[good=below],baseline/36,10,15,good,toward_bad,False
baseline[good=below],baseline/36,11,15,good,toward_good,False
baseline[good=below],baseline/36,12,15,good,toward_good,False
baseline[good=below],baseline/36,13,15,good,toward_bad,False
baseline[good=below],baseline/36,14,15,good,,True
baseline[good=above],baseline/37,0,21,good,toward_bad,False
baseline[good=above],baseline/37,1,21,good,toward_good,False
baseline[good=above],baseline/37,2,21,good,toward_good,False
baseline[good=above],baseline/37,3,21,good,toward_good,False
baseline[good=above],baseline/37,4,21,good,toward_bad,False
baseline[good=above],baseline/37,5,21,good,toward_bad,False
baseline[good=above],baseline/37,6,21,good,toward_bad,False
baseline[good=above],baseline/37,7,21,good,toward_good,False
baseline[good=above],baseline/37,8,21,good,toward_good,False
baseline[good=above],baseline/37,9,21,good,toward_bad,False
baseline[good=above],baseline/37,10,21,good,toward_bad,False
baseline[good=above],baseline/37,11,21,good,toward_good,False
baseline[good=above],baseline/37,12,21,good,toward_good,False
baseline[good=above],baseline/37,13,21,good,toward_good,False
baseline[good=above],baseline/37,14,21,good,toward_bad,False
baseline[good=above],baseline/37,15,21,good,toward_good,False
baseline[good=above],baseline/37,16,21,good,toward_bad,False
baseline[good=above],baseline/37,17,21,good,toward_good,False
baseline[good=above],baseline/37,18,21,good,toward_bad,False
baseline[good=above],baseline/37,19,21,good,toward_good,False
baseline[good=above],baseline/37,20,21,good,,True
baseline[good=below],baseline/37,0,21,bad,toward_good,False
baseline[good=below],baseline/37,1,21,bad,toward_bad,False
baseline[good=below],baseline/37,2,21,bad,toward_bad,False
baseline[good=below],baseline/37,3,21,bad,toward_bad,False
baseline[good=below],baseline/37,4,21,bad,toward_good,False
baseline[good=below],baseline/37,5,21,bad,toward_good,False
baseline[good=below],baseline/37,6,21,bad,toward_good,False
baseline[good=below],baseline/37,7,21,bad,toward_bad,False
baseline[good=below],baseline/37,8,21,bad,toward_bad,False
baseline[good=below],baseline/37,9,21,bad,toward_good,False
baseline[good=below],baseline/37,10,21,bad,toward_good,False
baseline[good=below],baseline/37,11,21,bad,toward_bad,False
baseline[good=below],baseline/37,12,21,bad,toward_bad,False
baseline[good=below],baseline/37,13,21,bad,toward_bad,False
baseline[good=below],baseline/37,14,21,bad,toward_good,False
baseline[good=below],baseline/37,15,21,bad,toward_bad,False
baseline[good=below],baseline/37,16,21,bad,toward_good,False
baseline[good=below],baseline/37,17,21,bad,toward_bad,False
baseline[good=below],baseline/37,18,21,bad,toward_good,False
baseline[good=below],baseline/37,19,21,bad,toward_bad,False
baseline[good=below],baseline/37,20,21,bad,,True
baseline[good=above],baseline/38,0,23,bad,toward_good,False
baseline[good=above],baseline/38,1,23,bad,toward_bad,False
baseline[good=above],baseline/38,2,23,bad,toward_good,False
baseline[good=above],baseline/38,3,23,bad,toward_bad,False
baseline[good=above],baseline/38,4,23,bad,toward_bad,False
baseline[good=above],baseline/38,5,23,bad,toward_good,False
baseline[good=above],baseline/38,6,23,bad,toward_bad,False
baseline[good=above],baseline/38,7,23,bad,toward_bad,False
baseline[good=above],baseline/38,8,23,bad,toward_good,False
baseline[good=above],baseline/38,9,23,bad,toward_bad,False
baseline[good=above],baseline/38,10,23,bad,toward_good,False
baseline[good=above],baseline/38,11,23,bad,toward_bad,False
baseline[good=above],baseline/38,12,23,bad,toward_good,False
baseline[good=above],baseline/38,13,23,bad,toward_bad,False
baseline[good=above],baseline/38,14,23,bad,toward_bad,False
baseline[good=above],baseline/38,15,23,bad,toward_good,False
baseline[good=above],baseline/38,16,23,bad,toward_good,False
baseline[good=above],baseline/38,17,23,bad,toward_bad,False
baseline[good=above],baseline/38,18,23,bad,toward_good,False
baseline[good=above],baseline/38,19,23,bad,toward_good,False
baseline[good=above],baseline/38,20,23,bad,toward_bad,False
baseline[good=above],baseline/38,21,23,bad,toward_good,False
baseline[good=above],baseline/38,22,23,bad,,True
baseline[good=below],baseline/38,0,23,good,toward_bad,False
baseline[good=below],baseline/38,1,23,good,toward_good,False
baseline[good=below],baseline/38,2,23,good,toward_bad,False
baseline[good=below],baseline/38,3,23,good,toward_good,False
baseline[good=below],baseline/38,4,23,good,toward_good,False
baseline[good=below],baseline/38,5,23,good,toward_bad,False
baseline[good=below],baseline/38,6,23,good,toward_good,False
baseline[good=below],baseline/38,7,23,good,toward_good,False
baseline[good=below],baseline/38,8,23,good,toward_bad,False
baseline[good=below],baseline/38,9,23,good,toward_good,False
baseline[good=below],baseline/38,10,23,good,toward_bad,False
baseline[good=below],baseline/38,11,23,good,toward_good,False
baseline[good=below],baseline/38,12,23,good,toward_bad,False
baseline[good=below],baseline/38,13,23,good,toward_good,False
baseline[good=below],baseline/38,14,23,good,toward_good,False
baseline[good=below],baseline/38,15,23,good,toward_bad,False
baseline[good=below],baseline/38,16,23,good,toward_bad,False
baseline[good=below],baseline/38,17,23,good,toward_good,False
baseline[good=below],baseline/38,18,23,good,toward_bad,False
baseline[good=below],baseline/38,19,23,good,toward_bad,False
baseline[good=below],baseline/38,20,23,good,toward_good,False
baseline[good=below],baseline/38,21,23,good,toward_bad,False
baseline[good=below],baseline/38,22,23,good,,True
baseline[good=above],baseline/39,0,11,good,toward_good,False
baseline[good=above],baseline/39,1,11,good,toward_good,False
baseline[good=above],baseline/39,2,11,good,toward_good,False
baseline[good=above],baseline/39,3,11,good,toward_bad,False
baseline[good=above],baseline/39,4,11,good,toward_bad,False
baseline[good=above],baseline/39,5,11,good,toward_good,False
baseline[good=above],baseline/39,6,11,good,toward_good,False
baseline[good=above],baseline/39,7,11,good,toward_bad,False
baseline[good=above],baseline/39,8,11,good,toward_good,False
baseline[good=above],baseline/39,9,11,good,toward_good,False
baseline[good=above],baseline/39,10,11,good,,True
baseline[good=below],baseline/39,0,11,bad,toward_bad,False
baseline[good=below],baseline/39,1,11,bad,toward_bad,False
baseline[good=below],baseline/39,2,11,bad,toward_bad,False
baseline[good=below],baseline/39,3,11,bad,toward_good,False
baseline[good=below],baseline/39,4,11,bad,toward_good,False
baseline[good=below],baseline/39,5,11,bad,toward_bad,False
baseline[good=below],baseline/39,6,11,bad,toward_bad,False
baseline[good=below],baseline/39,7,11,bad,toward_good,False
baseline[good=below],baseline/39,8,11,bad,toward_bad,False
baseline[good=below],baseline/39,9,11,bad,toward_bad,False
baseline[good=below],baseline/39,10,11,bad,,True
baseline[good=above],baseline/42,0,26,bad,toward_good,False
baseline[good=above],baseline/42,1,26,bad,toward_bad,False
baseline[good=above],baseline/42,2,26,bad,toward_good,False
baseline[good=above],baseline/42,3,26,good,toward_bad,False
baseline[good=above],baseline/42,4,26,bad,toward_good,False
baseline[good=above],baseline/42,5,26,good,toward_good,False
baseline[good=above],baseline/42,6,26,good,toward_bad,False
baseline[good=above],baseline/42,7,26,bad,toward_bad,False
baseline[good=above],baseline/42,8,26,bad,toward_bad,False
baseline[good=above],baseline/42,9,26,bad,toward_good,False
baseline[good=above],baseline/42,10,26,bad,toward_good,False
baseline[good=above],baseline/42,11,26,good,toward_bad,False
baseline[good=above],baseline/42,12,26,bad,toward_bad,False
baseline[good=above],baseline/42,13,26,bad,toward_bad,False
baseline[good=above],baseline/42,14,26,bad,toward_bad,False
baseline[good=above],baseline/42,15,26,bad,toward_good,False
baseline[good=above],baseline/42,16,26,bad,toward_good,False
baseline[good=above],baseline/42,17,26,bad,toward_bad,False
baseline[good=above],baseline/42,18,26,bad,toward_good,False
baseline[good=above],baseline/42,19,26,good,toward_bad,False
baseline[good=above],baseline/42,20,26,bad,toward_bad,False
baseline[good=above],baseline/42,21,26,bad,toward_bad,False
baseline[good=above],baseline/42,22,26,bad,toward_bad,False
baseline[good=above],baseline/42,23,26,bad,toward_good,False
baseline[good=above],baseline/42,24,26,bad,toward_bad,False
baseline[good=above],baseline/42,25,26,bad,,True
baseline[good=below],baseline/42,0,26,good,toward_bad,False
baseline[good=below],baseline/42,1,26,good,toward_good,False
baseline[good=below],baseline/42,2,26,good,toward_bad,False
baseline[good=below],baseline/42,3,26,bad,toward_good,False
baseline[good=below],baseline/42,4,26,good,toward_bad,False
baseline[good=below],baseline/42,5,26,bad,toward_bad,False
baseline[good=below],baseline/42,6,26,bad,toward_good,False
baseline[good=below],baseline/42,7,26,good,toward_good,False
baseline[good=below],baseline/42,8,26,good,toward_good,False
baseline[good=below],baseline/42,9,26,good,toward_bad,False
baseline[good=below],baseline/42,10,26,good,toward_bad,False
baseline[good=below],baseline/42,11,26,bad,toward_good,False
baseline[good=below],baseline/42,12,26,good,toward_good,False
baseline[good=below],baseline/42,13,26,good,toward_good,False
baseline[good=below],baseline/42,14,26,good,toward_good,False
baseline[good=below],baseline/42,15,26,good,toward_bad,False
baseline[good=below],baseline/42,16,26,good,toward_bad,False
baseline[good=below],baseline/42,17,26,good,toward_good,False
baseline[good=below],baseline/42,18,26,good,toward_bad,False
baseline[good=below],baseline/42,19,26,bad,toward_good,False
baseline[good=below],baseline/42,20,26,good,toward_good,False
baseline[good=below],baseline/42,21,26,good,toward_good,False
baseline[good=below],baseline/42,22,26,good,toward_good,False
baseline[good=below],baseline/42,23,26,good,toward_bad,False
baseline[good=below],baseline/42,24,26,good,toward_good,False
baseline[good=below],baseline/42,25,26,good,,True
baseline[good=above],baseline/45,0,26,bad,toward_bad,False
baseline[good=above],baseline/45,1,26,bad,toward_good,False
baseline[good=above],baseline/45,2,26,bad,toward_good,False
baseline[good=above],baseline/45,3,26,bad,toward_good,False
baseline[good=above],baseline/45,4,26,bad,toward_good,False
baseline[good=above],baseline/45,5,26,bad,toward_bad,False
baseline[good=above],baseline/45,6,26,bad,toward_bad,False
baseline[good=above],baseline/45,7,26,bad,toward_good,False
baseline[good=above],baseline/45,8,26,bad,toward_good,False
baseline[good=above],baseline/45,9,26,bad,toward_bad,False
baseline[good=above],baseline/45,10,26,bad,toward_good,False
baseline[good=above],baseline/45,11,26,bad,toward_bad,False
baseline[good=above],baseline/45,12,26,bad,toward_bad,False
baseline[good=above],baseline/45,13,26,bad,toward_bad,False
baseline[good=above],baseline/45,14,26,bad,toward_good,False
baseline[good=above],baseline/45,15,26,bad,toward_bad,False
baseline[good=above],baseline/45,16,26,bad,toward_good,False
baseline[good=above],baseline/45,17,26,bad,toward_good,False
baseline[good=above],baseline/45,18,26,bad,toward_good,False
baseline[good=above],baseline/45,19,26,bad,toward_good,False
baseline[good=above],baseline/45,20,26,bad,toward_bad,False
baseline[good=above],baseline/45,21,26,bad,toward_bad,False
baseline[good=above],baseline/45,22,26,bad,toward_good,False
baseline[good=above],baseline/45,23,26,bad,toward_good,False
baseline[good=above],baseline/45,24,26,bad,toward_bad,False
baseline[good=above],baseline/45,25,26,bad,,True
baseline[good=below],baseline/45,0,26,good,toward_good,False
baseline[good=below],baseline/45,1,26,good,toward_bad,False
baseline[good=below],baseline/45,2,26,good,toward_bad,False
baseline[good=below],baseline/45,3,26,good,toward_bad,False
baseline[good=below],baseline/45,4,26,good,toward_bad,False
baseline[good=below],baseline/45,5,26,good,toward_good,False
baseline[good=below],baseline/45,6,26,good,toward_good,False
baseline[good=below],baseline/45,7,26,good,toward_bad,False
baseline[good=below],baseline/45,8,26,good,toward_bad,False
baseline[good=below],baseline/45,9,26,good,toward_good,False
baseline[good=below],baseline/45,10,26,good,toward_bad,False
baseline[good=below],baseline/45,11,26,good,toward_good,False
baseline[good=below],baseline/45,12,26,good,toward_good,False
baseline[good=below],baseline/45,13,26,good,toward_good,False
baseline[good=below],baseline/45,14,26,good,toward_bad,False
baseline[good=below],baseline/45,15,26,good,toward_good,False
baseline[good=below],baseline/45,16,26,good,toward_bad,False
baseline[good=below],baseline/45,17,26,good,toward_bad,False
baseline[good=below],baseline/45,18,26,good,toward_bad,False
baseline[good=below],baseline/45,19,26,good,toward_bad,False
baseline[good=below],baseline/45,20,26,good,toward_good,False
baseline[good=below],baseline/45,21,26,good,toward_good,False
baseline[good=below],baseline/45,22,26,good,toward_bad,False
baseline[good=below],baseline/45,23,26,good,toward_bad,False
baseline[good=below],baseline/45,24,26,good,toward_good,False
baseline[good=below],baseline/45,25,26,good,,True
baseline[good=above],baseline/47,0,9,bad,toward_good,False
baseline[good=above],baseline/47,1,9,bad,toward_bad,False
baseline[good=above],baseline/47,2,9,bad,toward_good,False
baseline[good=above],baseline/47,3,9,bad,toward_bad,False
baseline[good=above],baseline/47,4,9,bad,toward_good,False
baseline[good=above],baseline/47,5,9,bad,toward_bad,False
baseline[good=above],baseline/47,6,9,bad,toward_good,False
baseline[good=above],baseline/47,7,9,bad,toward_good,False
baseline[good=above],baseline/47,8,9,bad,,True
baseline[good=below],baseline/47,0,9,good,toward_bad,False
baseline[good=below],baseline/47,1,9,good,toward_good,False
baseline[good=below],baseline/47,2,9,good,toward_bad,False
baseline[good=below],baseline/47,3,9,good,toward_good,False
baseline[good=below],baseline/47,4,9,good,toward_bad,False
baseline[good=below],baseline/47,5,9,good,toward_good,False
baseline[good=below],baseline/47,6,9,good,toward_bad,False
baseline[good=below],baseline/47,7,9,good,toward_bad,False
baseline[good=below],baseline/47,8,9,good,,True
baseline[good=above],baseline/50,0,24,good,toward_good,False
baseline[good=above],baseline/50,1,24,good,toward_good,False
baseline[good=above],baseline/50,2,24,good,toward_bad,False
baseline[good=above],baseline/50,3,24,good,toward_good,False
baseline[good=above],baseline/50,4,24,good,toward_good,False
baseline[good=above],baseline/50,5,24,good,toward_bad,False
baseline[good=above],baseline/50,6,24,good,toward_bad,False
baseline[good=above],baseline/50,7,24,good,toward_good,False
baseline[good=above],baseline/50,8,24,good,toward_bad,False
baseline[good=above],baseline/50,9,24,good,toward_bad,False
baseline[good=above],baseline/50,10,24,good,toward_good,False
baseline[good=above],baseline/50,11,24,good,toward_bad,False
baseline[good=above],baseline/50,12,24,good,toward_good,False
baseline[good=above],baseline/50,13,24,good,toward_bad,False
baseline[good=above],baseline/50,14,24,good,toward_good,False
baseline[good=above],baseline/50,15,24,good,toward_good,False
baseline[good=above],baseline/50,16,24,good,toward_bad,False
baseline[good=above],baseline/50,17,24,good,toward_good,False
baseline[good=above],baseline/50,18,24,good,toward_bad,False
baseline[good=above],baseline/50,19,24,good,toward_bad,False
baseline[good=above],baseline/50,20,24,good,toward_good,False
baseline[good=above],baseline/50,21,24,good,toward_bad,False
baseline[good=above],baseline/50,22,24,good,toward_good,False
baseline[good=above],baseline/50,23,24,good,,True
baseline[good=below],baseline/50,0,24,bad,toward_bad,False
baseline[good=below],baseline/50,1,24,bad,toward_bad,False
baseline[good=below],baseline/50,2,24,bad,toward_good,False
baseline[good=below],baseline/50,3,24,bad,toward_bad,False
baseline[good=below],baseline/50,4,24,bad,toward_bad,False
baseline[good=below],baseline/50,5,24,bad,toward_good,False
baseline[good=below],baseline/50,6,24,bad,toward_good,False
baseline[good=below],baseline/50,7,24,bad,toward_bad,False
baseline[good=below],baseline/50,8,24,bad,toward_good,False
baseline[good=below],baseline/50,9,24,bad,toward_good,False
baseline[good=below],baseline/50,10,24,bad,toward_bad,False
baseline[good=below],baseline/50,11,24,bad,toward_good,False
baseline[good=below],baseline/50,12,24,bad,toward_bad,False
baseline[good=below],baseline/50,13,24,bad,toward_good,False
baseline[good=below],baseline/50,14,24,bad,toward_bad,False
baseline[good=below],baseline/50,15,24,bad,toward_bad,False
baseline[good=below],baseline/50,16,24,bad,toward_good,False
baseline[good=below],baseline/50,17,24,bad,toward_bad,False
baseline[good=below],baseline/50,18,24,bad,toward_good,False
baseline[good=below],baseline/50,19,24,bad,toward_good,False
baseline[good=below],baseline/50,20,24,bad,toward_bad,False
baseline[good=below],baseline/50,21,24,bad,toward_good,False
baseline[good=below],baseline/50,22,24,bad,toward_bad,False
baseline[good=below],baseline/50,23,24,bad,,True
baseline[good=above],baseline/51,0,6,good,toward_good,False
baseline[good=above],baseline/51,1,6,good,toward_good,False
baseline[good=above],baseline/51,2,6,good,toward_good,False
baseline[good=above],baseline/51,3,6,good,toward_bad,False
baseline[good=above],baseline/51,4,6,good,toward_bad,False
baseline[good=above],baseline/51,5,6,good,,True
baseline[good=below],baseline/51,0,6,bad,toward_bad,False
baseline[good=below],baseline/51,1,6,bad,toward_bad,False
baseline[good=below],baseline/51,2,6,bad,toward_bad,False
baseline[good=below],baseline/51,3,6,bad,toward_good,False
baseline[good=below],baseline/51,4,6,bad,toward_good,False
baseline[good=below],baseline/51,5,6,bad,,True
baseline[good=above],baseline/52,0,16,bad,toward_good,False
baseline[good=above],baseline/52,1,16,bad,toward_bad,False
baseline[good=above],baseline/52,2,16,bad,toward_good,False
baseline[good=above],baseline/52,3,16,bad,toward_good,False
baseline[good=above],baseline/52,4,16,bad,toward_bad,False
baseline[good=above],baseline/52,5,16,bad,toward_good,False
baseline[good=above],baseline/52,6,16,bad,toward_bad,False
baseline[good=above],baseline/52,7,16,bad,toward_good,False
baseline[good=above],baseline/52,8,16,bad,toward_good,False
baseline[good=above],baseline/52,9,16,bad,toward_good,False
baseline[good=above],baseline/52,10,16,bad,toward_bad,False
baseline[good=above],baseline/52,11,16,bad,toward_bad,False
baseline[good=above],baseline/52,12,16,bad,toward_good,False
baseline[good=above],baseline/52,13,16,bad,toward_bad,False
baseline[good=above],baseline/52,14,16,bad,toward_good,False
baseline[good=above],baseline/52,15,16,bad,,True
baseline[good=below],baseline/52,0,16,good,toward_bad,False
baseline[good=below],baseline/52,1,16,good,toward_good,False
baseline[good=below],baseline/52,2,16,good,toward_bad,False
baseline[good=below],baseline/52,3,16,good,toward_bad,False
baseline[good=below],baseline/52,4,16,good,toward_good,False
baseline[good=below],baseline/52,5,16,good,toward_bad,False
baseline[good=below],baseline/52,6,16,good,toward_good,False
baseline[good=below],baseline/52,7,16,good,toward_bad,False
baseline[good=below],baseline/52,8,16,good,toward_bad,False
baseline[good=below],baseline/52,9,16,good,toward_bad,False
baseline[good=below],baseline/52,10,16,good,toward_good,False
baseline[good=below],baseline/52,11,16,good,toward_good,False
baseline[good=below],baseline/52,12,16,good,toward_bad,False
baseline[good=below],baseline/52,13,16,good,toward_good,False
baseline[good=below],baseline/52,14,16,good,toward_bad,False
baseline[good=below],baseline/52,15,16,good,,True
baseline[good=above],baseline/53,0,24,bad,toward_good,False
baseline[good=above],baseline/53,1,24,good,toward_bad,False
baseline[good=above],baseline/53,2,24,bad,toward_good,False
baseline[good=above],baseline/53,3,24,good,toward_bad,False
baseline[good=above],baseline/53,4,24,bad,toward_good,False
baseline[good=above],baseline/53,5,24,good,toward_good,False
baseline[good=above],baseline/53,6,24,good,toward_bad,False
baseline[good=above],baseline/53,7,24,good,toward_good,False
baseline[good=above],baseline/53,8,24,good,toward_bad,False
baseline[good=above],baseline/53,9,24,bad,toward_good,False
baseline[good=above],baseline/53,10,24,good,toward_good,False
baseline[good=above],baseline/53,11,24,good,toward_bad,False
baseline[good=above],baseline/53,12,24,bad,toward_good,False
baseline[good=above],baseline/53,13,24,good,toward_good,False
baseline[good=above],baseline/53,14,24,good,toward_good,False
baseline[good=above],baseline/53,15,24,good,toward_bad,False
baseline[good=above],baseline/53,16,24,good,toward_good,False
baseline[good=above],baseline/53,17,24,good,toward_bad,False
baseline[good=above],baseline/53,18,24,bad,toward_good,False
baseline[good=above],baseline/53,19,24,good,same,False
baseline[good=above],baseline/53,20,24,good,toward_bad,False
baseline[good=above],baseline/53,21,24,good,toward_good,False
baseline[good=above],baseline/53,22,24,good,toward_bad,False
baseline[good=above],baseline/53,23,24,good,,True
baseline[good=below],baseline/53,0,24,good,toward_bad,False
baseline[good=below],baseline/53,1,24,bad,toward_good,False
baseline[good=below],baseline/53,2,24,good,toward_bad,False
baseline[good=below],baseline/53,3,24,bad,toward_good,False
baseline[good=below],baseline/53,4,24,good,toward_bad,False
baseline[good=below],baseline/53,5,24,bad,toward_bad,False
baseline[good=below],baseline/53,6,24,bad,toward_good,False
baseline[good=below],baseline/53,7,24,bad,toward_bad,False
baseline[good=below],baseline/53,8,24,bad,toward_good,False
baseline[good=below],baseline/53,9,24,good,toward_bad,False
baseline[good=below],baseline/53,10,24,bad,toward_bad,False
baseline[good=below],baseline/53,11,24,bad,toward_good,False
baseline[good=below],baseline/53,12,24,good,toward_bad,False
baseline[good=below],baseline/53,13,24,bad,toward_bad,False
baseline[good=below],baseline/53,14,24,bad,toward_bad,False
baseline[good=below],baseline/53,15,24,bad,toward_good,False
baseline[good=below],baseline/53,16,24,bad,toward_bad,False
baseline[good=below],baseline/53,17,24,bad,toward_good,False
baseline[good=below],baseline/53,18,24,good,toward_bad,False
baseline[good=below],baseline/53,19,24,bad,same,False
baseline[good=below],baseline/53,20,24,bad,toward_good,False
baseline[good=below],baseline/53,21,24,bad,toward_bad,False
baseline[good=below],baseline/53,22,24,bad,toward_good,False
baseline[good=below],baseline/53,23,24,bad,,True
baseline[good=above],baseline/54,0,33,bad,toward_good,False
baseline[good=above],baseline/54,1,33,bad,toward_good,False
baseline[good=above],baseline/54,2,33,good,toward_bad,False
baseline[good=above],baseline/54,3,33,bad,toward_good,False
baseline[good=above],baseline/54,4,33,bad,toward_bad,False
baseline[good=above],baseline/54,5,33,bad,toward_good,False
baseline[good=above],baseline/54,6,33,bad,toward_bad,False
baseline[good=above],baseline/54,7,33,bad,toward_bad,False
baseline[good=above],baseline/54,8,33,bad,toward_good,False
baseline[good=above],baseline/54,9,33,bad,toward_bad,False
baseline[good=above],baseline/54,10,33,bad,toward_good,False
baseline[good=above],baseline/54,11,33,bad,toward_good,False
baseline[good=above],baseline/54,12,33,bad,toward_bad,False
baseline[good=above],baseline/54,13,33,bad,toward_good,False
baseline[good=above],baseline/54,14,33,bad,toward_bad,False
baseline[good=above],baseline/54,15,33,bad,toward_bad,False
baseline[good=above],baseline/54,16,33,bad,toward_good,False
baseline[good=above],baseline/54,17,33,bad,toward_bad,False
baseline[good=above],baseline/54,18,33,bad,toward_bad,False
baseline[good=above],baseline/54,19,33,bad,toward_good,False
baseline[good=above],baseline/54,20,33,bad,toward_good,False
baseline[good=above],baseline/54,21,33,bad,toward_bad,False
baseline[good=above],baseline/54,22,33,bad,toward_good,False
baseline[good=above],baseline/54,23,33,bad,toward_good,False
baseline[good=above],baseline/54,24,33,bad,toward_bad,False
baseline[good=above],baseline/54,25,33,bad,toward_good,False
baseline[good=above],baseline/54,26,33,bad,toward_good,False
baseline[good=above],baseline/54,27,33,bad,toward_good,False
baseline[good=above],baseline/54,28,33,bad,toward_bad,False
baseline[good=above],baseline/54,29,33,bad,toward_bad,False
baseline[good=above],baseline/54,30,33,bad,toward_good,False
baseline[good=above],baseline/54,31,33,bad,toward_bad,False
baseline[good=above],baseline/54,32,33,bad,,True
baseline[good=below],baseline/54,0,33,good,toward_bad,False
baseline[good=below],baseline/54,1,33,good,toward_bad,False
baseline[good=below],baseline/54,2,33,bad,toward_good,False
baseline[good=below],baseline/54,3,33,good,toward_bad,False
baseline[good=below],baseline/54,4,33,good,toward_good,False
baseline[good=below],baseline/54,5,33,good,toward_bad,False
baseline[good=below],baseline/54,6,33,good,toward_good,False
baseline[good=below],baseline/54,7,33,good,toward_good,False
baseline[good=below],baseline/54,8,33,good,toward_bad,False
baseline[good=below],baseline/54,9,33,good,toward_good,False
baseline[good=below],baseline/54,10,33,good,toward_bad,False
baseline[good=below],baseline/54,11,33,good,toward_bad,False
baseline[good=below],baseline/54,12,33,good,toward_good,False
baseline[good=below],baseline/54,13,33,good,toward_bad,False
baseline[good=below],baseline/54,14,33,good,toward_good,False
baseline[good=below],baseline/54,15,33,good,toward_good,False
baseline[good=below],baseline/54,16,33,good,toward_bad,False
baseline[good=below],baseline/54,17,33,good,toward_good,False
baseline[good=below],baseline/54,18,33,good,toward_good,False
baseline[good=below],baseline/54,19,33,good,toward_bad,False
baseline[good=below],baseline/54,20,33,good,toward_bad,False
baseline[good=below],baseline/54,21,33,good,toward_good,False
baseline[good=below],baseline/54,22,33,good,toward_bad,False
baseline[good=below],baseline/54,23,33,good,toward_bad,False
baseline[good=below],baseline/54,24,33,good,toward_good,False
baseline[good=below],baseline/54,25,33,good,toward_bad,False
baseline[good=below],baseline/54,26,33,good,toward_bad,False
baseline[good=below],baseline/54,27,33,good,toward_bad,False
baseline[good=below],baseline/54,28,33,good,toward_good,False
baseline[good=below],baseline/54,29,33,good,toward_good,False
baseline[good=below],baseline/54,30,33,good,toward_bad,False
baseline[good=below],baseline/54,31,33,good,toward_good,False
baseline[good=below],baseline/54,32,33,good,,True
baseline[good=above],baseline/55,0,4,bad,toward_bad,False
baseline[good=above],baseline/55,1,4,bad,toward_bad,False
baseline[good=above],baseline/55,2,4,bad,toward_good,False
baseline[good=above],baseline/55,3,4,bad,,True
baseline[good=below],baseline/55,0,4,good,toward_good,False
baseline[good=below],baseline/55,1,4,good,toward_good,False
baseline[good=below],baseline/55,2,4,good,toward_bad,False
baseline[good=below],baseline/55,3,4,good,,True
baseline[good=above],baseline/56,0,41,good,toward_good,False
baseline[good=above],baseline/56,1,41,good,toward_bad,False
baseline[good=above],baseline/56,2,41,good,toward_good,False
baseline[good=above],baseline/56,3,41,good,toward_bad,False
baseline[good=above],baseline/56,4,41,good,toward_good,False
baseline[good=above],baseline/56,5,41,good,toward_good,False
baseline[good=above],baseline/56,6,41,good,toward_good,False
baseline[good=above],baseline/56,7,41,good,toward_good,False
baseline[good=above],baseline/56,8,41,good,toward_bad,False
baseline[good=above],baseline/56,9,41,good,toward_good,False
baseline[good=above],baseline/56,10,41,good,toward_good,False
baseline[good=above],baseline/56,11,41,good,toward_bad,False
baseline[good=above],baseline/56,12,41,good,toward_good,False
baseline[good=above],baseline/56,13,41,good,toward_bad,False
baseline[good=above],baseline/56,14,41,good,toward_good,False
baseline[good=above],baseline/56,15,41,good,toward_good,False
baseline[good=above],baseline/56,16,41,good,toward_bad,False
baseline[good=above],baseline/56,17,41,good,toward_good,False
baseline[good=above],baseline/56,18,41,good,toward_good,False
baseline[good=above],baseline/56,19,41,good,toward_bad,False
baseline[good=above],baseline/56,20,41,good,toward_good,False
baseline[good=above],baseline/56,21,41,good,toward_good,False
baseline[good=above],baseline/56,22,41,good,toward_bad,False
baseline[good=above],baseline/56,23,41,good,toward_bad,False
baseline[good=above],baseline/56,24,41,good,toward_bad,False
baseline[good=above],baseline/56,25,41,bad,toward_good,False
baseline[good=above],baseline/56,26,41,good,toward_bad,False
baseline[good=above],baseline/56,27,41,good,toward_bad,False
baseline[good=above],baseline/56,28,41,good,toward_good,False
baseline[good=above],baseline/56,29,41,good,toward_good,False
baseline[good=above],baseline/56,30,41,good,toward_bad,False
baseline[good=above],baseline/56,31,41,good,toward_good,False
baseline[good=above],baseline/56,32,41,good,toward_good,False
baseline[good=above],baseline/56,33,41,good,toward_bad,False
baseline[good=above],baseline/56,34,41,good,toward_bad,False
baseline[good=above],baseline/56,35,41,good,toward_good,False
baseline[good=above],baseline/56,36,41,good,toward_good,False
baseline[good=above],baseline/56,37,41,good,toward_bad,False
baseline[good=above],baseline/56,38,41,good,toward_bad,False
baseline[good=above],baseline/56,39,41,good,toward_good,False
baseline[good=above],baseline/56,40,41,good,,True
baseline[good=below],baseline/56,0,41,bad,toward_bad,False
baseline[good=below],baseline/56,1,41,bad,toward_good,False
baseline[good=below],baseline/56,2,41,bad,toward_bad,False
baseline[good=below],baseline/56,3,41,bad,toward_good,False
baseline[good=below],baseline/56,4,41,bad,toward_bad,False
baseline[good=below],baseline/56,5,41,bad,toward_bad,False
baseline[good=below],baseline/56,6,41,bad,toward_bad,False
baseline[good=below],baseline/56,7,41,bad,toward_bad,False
baseline[good=below],baseline/56,8,41,bad,toward_good,False
baseline[good=below],baseline/56,9,41,bad,toward_bad,False
baseline[good=below],baseline/56,10,41,bad,toward_bad,False
baseline[good=below],baseline/56,11,41,bad,toward_good,False
baseline[good=below],baseline/56,12,41,bad,toward_bad,False
baseline[good=below],baseline/56,13,41,bad,toward_good,False
baseline[good=below],baseline/56,14,41,bad,toward_bad,False
baseline[good=below],baseline/56,15,41,bad,toward_bad,False
baseline[good=below],baseline/56,16,41,bad,toward_good,False
baseline[good=below],baseline/56,17,41,bad,toward_bad,False
baseline[good=below],baseline/56,18,41,bad,toward_bad,False
baseline[good=below],baseline/56,19,41,bad,toward_good,False
baseline[good=below],baseline/56,20,41,bad,toward_bad,False
baseline[good=below],baseline/56,21,41,bad,toward_bad,False
baseline[good=below],baseline/56,22,41,bad,toward_good,False
baseline[good=below],baseline/56,23,41,bad,toward_good,False
baseline[good=below],baseline/56,24,41,bad,toward_good,False
baseline[good=below],baseline/56,25,41,good,toward_bad,False
baseline[good=below],baseline/56,26,41,bad,toward_good,False
baseline[good=below],baseline/56,27,41,bad,toward_good,False
baseline[good=below],baseline/56,28,41,bad,toward_bad,False
baseline[good=below],baseline/56,29,41,bad,toward_bad,False
baseline[good=below],baseline/56,30,41,bad,toward_good,False
baseline[good=below],baseline/56,31,41,bad,toward_bad,False
baseline[good=below],baseline/56,32,41,bad,toward_bad,False
baseline[good=below],baseline/56,33,41,bad,toward_good,False
baseline[good=below],baseline/56,34,41,bad,toward_good,False
baseline[good=below],baseline/56,35,41,bad,toward_bad,False
baseline[good=below],baseline/56,36,41,bad,toward_bad,False
baseline[good=below],baseline/56,37,41,bad,toward_good,False
baseline[good=below],baseline/56,38,41,bad,toward_good,False
baseline[good=below],baseline/56,39,41,bad,toward_bad,False
baseline[good=below],baseline/56,40,41,bad,,True
baseline[good=above],baseline/57,0,1,bad,,True
baseline[good=below],baseline/57,0,1,good,,True
baseline[good=above],baseline/58,0,1,bad,,True
baseline[good=below],baseline/58,0,1,good,,True
baseline[good=above],baseline/59,0,8,good,toward_good,False
baseline[good=above],baseline/59,1,8,good,toward_bad,False
baseline[good=above],baseline/59,2,8,good,toward_good,False
baseline[good=above],baseline/59,3,8,good,toward_good,False
baseline[good=above],baseline/59,4,8,good,toward_good,False
baseline[good=above],baseline/59,5,8,good,toward_bad,False
baseline[good=above],baseline/59,6,8,good,toward_good,False
baseline[good=above],baseline/59,7,8,good,,True
baseline[good=below],baseline/59,0,8,bad,toward_bad,False
baseline[good=below],baseline/59,1,8,bad,toward_good,False
baseline[good=below],baseline/59,2,8,bad,toward_bad,False
baseline[good=below],baseline/59,3,8,bad,toward_bad,False
baseline[good=below],baseline/59,4,8,bad,toward_bad,False
baseline[good=below],baseline/59,5,8,bad,toward_good,False
baseline[good=below],baseline/59,6,8,bad,toward_bad,False
baseline[good=below],baseline/59,7,8,bad,,True
baseline[good=above],baseline/60,0,5,good,toward_bad,False
baseline[good=above],baseline/60,1,5,good,toward_bad,False
baseline[good=above],baseline/60,2,5,good,toward_good,False
baseline[good=above],baseline/60,3,5,good,toward_good,False
baseline[good=above],baseline/60,4,5,good,,True
baseline[good=below],baseline/60,0,5,bad,toward_good,False
baseline[good=below],baseline/60,1,5,bad,toward_good,False
baseline[good=below],baseline/60,2,5,bad,toward_bad,False
baseline[good=below],baseline/60,3,5,bad,toward_bad,False
baseline[good=below],baseline/60,4,5,bad,,True
baseline[good=above],baseline/62,0,9,bad,toward_good,False
baseline[good=above],baseline/62,1,9,bad,toward_good,False
baseline[good=above],baseline/62,2,9,bad,toward_good,False
baseline[good=above],baseline/62,3,9,bad,toward_bad,False
baseline[good=above],baseline/62,4,9,bad,toward_good,False
baseline[good=above],baseline/62,5,9,bad,toward_bad,False
baseline[good=above],baseline/62,6,9,bad,toward_good,False
baseline[good=above],baseline/62,7,9,bad,toward_bad,False
baseline[good=above],baseline/62,8,9,bad,,True
baseline[good=below],baseline/62,0,9,good,toward_bad,False
baseline[good=below],baseline/62,1,9,good,toward_bad,False
baseline[good=below],baseline/62,2,9,good,toward_bad,False
baseline[good=below],baseline/62,3,9,good,toward_good,False
baseline[good=below],baseline/62,4,9,good,toward_bad,False
baseline[good=below],baseline/62,5,9,good,toward_good,False
baseline[good=below],baseline/62,6,9,good,toward_bad,False
baseline[good=below],baseline/62,7,9,good,toward_good,False
baseline[good=below],baseline/62,8,9,good,,True
baseline[good=above],baseline/64,0,32,good,toward_bad,False
baseline[good=above],baseline/64,1,32,good,toward_good,False
baseline[good=above],baseline/64,2,32,good,toward_good,False
baseline[good=above],baseline/64,3,32,good,toward_bad,False
baseline[good=above],baseline/64,4,32,bad,toward_good,False
baseline[good=above],baseline/64,5,32,good,toward_bad,False
baseline[good=above],baseline/64,6,32,bad,toward_good,False
baseline[good=above],baseline/64,7,32,bad,toward_bad,False
baseline[good=above],baseline/64,8,32,bad,toward_good,False
baseline[good=above],baseline/64,9,32,good,toward_good,False
baseline[good=above],baseline/64,10,32,good,toward_bad,False
baseline[good=above],baseline/64,11,32,bad,toward_good,False
baseline[good=above],baseline/64,12,32,bad,toward_good,False
baseline[good=above],baseline/64,13,32,good,toward_bad,False
baseline[good=above],baseline/64,14,32,bad,toward_bad,False
baseline[good=above],baseline/64,15,32,bad,toward_good,False
baseline[good=above],baseline/64,16,32,bad,toward_good,False
baseline[good=above],baseline/64,17,32,good,toward_bad,False
baseline[good=above],baseline/64,18,32,bad,toward_good,False
baseline[good=above],baseline/64,19,32,bad,toward_bad,False
baseline[good=above],baseline/64,20,32,bad,toward_good,False
baseline[good=above],baseline/64,21,32,bad,toward_bad,False
baseline[good=above],baseline/64,22,32,bad,toward_bad,False
baseline[good=above],baseline/64,23,32,bad,toward_good,False
baseline[good=above],baseline/64,24,32,good,toward_bad,False
baseline[good=above],baseline/64,25,32,good,toward_good,False
baseline[good=above],baseline/64,26,32,good,toward_bad,False
baseline[good=above],baseline/64,27,32,good,toward_bad,False
baseline[good=above],baseline/64,28,32,bad,toward_good,False
baseline[good=above],baseline/64,29,32,bad,toward_bad,False
baseline[good=above],baseline/64,30,32,bad,toward_good,False
baseline[good=above],baseline/64,31,32,bad,,True
baseline[good=below],baseline/64,0,32,bad,toward_good,False
baseline[good=below],baseline/64,1,32,bad,toward_bad,False
baseline[good=below],baseline/64,2,32,bad,toward_bad,False
baseline[good=below],baseline/64,3,32,bad,toward_good,False
baseline[good=below],baseline/64,4,32,good,toward_bad,False
baseline[good=below],baseline/64,5,32,bad,toward_good,False
baseline[good=below],baseline/64,6,32,good,toward_bad,False
baseline[good=below],baseline/64,7,32,good,toward_good,False
baseline[good=below],baseline/64,8,32,good,toward_bad,False
baseline[good=below],baseline/64,9,32,bad,toward_bad,False
baseline[good=below],baseline/64,10,32,bad,toward_good,False
baseline[good=below],baseline/64,11,32,good,toward_bad,False
baseline[good=below],baseline/64,12,32,good,toward_bad,False
baseline[good=below],baseline/64,13,32,bad,toward_good,False
baseline[good=below],baseline/64,14,32,good,toward_good,False
baseline[good=below],baseline/64,15,32,good,toward_bad,False
baseline[good=below],baseline/64,16,32,good,toward_bad,False
baseline[good=below],baseline/64,17,32,bad,toward_good,False
baseline[good=below],baseline/64,18,32,good,toward_bad,False
baseline[good=below],baseline/64,19,32,good,toward_good,False
baseline[good=below],baseline/64,20,32,good,toward_bad,False
baseline[good=below],baseline/64,21,32,good,toward_good,False
baseline[good=below],baseline/64,22,32,good,toward_good,False
baseline[good=below],baseline/64,23,32,good,toward_bad,False
baseline[good=below],baseline/64,24,32,bad,toward_good,False
baseline[good=below],baseline/64,25,32,bad,toward_bad,False
baseline[good=below],baseline/64,26,32,bad,toward_good,False
baseline[good=below],baseline/64,27,32,bad,toward_good,False
baseline[good=below],baseline/64,28,32,good,toward_bad,False
baseline[good=below],baseline/64,29,32,good,toward_good,False
baseline[good=below],baseline/64,30,32,good,toward_bad,False
baseline[good=below],baseline/64,31,32,good,,True
baseline[good=above],baseline/65,0,42,good,toward_bad,False
baseline[good=above],baseline/65,1,42,good,toward_good,False
baseline[good=above],baseline/65,2,42,good,toward_good,False
baseline[good=above],baseline/65,3,42,good,toward_good,False
baseline[good=above],baseline/65,4,42,good,toward_bad,False
baseline[good=above],baseline/65,5,42,good,toward_bad,False
baseline[good=above],baseline/65,6,42,bad,toward_good,False
baseline[good=above],baseline/65,7,42,good,toward_bad,False
baseline[good=above],baseline/65,8,42,good,toward_good,False
baseline[good=above],baseline/65,9,42,good,toward_bad,False
baseline[good=above],baseline/65,10,42,good,toward_bad,False
baseline[good=above],baseline/65,11,42,good,toward_good,False
baseline[good=above],baseline/65,12,42,good,toward_good,False
baseline[good=above],baseline/65,13,42,good,toward_good,False
baseline[good=above],baseline/65,14,42,good,toward_bad,False
baseline[good=above],baseline/65,15,42,good,toward_good,False
baseline[good=above],baseline/65,16,42,good,toward_bad,False
baseline[good=above],baseline/65,17,42,good,toward_good,False
baseline[good=above],baseline/65,18,42,good,toward_bad,False
baseline[good=above],baseline/65,19,42,good,same,False
baseline[good=above],baseline/65,20,42,good,toward_good,False
baseline[good=above],baseline/65,21,42,good,toward_good,False
baseline[good=above],baseline/65,22,42,good,toward_bad,False
baseline[good=above],baseline/65,23,42,good,toward_bad,False
baseline[good=above],baseline/65,24,42,good,toward_good,False
baseline[good=above],baseline/65,25,42,good,toward_good,False
baseline[good=above],baseline/65,26,42,good,toward_good,False
baseline[good=above],baseline/65,27,42,good,toward_bad,False
baseline[good=above],baseline/65,28,42,good,toward_good,False
baseline[good=above],baseline/65,29,42,good,toward_bad,False
baseline[good=above],baseline/65,30,42,good,toward_good,False
baseline[good=above],baseline/65,31,42,good,toward_bad,False
baseline[good=above],baseline/65,32,42,good,toward_good,False
baseline[good=above],baseline/65,33,42,good,toward_bad,False
baseline[good=above],baseline/65,34,42,good,toward_good,False
baseline[good=above],baseline/65,35,42,good,toward_bad,False
baseline[good=above],baseline/65,36,42,good,toward_good,False
baseline[good=above],baseline/65,37,42,good,toward_bad,False
baseline[good=above],baseline/65,38,42,good,toward_good,False
baseline[good=above],baseline/65,39,42,good,toward_bad,False
baseline[good=above],baseline/65,40,42,good,toward_good,False
baseline[good=above],baseline/65,41,42,good,,True
baseline[good=below],baseline/65,0,42,bad,toward_good,False
baseline[good=below],baseline/65,1,42,bad,toward_bad,False
baseline[good=below],baseline/65,2,42,bad,toward_bad,False
baseline[good=below],baseline/65,3,42,bad,toward_bad,False
baseline[good=below],baseline/65,4,42,bad,toward_good,False
baseline[good=below],baseline/65,5,42,bad,toward_good,False
baseline[good=below],baseline/65,6,42,good,toward_bad,False
baseline[good=below],baseline/65,7,42,bad,toward_good,False
baseline[good=below],baseline/65,8,42,bad,toward_bad,False
baseline[good=below],baseline/65,9,42,bad,toward_good,False
baseline[good=below],baseline/65,10,42,bad,toward_good,False
baseline[good=below],baseline/65,11,42,bad,toward_bad,False
baseline[good=below],baseline/65,12,42,bad,toward_bad,False
baseline[good=below],baseline/65,13,42,bad,toward_bad,False
baseline[good=below],baseline/65,14,42,bad,toward_good,False
baseline[good=below],baseline/65,15,42,bad,toward_bad,False
baseline[good=below],baseline/65,16,42,bad,toward_good,False
baseline[good=below],baseline/65,17,42,bad,toward_bad,False
baseline[good=below],baseline/65,18,42,bad,toward_good,False
baseline[good=below],baseline/65,19,42,bad,same,False
baseline[good=below],baseline/65,20,42,bad,toward_bad,False
baseline[good=below],baseline/65,21,42,bad,toward_bad,False
baseline[good=below],baseline/65,22,42,bad,toward_good,False
baseline[good=below],baseline/65,23,42,bad,toward_good,False
baseline[good=below],baseline/65,24,42,bad,toward_bad,False
baseline[good=below],baseline/65,25,42,bad,toward_bad,False
baseline[good=below],baseline/65,26,42,bad,toward_bad,False
baseline[good=below],baseline/65,27,42,bad,toward_good,False
baseline[good=below],baseline/65,28,42,bad,toward_bad,False
baseline[good=below],baseline/65,29,42,bad,toward_good,False
baseline[good=below],baseline/65,30,42,bad,toward_bad,False
baseline[good=below],baseline/65,31,42,bad,toward_good,False
baseline[good=below],baseline/65,32,42,bad,toward_bad,False
baseline[good=below],baseline/65,33,42,bad,toward_good,False
baseline[good=below],baseline/65,34,42,bad,toward_bad,False
baseline[good=below],baseline/65,35,42,bad,toward_good,False
baseline[good=below],baseline/65,36,42,bad,toward_bad,False
baseline[good=below],baseline/65,37,42,bad,toward_good,False
baseline[good=below],baseline/65,38,42,bad,toward_bad,False
baseline[good=below],baseline/65,39,42,bad,toward_good,False
baseline[good=below],baseline/65,40,42,bad,toward_bad,False
baseline[good=below],baseline/65,41,42,bad,,True
baseline[good=above],baseline/67,0,33,bad,toward_good,False
baseline[good=above],baseline/67,1,33,bad,toward_bad,False
baseline[good=above],baseline/67,2,33,bad,toward_bad,False
baseline[good=above],baseline/67,3,33,bad,toward_good,False
baseline[good=above],baseline/67,4,33,bad,toward_bad,False
baseline[good=above],baseline/67,5,33,bad,toward_bad,False
baseline[good=above],baseline/67,6,33,bad,toward_good,False
baseline[good=above],baseline/67,7,33,bad,toward_good,False
baseline[good=above],baseline/67,8,33,bad,toward_bad,False
baseline[good=above],baseline/67,9,33,bad,toward_bad,False
baseline[good=above],baseline/67,10,33,bad,toward_good,False
baseline[good=above],baseline/67,11,33,bad,toward_good,False
baseline[good=above],baseline/67,12,33,bad,toward_bad,False
baseline[good=above],baseline/67,13,33,bad,toward_bad,False
baseline[good=above],baseline/67,14,33,bad,toward_good,False
baseline[good=above],baseline/67,15,33,bad,toward_bad,False
baseline[good=above],baseline/67,16,33,bad,toward_bad,False
baseline[good=above],baseline/67,17,33,bad,toward_good,False
baseline[good=above],baseline/67,18,33,bad,toward_bad,False
baseline[good=above],baseline/67,19,33,bad,toward_good,False
baseline[good=above],baseline/67,20,33,bad,toward_bad,False
baseline[good=above],baseline/67,21,33,bad,toward_good,False
baseline[good=above],baseline/67,22,33,bad,toward_good,False
baseline[good=above],baseline/67,23,33,bad,toward_good,False
baseline[good=above],baseline/67,24,33,bad,toward_good,False
baseline[good=above],baseline/67,25,33,bad,toward_bad,False
baseline[good=above],baseline/67,26,33,bad,toward_bad,False
baseline[good=above],baseline/67,27,33,bad,toward_good,False
baseline[good=above],baseline/67,28,33,bad,toward_bad,False
baseline[good=above],baseline/67,29,33,bad,toward_bad,False
baseline[good=above],baseline/67,30,33,bad,toward_bad,False
baseline[good=above],baseline/67,31,33,bad,toward_good,False
baseline[good=above],baseline/67,32,33,bad,,True
baseline[good=below],baseline/67,0,33,good,toward_bad,False
baseline[good=below],baseline/67,1,33,good,toward_good,False
baseline[good=below],baseline/67,2,33,good,toward_good,False
baseline[good=below],baseline/67,3,33,good,toward_bad,False
baseline[good=below],baseline/67,4,33,good,toward_good,False
baseline[good=below],baseline/67,5,33,good,toward_good,False
baseline[good=below],baseline/67,6,33,good,toward_bad,False
baseline[good=below],baseline/67,7,33,good,toward_bad,False
baseline[good=below],baseline/67,8,33,good,toward_good,False
baseline[good=below],baseline/67,9,33,good,toward_good,False
baseline[good=below],baseline/67,10,33,good,toward_bad,False
baseline[good=below],baseline/67,11,33,good,toward_bad,False
baseline[good=below],baseline/67,12,33,good,toward_good,False
baseline[good=below],baseline/67,13,33,good,toward_good,False
baseline[good=below],baseline/67,14,33,good,toward_bad,False
baseline[good=below],baseline/67,15,33,good,toward_good,False
baseline[good=below],baseline/67,16,33,good,toward_good,False
baseline[good=below],baseline/67,17,33,good,toward_bad,False
baseline[good=below],baseline/67,18,33,good,toward_good,False
baseline[good=below],baseline/67,19,33,good,toward_bad,False
baseline[good=below],baseline/67,20,33,good,toward_good,False
baseline[good=below],baseline/67,21,33,good,toward_bad,False
baseline[good=below],baseline/67,22,33,good,toward_bad,False
baseline[good=below],baseline/67,23,33,good,toward_bad,False
baseline[good=below],baseline/67,24,33,good,toward_bad,False
baseline[good=below],baseline/67,25,33,good,toward_good,False
baseline[good=below],baseline/67,26,33,good,toward_good,False
baseline[good=below],baseline/67,27,33,good,toward_bad,False
baseline[good=below],baseline/67,28,33,good,toward_good,False
baseline[good=below],baseline/67,29,33,good,toward_good,False
baseline[good=below],baseline/67,30,33,good,toward_good,False
baseline[good=below],baseline/67,31,33,good,toward_bad,False
baseline[good=below],baseline/67,32,33,good,,True
baseline[good=above],baseline/69,0,8,good,toward_good,False
baseline[good=above],baseline/69,1,8,good,toward_good,False
baseline[good=above],baseline/69,2,8,good,toward_good,False
baseline[good=above],baseline/69,3,8,good,toward_bad,False
baseline[good=above],baseline/69,4,8,good,toward_bad,False
baseline[good=above],baseline/69,5,8,good,toward_bad,False
baseline[good=above],baseline/69,6,8,good,toward_bad,False
baseline[good=above],baseline/69,7,8,good,,True
baseline[good=below],baseline/69,0,8,bad,toward_bad,False
baseline[good=below],baseline/69,1,8,bad,toward_bad,False
baseline[good=below],baseline/69,2,8,bad,toward_bad,False
baseline[good=below],baseline/69,3,8,bad,toward_good,False
baseline[good=below],baseline/69,4,8,bad,toward_good,False
baseline[good=below],baseline/69,5,8,bad,toward_good,False
baseline[good=below],baseline/69,6,8,bad,toward_good,False
baseline[good=below],baseline/69,7,8,bad,,True
baseline[good=above],baseline/70,0,17,good,toward_good,False
baseline[good=above],baseline/70,1,17,good,toward_bad,False
baseline[good=above],baseline/70,2,17,good,toward_good,False
baseline[good=above],baseline/70,3,17,good,toward_good,False
baseline[good=above],baseline/70,4,17,good,toward_good,False
baseline[good=above],baseline/70,5,17,good,toward_bad,False
baseline[good=above],baseline/70,6,17,good,toward_good,False
baseline[good=above],baseline/70,7,17,good,toward_good,False
baseline[good=above],baseline/70,8,17,good,toward_bad,False
baseline[good=above],baseline/70,9,17,good,toward_bad,False
baseline[good=above],baseline/70,10,17,good,toward_good,False
baseline[good=above],baseline/70,11,17,good,toward_good,False
baseline[good=above],baseline/70,12,17,good,toward_bad,False
baseline[good=above],baseline/70,13,17,good,toward_good,False
baseline[good=above],baseline/70,14,17,good,toward_bad,False
baseline[good=above],baseline/70,15,17,good,toward_bad,False
baseline[good=above],baseline/70,16,17,good,,True
baseline[good=below],baseline/70,0,17,bad,toward_bad,False
baseline[good=below],baseline/70,1,17,bad,toward_good,False
baseline[good=below],baseline/70,2,17,bad,toward_bad,False
baseline[good=below],baseline/70,3,17,bad,toward_bad,False
baseline[good=below],baseline/70,4,17,bad,toward_bad,False
baseline[good=below],baseline/70,5,17,bad,toward_good,False
baseline[good=below],baseline/70,6,17,bad,toward_bad,False
baseline[good=below],baseline/70,7,17,bad,toward_bad,False
baseline[good=below],baseline/70,8,17,bad,toward_good,False
baseline[good=below],baseline/70,9,17,bad,toward_good,False
baseline[good=below],baseline/70,10,17,bad,toward_bad,False
baseline[good=below],baseline/70,11,17,bad,toward_bad,False
baseline[good=below],baseline/70,12,17,bad,toward_good,False
baseline[good=below],baseline/70,13,17,bad,toward_bad,False
baseline[good=below],baseline/70,14,17,bad,toward_good,False
baseline[good=below],baseline/70,15,17,bad,toward_good,False
baseline[good=below],baseline/70,16,17,bad,,True
baseline[good=above],baseline/73,0,37,bad,toward_bad,False
baseline[good=above],baseline/73,1,37,bad,toward_good,False
baseline[good=above],baseline/73,2,37,bad,toward_good,False
baseline[good=above],baseline/73,3,37,bad,toward_bad,False
baseline[good=above],baseline/73,4,37,bad,toward_bad,False
baseline[good=above],baseline/73,5,37,bad,toward_good,False
baseline[good=above],baseline/73,6,37,bad,toward_bad,False
baseline[good=above],baseline/73,7,37,bad,toward_good,False
baseline[good=above],baseline/73,8,37,bad,toward_bad,False
baseline[good=above],baseline/73,9,37,bad,toward_bad,False
baseline[good=above],baseline/73,10,37,bad,toward_good,False
baseline[good=above],baseline/73,11,37,bad,toward_good,False
baseline[good=above],baseline/73,12,37,bad,toward_bad,False
baseline[good=above],baseline/73,13,37,bad,toward_good,False
baseline[good=above],baseline/73,14,37,bad,toward_good,False
baseline[good=above],baseline/73,15,37,bad,toward_bad,False
baseline[good=above],baseline/73,16,37,bad,toward_good,False
baseline[good=above],baseline/73,17,37,bad,toward_bad,False
baseline[good=above],baseline/73,18,37,bad,toward_bad,False
baseline[good=above],baseline/73,19,37,bad,toward_bad,False
baseline[good=above],baseline/73,20,37,bad,toward_good,False
baseline[good=above],baseline/73,21,37,bad,toward_good,False
baseline[good=above],baseline/73,22,37,bad,toward_good,False
baseline[good=above],baseline/73,23,37,bad,toward_bad,False
baseline[good=above],baseline/73,24,37,bad,toward_good,False
baseline[good=above],baseline/73,25,37,bad,toward_bad,False
baseline[good=above],baseline/73,26,37,bad,toward_good,False
baseline[good=above],baseline/73,27,37,bad,toward_good,False
baseline[good=above],baseline/73,28,37,bad,toward_good,False
baseline[good=above],baseline/73,29,37,bad,toward_bad,False
baseline[good=above],baseline/73,30,37,bad,toward_bad,False
baseline[good=above],baseline/73,31,37,bad,toward_good,False
baseline[good=above],baseline/73,32,37,bad,toward_bad,False
baseline[good=above],baseline/73,33,37,bad,toward_bad,False
baseline[good=above],baseline/73,34,37,bad,toward_good,False
baseline[good=above],baseline/73,35,37,bad,toward_bad,False
baseline[good=above],baseline/73,36,37,bad,,True
baseline[good=below],baseline/73,0,37,good,toward_good,False
baseline[good=below],baseline/73,1,37,good,toward_bad,False
baseline[good=below],baseline/73,2,37,good,toward_bad,False
baseline[good=below],baseline/73,3,37,good,toward_good,False
baseline[good=below],baseline/73,4,37,good,toward_good,False
baseline[good=below],baseline/73,5,37,good,toward_bad,False
baseline[good=below],baseline/73,6,37,good,toward_good,False
baseline[good=below],baseline/73,7,37,good,toward_bad,False
baseline[good=below],baseline/73,8,37,good,toward_good,False
baseline[good=below],baseline/73,9,37,good,toward_good,False
baseline[good=below],baseline/73,10,37,good,toward_bad,False
baseline[good=below],baseline/73,11,37,good,toward_bad,False
baseline[good=below],baseline/73,12,37,good,toward_good,False
baseline[good=below],baseline/73,13,37,good,toward_bad,False
baseline[good=below],baseline/73,14,37,good,toward_bad,False
baseline[good=below],baseline/73,15,37,good,toward_good,False
baseline[good=below],baseline/73,16,37,good,toward_bad,False
baseline[good=below],baseline/73,17,37,good,toward_good,False
baseline[good=below],baseline/73,18,37,good,toward_good,False
baseline[good=below],baseline/73,19,37,good,toward_good,False
baseline[good=below],baseline/73,20,37,good,toward_bad,False
baseline[good=below],baseline/73,21,37,good,toward_bad,False
baseline[good=below],baseline/73,22,37,good,toward_bad,False
baseline[good=below],baseline/73,23,37,good,toward_good,False
baseline[good=below],baseline/73,24,37,good,toward_bad,False
baseline[good=below],baseline/73,25,37,good,toward_good,False
baseline[good=below],baseline/73,26,37,good,toward_bad,False
baseline[good=below],baseline/73,27,37,good,toward_bad,False
baseline[good=below],baseline/73,28,37,good,toward_bad,False
baseline[good=below],baseline/73,29,37,good,toward_good,False
baseline[good=below],baseline/73,30,37,good,toward_good,False
baseline[good=below],baseline/73,31,37,good,toward_bad,False
baseline[good=below],baseline/73,32,37,good,toward_good,False
baseline[good=below],baseline/73,33,37,good,toward_good,False
baseline[good=below],baseline/73,34,37,good,toward_bad,False
baseline[good=below],baseline/73,35,37,good,toward_good,False
baseline[good=below],baseline/73,36,37,good,,True
baseline[good=above],baseline/74,0,4,bad,toward_good,False
baseline[good=above],baseline/74,1,4,bad,toward_good,False
baseline[good=above],baseline/74,2,4,bad,toward_good,False
baseline[good=above],baseline/74,3,4,bad,,True
baseline[good=below],baseline/74,0,4,good,toward_bad,False
baseline[good=below],baseline/74,1,4,good,toward_bad,False
baseline[good=below],baseline/74,2,4,good,toward_bad,False
baseline[good=below],baseline/74,3,4,good,,True
baseline[good=above],baseline/76,0,7,bad,toward_good,False
baseline[good=above],baseline/76,1,7,bad,toward_good,False
baseline[good=above],baseline/76,2,7,bad,toward_bad,False
baseline[good=above],baseline/76,3,7,bad,toward_good,False
baseline[good=above],baseline/76,4,7,bad,toward_bad,False
baseline[good=above],baseline/76,5,7,bad,toward_bad,False
baseline[good=above],baseline/76,6,7,bad,,True
baseline[good=below],baseline/76,0,7,good,toward_bad,False
baseline[good=below],baseline/76,1,7,good,toward_bad,False
baseline[good=below],baseline/76,2,7,good,toward_good,False
baseline[good=below],baseline/76,3,7,good,toward_bad,False
baseline[good=below],baseline/76,4,7,good,toward_good,False
baseline[good=below],baseline/76,5,7,good,toward_good,False
baseline[good=below],baseline/76,6,7,good,,True
baseline[good=above],baseline/78,0,1,good,,True
baseline[good=below],baseline/78,0,1,bad,,True
baseline[good=above],baseline/79,0,1,bad,,True
baseline[good=below],baseline/79,0,1,good,,True
baseline[good=above],baseline/80,0,18,bad,toward_bad,False
baseline[good=above],baseline/80,1,18,bad,toward_good,False
baseline[good=above],baseline/80,2,18,bad,toward_bad,False
baseline[good=above],baseline/80,3,18,bad,toward_good,False
baseline[good=above],baseline/80,4,18,bad,toward_bad,False
baseline[good=above],baseline/80,5,18,bad,toward_good,False
baseline[good=above],baseline/80,6,18,bad,toward_good,False
baseline[good=above],baseline/80,7,18,bad,toward_bad,False
baseline[good=above],baseline/80,8,18,bad,toward_good,False
baseline[good=above],baseline/80,9,18,bad,toward_bad,False
baseline[good=above],baseline/80,10,18,bad,toward_good,False
baseline[good=above],baseline/80,11,18,bad,toward_good,False
baseline[good=above],baseline/80,12,18,bad,toward_bad,False
baseline[good=above],baseline/80,13,18,bad,toward_good,False
baseline[good=above],baseline/80,14,18,bad,toward_bad,False
baseline[good=above],baseline/80,15,18,bad,toward_good,False
baseline[good=above],baseline/80,16,18,bad,toward_bad,False
baseline[good=above],baseline/80,17,18,bad,,True
baseline[good=below],baseline/80,0,18,good,toward_good,False
baseline[good=below],baseline/80,1,18,good,toward_bad,False
baseline[good=below],baseline/80,2,18,good,toward_good,False
baseline[good=below],baseline/80,3,18,good,toward_bad,False
baseline[good=below],baseline/80,4,18,good,toward_good,False
baseline[good=below],baseline/80,5,18,good,toward_bad,False
baseline[good=below],baseline/80,6,18,good,toward_bad,False
baseline[good=below],baseline/80,7,18,good,toward_good,False
baseline[good=below],baseline/80,8,18,good,toward_bad,False
baseline[good=below],baseline/80,9,18,good,toward_good,False
baseline[good=below],baseline/80,10,18,good,toward_bad,False
baseline[good=below],baseline/80,11,18,good,toward_bad,False
baseline[good=below],baseline/80,12,18,good,toward_good,False
baseline[good=below],baseline/80,13,18,good,toward_bad,False
baseline[good=below],baseline/80,14,18,good,toward_good,False
baseline[good=below],baseline/80,15,18,good,toward_bad,False
baseline[good=below],baseline/80,16,18,good,toward_good,False
baseline[good=below],baseline/80,17,18,good,,True
baseline[good=above],baseline/82,0,9,bad,toward_bad,False
baseline[good=above],baseline/82,1,9,bad,toward_good,False
baseline[good=above],baseline/82,2,9,bad,toward_good,False
baseline[good=above],baseline/82,3,9,bad,toward_bad,False
baseline[good=above],baseline/82,4,9,bad,toward_good,False
baseline[good=above],baseline/82,5,9,bad,toward_good,False
baseline[good=above],baseline/82,6,9,bad,toward_bad,False
baseline[good=above],baseline/82,7,9,bad,toward_good,False
baseline[good=above],baseline/82,8,9,bad,,True
baseline[good=below],baseline/82,0,9,good,toward_good,False
baseline[good=below],baseline/82,1,9,good,toward_bad,False
baseline[good=below],baseline/82,2,9,good,toward_bad,False
baseline[good=below],baseline/82,3,9,good,toward_good,False
baseline[good=below],baseline/82,4,9,good,toward_bad,False
baseline[good=below],baseline/82,5,9,good,toward_bad,False
baseline[good=below],baseline/82,6,9,good,toward_good,False
baseline[good=below],baseline/82,7,9,good,toward_bad,False
baseline[good=below],baseline/82,8,9,good,,True
baseline[good=above],baseline/83,0,5,bad,toward_bad,False
baseline[good=above],baseline/83,1,5,bad,toward_bad,False
baseline[good=above],baseline/83,2,5,bad,toward_bad,False
baseline[good=above],baseline/83,3,5,bad,toward_bad,False
baseline[good=above],baseline/83,4,5,bad,,True
baseline[good=below],baseline/83,0,5,good,toward_good,False
baseline[good=below],baseline/83,1,5,good,toward_good,False
baseline[good=below],baseline/83,2,5,good,toward_good,False
baseline[good=below],baseline/83,3,5,good,toward_good,False
baseline[good=below],baseline/83,4,5,good,,True
baseline[good=above],baseline/84,0,5,good,toward_good,False
baseline[good=above],baseline/84,1,5,good,toward_good,False
baseline[good=above],baseline/84,2,5,good,toward_bad,False
baseline[good=above],baseline/84,3,5,good,toward_good,False
baseline[good=above],baseline/84,4,5,good,,True
baseline[good=below],baseline/84,0,5,bad,toward_bad,False
baseline[good=below],baseline/84,1,5,bad,toward_bad,False
baseline[good=below],baseline/84,2,5,bad,toward_good,False
baseline[good=below],baseline/84,3,5,bad,toward_bad,False
baseline[good=below],baseline/84,4,5,bad,,True
baseline[good=above],baseline/86,0,14,good,toward_bad,False
baseline[good=above],baseline/86,1,14,good,toward_bad,False
baseline[good=above],baseline/86,2,14,good,toward_good,False
baseline[good=above],baseline/86,3,14,good,toward_good,False
baseline[good=above],baseline/86,4,14,good,toward_bad,False
baseline[good=above],baseline/86,5,14,good,toward_bad,False
baseline[good=above],baseline/86,6,14,good,toward_good,False
baseline[good=above],baseline/86,7,14,good,toward_good,False
baseline[good=above],baseline/86,8,14,good,toward_bad,False
baseline[good=above],baseline/86,9,14,good,toward_good,False
baseline[good=above],baseline/86,10,14,good,toward_good,False
baseline[good=above],baseline/86,11,14,good,toward_bad,False
baseline[good=above],baseline/86,12,14,good,toward_good,False
baseline[good=above],baseline/86,13,14,good,,True
baseline[good=below],baseline/86,0,14,bad,toward_good,False
baseline[good=below],baseline/86,1,14,bad,toward_good,False
baseline[good=below],baseline/86,2,14,bad,toward_bad,False
baseline[good=below],baseline/86,3,14,bad,toward_bad,False
baseline[good=below],baseline/86,4,14,bad,toward_good,False
baseline[good=below],baseline/86,5,14,bad,toward_good,False
baseline[good=below],baseline/86,6,14,bad,toward_bad,False
baseline[good=below],baseline/86,7,14,bad,toward_bad,False
baseline[good=below],baseline/86,8,14,bad,toward_good,False
baseline[good=below],baseline/86,9,14,bad,toward_bad,False
baseline[good=below],baseline/86,10,14,bad,toward_bad,False
baseline[good=below],baseline/86,11,14,bad,toward_good,False
baseline[good=below],baseline/86,12,14,bad,toward_bad,False
baseline[good=below],baseline/86,13,14,bad,,True
baseline[good=above],baseline/88,0,4,good,toward_bad,False
baseline[good=above],baseline/88,1,4,good,toward_good,False
baseline[good=above],baseline/88,2,4,good,toward_bad,False
baseline[good=above],baseline/88,3,4,good,,True
baseline[good=below],baseline/88,0,4,bad,toward_good,False
baseline[good=below],baseline/88,1,4,bad,toward_bad,False
baseline[good=below],baseline/88,2,4,bad,toward_good,False
baseline[good=below],baseline/88,3,4,bad,,True
baseline[good=above],baseline/89,0,1,bad,,True
baseline[good=below],baseline/89,0,1,good,,True
baseline[good=above],baseline/90,0,5,bad,toward_bad,False
baseline[good=above],baseline/90,1,5,bad,toward_good,False
baseline[good=above],baseline/90,2,5,bad,toward_bad,False
baseline[good=above],baseline/90,3,5,bad,toward_bad,False
baseline[good=above],baseline/90,4,5,bad,,True
baseline[good=below],baseline/90,0,5,good,toward_good,False
baseline[good=below],baseline/90,1,5,good,toward_bad,False
baseline[good=below],baseline/90,2,5,good,toward_good,False
baseline[good=below],baseline/90,3,5,good,toward_good,False
baseline[good=below],baseline/90,4,5,good,,True
baseline[good=above],baseline/93,0,30,good,toward_good,False
baseline[good=above],baseline/93,1,30,good,toward_bad,False
baseline[good=above],baseline/93,2,30,good,toward_good,False
baseline[good=above],baseline/93,3,30,good,toward_bad,False
baseline[good=above],baseline/93,4,30,good,toward_bad,False
baseline[good=above],baseline/93,5,30,good,toward_bad,False
baseline[good=above],baseline/93,6,30,good,toward_good,False
baseline[good=above],baseline/93,7,30,good,toward_good,False
baseline[good=above],baseline/93,8,30,good,toward_bad,False
baseline[good=above],baseline/93,9,30,good,toward_good,False
baseline[good=above],baseline/93,10,30,good,toward_bad,False
baseline[good=above],baseline/93,11,30,good,toward_good,False
baseline[good=above],baseline/93,12,30,good,toward_bad,False
baseline[good=above],baseline/93,13,30,good,toward_good,False
baseline[good=above],baseline/93,14,30,good,toward_bad,False
baseline[good=above],baseline/93,15,30,good,toward_good,False
baseline[good=above],baseline/93,16,30,good,toward_good,False
baseline[good=above],baseline/93,17,30,good,toward_bad,False
baseline[good=above],baseline/93,18,30,good,toward_good,False
baseline[good=above],baseline/93,19,30,good,toward_bad,False
baseline[good=above],baseline/93,20,30,good,toward_good,False
baseline[good=above],baseline/93,21,30,good,toward_bad,False
baseline[good=above],baseline/93,22,30,good,toward_good,False
baseline[good=above],baseline/93,23,30,good,toward_bad,False
baseline[good=above],baseline/93,24,30,good,toward_good,False
baseline[good=above],baseline/93,25,30,good,toward_bad,False
baseline[good=above],baseline/93,26,30,good,toward_good,False
baseline[good=above],baseline/93,27,30,good,toward_good,False
baseline[good=above],baseline/93,28,30,good,toward_bad,False
baseline[good=above],baseline/93,29,30,good,,True
baseline[good=below],baseline/93,0,30,bad,toward_bad,False
baseline[good=below],baseline/93,1,30,bad,toward_good,False
baseline[good=below],baseline/93,2,30,bad,toward_bad,False
baseline[good=below],baseline/93,3,30,bad,toward_good,False
baseline[good=below],baseline/93,4,30,bad,toward_good,False
baseline[good=below],baseline/93,5,30,bad,toward_good,False
baseline[good=below],baseline/93,6,30,bad,toward_bad,False
baseline[good=below],baseline/93,7,30,bad,toward_bad,False
baseline[good=below],baseline/93,8,30,bad,toward_good,False
baseline[good=below],baseline/93,9,30,bad,toward_bad,False
baseline[good=below],baseline/93,10,30,bad,toward_good,False
baseline[good=below],baseline/93,11,30,bad,toward_bad,False
baseline[good=below],baseline/93,12,30,bad,toward_good,False
baseline[good=below],baseline/93,13,30,bad,toward_bad,False
baseline[good=below],baseline/93,14,30,bad,toward_good,False
baseline[good=below],baseline/93,15,30,bad,toward_bad,False
baseline[good=below],baseline/93,16,30,bad,toward_bad,False
baseline[good=below],baseline/93,17,30,bad,toward_good,False
baseline[good=below],baseline/93,18,30,bad,toward_bad,False
baseline[good=below],baseline/93,19,30,bad,toward_good,False
baseline[good=below],baseline/93,20,30,bad,toward_bad,False
baseline[good=below],baseline/93,21,30,bad,toward_good,False
baseline[good=below],baseline/93,22,30,bad,toward_bad,False
baseline[good=below],baseline/93,23,30,bad,toward_good,False
baseline[good=below],baseline/93,24,30,bad,toward_bad,False
baseline[good=below],baseline/93,25,30,bad,toward_good,False
baseline[good=below],baseline/93,26,30,bad,toward_bad,False
baseline[good=below],baseline/93,27,30,bad,toward_bad,False
baseline[good=below],baseline/93,28,30,bad,toward_good,False
baseline[good=below],baseline/93,29,30,bad,,True
baseline[good=above],baseline/94,0,7,good,toward_bad,False
baseline[good=above],baseline/94,1,7,good,toward_good,False
baseline[good=above],baseline/94,2,7,good,toward_good,False
baseline[good=above],baseline/94,3,7,good,toward_bad,False
baseline[good=above],baseline/94,4,7,good,toward_good,False
baseline[good=above],baseline/94,5,7,good,toward_bad,False
baseline[good=above],baseline/94,6,7,good,,True
baseline[good=below],baseline/94,0,7,bad,toward_good,False
baseline[good=below],baseline/94,1,7,bad,toward_bad,False
baseline[good=below],baseline/94,2,7,bad,toward_bad,False
baseline[good=below],baseline/94,3,7,bad,toward_good,False
baseline[good=below],baseline/94,4,7,bad,toward_bad,False
baseline[good=below],baseline/94,5,7,bad,toward_good,False
baseline[good=below],baseline/94,6,7,bad,,True
baseline[good=above],baseline/97,0,31,bad,toward_bad,False
baseline[good=above],baseline/97,1,31,bad,toward_good,False
baseline[good=above],baseline/97,2,31,bad,toward_good,False
baseline[good=above],baseline/97,3,31,bad,toward_good,False
baseline[good=above],baseline/97,4,31,bad,toward_bad,False
baseline[good=above],baseline/97,5,31,bad,toward_good,False
baseline[good=above],baseline/97,6,31,bad,toward_bad,False
baseline[good=above],baseline/97,7,31,bad,toward_bad,False
baseline[good=above],baseline/97,8,31,bad,toward_bad,False
baseline[good=above],baseline/97,9,31,bad,toward_good,False
baseline[good=above],baseline/97,10,31,bad,toward_bad,False
baseline[good=above],baseline/97,11,31,bad,toward_bad,False
baseline[good=above],baseline/97,12,31,bad,toward_good,False
baseline[good=above],baseline/97,13,31,bad,toward_good,False
baseline[good=above],baseline/97,14,31,bad,toward_good,False
baseline[good=above],baseline/97,15,31,bad,toward_bad,False
baseline[good=above],baseline/97,16,31,bad,toward_bad,False
baseline[good=above],baseline/97,17,31,bad,toward_good,False
baseline[good=above],baseline/97,18,31,bad,toward_good,False
baseline[good=above],baseline/97,19,31,bad,toward_good,False
baseline[good=above],baseline/97,20,31,bad,toward_bad,False
baseline[good=above],baseline/97,21,31,bad,toward_bad,False
baseline[good=above],baseline/97,22,31,bad,toward_good,False
baseline[good=above],baseline/97,23,31,bad,toward_bad,False
baseline[good=above],baseline/97,24,31,bad,toward_good,False
baseline[good=above],baseline/97,25,31,bad,toward_bad,False
baseline[good=above],baseline/97,26,31,bad,toward_good,False
baseline[good=above],baseline/97,27,31,bad,toward_bad,False
baseline[good=above],baseline/97,28,31,bad,toward_bad,False
baseline[good=above],baseline/97,29,31,bad,toward_good,False
baseline[good=above],baseline/97,30,31,bad,,True
baseline[good=below],baseline/97,0,31,good,toward_good,False
baseline[good=below],baseline/97,1,31,good,toward_bad,False
baseline[good=below],baseline/97,2,31,good,toward_bad,False
baseline[good=below],baseline/97,3,31,good,toward_bad,False
baseline[good=below],baseline/97,4,31,good,toward_good,False
baseline[good=below],baseline/97,5,31,good,toward_bad,False
baseline[good=below],baseline/97,6,31,good,toward_good,False
baseline[good=below],baseline/97,7,31,good,toward_good,False
baseline[good=below],baseline/97,8,31,good,toward_good,False
baseline[good=below],baseline/97,9,31,good,toward_bad,False
baseline[good=below],baseline/97,10,31,good,toward_good,False
baseline[good=below],baseline/97,11,31,good,toward_good,False
baseline[good=below],baseline/97,12,31,good,toward_bad,False
baseline[good=below],baseline/97,13,31,good,toward_bad,False
baseline[good=below],baseline/97,14,31,good,toward_bad,False
baseline[good=below],baseline/97,15,31,good,toward_good,False
baseline[good=below],baseline/97,16,31,good,toward_good,False
baseline[good=below],baseline/97,17,31,good,toward_bad,False
baseline[good=below],baseline/97,18,31,good,toward_bad,False
baseline[good=below],baseline/97,19,31,good,toward_bad,False
baseline[good=below],baseline/97,20,31,good,toward_good,False
baseline[good=below],baseline/97,21,31,good,toward_good,False
baseline[good=below],baseline/97,22,31,good,toward_bad,False
baseline[good=below],baseline/97,23,31,good,toward_good,False
baseline[good=below],baseline/97,24,31,good,toward_bad,False
baseline[good=below],baseline/97,25,31,good,toward_good,False
baseline[good=below],baseline/97,26,31,good,toward_bad,False
baseline[good=below],baseline/97,27,31,good,toward_good,False
baseline[good=below],baseline/97,28,31,good,toward_good,False
baseline[good=below],baseline/97,29,31,good,toward_bad,False
baseline[good=below],baseline/97,30,31,good,,True
below_good,below_good/0,0,17,bad,toward_bad,False
below_good,below_good/0,1,17,bad,toward_good,False
below_good,below_good/0,2,17,good,toward_bad,False
below_good,below_good/0,3,17,bad,toward_bad,False
below_good,below_good/0,4,17,bad,toward_bad,False
below_good,below_good/0,5,17,bad,toward_good,False
below_good,below_good/0,6,17,bad,toward_good,False
below_good,below_good/0,7,17,bad,toward_bad,False
below_good,below_good/0,8,17,bad,toward_bad,False
below_good,below_good/0,9,17,bad,toward_bad,False
below_good,below_good/0,10,17,bad,toward_good,False
below_good,below_good/0,11,17,bad,toward_bad,False
below_good,below_good/0,12,17,bad,toward_good,False
below_good,below_good/0,13,17,good,toward_bad,False
below_good,below_good/0,14,17,bad,toward_good,False
below_good,below_good/0,15,17,bad,toward_bad,False
below_good,below_good/0,16,17,bad,,True
below_good,below_good/1,0,21,good,toward_good,False
below_good,below_good/1,1,21,good,toward_bad,False
below_good,below_good/1,2,21,good,toward_bad,False
below_good,below_good/1,3,21,good,toward_bad,False
below_good,below_good/1,4,21,bad,toward_good,False
below_good,below_good/1,5,21,good,toward_bad,False
below_good,below_good/1,6,21,bad,toward_good,False
below_good,below_good/1,7,21,good,toward_bad,False
below_good,below_good/1,8,21,good,toward_good,False
below_good,below_good/1,9,21,good,toward_good,False
below_good,below_good/1,10,21,good,toward_bad,False
below_good,below_good/1,11,21,good,toward_good,False
below_good,below_good/1,12,21,good,toward_good,False
below_good,below_good/1,13,21,good,toward_bad,False
below_good,below_good/1,14,21,good,toward_bad,False
below_good,below_good/1,15,21,good,toward_good,False
below_good,below_good/1,16,21,good,toward_bad,False
below_good,below_good/1,17,21,good,toward_bad,False
below_good,below_good/1,18,21,good,toward_good,False
below_good,below_good/1,19,21,good,toward_bad,False
below_good,below_good/1,20,21,good,,True
below_good,below_good/2,0,3,good,toward_bad,False
below_good,below_good/2,1,3,good,toward_good,False
below_good,below_good/2,2,3,good,,True
below_good,below_good/3,0,16,good,toward_bad,False
below_good,below_good/3,1,16,good,toward_good,False
below_good,below_good/3,2,16,good,toward_bad,False
below_good,below_good/3,3,16,good,toward_bad,False
below_good,below_good/3,4,16,good,toward_good,False
below_good,below_good/3,5,16,good,toward_good,False
below_good,below_good/3,6,16,good,toward_bad,False
below_good,below_good/3,7,16,good,toward_bad,False
below_good,below_good/3,8,16,good,toward_good,False
below_good,below_good/3,9,16,good,toward_bad,False
below_good,below_good/3,10,16,good,toward_good,False
below_good,below_good/3,11,16,good,toward_bad,False
below_good,below_good/3,12,16,good,toward_bad,False
below_good,below_good/3,13,16,good,toward_good,False
below_good,below_good/3,14,16,good,toward_good,False
below_good,below_good/3,15,16,good,,True
below_good,below_good/4,0,32,bad,toward_bad,False
below_good,below_good/4,1,32,bad,toward_good,False
below_good,below_good/4,2,32,bad,toward_bad,False
below_good,below_good/4,3,32,bad,toward_bad,False
below_good,below_good/4,4,32,bad,toward_good,False
below_good,below_good/4,5,32,bad,toward_good,False
below_good,below_good/4,6,32,bad,toward_good,False
below_good,below_good/4,7,32,bad,toward_good,False
below_good,below_good/4,8,32,bad,toward_good,False
below_good,below_good/4,9,32,good,toward_bad,False
below_good,below_good/4,10,32,bad,toward_bad,False
below_good,below_good/4,11,32,bad,toward_good,False
below_good,below_good/4,12,32,bad,toward_good,False
below_good,below_good/4,13,32,bad,toward_good,False
below_good,below_good/4,14,32,good,toward_bad,False
below_good,below_good/4,15,32,bad,toward_bad,False
below_good,below_good/4,16,32,bad,toward_bad,False
below_good,below_good/4,17,32,bad,toward_good,False
below_good,below_good/4,18,32,bad,toward_good,False
below_good,below_good/4,19,32,good,toward_bad,False
below_good,below_good/4,20,32,bad,toward_good,False
below_good,below_good/4,21,32,bad,toward_bad,False
below_good,below_good/4,22,32,bad,toward_good,False
below_good,below_good/4,23,32,bad,toward_good,False
below_good,below_good/4,24,32,good,toward_bad,False
below_good,below_good/4,25,32,bad,toward_good,False
below_good,below_good/4,26,32,bad,toward_bad,False
below_good,below_good/4,27,32,bad,toward_bad,False
below_good,below_good/4,28,32,bad,toward_bad,False
below_good,below_good/4,29,32,bad,toward_good,False
below_good,below_good/4,30,32,bad,toward_bad,False
below_good,below_good/4,31,32,bad,,True
below_good,below_good/5,0,1,good,,True
below_good,below_good/6,0,1,good,,True
below_good,below_good/7,0,1,good,,True
below_good,below_good/9,0,1,good,,True
below_good,below_good/10,0,10,good,toward_good,False
below_good,below_good/10,1,10,good,toward_good,False
below_good,below_good/10,2,10,good,toward_bad,False
below_good,below_good/10,3,10,good,toward_good,False
below_good,below_good/10,4,10,good,toward_good,False
below_good,below_good/10,5,10,good,toward_bad,False
below_good,below_good/10,6,10,good,toward_good,False
below_good,below_good/10,7,10,good,toward_bad,False
below_good,below_good/10,8,10,good,toward_good,False
below_good,below_good/10,9,10,good,,True
below_good,below_good/11,0,1,good,,True
below_good,below_good/12,0,1,bad,,True
below_good,below_good/13,0,1,good,,True
below_good,below_good/14,0,4,bad,toward_bad,False
below_good,below_good/14,1,4,bad,toward_good,False
below_good,below_good/14,2,4,bad,toward_good,False
below_good,below_good/14,3,4,bad,,True
below_good,below_good/15,0,24,good,toward_bad,False
below_good,below_good/15,1,24,good,toward_bad,False
below_good,below_good/15,2,24,good,toward_good,False
below_good,below_good/15,3,24,good,toward_bad,False
below_good,below_good/15,4,24,good,toward_bad,False
below_good,below_good/15,5,24,good,toward_good,False
below_good,below_good/15,6,24,good,toward_bad,False
below_good,below_good/15,7,24,good,toward_bad,False
below_good,below_good/15,8,24,good,toward_good,False
below_good,below_good/15,9,24,good,toward_bad,False
below_good,below_good/15,10,24,good,toward_good,False
below_good,below_good/15,11,24,good,toward_bad,False
below_good,below_good/15,12,24,good,toward_good,False
below_good,below_good/15,13,24,good,toward_bad,False
below_good,below_good/15,14,24,good,toward_bad,False
below_good,below_good/15,15,24,good,toward_bad,False
below_good,below_good/15,16,24,good,toward_good,False
below_good,below_good/15,17,24,good,toward_bad,False
below_good,below_good/15,18,24,good,toward_good,False
below_good,below_good/15,19,24,good,toward_good,False
below_good,below_good/15,20,24,good,toward_bad,False
below_good,below_good/15,21,24,good,toward_bad,False
below_good,below_good/15,22,24,good,toward_bad,False
below_good,below_good/15,23,24,good,,True
below_good,below_good/16,0,25,bad,toward_bad,False
below_good,below_good/16,1,25,bad,toward_good,False
below_good,below_good/16,2,25,bad,toward_bad,False
below_good,below_good/16,3,25,bad,toward_good,False
below_good,below_good/16,4,25,bad,toward_good,False
below_good,below_good/16,5,25,bad,toward_bad,False
below_good,below_good/16,6,25,bad,toward_good,False
below_good,below_good/16,7,25,bad,toward_bad,False
below_good,below_good/16,8,25,bad,toward_bad,False
below_good,below_good/16,9,25,bad,toward_good,False
below_good,below_good/16,10,25,bad,toward_bad,False
below_good,below_good/16,11,25,bad,toward_bad,False
below_good,below_good/16,12,25,bad,toward_good,False
below_good,below_good/16,13,25,bad,toward_good,False
below_good,below_good/16,14,25,bad,toward_good,False
below_good,below_good/16,15,25,bad,toward_bad,False
below_good,below_good/16,16,25,bad,toward_good,False
below_good,below_good/16,17,25,bad,toward_good,False
below_good,below_good/16,18,25,good,toward_bad,False
below_good,below_good/16,19,25,bad,toward_bad,False
below_good,below_good/16,20,25,bad,toward_good,False
below_good,below_good/16,21,25,bad,toward_good,False
below_good,below_good/16,22,25,good,toward_bad,False
below_good,below_good/16,23,25,bad,toward_good,False
below_good,below_good/16,24,25,bad,,True
below_good,below_good/17,0,6,good,toward_bad,False
below_good,below_good/17,1,6,good,toward_good,False
below_good,below_good/17,2,6,good,toward_bad,False
below_good,below_good/17,3,6,good,toward_bad,False
below_good,below_good/17,4,6,good,toward_good,False
below_good,below_good/17,5,6,good,,True
below_good,below_good/18,0,1,good,,True
below_good,below_good/19,0,14,good,toward_bad,False
below_good,below_good/19,1,14,bad,toward_good,False
below_good,below_good/19,2,14,good,toward_bad,False
below_good,below_good/19,3,14,good,toward_bad,False
below_good,below_good/19,4,14,bad,toward_bad,False
below_good,below_good/19,5,14,bad,toward_good,False
below_good,below_good/19,6,14,bad,toward_good,False
below_good,below_good/19,7,14,bad,toward_bad,False
below_good,below_good/19,8,14,bad,toward_bad,False
below_good,below_good/19,9,14,bad,toward_good,False
below_good,below_good/19,10,14,bad,toward_good,False
below_good,below_good/19,11,14,bad,toward_bad,False
below_good,below_good/19,12,14,bad,toward_good,False
below_good,below_good/19,13,14,bad,,True
below_good,below_good/20,0,4,bad,toward_bad,False
below_good,below_good/20,1,4,bad,toward_good,False
below_good,below_good/20,2,4,bad,toward_good,False
below_good,below_good/20,3,4,bad,,True
below_good,below_good/21,0,23,good,toward_bad,False
below_good,below_good/21,1,23,good,toward_good,False
below_good,below_good/21,2,23,good,toward_bad,False
below_good,below_good/21,3,23,good,toward_bad,False
below_good,below_good/21,4,23,bad,toward_good,False
below_good,below_good/21,5,23,good,toward_good,False
below_good,below_good/21,6,23,good,toward_bad,False
below_good,below_good/21,7,23,good,toward_good,False
below_good,below_good/21,8,23,good,toward_bad,False
below_good,below_good/21,9,23,bad,toward_good,False
below_good,below_good/21,10,23,good,toward_bad,False
below_good,below_good/21,11,23,good,toward_good,False
below_good,below_good/21,12,23,good,toward_good,False
below_good,below_good/21,13,23,good,toward_bad,False
below_good,below_good/21,14,23,good,toward_good,False
below_good,below_good/21,15,23,good,toward_good,False
below_good,below_good/21,16,23,good,toward_good,False
below_good,below_good/21,17,23,good,toward_good,False
below_good,below_good/21,18,23,good,toward_bad,False
below_good,below_good/21,19,23,good,toward_good,False
below_good,below_good/21,20,23,good,toward_bad,False
below_good,below_good/21,21,23,good,toward_bad,False
below_good,below_good/21,22,23,good,,True
below_good,below_good/22,0,31,bad,toward_bad,False
below_good,below_good/22,1,31,bad,toward_good,False
below_good,below_good/22,2,31,bad,toward_good,False
below_good,below_good/22,3,31,bad,toward_bad,False
below_good,below_good/22,4,31,bad,toward_good,False
below_good,below_good/22,5,31,bad,toward_good,False
below_good,below_good/22,6,31,good,toward_good,False
below_good,below_good/22,7,31,good,toward_bad,False
below_good,below_good/22,8,31,good,toward_bad,False
below_good,below_good/22,9,31,bad,toward_bad,False
below_good,below_good/22,10,31,bad,toward_good,False
below_good,below_good/22,11,31,good,toward_bad,False
below_good,below_good/22,12,31,bad,toward_good,False
below_good,below_good/22,13,31,good,toward_good,False
below_good,below_good/22,14,31,good,toward_bad,False
below_good,below_good/22,15,31,good,toward_bad,False
below_good,below_good/22,16,31,good,toward_good,False
below_good,below_good/22,17,31,good,toward_good,False
below_good,below_good/22,18,31,good,toward_bad,False
below_good,below_good/22,19,31,good,toward_bad,False
below_good,below_good/22,20,31,good,toward_bad,False
below_good,below_good/22,21,31,bad,toward_good,False
below_good,below_good/22,22,31,good,toward_good,False
below_good,below_good/22,23,31,good,toward_good,False
below_good,below_good/22,24,31,good,toward_good,False
below_good,below_good/22,25,31,good,toward_good,False
below_good,below_good/22,26,31,good,toward_bad,False
below_good,below_good/22,27,31,good,toward_good,False
below_good,below_good/22,28,31,good,toward_bad,False
below_good,below_good/22,29,31,good,toward_good,False
below_good,below_good/22,30,31,good,,True
below_good,below_good/23,0,3,good,toward_good,False
below_good,below_good/23,1,3,good,toward_bad,False
below_good,below_good/23,2,3,good,,True
below_good,below_good/24,0,10,good,toward_bad,False
below_good,below_good/24,1,10,bad,toward_bad,False
below_good,below_good/24,2,10,bad,toward_bad,False
below_good,below_good/24,3,10,bad,toward_good,False
below_good,below_good/24,4,10,bad,toward_good,False
below_good,below_good/24,5,10,good,toward_bad,False
below_good,below_good/24,6,10,bad,toward_good,False
below_good,below_good/24,7,10,bad,toward_good,False
below_good,below_good/24,8,10,good,toward_good,False
below_good,below_good/24,9,10,good,,True
below_good,below_good/25,0,5,good,toward_bad,False
below_good,below_good/25,1,5,good,toward_bad,False
below_good,below_good/25,2,5,good,toward_bad,False
below_good,below_good/25,3,5,good,toward_bad,False
below_good,below_good/25,4,5,good,,True
below_good,below_good/26,0,4,good,toward_good,False
below_good,below_good/26,1,4,good,toward_good,False
below_good,below_good/26,2,4,good,toward_good,False
below_good,below_good/26,3,4,good,,True
below_good,below_good/27,0,14,bad,toward_bad,False
below_good,below_good/27,1,14,bad,toward_good,False
below_good,below_good/27,2,14,good,toward_bad,False
below_good,below_good/27,3,14,bad,toward_bad,False
below_good,below_good/27,4,14,bad,toward_good,False
below_good,below_good/27,5,14,good,toward_good,False
below_good,below_good/27,6,14,good,toward_good,False
below_good,below_good/27,7,14,good,toward_good,False
below_good,below_good/27,8,14,good,toward_bad,False
below_good,below_good/27,9,14,good,toward_bad,False
below_good,below_good/27,10,14,good,toward_good,False
below_good,below_good/27,11,14,good,toward_bad,False
below_good,below_good/27,12,14,good,toward_bad,False
below_good,below_good/27,13,14,good,,True
below_good,below_good/28,0,11,bad,toward_good,False
below_good,below_good/28,1,11,bad,toward_good,False
below_good,below_good/28,2,11,bad,toward_good,False
below_good,below_good/28,3,11,bad,toward_good,False
below_good,below_good/28,4,11,good,toward_bad,False
below_good,below_good/28,5,11,bad,toward_good,False
below_good,below_good/28,6,11,bad,toward_bad,False
below_good,below_good/28,7,11,bad,toward_good,False
below_good,below_good/28,8,11,good,toward_bad,False
below_good,below_good/28,9,11,bad,toward_bad,False
below_good,below_good/28,10,11,bad,,True
below_good,below_good/29,0,4,good,toward_good,False
below_good,below_good/29,1,4,good,toward_bad,False
below_good,below_good/29,2,4,good,toward_bad,False
below_good,below_good/29,3,4,good,,True
below_good,below_good/30,0,1,good,,True
below_good,below_good/31,0,11,bad,toward_good,False
below_good,below_good/31,1,11,bad,toward_good,False
below_good,below_good/31,2,11,bad,toward_good,False
below_good,below_good/31,3,11,bad,toward_bad,False
below_good,below_good/31,4,11,bad,toward_good,False
below_good,below_good/31,5,11,bad,toward_good,False
below_good,below_good/31,6,11,bad,toward_good,False
below_good,below_good/31,7,11,good,toward_bad,False
below_good,below_good/31,8,11,good,toward_good,False
below_good,below_good/31,9,11,good,toward_good,False
below_good,below_good/31,10,11,good,,True
below_good,below_good/32,0,13,good,toward_bad,False
below_good,below_good/32,1,13,bad,toward_good,False
below_good,below_good/32,2,13,good,toward_bad,False
below_good,below_good/32,3,13,bad,toward_good,False
below_good,below_good/32,4,13,good,toward_bad,False
below_good,below_good/32,5,13,good,toward_good,False
below_good,below_good/32,6,13,good,toward_good,False
below_good,below_good/32,7,13,good,toward_bad,False
below_good,below_good/32,8,13,good,toward_bad,False
below_good,below_good/32,9,13,good,toward_good,False
below_good,below_good/32,10,13,good,toward_bad,False
below_good,below_good/32,11,13,good,toward_bad,False
below_good,below_good/32,12,13,good,,True
below_good,below_good/33,0,3,good,toward_bad,False
below_good,below_good/33,1,3,good,toward_bad,False
below_good,below_good/33,2,3,good,,True
below_good,below_good/34,0,35,good,toward_bad,False
below_good,below_good/34,1,35,bad,toward_good,False
below_good,below_good/34,2,35,good,toward_bad,False
below_good,below_good/34,3,35,good,toward_bad,False
below_good,below_good/34,4,35,good,toward_bad,False
below_good,below_good/34,5,35,bad,toward_good,False
below_good,below_good/34,6,35,good,toward_bad,False
below_good,below_good/34,7,35,bad,toward_good,False
below_good,below_good/34,8,35,good,toward_bad,False
below_good,below_good/34,9,35,good,toward_bad,False
below_good,below_good/34,10,35,good,toward_good,False
below_good,below_good/34,11,35,good,toward_good,False
below_good,below_good/34,12,35,good,toward_bad,False
below_good,below_good/34,13,35,good,toward_bad,False
below_good,below_good/34,14,35,good,toward_bad,False
below_good,below_good/34,15,35,bad,toward_good,False
below_good,below_good/34,16,35,good,toward_bad,False
below_good,below_good/34,17,35,good,toward_good,False
below_good,below_good/34,18,35,good,toward_good,False
below_good,below_good/34,19,35,good,toward_bad,False
below_good,below_good/34,20,35,good,toward_bad,False
below_good,below_good/34,21,35,good,toward_bad,False
below_good,below_good/34,22,35,good,toward_bad,False
below_good,below_good/34,23,35,good,toward_good,False
below_good,below_good/34,24,35,good,toward_bad,False
below_good,below_good/34,25,35,good,toward_bad,False
below_good,below_good/34,26,35,good,toward_bad,False
below_good,below_good/34,27,35,good,toward_good,False
below_good,below_good/34,28,35,good,toward_bad,False
below_good,below_good/34,29,35,good,toward_good,False
below_good,below_good/34,30,35,good,toward_bad,False
below_good,below_good/34,31,35,good,toward_good,False
below_good,below_good/34,32,35,good,toward_bad,False
below_good,below_good/34,33,35,good,toward_bad,False
below_good,below_good/34,34,35,good,,True
below_good,below_good/36,0,8,good,toward_good,False
below_good,below_good/36,1,8,good,toward_bad,False
below_good,below_good/36,2,8,good,toward_good,False
below_good,below_good/36,3,8,good,toward_good,False
below_good,below_good/36,4,8,good,toward_bad,False
below_good,below_good/36,5,8,good,toward_bad,False
below_good,below_good/36,6,8,good,toward_good,False
below_good,below_good/36,7,8,good,,True
below_good,below_good/37,0,1,good,,True
below_good,below_good/41,0,1,good,,True
below_good,below_good/42,0,29,good,toward_bad,False
below_good,below_good/42,1,29,good,toward_good,False
below_good,below_good/42,2,29,good,toward_bad,False
below_good,below_good/42,3,29,good,toward_good,False
below_good,below_good/42,4,29,good,toward_bad,False
below_good,below_good/42,5,29,good,toward_bad,False
below_good,below_good/42,6,29,good,toward_good,False
below_good,below_good/42,7,29,good,toward_bad,False
below_good,below_good/42,8,29,good,toward_bad,False
below_good,below_good/42,9,29,good,toward_good,False
below_good,below_good/42,10,29,good,toward_good,False
below_good,below_good/42,11,29,good,toward_bad,False
below_good,below_good/42,12,29,good,toward_bad,False
below_good,below_good/42,13,29,good,toward_good,False
below_good,below_good/42,14,29,good,toward_bad,False
below_good,below_good/42,15,29,good,toward_bad,False
below_good,below_good/42,16,29,good,toward_good,False
below_good,below_good/42,17,29,good,toward_good,False
below_good,below_good/42,18,29,good,toward_good,False
below_good,below_good/42,19,29,good,toward_good,False
below_good,below_good/42,20,29,good,toward_good,False
below_good,below_good/42,21,29,good,toward_bad,False
below_good,below_good/42,22,29,good,toward_good,False
below_good,below_good/42,23,29,good,toward_bad,False
below_good,below_good/42,24,29,good,toward_bad,False
below_good,below_good/42,25,29,good,toward_bad,False
below_good,below_good/42,26,29,good,toward_bad,False
below_good,below_good/42,27,29,good,toward_good,False
below_good,below_good/42,28,29,good,,True
below_good,below_good/43,0,4,bad,toward_good,False
below_good,below_good/43,1,4,bad,toward_bad,False
below_good,below_good/43,2,4,bad,toward_bad,False
below_good,below_good/43,3,4,bad,,True
below_good,below_good/44,0,2,bad,toward_good,False
below_good,below_good/44,1,2,bad,,True
below_good,below_good/45,0,1,bad,,True
below_good,below_good/46,0,3,good,toward_bad,False
below_good,below_good/46,1,3,good,toward_good,False
below_good,below_good/46,2,3,good,,True
below_good,below_good/47,0,33,good,toward_bad,False
below_good,below_good/47,1,33,good,toward_good,False
below_good,below_good/47,2,33,good,toward_bad,False
below_good,below_good/47,3,33,good,toward_good,False
below_good,below_good/47,4,33,good,toward_bad,False
below_good,below_good/47,5,33,good,toward_bad,False
below_good,below_good/47,6,33,bad,toward_good,False
below_good,below_good/47,7,33,good,toward_bad,False
below_good,below_good/47,8,33,good,toward_bad,False
below_good,below_good/47,9,33,good,toward_bad,False
below_good,below_good/47,10,33,good,toward_good,False
below_good,below_good/47,11,33,good,toward_bad,False
below_good,below_good/47,12,33,good,toward_good,False
below_good,below_good/47,13,33,good,toward_bad,False
below_good,below_good/47,14,33,good,toward_good,False
below_good,below_good/47,15,33,good,toward_good,False
below_good,below_good/47,16,33,good,toward_good,False
below_good,below_good/47,17,33,good,toward_bad,False
below_good,below_good/47,18,33,good,toward_good,False
below_good,below_good/47,19,33,good,toward_bad,False
below_good,below_good/47,20,33,good,toward_good,False
below_good,below_good/47,21,33,good,toward_bad,False
below_good,below_good/47,22,33,good,toward_bad,False
below_good,below_good/47,23,33,bad,toward_good,False
below_good,below_good/47,24,33,good,toward_bad,False
below_good,below_good/47,25,33,good,toward_good,False
below_good,below_good/47,26,33,good,toward_good,False
below_good,below_good/47,27,33,good,toward_bad,False
below_good,below_good/47,28,33,good,toward_good,False
below_good,below_good/47,29,33,good,toward_bad,False
below_good,below_good/47,30,33,good,toward_bad,False
below_good,below_good/47,31,33,good,toward_good,False
below_good,below_good/47,32,33,good,,True
below_good,below_good/48,0,7,good,toward_bad,False
below_good,below_good/48,1,7,good,toward_bad,False
below_good,below_good/48,2,7,good,toward_bad,False
below_good,below_good/48,3,7,good,toward_bad,False
below_good,below_good/48,4,7,good,toward_bad,False
below_good,below_good/48,5,7,good,toward_good,False
below_good,below_good/48,6,7,good,,True
below_good,below_good/49,0,1,good,,True
below_good,below_good/50,0,1,good,,True
below_good,below_good/51,0,5,good,toward_bad,False
below_good,below_good/51,1,5,good,toward_good,False
below_good,below_good/51,2,5,good,toward_bad,False
below_good,below_good/51,3,5,good,toward_bad,False
below_good,below_good/51,4,5,good,,True
below_good,below_good/52,0,8,bad,toward_good,False
below_good,below_good/52,1,8,bad,toward_bad,False
below_good,below_good/52,2,8,bad,toward_good,False
below_good,below_good/52,3,8,good,toward_bad,False
below_good,below_good/52,4,8,good,toward_bad,False
below_good,below_good/52,5,8,bad,toward_bad,False
below_good,below_good/52,6,8,bad,toward_good,False
below_good,below_good/52,7,8,bad,,True
below_good,below_good/53,0,16,good,toward_bad,False
below_good,below_good/53,1,16,good,toward_good,False
below_good,below_good/53,2,16,good,toward_good,False
below_good,below_good/53,3,16,good,toward_bad,False
below_good,below_good/53,4,16,good,toward_bad,False
below_good,below_good/53,5,16,good,toward_bad,False
below_good,below_good/53,6,16,good,toward_good,False
below_good,below_good/53,7,16,good,toward_bad,False
below_good,below_good/53,8,16,good,toward_good,False
below_good,below_good/53,9,16,good,toward_bad,False
below_good,below_good/53,10,16,good,toward_good,False
below_good,below_good/53,11,16,good,toward_bad,False
below_good,below_good/53,12,16,good,toward_good,False
below_good,below_good/53,13,16,good,toward_good,False
below_good,below_good/53,14,16,good,toward_bad,False
below_good,below_good/53,15,16,good,,True
below_good,below_good/54,0,12,bad,toward_good,False
below_good,below_good/54,1,12,bad,toward_good,False
below_good,below_good/54,2,12,bad,toward_bad,False
below_good,below_good/54,3,12,bad,toward_bad,False
below_good,below_good/54,4,12,bad,toward_good,False
below_good,below_good/54,5,12,bad,toward_bad,False
below_good,below_good/54,6,12,bad,toward_bad,False
below_good,below_good/54,7,12,bad,toward_good,False
below_good,below_good/54,8,12,bad,toward_bad,False
below_good,below_good/54,9,12,bad,toward_good,False
below_good,below_good/54,10,12,bad,toward_good,False
below_good,below_good/54,11,12,bad,,True
below_good,below_good/55,0,1,good,,True
below_good,below_good/57,0,1,good,,True
below_good,below_good/58,0,4,bad,toward_bad,False
below_good,below_good/58,1,4,bad,toward_good,False
below_good,below_good/58,2,4,good,toward_good,False
below_good,below_good/58,3,4,good,,True
below_good,below_good/59,0,1,good,,True
below_good,below_good/60,0,6,good,toward_good,False
below_good,below_good/60,1,6,good,toward_bad,False
below_good,below_good/60,2,6,good,toward_bad,False
below_good,below_good/60,3,6,bad,toward_good,False
below_good,below_good/60,4,6,bad,toward_good,False
below_good,below_good/60,5,6,bad,,True
below_good,below_good/61,0,21,bad,toward_good,False
below_good,below_good/61,1,21,bad,toward_good,False
below_good,below_good/61,2,21,bad,toward_good,False
below_good,below_good/61,3,21,bad,toward_good,False
below_good,below_good/61,4,21,good,toward_bad,False
below_good,below_good/61,5,21,bad,toward_good,False
below_good,below_good/61,6,21,good,toward_bad,False
below_good,below_good/61,7,21,good,toward_bad,False
below_good,below_good/61,8,21,bad,toward_good,False
below_good,below_good/61,9,21,good,toward_bad,False
below_good,below_good/61,10,21,bad,toward_good,False
below_good,below_good/61,11,21,good,toward_bad,False
below_good,below_good/61,12,21,good,toward_bad,False
below_good,below_good/61,13,21,bad,toward_good,False
below_good,below_good/61,14,21,good,toward_bad,False
below_good,below_good/61,15,21,good,toward_bad,False
below_good,below_good/61,16,21,good,toward_bad,False
below_good,below_good/61,17,21,bad,toward_good,False
below_good,below_good/61,18,21,good,toward_good,False
below_good,below_good/61,19,21,good,toward_good,False
below_good,below_good/61,20,21,good,,True
below_good,below_good/62,0,8,good,toward_bad,False
below_good,below_good/62,1,8,bad,toward_bad,False
below_good,below_good/62,2,8,bad,toward_bad,False
below_good,below_good/62,3,8,bad,toward_bad,False
below_good,below_good/62,4,8,bad,toward_good,False
below_good,below_good/62,5,8,bad,toward_good,False
below_good,below_good/62,6,8,good,toward_good,False
below_good,below_good/62,7,8,good,,True
below_good,below_good/64,0,27,good,toward_bad,False
below_good,below_good/64,1,27,good,toward_good,False
below_good,below_good/64,2,27,good,toward_bad,False
below_good,below_good/64,3,27,good,toward_bad,False
below_good,below_good/64,4,27,good,toward_good,False
below_good,below_good/64,5,27,good,toward_bad,False
below_good,below_good/64,6,27,good,toward_bad,False
below_good,below_good/64,7,27,good,toward_bad,False
below_good,below_good/64,8,27,good,toward_good,False
below_good,below_good/64,9,27,good,toward_bad,False
below_good,below_good/64,10,27,good,toward_bad,False
below_good,below_good/64,11,27,good,toward_good,False
below_good,below_good/64,12,27,good,toward_bad,False
below_good,below_good/64,13,27,good,toward_bad,False
below_good,below_good/64,14,27,good,toward_bad,False
below_good,below_good/64,15,27,good,toward_good,False
below_good,below_good/64,16,27,good,toward_good,False
below_good,below_good/64,17,27,good,toward_bad,False
below_good,below_good/64,18,27,good,toward_good,False
below_good,below_good/64,19,27,good,toward_bad,False
below_good,below_good/64,20,27,good,toward_good,False
below_good,below_good/64,21,27,good,toward_bad,False
below_good,below_good/64,22,27,good,toward_bad,False
below_good,below_good/64,23,27,good,toward_good,False
below_good,below_good/64,24,27,good,toward_bad,False
below_good,below_good/64,25,27,good,toward_good,False
below_good,below_good/64,26,27,good,,True
below_good,below_good/65,0,8,bad,toward_bad,False
below_good,below_good/65,1,8,bad,toward_good,False
below_good,below_good/65,2,8,bad,toward_bad,False
below_good,below_good/65,3,8,bad,toward_bad,False
below_good,below_good/65,4,8,bad,toward_good,False
below_good,below_good/65,5,8,bad,toward_good,False
below_good,below_good/65,6,8,bad,toward_good,False
below_good,below_good/65,7,8,bad,,True
below_good,below_good/66,0,6,bad,toward_good,False
below_good,below_good/66,1,6,good,toward_good,False
below_good,below_good/66,2,6,good,toward_good,False
below_good,below_good/66,3,6,good,toward_bad,False
below_good,below_good/66,4,6,bad,toward_good,False
below_good,below_good/66,5,6,good,,True
below_good,below_good/67,0,12,bad,toward_good,False
below_good,below_good/67,1,12,bad,toward_good,False
below_good,below_good/67,2,12,bad,toward_good,False
below_good,below_good/67,3,12,bad,toward_good,False
below_good,below_good/67,4,12,bad,toward_good,False
below_good,below_good/67,5,12,bad,toward_good,False
below_good,below_good/67,6,12,bad,toward_good,False
below_good,below_good/67,7,12,bad,toward_good,False
below_good,below_good/67,8,12,bad,toward_good,False
below_good,below_good/67,9,12,bad,toward_good,False
below_good,below_good/67,10,12,bad,toward_good,False
below_good,below_good/67,11,12,bad,,True
below_good,below_good/68,0,2,good,toward_good,False
below_good,below_good/68,1,2,good,,True
below_good,below_good/69,0,2,good,toward_bad,False
below_good,below_good/69,1,2,good,,True
below_good,below_good/70,0,4,good,toward_good,False
below_good,below_good/70,1,4,good,toward_good,False
below_good,below_good/70,2,4,good,toward_good,False
below_good,below_good/70,3,4,good,,True
below_good,below_good/71,0,8,bad,toward_good,False
below_good,below_good/71,1,8,bad,toward_good,False
below_good,below_good/71,2,8,bad,toward_good,False
below_good,below_good/71,3,8,bad,toward_bad,False
below_good,below_good/71,4,8,bad,toward_good,False
below_good,below_good/71,5,8,bad,toward_bad,False
below_good,below_good/71,6,8,bad,toward_good,False
below_good,below_good/71,7,8,bad,,True
below_good,below_good/72,0,1,bad,,True
below_good,below_good/73,0,21,good,toward_bad,False
below_good,below_good/73,1,21,good,toward_bad,False
below_good,below_good/73,2,21,bad,toward_good,False
below_good,below_good/73,3,21,good,toward_good,False
below_good,below_good/73,4,21,good,toward_bad,False
below_good,below_good/73,5,21,good,toward_bad,False
below_good,below_good/73,6,21,good,toward_bad,False
below_good,below_good/73,7,21,bad,toward_good,False
below_good,below_good/73,8,21,good,toward_bad,False
below_good,below_good/73,9,21,good,toward_bad,False
below_good,below_good/73,10,21,bad,toward_good,False
below_good,below_good/73,11,21,good,toward_good,False
below_good,below_good/73,12,21,good,toward_bad,False
below_good,below_good/73,13,21,good,toward_good,False
below_good,below_good/73,14,21,good,toward_bad,False
below_good,below_good/73,15,21,good,toward_good,False
below_good,below_good/73,16,21,good,toward_good,False
below_good,below_good/73,17,21,good,toward_bad,False
below_good,below_good/73,18,21,good,toward_bad,False
below_good,below_good/73,19,21,good,toward_good,False
below_good,below_good/73,20,21,good,,True
below_good,below_good/74,0,1,good,,True
below_good,below_good/76,0,6,good,toward_bad,False
below_good,below_good/76,1,6,good,toward_good,False
below_good,below_good/76,2,6,good,toward_bad,False
below_good,below_good/76,3,6,good,toward_good,False
below_good,below_good/76,4,6,good,toward_good,False
below_good,below_good/76,5,6,good,,True
below_good,below_good/77,0,32,bad,toward_bad,False
below_good,below_good/77,1,32,bad,toward_good,False
below_good,below_good/77,2,32,bad,toward_good,False
below_good,below_good/77,3,32,good,toward_bad,False
below_good,below_good/77,4,32,bad,toward_good,False
below_good,below_good/77,5,32,good,toward_good,False
below_good,below_good/77,6,32,good,toward_bad,False
below_good,below_good/77,7,32,bad,toward_bad,False
below_good,below_good/77,8,32,bad,toward_good,False
below_good,below_good/77,9,32,bad,toward_good,False
below_good,below_good/77,10,32,good,toward_bad,False
below_good,below_good/77,11,32,bad,toward_bad,False
below_good,below_good/77,12,32,bad,toward_good,False
below_good,below_good/77,13,32,bad,toward_good,False
below_good,below_good/77,14,32,good,toward_bad,False
below_good,below_good/77,15,32,good,toward_good,False
below_good,below_good/77,16,32,good,toward_bad,False
below_good,below_good/77,17,32,bad,toward_good,False
below_good,below_good/77,18,32,good,toward_bad,False
below_good,below_good/77,19,32,good,toward_bad,False
below_good,below_good/77,20,32,good,toward_bad,False
below_good,below_good/77,21,32,bad,toward_good,False
below_good,below_good/77,22,32,good,toward_bad,False
below_good,below_good/77,23,32,bad,toward_good,False
below_good,below_good/77,24,32,bad,toward_good,False
below_good,below_good/77,25,32,good,toward_bad,False
below_good,below_good/77,26,32,good,toward_good,False
below_good,below_good/77,27,32,good,toward_bad,False
below_good,below_good/77,28,32,bad,toward_good,False
below_good,below_good/77,29,32,good,toward_bad,False
below_good,below_good/77,30,32,good,toward_bad,False
below_good,below_good/77,31,32,good,,True
below_good,below_good/78,0,1,good,,True
below_good,below_good/79,0,14,bad,toward_good,False
below_good,below_good/79,1,14,good,toward_good,False
below_good,below_good/79,2,14,good,toward_good,False
below_good,below_good/79,3,14,good,toward_bad,False
below_good,below_good/79,4,14,good,toward_good,False
below_good,below_good/79,5,14,good,toward_bad,False
below_good,below_good/79,6,14,good,toward_bad,False
below_good,below_good/79,7,14,good,toward_good,False
below_good,below_good/79,8,14,good,toward_bad,False
below_good,below_good/79,9,14,good,toward_good,False
below_good,below_good/79,10,14,good,toward_good,False
below_good,below_good/79,11,14,good,toward_bad,False
below_good,below_good/79,12,14,good,toward_good,False
below_good,below_good/79,13,14,good,,True
below_good,below_good/80,0,5,good,toward_bad,False
below_good,below_good/80,1,5,bad,toward_bad,False
below_good,below_good/80,2,5,bad,toward_bad,False
below_good,below_good/80,3,5,bad,toward_bad,False
below_good,below_good/80,4,5,bad,,True
below_good,below_good/81,0,9,bad,toward_good,False
below_good,below_good/81,1,9,bad,toward_good,False
below_good,below_good/81,2,9,bad,toward_good,False
below_good,below_good/81,3,9,good,toward_bad,False
below_good,below_good/81,4,9,bad,toward_bad,False
below_good,below_good/81,5,9,bad,toward_bad,False
below_good,below_good/81,6,9,bad,toward_good,False
below_good,below_good/81,7,9,bad,toward_good,False
below_good,below_good/81,8,9,good,,True
below_good,below_good/82,0,1,good,,True
below_good,below_good/83,0,12,bad,toward_good,False
below_good,below_good/83,1,12,good,toward_bad,False
below_good,below_good/83,2,12,bad,toward_bad,False
below_good,below_good/83,3,12,bad,toward_good,False
below_good,below_good/83,4,12,bad,toward_bad,False
below_good,below_good/83,5,12,bad,toward_good,False
below_good,below_good/83,6,12,bad,toward_bad,False
below_good,below_good/83,7,12,bad,toward_good,False
below_good,below_good/83,8,12,good,toward_bad,False
below_good,below_good/83,9,12,good,toward_good,False
below_good,below_good/83,10,12,good,toward_bad,False
below_good,below_good/83,11,12,good,,True
below_good,below_good/84,0,29,bad,toward_good,False
below_good,below_good/84,1,29,bad,toward_good,False
below_good,below_good/84,2,29,bad,toward_good,False
below_good,below_good/84,3,29,good,toward_bad,False
below_good,below_good/84,4,29,bad,toward_good,False
below_good,below_good/84,5,29,bad,toward_bad,False
below_good,below_good/84,6,29,bad,toward_good,False
below_good,below_good/84,7,29,good,toward_bad,False
below_good,below_good/84,8,29,good,toward_bad,False
below_good,below_good/84,9,29,bad,toward_good,False
below_good,below_good/84,10,29,good,toward_bad,False
below_good,below_good/84,11,29,bad,toward_good,False
below_good,below_good/84,12,29,good,toward_bad,False
below_good,below_good/84,13,29,bad,toward_good,False
below_good,below_good/84,14,29,good,toward_bad,False
below_good,below_good/84,15,29,good,toward_bad,False
below_good,below_good/84,16,29,good,toward_good,False
below_good,below_good/84,17,29,good,toward_bad,False
below_good,below_good/84,18,29,good,toward_bad,False
below_good,below_good/84,19,29,good,toward_bad,False
below_good,below_good/84,20,29,bad,toward_good,False
below_good,below_good/84,21,29,good,toward_bad,False
below_good,below_good/84,22,29,good,toward_bad,False
below_good,below_good/84,23,29,good,toward_bad,False
below_good,below_good/84,24,29,bad,toward_good,False
below_good,below_good/84,25,29,good,toward_bad,False
below_good,below_good/84,26,29,good,toward_good,False
below_good,below_good/84,27,29,good,toward_bad,False
below_good,below_good/84,28,29,good,,True
below_good,below_good/86,0,16,bad,toward_good,False
below_good,below_good/86,1,16,bad,toward_good,False
below_good,below_good/86,2,16,bad,toward_good,False
below_good,below_good/86,3,16,good,toward_bad,False
below_good,below_good/86,4,16,bad,toward_good,False
below_good,below_good/86,5,16,bad,toward_bad,False
below_good,below_good/86,6,16,bad,toward_good,False
below_good,below_good/86,7,16,bad,toward_bad,False
below_good,below_good/86,8,16,bad,toward_bad,False
below_good,below_good/86,9,16,bad,toward_good,False
below_good,below_good/86,10,16,bad,toward_bad,False
below_good,below_good/86,11,16,bad,toward_good,False
below_good,below_good/86,12,16,bad,toward_bad,False
below_good,below_good/86,13,16,bad,toward_good,False
below_good,below_good/86,14,16,bad,toward_bad,False
below_good,below_good/86,15,16,bad,,True
below_good,below_good/87,0,3,bad,toward_good,False
below_good,below_good/87,1,3,good,toward_bad,False
below_good,below_good/87,2,3,bad,,True
below_good,below_good/88,0,1,good,,True
below_good,below_good/89,0,4,bad,toward_good,False
below_good,below_good/89,1,4,bad,toward_good,False
below_good,below_good/89,2,4,bad,toward_bad,False
below_good,below_good/89,3,4,bad,,True
below_good,below_good/90,0,7,bad,toward_good,False
below_good,below_good/90,1,7,bad,toward_bad,False
below_good,below_good/90,2,7,bad,toward_bad,False
below_good,below_good/90,3,7,bad,toward_good,False
below_good,below_good/90,4,7,bad,toward_bad,False
below_good,below_good/90,5,7,bad,toward_bad,False
below_good,below_good/90,6,7,bad,,True
below_good,below_good/91,0,8,good,toward_bad,False
below_good,below_good/91,1,8,good,toward_bad,False
below_good,below_good/91,2,8,good,toward_good,False
below_good,below_good/91,3,8,good,toward_bad,False
below_good,below_good/91,4,8,good,toward_bad,False
below_good,below_good/91,5,8,good,toward_good,False
below_good,below_good/91,6,8,good,toward_bad,False
below_good,below_good/91,7,8,good,,True
below_good,below_good/92,0,6,bad,toward_bad,False
below_good,below_good/92,1,6,bad,toward_good,False
below_good,below_good/92,2,6,good,toward_bad,False
below_good,below_good/92,3,6,good,toward_bad,False
below_good,below_good/92,4,6,good,toward_good,False
below_good,below_good/92,5,6,good,,True
below_good,below_good/93,0,10,bad,toward_good,False
below_good,below_good/93,1,10,bad,toward_good,False
below_good,below_good/93,2,10,bad,toward_bad,False
below_good,below_good/93,3,10,bad,toward_bad,False
below_good,below_good/93,4,10,bad,toward_good,False
below_good,below_good/93,5,10,bad,toward_bad,False
below_good,below_good/93,6,10,bad,toward_good,False
below_good,below_good/93,7,10,bad,toward_bad,False
below_good,below_good/93,8,10,bad,toward_bad,False
below_good,below_good/93,9,10,bad,,True
below_good,below_good/94,0,19,bad,toward_good,False
below_good,below_good/94,1,19,bad,toward_bad,False
below_good,below_good/94,2,19,bad,toward_bad,False
below_good,below_good/94,3,19,bad,toward_good,False
below_good,below_good/94,4,19,bad,toward_good,False
below_good,below_good/94,5,19,bad,toward_bad,False
below_good,below_good/94,6,19,bad,toward_good,False
below_good,below_good/94,7,19,bad,toward_bad,False
below_good,below_good/94,8,19,bad,toward_good,False
below_good,below_good/94,9,19,bad,toward_good,False
below_good,below_good/94,10,19,bad,toward_good,False
below_good,below_good/94,11,19,bad,toward_bad,False
below_good,below_good/94,12,19,bad,toward_bad,False
below_good,below_good/94,13,19,bad,toward_bad,False
below_good,below_good/94,14,19,bad,toward_good,False
below_good,below_good/94,15,19,bad,toward_good,False
below_good,below_good/94,16,19,bad,toward_good,False
below_good,below_good/94,17,19,bad,toward_bad,False
below_good,below_good/94,18,19,bad,,True
below_good,below_good/96,0,17,bad,toward_good,False
below_good,below_good/96,1,17,good,toward_bad,False
below_good,below_good/96,2,17,bad,toward_bad,False
below_good,below_good/96,3,17,bad,toward_good,False
below_good,below_good/96,4,17,good,toward_bad,False
below_good,below_good/96,5,17,bad,toward_bad,False
below_good,below_good/96,6,17,bad,toward_good,False
below_good,below_good/96,7,17,good,toward_bad,False
below_good,below_good/96,8,17,bad,toward_good,False
below_good,below_good/96,9,17,bad,toward_good,False
below_good,below_good/96,10,17,bad,toward_bad,False
below_good,below_good/96,11,17,bad,toward_good,False
below_good,below_good/96,12,17,bad,toward_good,False
below_good,below_good/96,13,17,bad,toward_bad,False
below_good,below_good/96,14,17,bad,toward_good,False
below_good,below_good/96,15,17,bad,toward_bad,False
below_good,below_good/96,16,17,bad,,True
below_good,below_good/97,0,1,good,,True
below_good,below_good/98,0,9,bad,toward_good,False
below_good,below_good/98,1,9,bad,toward_bad,False
below_good,below_good/98,2,9,bad,toward_good,False
below_good,below_good/98,3,9,bad,toward_good,False
below_good,below_good/98,4,9,good,toward_bad,False
below_good,below_good/98,5,9,bad,toward_bad,False
below_good,below_good/98,6,9,bad,toward_good,False
below_good,below_good/98,7,9,bad,toward_bad,False
below_good,below_good/98,8,9,bad,,True
below_good,below_good/99,0,10,good,toward_bad,False
below_good,below_good/99,1,10,good,toward_good,False
below_good,below_good/99,2,10,good,toward_bad,False
below_good,below_good/99,3,10,good,toward_good,False
below_good,below_good/99,4,10,good,toward_bad,False
below_good,below_good/99,5,10,good,toward_bad,False
below_good,below_good/99,6,10,good,toward_good,False
below_good,below_good/99,7,10,good,toward_bad,False
below_good,below_good/99,8,10,good,toward_bad,False
below_good,below_good/99,9,10,good,,True
above_good,above_good/2,0,23,bad,toward_good,False
above_good,above_good/2,1,23,bad,toward_bad,False
above_good,above_good/2,2,23,bad,toward_good,False
above_good,above_good/2,3,23,good,toward_bad,False
above_good,above_good/2,4,23,bad,toward_good,False
above_good,above_good/2,5,23,good,toward_bad,False
above_good,above_good/2,6,23,bad,toward_good,False
above_good,above_good/2,7,23,good,toward_bad,False
above_good,above_good/2,8,23,bad,toward_bad,False
above_good,above_good/2,9,23,bad,toward_good,False
above_good,above_good/2,10,23,good,toward_bad,False
above_good,above_good/2,11,23,bad,toward_good,False
above_good,above_good/2,12,23,good,toward_bad,False
above_good,above_good/2,13,23,bad,toward_bad,False
above_good,above_good/2,14,23,bad,toward_good,False
above_good,above_good/2,15,23,bad,toward_good,False
above_good,above_good/2,16,23,good,toward_bad,False
above_good,above_good/2,17,23,good,toward_good,False
above_good,above_good/2,18,23,good,toward_bad,False
above_good,above_good/2,19,23,good,toward_bad,False
above_good,above_good/2,20,23,bad,toward_bad,False
above_good,above_good/2,21,23,bad,toward_good,False
above_good,above_good/2,22,23,good,,True
above_good,above_good/3,0,2,bad,toward_good,False
above_good,above_good/3,1,2,good,,True
above_good,above_good/4,0,1,bad,,True
above_good,above_good/5,0,11,bad,toward_good,False
above_good,above_good/5,1,11,bad,toward_good,False
above_good,above_good/5,2,11,bad,toward_good,False
above_good,above_good/5,3,11,bad,toward_good,False
above_good,above_good/5,4,11,bad,toward_bad,False
above_good,above_good/5,5,11,bad,toward_good,False
above_good,above_good/5,6,11,bad,toward_bad,False
above_good,above_good/5,7,11,bad,toward_good,False
above_good,above_good/5,8,11,bad,toward_good,False
above_good,above_good/5,9,11,bad,toward_good,False
above_good,above_good/5,10,11,bad,,True
above_good,above_good/6,0,1,bad,,True
above_good,above_good/7,0,3,good,toward_good,False
above_good,above_good/7,1,3,good,toward_bad,False
above_good,above_good/7,2,3,good,,True
above_good,above_good/8,0,8,good,toward_bad,False
above_good,above_good/8,1,8,good,toward_good,False
above_good,above_good/8,2,8,good,toward_good,False
above_good,above_good/8,3,8,good,toward_bad,False
above_good,above_good/8,4,8,good,toward_good,False
above_good,above_good/8,5,8,good,toward_bad,False
above_good,above_good/8,6,8,good,toward_good,False
above_good,above_good/8,7,8,good,,True
above_good,above_good/9,0,9,good,toward_good,False
above_good,above_good/9,1,9,good,toward_bad,False
above_good,above_good/9,2,9,good,toward_bad,False
above_good,above_good/9,3,9,good,toward_good,False
above_good,above_good/9,4,9,good,toward_bad,False
above_good,above_good/9,5,9,good,toward_bad,False
above_good,above_good/9,6,9,good,toward_good,False
above_good,above_good/9,7,9,good,toward_good,False
above_good,above_good/9,8,9,good,,True
above_good,above_good/10,0,1,good,,True
above_good,above_good/11,0,22,good,toward_bad,False
above_good,above_good/11,1,22,good,toward_good,False
above_good,above_good/11,2,22,good,toward_bad,False
above_good,above_good/11,3,22,good,toward_bad,False
above_good,above_good/11,4,22,good,toward_bad,False
above_good,above_good/11,5,22,bad,toward_good,False
above_good,above_good/11,6,22,good,toward_good,False
above_good,above_good/11,7,22,good,toward_bad,False
above_good,above_good/11,8,22,good,toward_bad,False
above_good,above_good/11,9,22,good,toward_good,False
above_good,above_good/11,10,22,good,toward_bad,False
above_good,above_good/11,11,22,good,toward_bad,False
above_good,above_good/11,12,22,good,toward_good,False
above_good,above_good/11,13,22,good,toward_bad,False
above_good,above_good/11,14,22,good,toward_bad,False
above_good,above_good/11,15,22,good,toward_bad,False
above_good,above_good/11,16,22,good,toward_bad,False
above_good,above_good/11,17,22,good,toward_good,False
above_good,above_good/11,18,22,good,toward_good,False
above_good,above_good/11,19,22,good,toward_bad,False
above_good,above_good/11,20,22,good,toward_bad,False
above_good,above_good/11,21,22,good,,True
above_good,above_good/12,0,7,bad,toward_good,False
above_good,above_good/12,1,7,bad,toward_good,False
above_good,above_good/12,2,7,bad,toward_bad,False
above_good,above_good/12,3,7,bad,toward_good,False
above_good,above_good/12,4,7,good,toward_bad,False
above_good,above_good/12,5,7,bad,toward_good,False
above_good,above_good/12,6,7,good,,True
above_good,above_good/13,0,1,bad,,True
above_good,above_good/14,0,27,bad,toward_bad,False
above_good,above_good/14,1,27,bad,toward_bad,False
above_good,above_good/14,2,27,bad,toward_good,False
above_good,above_good/14,3,27,bad,toward_bad,False
above_good,above_good/14,4,27,bad,toward_good,False
above_good,above_good/14,5,27,bad,toward_good,False
above_good,above_good/14,6,27,good,toward_bad,False
above_good,above_good/14,7,27,bad,toward_bad,False
above_good,above_good/14,8,27,bad,toward_good,False
above_good,above_good/14,9,27,bad,toward_good,False
above_good,above_good/14,10,27,good,toward_bad,False
above_good,above_good/14,11,27,bad,toward_bad,False
above_good,above_good/14,12,27,bad,toward_good,False
above_good,above_good/14,13,27,bad,toward_good,False
above_good,above_good/14,14,27,good,toward_bad,False
above_good,above_good/14,15,27,bad,toward_good,False
above_good,above_good/14,16,27,bad,toward_good,False
above_good,above_good/14,17,27,bad,toward_good,False
above_good,above_good/14,18,27,bad,toward_bad,False
above_good,above_good/14,19,27,bad,toward_good,False
above_good,above_good/14,20,27,good,toward_bad,False
above_good,above_good/14,21,27,bad,toward_bad,False
above_good,above_good/14,22,27,bad,toward_good,False
above_good,above_good/14,23,27,bad,toward_bad,False
above_good,above_good/14,24,27,bad,toward_good,False
above_good,above_good/14,25,27,bad,toward_good,False
above_good,above_good/14,26,27,bad,,True
above_good,above_good/15,0,2,bad,toward_good,False
above_good,above_good/15,1,2,bad,,True
above_good,above_good/16,0,1,bad,,True
above_good,above_good/17,0,1,good,,True
above_good,above_good/18,0,1,bad,,True
above_good,above_good/19,0,1,good,,True
above_good,above_good/20,0,11,good,toward_bad,False
above_good,above_good/20,1,11,good,toward_bad,False
above_good,above_good/20,2,11,good,toward_bad,False
above_good,above_good/20,3,11,good,toward_good,False
above_good,above_good/20,4,11,good,toward_bad,False
above_good,above_good/20,5,11,good,toward_good,False
above_good,above_good/20,6,11,good,toward_good,False
above_good,above_good/20,7,11,good,toward_bad,False
above_good,above_good/20,8,11,good,toward_good,False
above_good,above_good/20,9,11,good,toward_good,False
above_good,above_good/20,10,11,good,,True
above_good,above_good/21,0,2,good,toward_good,False
above_good,above_good/21,1,2,good,,True
above_good,above_good/22,0,61,good,toward_bad,False
above_good,above_good/22,1,61,good,toward_bad,False
above_good,above_good/22,2,61,bad,toward_bad,False
above_good,above_good/22,3,61,bad,toward_good,False
above_good,above_good/22,4,61,good,toward_good,False
above_good,above_good/22,5,61,good,toward_bad,False
above_good,above_good/22,6,61,good,toward_bad,False
above_good,above_good/22,7,61,good,toward_bad,False
above_good,above_good/22,8,61,bad,toward_good,False
above_good,above_good/22,9,61,good,toward_bad,False
above_good,above_good/22,10,61,good,toward_good,False
above_good,above_good/22,11,61,good,toward_bad,False
above_good,above_good/22,12,61,good,toward_bad,False
above_good,above_good/22,13,61,good,toward_good,False
above_good,above_good/22,14,61,good,toward_bad,False
above_good,above_good/22,15,61,good,toward_bad,False
above_good,above_good/22,16,61,good,toward_good,False
above_good,above_good/22,17,61,good,toward_bad,False
above_good,above_good/22,18,61,bad,toward_good,False
above_good,above_good/22,19,61,good,toward_good,False
above_good,above_good/22,20,61,good,toward_bad,False
above_good,above_good/22,21,61,good,toward_good,False
above_good,above_good/22,22,61,good,toward_bad,False
above_good,above_good/22,23,61,good,toward_good,False
above_good,above_good/22,24,61,good,toward_bad,False
above_good,above_good/22,25,61,good,toward_good,False
above_good,above_good/22,26,61,good,toward_bad,False
above_good,above_good/22,27,61,bad,toward_good,False
above_good,above_good/22,28,61,good,toward_good,False
above_good,above_good/22,29,61,good,toward_bad,False
above_good,above_good/22,30,61,good,toward_bad,False
above_good,above_good/22,31,61,bad,toward_good,False
above_good,above_good/22,32,61,good,toward_good,False
above_good,above_good/22,33,61,good,toward_bad,False
above_good,above_good/22,34,61,good,toward_good,False
above_good,above_good/22,35,61,good,toward_bad,False
above_good,above_good/22,36,61,good,toward_bad,False
above_good,above_good/22,37,61,good,toward_good,False
above_good,above_good/22,38,61,good,toward_good,False
above_good,above_good/22,39,61,good,toward_bad,False
above_good,above_good/22,40,61,good,toward_bad,False
above_good,above_good/22,41,61,good,toward_good,False
above_good,above_good/22,42,61,good,toward_bad,False
above_good,above_good/22,43,61,bad,toward_good,False
above_good,above_good/22,44,61,good,toward_good,False
above_good,above_good/22,45,61,good,toward_bad,False
above_good,above_good/22,46,61,good,toward_bad,False
above_good,above_good/22,47,61,bad,toward_bad,False
above_good,above_good/22,48,61,bad,toward_bad,False
above_good,above_good/22,49,61,bad,toward_good,False
above_good,above_good/22,50,61,good,toward_bad,False
above_good,above_good/22,51,61,good,toward_good,False
above_good,above_good/22,52,61,good,toward_bad,False
above_good,above_good/22,53,61,good,toward_good,False
above_good,above_good/22,54,61,good,toward_bad,False
above_good,above_good/22,55,61,good,toward_good,False
above_good,above_good/22,56,61,good,toward_good,False
above_good,above_good/22,57,61,good,toward_bad,False
above_good,above_good/22,58,61,good,toward_good,False
above_good,above_good/22,59,61,good,toward_good,False
above_good,above_good/22,60,61,good,,True
above_good,above_good/23,0,4,bad,toward_good,False
above_good,above_good/23,1,4,bad,toward_good,False
above_good,above_good/23,2,4,bad,toward_good,False
above_good,above_good/23,3,4,good,,True
above_good,above_good/24,0,3,good,toward_bad,False
above_good,above_good/24,1,3,good,toward_bad,False
above_good,above_good/24,2,3,good,,True
above_good,above_good/25,0,4,good,toward_good,False
above_good,above_good/25,1,4,good,toward_bad,False
above_good,above_good/25,2,4,good,toward_bad,False
above_good,above_good/25,3,4,good,,True
above_good,above_good/26,0,1,good,,True
above_good,above_good/29,0,6,good,toward_bad,False
above_good,above_good/29,1,6,good,toward_bad,False
above_good,above_good/29,2,6,good,toward_bad,False
above_good,above_good/29,3,6,good,toward_good,False
above_good,above_good/29,4,6,good,toward_bad,False
above_good,above_good/29,5,6,good,,True
above_good,above_good/30,0,17,good,toward_good,False
above_good,above_good/30,1,17,good,toward_bad,False
above_good,above_good/30,2,17,good,toward_good,False
above_good,above_good/30,3,17,good,toward_bad,False
above_good,above_good/30,4,17,good,toward_good,False
above_good,above_good/30,5,17,good,toward_good,False
above_good,above_good/30,6,17,good,toward_bad,False
above_good,above_good/30,7,17,good,toward_bad,False
above_good,above_good/30,8,17,good,toward_good,False
above_good,above_good/30,9,17,good,toward_good,False
above_good,above_good/30,10,17,good,toward_good,False
above_good,above_good/30,11,17,good,toward_good,False
above_good,above_good/30,12,17,good,toward_bad,False
above_good,above_good/30,13,17,good,toward_good,False
above_good,above_good/30,14,17,good,toward_bad,False
above_good,above_good/30,15,17,good,toward_bad,False
above_good,above_good/30,16,17,good,,True
above_good,above_good/31,0,1,good,,True
above_good,above_good/32,0,1,good,,True
above_good,above_good/33,0,1,good,,True
above_good,above_good/34,0,1,good,,True
above_good,above_good/35,0,8,bad,toward_good,False
above_good,above_good/35,1,8,bad,toward_good,False
above_good,above_good/35,2,8,bad,toward_good,False
above_good,above_good/35,3,8,good,toward_bad,False
above_good,above_good/35,4,8,good,toward_good,False
above_good,above_good/35,5,8,good,toward_good,False
above_good,above_good/35,6,8,good,toward_bad,False
above_good,above_good/35,7,8,good,,True
above_good,above_good/36,0,2,good,toward_bad,False
above_good,above_good/36,1,2,bad,,True
above_good,above_good/37,0,1,good,,True
above_good,above_good/38,0,7,good,toward_good,False
above_good,above_good/38,1,7,good,toward_good,False
above_good,above_good/38,2,7,good,toward_bad,False
above_good,above_good/38,3,7,good,toward_bad,False
above_good,above_good/38,4,7,good,toward_bad,False
above_good,above_good/38,5,7,good,toward_good,False
above_good,above_good/38,6,7,good,,True
above_good,above_good/39,0,1,good,,True
above_good,above_good/40,0,4,bad,toward_good,False
above_good,above_good/40,1,4,bad,toward_bad,False
above_good,above_good/40,2,4,bad,toward_good,False
above_good,above_good/40,3,4,bad,,True
above_good,above_good/41,0,8,good,toward_bad,False
above_good,above_good/41,1,8,good,toward_good,False
above_good,above_good/41,2,8,good,toward_bad,False
above_good,above_good/41,3,8,good,toward_good,False
above_good,above_good/41,4,8,good,toward_good,False
above_good,above_good/41,5,8,good,toward_bad,False
above_good,above_good/41,6,8,good,toward_bad,False
above_good,above_good/41,7,8,good,,True
above_good,above_good/42,0,4,good,toward_good,False
above_good,above_good/42,1,4,good,toward_bad,False
above_good,above_good/42,2,4,good,toward_good,False
above_good,above_good/42,3,4,good,,True
above_good,above_good/43,0,7,good,toward_good,False
above_good,above_good/43,1,7,good,toward_bad,False
above_good,above_good/43,2,7,good,toward_good,False
above_good,above_good/43,3,7,good,toward_good,False
above_good,above_good/43,4,7,good,toward_bad,False
above_good,above_good/43,5,7,good,toward_bad,False
above_good,above_good/43,6,7,good,,True
above_good,above_good/44,0,1,good,,True
above_good,above_good/45,0,1,good,,True
above_good,above_good/46,0,2,good,toward_good,False
above_good,above_good/46,1,2,good,,True
above_good,above_good/47,0,1,bad,,True
above_good,above_good/48,0,1,good,,True
above_good,above_good/49,0,4,good,toward_bad,False
above_good,above_good/49,1,4,good,toward_good,False
above_good,above_good/49,2,4,good,toward_bad,False
above_good,above_good/49,3,4,good,,True
above_good,above_good/50,0,1,good,,True
above_good,above_good/51,0,13,bad,toward_good,False
above_good,above_good/51,1,13,bad,toward_good,False
above_good,above_good/51,2,13,good,toward_good,False
above_good,above_good/51,3,13,good,toward_bad,False
above_good,above_good/51,4,13,good,toward_bad,False
above_good,above_good/51,5,13,good,toward_good,False
above_good,above_good/51,6,13,good,toward_bad,False
above_good,above_good/51,7,13,good,toward_bad,False
above_good,above_good/51,8,13,good,toward_good,False
above_good,above_good/51,9,13,good,toward_good,False
above_good,above_good/51,10,13,good,toward_bad,False
above_good,above_good/51,11,13,good,toward_good,False
above_good,above_good/51,12,13,good,,True
above_good,above_good/52,0,23,bad,toward_good,False
above_good,above_good/52,1,23,bad,toward_good,False
above_good,above_good/52,2,23,good,toward_bad,False
above_good,above_good/52,3,23,bad,toward_bad,False
above_good,above_good/52,4,23,bad,toward_good,False
above_good,above_good/52,5,23,bad,toward_good,False
above_good,above_good/52,6,23,bad,toward_good,False
above_good,above_good/52,7,23,bad,toward_good,False
above_good,above_good/52,8,23,bad,toward_good,False
above_good,above_good/52,9,23,bad,toward_bad,False
above_good,above_good/52,10,23,bad,toward_good,False
above_good,above_good/52,11,23,bad,toward_bad,False
above_good,above_good/52,12,23,bad,toward_bad,False
above_good,above_good/52,13,23,bad,toward_good,False
above_good,above_good/52,14,23,bad,toward_good,False
above_good,above_good/52,15,23,bad,toward_bad,False
above_good,above_good/52,16,23,bad,toward_good,False
above_good,above_good/52,17,23,bad,toward_bad,False
above_good,above_good/52,18,23,bad,toward_bad,False
above_good,above_good/52,19,23,bad,toward_bad,False
above_good,above_good/52,20,23,bad,toward_good,False
above_good,above_good/52,21,23,bad,toward_good,False
above_good,above_good/52,22,23,bad,,True
above_good,above_good/53,0,3,good,toward_good,False
above_good,above_good/53,1,3,good,toward_bad,False
above_good,above_good/53,2,3,good,,True
above_good,above_good/55,0,1,bad,,True
above_good,above_good/56,0,34,bad,toward_good,False
above_good,above_good/56,1,34,bad,toward_good,False
above_good,above_good/56,2,34,bad,toward_good,False
above_good,above_good/56,3,34,bad,toward_good,False
above_good,above_good/56,4,34,bad,toward_good,False
above_good,above_good/56,5,34,bad,toward_bad,False
above_good,above_good/56,6,34,bad,toward_good,False
above_good,above_good/56,7,34,bad,toward_bad,False
above_good,above_good/56,8,34,bad,toward_good,False
above_good,above_good/56,9,34,bad,toward_bad,False
above_good,above_good/56,10,34,bad,toward_good,False
above_good,above_good/56,11,34,bad,toward_good,False
above_good,above_good/56,12,34,bad,toward_good,False
above_good,above_good/56,13,34,bad,toward_good,False
above_good,above_good/56,14,34,bad,toward_bad,False
above_good,above_good/56,15,34,bad,toward_good,False
above_good,above_good/56,16,34,bad,toward_bad,False
above_good,above_good/56,17,34,bad,toward_bad,False
above_good,above_good/56,18,34,bad,toward_good,False
above_good,above_good/56,19,34,bad,toward_bad,False
above_good,above_good/56,20,34,bad,toward_good,False
above_good,above_good/56,21,34,bad,toward_good,False
above_good,above_good/56,22,34,bad,toward_good,False
above_good,above_good/56,23,34,bad,toward_good,False
above_good,above_good/56,24,34,bad,toward_bad,False
above_good,above_good/56,25,34,bad,toward_good,False
above_good,above_good/56,26,34,bad,toward_bad,False
above_good,above_good/56,27,34,bad,toward_good,False
above_good,above_good/56,28,34,bad,toward_good,False
above_good,above_good/56,29,34,good,toward_good,False
above_good,above_good/56,30,34,good,toward_bad,False
above_good,above_good/56,31,34,bad,toward_bad,False
above_good,above_good/56,32,34,bad,toward_bad,False
above_good,above_good/56,33,34,bad,,True
above_good,above_good/58,0,29,bad,toward_good,False
above_good,above_good/58,1,29,bad,toward_good,False
above_good,above_good/58,2,29,bad,toward_good,False
above_good,above_good/58,3,29,good,toward_bad,False
above_good,above_good/58,4,29,bad,toward_good,False
above_good,above_good/58,5,29,good,toward_bad,False
above_good,above_good/58,6,29,bad,toward_good,False
above_good,above_good/58,7,29,good,toward_bad,False
above_good,above_good/58,8,29,bad,toward_good,False
above_good,above_good/58,9,29,good,toward_bad,False
above_good,above_good/58,10,29,bad,toward_good,False
above_good,above_good/58,11,29,good,toward_bad,False
above_good,above_good/58,12,29,bad,toward_good,False
above_good,above_good/58,13,29,good,toward_bad,False
above_good,above_good/58,14,29,bad,toward_bad,False
above_good,above_good/58,15,29,bad,toward_good,False
above_good,above_good/58,16,29,bad,toward_good,False
above_good,above_good/58,17,29,good,toward_good,False
above_good,above_good/58,18,29,good,toward_bad,False
above_good,above_good/58,19,29,bad,toward_good,False
above_good,above_good/58,20,29,good,toward_good,False
above_good,above_good/58,21,29,good,toward_bad,False
above_good,above_good/58,22,29,good,toward_good,False
above_good,above_good/58,23,29,good,toward_good,False
above_good,above_good/58,24,29,good,toward_bad,False
above_good,above_good/58,25,29,good,toward_good,False
above_good,above_good/58,26,29,good,toward_good,False
above_good,above_good/58,27,29,good,toward_bad,False
above_good,above_good/58,28,29,good,,True
above_good,above_good/59,0,1,good,,True
above_good,above_good/60,0,10,good,toward_good,False
above_good,above_good/60,1,10,good,toward_good,False
above_good,above_good/60,2,10,good,toward_bad,False
above_good,above_good/60,3,10,good,toward_good,False
above_good,above_good/60,4,10,good,toward_bad,False
above_good,above_good/60,5,10,good,toward_bad,False
above_good,above_good/60,6,10,good,toward_good,False
above_good,above_good/60,7,10,good,toward_good,False
above_good,above_good/60,8,10,good,toward_bad,False
above_good,above_good/60,9,10,good,,True
above_good,above_good/61,0,5,bad,toward_good,False
above_good,above_good/61,1,5,bad,toward_good,False
above_good,above_good/61,2,5,good,toward_bad,False
above_good,above_good/61,3,5,bad,toward_good,False
above_good,above_good/61,4,5,good,,True
above_good,above_good/62,0,1,bad,,True
above_good,above_good/63,0,1,good,,True
above_good,above_good/64,0,31,good,toward_good,False
above_good,above_good/64,1,31,good,toward_good,False
above_good,above_good/64,2,31,good,toward_bad,False
above_good,above_good/64,3,31,good,toward_good,False
above_good,above_good/64,4,31,good,toward_good,False
above_good,above_good/64,5,31,good,toward_good,False
above_good,above_good/64,6,31,good,toward_bad,False
above_good,above_good/64,7,31,good,toward_good,False
above_good,above_good/64,8,31,good,toward_bad,False
above_good,above_good/64,9,31,good,toward_good,False
above_good,above_good/64,10,31,good,toward_good,False
above_good,above_good/64,11,31,good,toward_bad,False
above_good,above_good/64,12,31,good,toward_good,False
above_good,above_good/64,13,31,good,toward_good,False
above_good,above_good/64,14,31,good,toward_bad,False
above_good,above_good/64,15,31,good,toward_good,False
above_good,above_good/64,16,31,good,toward_bad,False
above_good,above_good/64,17,31,good,toward_bad,False
above_good,above_good/64,18,31,good,toward_good,False
above_good,above_good/64,19,31,good,toward_good,False
above_good,above_good/64,20,31,good,toward_good,False
above_good,above_good/64,21,31,good,toward_good,False
above_good,above_good/64,22,31,good,toward_good,False
above_good,above_good/64,23,31,good,toward_good,False
above_good,above_good/64,24,31,good,toward_bad,False
above_good,above_good/64,25,31,good,toward_bad,False
above_good,above_good/64,26,31,good,toward_good,False
above_good,above_good/64,27,31,good,toward_bad,False
above_good,above_good/64,28,31,good,toward_good,False
above_good,above_good/64,29,31,good,toward_bad,False
above_good,above_good/64,30,31,good,,True
above_good,above_good/65,0,18,bad,toward_good,False
above_good,above_good/65,1,18,bad,toward_good,False
above_good,above_good/65,2,18,good,toward_bad,False
above_good,above_good/65,3,18,bad,toward_good,False
above_good,above_good/65,4,18,bad,toward_good,False
above_good,above_good/65,5,18,good,toward_bad,False
above_good,above_good/65,6,18,good,toward_bad,False
above_good,above_good/65,7,18,bad,toward_good,False
above_good,above_good/65,8,18,bad,toward_good,False
above_good,above_good/65,9,18,bad,toward_good,False
above_good,above_good/65,10,18,bad,toward_bad,False
above_good,above_good/65,11,18,bad,toward_good,False
above_good,above_good/65,12,18,good,toward_good,False
above_good,above_good/65,13,18,good,toward_bad,False
above_good,above_good/65,14,18,good,toward_good,False
above_good,above_good/65,15,18,good,toward_bad,False
above_good,above_good/65,16,18,good,toward_good,False
above_good,above_good/65,17,18,good,,True
above_good,above_good/68,0,10,bad,toward_good,False
above_good,above_good/68,1,10,bad,toward_good,False
above_good,above_good/68,2,10,bad,toward_bad,False
above_good,above_good/68,3,10,bad,toward_bad,False
above_good,above_good/68,4,10,bad,toward_bad,False
above_good,above_good/68,5,10,bad,toward_good,False
above_good,above_good/68,6,10,bad,toward_good,False
above_good,above_good/68,7,10,bad,toward_good,False
above_good,above_good/68,8,10,good,toward_bad,False
above_good,above_good/68,9,10,good,,True
above_good,above_good/69,0,1,good,,True
above_good,above_good/70,0,14,bad,toward_good,False
above_good,above_good/70,1,14,bad,toward_good,False
above_good,above_good/70,2,14,good,toward_bad,False
above_good,above_good/70,3,14,bad,toward_good,False
above_good,above_good/70,4,14,bad,toward_good,False
above_good,above_good/70,5,14,good,toward_bad,False
above_good,above_good/70,6,14,bad,toward_good,False
above_good,above_good/70,7,14,good,toward_bad,False
above_good,above_good/70,8,14,bad,toward_good,False
above_good,above_good/70,9,14,bad,toward_good,False
above_good,above_good/70,10,14,good,toward_good,False
above_good,above_good/70,11,14,good,toward_bad,False
above_good,above_good/70,12,14,good,toward_bad,False
above_good,above_good/70,13,14,good,,True
above_good,above_good/72,0,14,bad,toward_good,False
above_good,above_good/72,1,14,bad,toward_good,False
above_good,above_good/72,2,14,bad,toward_good,False
above_good,above_good/72,3,14,bad,toward_good,False
above_good,above_good/72,4,14,bad,toward_good,False
above_good,above_good/72,5,14,bad,toward_bad,False
above_good,above_good/72,6,14,bad,toward_good,False
above_good,above_good/72,7,14,bad,toward_good,False
above_good,above_good/72,8,14,bad,toward_bad,False
above_good,above_good/72,9,14,bad,toward_good,False
above_good,above_good/72,10,14,bad,toward_good,False
above_good,above_good/72,11,14,bad,toward_bad,False
above_good,above_good/72,12,14,bad,toward_good,False
above_good,above_good/72,13,14,bad,,True
above_good,above_good/73,0,12,bad,toward_good,False
above_good,above_good/73,1,12,bad,toward_bad,False
above_good,above_good/73,2,12,bad,toward_good,False
above_good,above_good/73,3,12,good,toward_good,False
above_good,above_good/73,4,12,good,toward_bad,False
above_good,above_good/73,5,12,good,toward_bad,False
above_good,above_good/73,6,12,good,toward_good,False
above_good,above_good/73,7,12,good,toward_good,False
above_good,above_good/73,8,12,good,toward_bad,False
above_good,above_good/73,9,12,good,toward_good,False
above_good,above_good/73,10,12,good,toward_good,False
above_good,above_good/73,11,12,good,,True
above_good,above_good/74,0,1,good,,True
above_good,above_good/75,0,20,good,toward_bad,False
above_good,above_good/75,1,20,good,toward_bad,False
above_good,above_good/75,2,20,good,toward_bad,False
above_good,above_good/75,3,20,good,toward_bad,False
above_good,above_good/75,4,20,bad,toward_good,False
above_good,above_good/75,5,20,good,toward_good,False
above_good,above_good/75,6,20,good,toward_bad,False
above_good,above_good/75,7,20,good,toward_bad,False
above_good,above_good/75,8,20,good,toward_bad,False
above_good,above_good/75,9,20,good,toward_bad,False
above_good,above_good/75,10,20,good,toward_good,False
above_good,above_good/75,11,20,good,toward_bad,False
above_good,above_good/75,12,20,good,toward_good,False
above_good,above_good/75,13,20,good,toward_good,False
above_good,above_good/75,14,20,good,toward_bad,False
above_good,above_good/75,15,20,good,toward_good,False
above_good,above_good/75,16,20,good,toward_bad,False
above_good,above_good/75,17,20,good,toward_bad,False
above_good,above_good/75,18,20,good,toward_good,False
above_good,above_good/75,19,20,good,,True
above_good,above_good/76,0,32,good,toward_bad,False
above_good,above_good/76,1,32,good,toward_bad,False
above_good,above_good/76,2,32,good,toward_bad,False
above_good,above_good/76,3,32,good,toward_bad,False
above_good,above_good/76,4,32,bad,toward_good,False
above_good,above_good/76,5,32,good,toward_good,False
above_good,above_good/76,6,32,good,toward_good,False
above_good,above_good/76,7,32,good,toward_bad,False
above_good,above_good/76,8,32,good,toward_good,False
above_good,above_good/76,9,32,good,toward_bad,False
above_good,above_good/76,10,32,good,toward_good,False
above_good,above_good/76,11,32,good,toward_good,False
above_good,above_good/76,12,32,good,toward_good,False
above_good,above_good/76,13,32,good,toward_bad,False
above_good,above_good/76,14,32,good,toward_bad,False
above_good,above_good/76,15,32,good,toward_good,False
above_good,above_good/76,16,32,good,toward_bad,False
above_good,above_good/76,17,32,good,toward_good,False
above_good,above_good/76,18,32,good,toward_bad,False
above_good,above_good/76,19,32,good,toward_bad,False
above_good,above_good/76,20,32,good,toward_good,False
above_good,above_good/76,21,32,good,toward_bad,False
above_good,above_good/76,22,32,good,toward_bad,False
above_good,above_good/76,23,32,good,toward_good,False
above_good,above_good/76,24,32,good,toward_bad,False
above_good,above_good/76,25,32,good,toward_bad,False
above_good,above_good/76,26,32,good,toward_bad,False
above_good,above_good/76,27,32,good,toward_bad,False
above_good,above_good/76,28,32,good,toward_good,False
above_good,above_good/76,29,32,good,toward_good,False
above_good,above_good/76,30,32,good,toward_bad,False
above_good,above_good/76,31,32,good,,True
above_good,above_good/77,0,1,good,,True
above_good,above_good/78,0,23,good,toward_bad,False
above_good,above_good/78,1,23,good,toward_good,False
above_good,above_good/78,2,23,good,toward_bad,False
above_good,above_good/78,3,23,good,toward_good,False
above_good,above_good/78,4,23,good,toward_bad,False
above_good,above_good/78,5,23,good,toward_bad,False
above_good,above_good/78,6,23,bad,toward_good,False
above_good,above_good/78,7,23,good,toward_bad,False
above_good,above_good/78,8,23,good,toward_good,False
above_good,above_good/78,9,23,good,toward_bad,False
above_good,above_good/78,10,23,good,toward_good,False
above_good,above_good/78,11,23,good,toward_good,False
above_good,above_good/78,12,23,good,toward_bad,False
above_good,above_good/78,13,23,good,toward_bad,False
above_good,above_good/78,14,23,good,toward_bad,False
above_good,above_good/78,15,23,good,toward_bad,False
above_good,above_good/78,16,23,good,toward_bad,False
above_good,above_good/78,17,23,good,toward_good,False
above_good,above_good/78,18,23,good,toward_bad,False
above_good,above_good/78,19,23,good,toward_bad,False
above_good,above_good/78,20,23,good,toward_good,False
above_good,above_good/78,21,23,good,toward_bad,False
above_good,above_good/78,22,23,good,,True
above_good,above_good/79,0,1,good,,True
above_good,above_good/80,0,1,good,,True
above_good,above_good/81,0,2,good,toward_good,False
above_good,above_good/81,1,2,good,,True
above_good,above_good/82,0,12,bad,toward_good,False
above_good,above_good/82,1,12,good,toward_good,False
above_good,above_good/82,2,12,good,toward_bad,False
above_good,above_good/82,3,12,good,toward_bad,False
above_good,above_good/82,4,12,good,toward_good,False
above_good,above_good/82,5,12,good,toward_bad,False
above_good,above_good/82,6,12,good,toward_good,False
above_good,above_good/82,7,12,good,toward_bad,False
above_good,above_good/82,8,12,good,toward_bad,False
above_good,above_good/82,9,12,bad,toward_good,False
above_good,above_good/82,10,12,good,toward_good,False
above_good,above_good/82,11,12,good,,True
above_good,above_good/83,0,4,good,toward_bad,False
above_good,above_good/83,1,4,good,toward_good,False
above_good,above_good/83,2,4,good,toward_bad,False
above_good,above_good/83,3,4,good,,True
above_good,above_good/84,0,15,good,toward_bad,False
above_good,above_good/84,1,15,good,toward_bad,False
above_good,above_good/84,2,15,good,toward_good,False
above_good,above_good/84,3,15,good,toward_good,False
above_good,above_good/84,4,15,good,toward_good,False
above_good,above_good/84,5,15,good,toward_bad,False
above_good,above_good/84,6,15,good,toward_good,False
above_good,above_good/84,7,15,good,toward_bad,False
above_good,above_good/84,8,15,good,toward_bad,False
above_good,above_good/84,9,15,good,toward_good,False
above_good,above_good/84,10,15,good,toward_good,False
above_good,above_good/84,11,15,good,toward_bad,False
above_good,above_good/84,12,15,good,toward_good,False
above_good,above_good/84,13,15,good,toward_bad,False
above_good,above_good/84,14,15,good,,True
above_good,above_good/85,0,19,bad,toward_good,False
above_good,above_good/85,1,19,bad,toward_good,False
above_good,above_good/85,2,19,bad,toward_good,False
above_good,above_good/85,3,19,bad,toward_good,False
above_good,above_good/85,4,19,bad,toward_good,False
above_good,above_good/85,5,19,bad,toward_bad,False
above_good,above_good/85,6,19,bad,toward_good,False
above_good,above_good/85,7,19,bad,toward_good,False
above_good,above_good/85,8,19,bad,toward_bad,False
above_good,above_good/85,9,19,bad,toward_bad,False
above_good,above_good/85,10,19,bad,toward_good,False
above_good,above_good/85,11,19,bad,toward_good,False
above_good,above_good/85,12,19,bad,toward_bad,False
above_good,above_good/85,13,19,bad,toward_good,False
above_good,above_good/85,14,19,bad,toward_bad,False
above_good,above_good/85,15,19,bad,toward_good,False
above_good,above_good/85,16,19,bad,toward_good,False
above_good,above_good/85,17,19,bad,toward_bad,False
above_good,above_good/85,18,19,bad,,True
above_good,above_good/86,0,1,bad,,True
above_good,above_good/88,0,3,good,toward_good,False
above_good,above_good/88,1,3,good,toward_bad,False
above_good,above_good/88,2,3,good,,True
above_good,above_good/89,0,2,bad,toward_good,False
above_good,above_good/89,1,2,good,,True
above_good,above_good/90,0,1,good,,True
above_good,above_good/91,0,1,bad,,True
above_good,above_good/92,0,1,good,,True
above_good,above_good/93,0,1,bad,,True
above_good,above_good/94,0,1,good,,True
above_good,above_good/95,0,4,good,toward_bad,False
above_good,above_good/95,1,4,good,toward_good,False
above_good,above_good/95,2,4,good,toward_bad,False
above_good,above_good/95,3,4,good,,True
above_good,above_good/96,0,7,bad,toward_good,False
above_good,above_good/96,1,7,good,toward_bad,False
above_good,above_good/96,2,7,good,toward_bad,False
above_good,above_good/96,3,7,good,toward_bad,False
above_good,above_good/96,4,7,good,toward_good,False
above_good,above_good/96,5,7,good,toward_bad,False
above_good,above_good/96,6,7,good,,True
above_good,above_good/97,0,1,good,,True
above_good,above_good/98,0,1,good,,True
above_good,above_good/99,0,20,good,toward_bad,False
above_good,above_good/99,1,20,bad,toward_good,False
above_good,above_good/99,2,20,good,toward_bad,False
above_good,above_good/99,3,20,bad,toward_good,False
above_good,above_good/99,4,20,good,toward_good,False
above_good,above_good/99,5,20,good,toward_bad,False
above_good,above_good/99,6,20,good,toward_bad,False
above_good,above_good/99,7,20,bad,toward_bad,False
above_good,above_good/99,8,20,bad,toward_good,False
above_good,above_good/99,9,20,bad,toward_good,False
above_good,above_good/99,10,20,good,toward_bad,False
above_good,above_good/99,11,20,good,toward_good,False
above_good,above_good/99,12,20,good,toward_bad,False
above_good,above_good/99,13,20,good,toward_good,False
above_good,above_good/99,14,20,good,toward_bad,False
above_good,above_good/99,15,20,bad,toward_good,False
above_good,above_good/99,16,20,good,toward_good,False
above_good,above_good/99,17,20,good,toward_bad,False
above_good,above_good/99,18,20,bad,toward_good,False
above_good,above_good/99,19,20,good,,True
