group,rollout,t,K,side,move,is_last
baseline[good=above],baseline/0,0,35,bad,toward_bad,False
baseline[good=above],baseline/0,1,35,bad,toward_good,False
baseline[good=above],baseline/0,2,35,bad,toward_bad,False
baseline[good=above],baseline/0,3,35,bad,toward_bad,False
baseline[good=above],baseline/0,4,35,bad,toward_good,False
baseline[good=above],baseline/0,5,35,bad,toward_bad,False
baseline[good=above],baseline/0,6,35,bad,toward_good,False
baseline[good=above],baseline/0,7,35,bad,toward_good,False
baseline[good=above],baseline/0,8,35,bad,toward_bad,False
baseline[good=above],baseline/0,9,35,bad,toward_bad,False
baseline[good=above],baseline/0,10,35,bad,toward_good,False
baseline[good=above],baseline/0,11,35,bad,toward_bad,False
baseline[good=above],baseline/0,12,35,bad,toward_good,False
baseline[good=above],baseline/0,13,35,bad,toward_bad,False
baseline[good=above],baseline/0,14,35,bad,toward_bad,False
baseline[good=above],baseline/0,15,35,bad,toward_bad,False
baseline[good=above],baseline/0,16,35,bad,toward_good,False
baseline[good=above],baseline/0,17,35,bad,toward_bad,False
baseline[good=above],baseline/0,18,35,bad,toward_bad,False
baseline[good=above],baseline/0,19,35,bad,toward_good,False
baseline[good=above],baseline/0,20,35,bad,toward_bad,False
baseline[good=above],baseline/0,21,35,bad,toward_bad,False
baseline[good=above],baseline/0,22,35,bad,toward_bad,False
baseline[good=above],baseline/0,23,35,bad,toward_good,False
baseline[good=above],baseline/0,24,35,bad,toward_bad,False
baseline[good=above],baseline/0,25,35,bad,toward_good,False
baseline[good=above],baseline/0,26,35,bad,toward_bad,False
baseline[good=above],baseline/0,27,35,bad,toward_good,False
baseline[good=above],baseline/0,28,35,bad,toward_bad,False
baseline[good=above],baseline/0,29,35,bad,toward_good,False
baseline[good=above],baseline/0,30,35,bad,toward_good,False
baseline[good=above],baseline/0,31,35,bad,toward_good,False
baseline[good=above],baseline/0,32,35,bad,toward_bad,False
baseline[good=above],baseline/0,33,35,bad,toward_good,False
baseline[good=above],baseline/0,34,35,bad,,True
baseline[good=below],baseline/0,0,35,good,toward_good,False
baseline[good=below],baseline/0,1,35,good,toward_bad,False
baseline[good=below],baseline/0,2,35,good,toward_good,False
baseline[good=below],baseline/0,3,35,good,toward_good,False
baseline[good=below],baseline/0,4,35,good,toward_bad,False
baseline[good=below],baseline/0,5,35,good,toward_good,False
baseline[good=below],baseline/0,6,35,good,toward_bad,False
baseline[good=below],baseline/0,7,35,good,toward_bad,False
baseline[good=below],baseline/0,8,35,good,toward_good,False
baseline[good=below],baseline/0,9,35,good,toward_good,False
baseline[good=below],baseline/0,10,35,good,toward_bad,False
baseline[good=below],baseline/0,11,35,good,toward_good,False
baseline[good=below],baseline/0,12,35,good,toward_bad,False
baseline[good=below],baseline/0,13,35,good,toward_good,False
baseline[good=below],baseline/0,14,35,good,toward_good,False
baseline[good=below],baseline/0,15,35,good,toward_good,False
baseline[good=below],baseline/0,16,35,good,toward_bad,False
baseline[good=below],baseline/0,17,35,good,toward_good,False
baseline[good=below],baseline/0,18,35,good,toward_good,False
baseline[good=below],baseline/0,19,35,good,toward_bad,False
baseline[good=below],baseline/0,20,35,good,toward_good,False
baseline[good=below],baseline/0,21,35,good,toward_good,False
baseline[good=below],baseline/0,22,35,good,toward_good,False
baseline[good=below],baseline/0,23,35,good,toward_bad,False
baseline[good=below],baseline/0,24,35,good,toward_good,False
baseline[good=below],baseline/0,25,35,good,toward_bad,False
baseline[good=below],baseline/0,26,35,good,toward_good,False
baseline[good=below],baseline/0,27,35,good,toward_bad,False
baseline[good=below],baseline/0,28,35,good,toward_good,False
baseline[good=below],baseline/0,29,35,good,toward_bad,False
baseline[good=below],baseline/0,30,35,good,toward_bad,False
baseline[good=below],baseline/0,31,35,good,toward_bad,False
baseline[good=below],baseline/0,32,35,good,toward_good,False
baseline[good=below],baseline/0,33,35,good,toward_bad,False
baseline[good=below],baseline/0,34,35,good,,True
baseline[good=above],baseline/2,0,43,good,toward_bad,False
baseline[good=above],baseline/2,1,43,bad,toward_good,False
baseline[good=above],baseline/2,2,43,good,toward_bad,False
baseline[good=above],baseline/2,3,43,bad,toward_good,False
baseline[good=above],baseline/2,4,43,good,toward_bad,False
baseline[good=above],baseline/2,5,43,bad,toward_bad,False
baseline[good=above],baseline/2,6,43,bad,toward_good,False
baseline[good=above],baseline/2,7,43,bad,toward_bad,False
baseline[good=above],baseline/2,8,43,bad,toward_good,False
baseline[good=above],baseline/2,9,43,bad,toward_good,False
baseline[good=above],baseline/2,10,43,bad,toward_good,False
baseline[good=above],baseline/2,11,43,bad,toward_good,False
baseline[good=above],baseline/2,12,43,good,toward_good,False
baseline[good=above],baseline/2,13,43,good,toward_bad,False
baseline[good=above],baseline/2,14,43,bad,toward_good,False
baseline[good=above],baseline/2,15,43,bad,toward_good,False
baseline[good=above],baseline/2,16,43,good,toward_bad,False
baseline[good=above],baseline/2,17,43,good,toward_bad,False
baseline[good=above],baseline/2,18,43,good,toward_bad,False
baseline[good=above],baseline/2,19,43,bad,toward_bad,False
baseline[good=above],baseline/2,20,43,bad,toward_good,False
baseline[good=above],baseline/2,21,43,good,toward_bad,False
baseline[good=above],baseline/2,22,43,bad,toward_bad,False
baseline[good=above],baseline/2,23,43,bad,toward_good,False
baseline[good=above],baseline/2,24,43,bad,toward_bad,False
baseline[good=above],baseline/2,25,43,bad,toward_good,False
baseline[good=above],baseline/2,26,43,bad,toward_bad,False
baseline[good=above],baseline/2,27,43,bad,toward_good,False
baseline[good=above],baseline/2,28,43,good,toward_bad,False
baseline[good=above],baseline/2,29,43,bad,toward_good,False
baseline[good=above],baseline/2,30,43,bad,toward_good,False
baseline[good=above],baseline/2,31,43,bad,toward_good,False
baseline[good=above],baseline/2,32,43,good,toward_good,False
baseline[good=above],baseline/2,33,43,good,toward_good,False
baseline[good=above],baseline/2,34,43,good,toward_bad,False
baseline[good=above],baseline/2,35,43,bad,toward_bad,False
baseline[good=above],baseline/2,36,43,bad,toward_good,False
baseline[good=above],baseline/2,37,43,bad,toward_bad,False
baseline[good=above],baseline/2,38,43,bad,toward_good,False
baseline[good=above],baseline/2,39,43,bad,toward_good,False
baseline[good=above],baseline/2,40,43,bad,toward_bad,False
baseline[good=above],baseline/2,41,43,bad,toward_good,False
baseline[good=above],baseline/2,42,43,bad,,True
baseline[good=below],baseline/2,0,43,bad,toward_good,False
baseline[good=below],baseline/2,1,43,good,toward_bad,False
baseline[good=below],baseline/2,2,43,bad,toward_good,False
baseline[good=below],baseline/2,3,43,good,toward_bad,False
baseline[good=below],baseline/2,4,43,bad,toward_good,False
baseline[good=below],baseline/2,5,43,good,toward_good,False
baseline[good=below],baseline/2,6,43,good,toward_bad,False
baseline[good=below],baseline/2,7,43,good,toward_good,False
baseline[good=below],baseline/2,8,43,good,toward_bad,False
baseline[good=below],baseline/2,9,43,good,toward_bad,False
baseline[good=below],baseline/2,10,43,good,toward_bad,False
baseline[good=below],baseline/2,11,43,good,toward_bad,False
baseline[good=below],baseline/2,12,43,bad,toward_bad,False
baseline[good=below],baseline/2,13,43,bad,toward_good,False
baseline[good=below],baseline/2,14,43,good,toward_bad,False
baseline[good=below],baseline/2,15,43,good,toward_bad,False
baseline[good=below],baseline/2,16,43,bad,toward_good,False
baseline[good=below],baseline/2,17,43,bad,toward_good,False
baseline[good=below],baseline/2,18,43,bad,toward_good,False
baseline[good=below],baseline/2,19,43,good,toward_good,False
baseline[good=below],baseline/2,20,43,good,toward_bad,False
baseline[good=below],baseline/2,21,43,bad,toward_good,False
baseline[good=below],baseline/2,22,43,good,toward_good,False
baseline[good=below],baseline/2,23,43,good,toward_bad,False
baseline[good=below],baseline/2,24,43,good,toward_good,False
baseline[good=below],baseline/2,25,43,good,toward_bad,False
baseline[good=below],baseline/2,26,43,good,toward_good,False
baseline[good=below],baseline/2,27,43,good,toward_bad,False
baseline[good=below],baseline/2,28,43,bad,toward_good,False
baseline[good=below],baseline/2,29,43,good,toward_bad,False
baseline[good=below],baseline/2,30,43,good,toward_bad,False
baseline[good=below],baseline/2,31,43,good,toward_bad,False
baseline[good=below],baseline/2,32,43,bad,toward_bad,False
baseline[good=below],baseline/2,33,43,bad,toward_bad,False
baseline[good=below],baseline/2,34,43,bad,toward_good,False
baseline[good=below],baseline/2,35,43,good,toward_good,False
baseline[good=below],baseline/2,36,43,good,toward_bad,False
baseline[good=below],baseline/2,37,43,good,toward_good,False
baseline[good=below],baseline/2,38,43,good,toward_bad,False
baseline[good=below],baseline/2,39,43,good,toward_bad,False
baseline[good=below],baseline/2,40,43,good,toward_good,False
baseline[good=below],baseline/2,41,43,good,toward_bad,False
baseline[good=below],baseline/2,42,43,good,,True
baseline[good=above],baseline/3,0,22,good,toward_bad,False
baseline[good=above],baseline/3,1,22,good,toward_bad,False
baseline[good=above],baseline/3,2,22,bad,toward_good,False
baseline[good=above],baseline/3,3,22,good,toward_good,False
baseline[good=above],baseline/3,4,22,good,toward_good,False
baseline[good=above],baseline/3,5,22,good,toward_bad,False
baseline[good=above],baseline/3,6,22,good,toward_bad,False
baseline[good=above],baseline/3,7,22,good,toward_bad,False
baseline[good=above],baseline/3,8,22,good,toward_good,False
baseline[good=above],baseline/3,9,22,good,toward_good,False
baseline[good=above],baseline/3,10,22,good,toward_bad,False
baseline[good=above],baseline/3,11,22,good,toward_good,False
baseline[good=above],baseline/3,12,22,good,toward_bad,False
baseline[good=above],baseline/3,13,22,good,toward_bad,False
baseline[good=above],baseline/3,14,22,good,toward_good,False
baseline[good=above],baseline/3,15,22,good,toward_bad,False
baseline[good=above],baseline/3,16,22,good,toward_bad,False
baseline[good=above],baseline/3,17,22,good,toward_good,False
baseline[good=above],baseline/3,18,22,good,toward_good,False
baseline[good=above],baseline/3,19,22,good,toward_bad,False
baseline[good=above],baseline/3,20,22,good,toward_good,False
baseline[good=above],baseline/3,21,22,good,,True
baseline[good=below],baseline/3,0,22,bad,toward_good,False
baseline[good=below],baseline/3,1,22,bad,toward_good,False
baseline[good=below],baseline/3,2,22,good,toward_bad,False
baseline[good=below],baseline/3,3,22,bad,toward_bad,False
baseline[good=below],baseline/3,4,22,bad,toward_bad,False
baseline[good=below],baseline/3,5,22,bad,toward_good,False
baseline[good=below],baseline/3,6,22,bad,toward_good,False
baseline[good=below],baseline/3,7,22,bad,toward_good,False
baseline[good=below],baseline/3,8,22,bad,toward_bad,False
baseline[good=below],baseline/3,9,22,bad,toward_bad,False
baseline[good=below],baseline/3,10,22,bad,toward_good,False
baseline[good=below],baseline/3,11,22,bad,toward_bad,False
baseline[good=below],baseline/3,12,22,bad,toward_good,False
baseline[good=below],baseline/3,13,22,bad,toward_good,False
baseline[good=below],baseline/3,14,22,bad,toward_bad,False
baseline[good=below],baseline/3,15,22,bad,toward_good,False
baseline[good=below],baseline/3,16,22,bad,toward_good,False
baseline[good=below],baseline/3,17,22,bad,toward_bad,False
baseline[good=below],baseline/3,18,22,bad,toward_bad,False
baseline[good=below],baseline/3,19,22,bad,toward_good,False
baseline[good=below],baseline/3,20,22,bad,toward_bad,False
baseline[good=below],baseline/3,21,22,bad,,True
baseline[good=above],baseline/4,0,32,good,toward_good,False
baseline[good=above],baseline/4,1,32,good,toward_bad,False
baseline[good=above],baseline/4,2,32,good,toward_bad,False
baseline[good=above],baseline/4,3,32,good,toward_good,False
baseline[good=above],baseline/4,4,32,good,toward_bad,False
baseline[good=above],baseline/4,5,32,good,toward_bad,False
baseline[good=above],baseline/4,6,32,good,toward_good,False
baseline[good=above],baseline/4,7,32,good,toward_bad,False
baseline[good=above],baseline/4,8,32,good,toward_good,False
baseline[good=above],baseline/4,9,32,good,toward_bad,False
baseline[good=above],baseline/4,10,32,good,toward_bad,False
baseline[good=above],baseline/4,11,32,good,toward_bad,False
baseline[good=above],baseline/4,12,32,good,toward_bad,False
baseline[good=above],baseline/4,13,32,good,toward_good,False
baseline[good=above],baseline/4,14,32,good,toward_bad,False
baseline[good=above],baseline/4,15,32,good,toward_good,False
baseline[good=above],baseline/4,16,32,good,toward_bad,False
baseline[good=above],baseline/4,17,32,good,toward_good,False
baseline[good=above],baseline/4,18,32,good,toward_bad,False
baseline[good=above],baseline/4,19,32,good,toward_good,False
baseline[good=above],baseline/4,20,32,good,toward_bad,False
baseline[good=above],baseline/4,21,32,good,toward_bad,False
baseline[good=above],baseline/4,22,32,good,toward_bad,False
baseline[good=above],baseline/4,23,32,good,toward_bad,False
baseline[good=above],baseline/4,24,32,good,toward_good,False
baseline[good=above],baseline/4,25,32,good,toward_bad,False
baseline[good=above],baseline/4,26,32,good,toward_good,False
baseline[good=above],baseline/4,27,32,good,toward_good,False
baseline[good=above],baseline/4,28,32,good,toward_bad,False
baseline[good=above],baseline/4,29,32,good,toward_bad,False
baseline[good=above],baseline/4,30,32,good,toward_good,False
baseline[good=above],baseline/4,31,32,good,,True
baseline[good=below],baseline/4,0,32,bad,toward_bad,False
baseline[good=below],baseline/4,1,32,bad,toward_good,False
baseline[good=below],baseline/4,2,32,bad,toward_good,False
baseline[good=below],baseline/4,3,32,bad,toward_bad,False
baseline[good=below],baseline/4,4,32,bad,toward_good,False
baseline[good=below],baseline/4,5,32,bad,toward_good,False
baseline[good=below],baseline/4,6,32,bad,toward_bad,False
baseline[good=below],baseline/4,7,32,bad,toward_good,False
baseline[good=below],baseline/4,8,32,bad,toward_bad,False
baseline[good=below],baseline/4,9,32,bad,toward_good,False
baseline[good=below],baseline/4,10,32,bad,toward_good,False
baseline[good=below],baseline/4,11,32,bad,toward_good,False
baseline[good=below],baseline/4,12,32,bad,toward_good,False
baseline[good=below],baseline/4,13,32,bad,toward_bad,False
baseline[good=below],baseline/4,14,32,bad,toward_good,False
baseline[good=below],baseline/4,15,32,bad,toward_bad,False
baseline[good=below],baseline/4,16,32,bad,toward_good,False
baseline[good=below],baseline/4,17,32,bad,toward_bad,False
baseline[good=below],baseline/4,18,32,bad,toward_good,False
baseline[good=below],baseline/4,19,32,bad,toward_bad,False
baseline[good=below],baseline/4,20,32,bad,toward_good,False
baseline[good=below],baseline/4,21,32,bad,toward_good,False
baseline[good=below],baseline/4,22,32,bad,toward_good,False
baseline[good=below],baseline/4,23,32,bad,toward_good,False
baseline[good=below],baseline/4,24,32,bad,toward_bad,False
baseline[good=below],baseline/4,25,32,bad,toward_good,False
baseline[good=below],baseline/4,26,32,bad,toward_bad,False
baseline[good=below],baseline/4,27,32,bad,toward_bad,False
baseline[good=below],baseline/4,28,32,bad,toward_good,False
baseline[good=below],baseline/4,29,32,bad,toward_good,False
baseline[good=below],baseline/4,30,32,bad,toward_bad,False
baseline[good=below],baseline/4,31,32,bad,,True
baseline[good=above],baseline/5,0,11,good,toward_bad,False
baseline[good=above],baseline/5,1,11,good,toward_bad,False
baseline[good=above],baseline/5,2,11,good,toward_bad,False
baseline[good=above],baseline/5,3,11,good,toward_good,False
baseline[good=above],baseline/5,4,11,good,toward_good,False
baseline[good=above],baseline/5,5,11,good,toward_bad,False
baseline[good=above],baseline/5,6,11,good,toward_good,False
baseline[good=above],baseline/5,7,11,good,toward_bad,False
baseline[good=above],baseline/5,8,11,good,toward_bad,False
baseline[good=above],baseline/5,9,11,bad,toward_bad,False
baseline[good=above],baseline/5,10,11,bad,,True
baseline[good=below],baseline/5,0,11,bad,toward_good,False
baseline[good=below],baseline/5,1,11,bad,toward_good,False
baseline[good=below],baseline/5,2,11,bad,toward_good,False
baseline[good=below],baseline/5,3,11,bad,toward_bad,False
baseline[good=below],baseline/5,4,11,bad,toward_bad,False
baseline[good=below],baseline/5,5,11,bad,toward_good,False
baseline[good=below],baseline/5,6,11,bad,toward_bad,False
baseline[good=below],baseline/5,7,11,bad,toward_good,False
baseline[good=below],baseline/5,8,11,bad,toward_good,False
baseline[good=below],baseline/5,9,11,good,toward_good,False
baseline[good=below],baseline/5,10,11,good,,True
baseline[good=above],baseline/6,0,1,good,,True
baseline[good=below],baseline/6,0,1,bad,,True
baseline[good=above],baseline/7,0,17,bad,toward_good,False
baseline[good=above],baseline/7,1,17,bad,toward_bad,False
baseline[good=above],baseline/7,2,17,bad,toward_good,False
baseline[good=above],baseline/7,3,17,bad,toward_bad,False
baseline[good=above],baseline/7,4,17,bad,toward_good,False
baseline[good=above],baseline/7,5,17,bad,toward_good,False
baseline[good=above],baseline/7,6,17,bad,toward_bad,False
baseline[good=above],baseline/7,7,17,bad,toward_good,False
baseline[good=above],baseline/7,8,17,bad,toward_bad,False
baseline[good=above],baseline/7,9,17,bad,toward_good,False
baseline[good=above],baseline/7,10,17,bad,toward_bad,False
baseline[good=above],baseline/7,11,17,bad,toward_good,False
baseline[good=above],baseline/7,12,17,bad,toward_good,False
baseline[good=above],baseline/7,13,17,bad,toward_bad,False
baseline[good=above],baseline/7,14,17,bad,toward_good,False
baseline[good=above],baseline/7,15,17,bad,toward_bad,False
baseline[good=above],baseline/7,16,17,bad,,True
baseline[good=below],baseline/7,0,17,good,toward_bad,False
baseline[good=below],baseline/7,1,17,good,toward_good,False
baseline[good=below],baseline/7,2,17,good,toward_bad,False
baseline[good=below],baseline/7,3,17,good,toward_good,False
baseline[good=below],baseline/7,4,17,good,toward_bad,False
baseline[good=below],baseline/7,5,17,good,toward_bad,False
baseline[good=below],baseline/7,6,17,good,toward_good,False
baseline[good=below],baseline/7,7,17,good,toward_bad,False
baseline[good=below],baseline/7,8,17,good,toward_good,False
baseline[good=below],baseline/7,9,17,good,toward_bad,False
baseline[good=below],baseline/7,10,17,good,toward_good,False
baseline[good=below],baseline/7,11,17,good,toward_bad,False
baseline[good=below],baseline/7,12,17,good,toward_bad,False
baseline[good=below],baseline/7,13,17,good,toward_good,False
baseline[good=below],baseline/7,14,17,good,toward_bad,False
baseline[good=below],baseline/7,15,17,good,toward_good,False
baseline[good=below],baseline/7,16,17,good,,True
baseline[good=above],baseline/8,0,23,good,toward_bad,False
baseline[good=above],baseline/8,1,23,good,toward_good,False
baseline[good=above],baseline/8,2,23,good,toward_bad,False
baseline[good=above],baseline/8,3,23,good,toward_good,False
baseline[good=above],baseline/8,4,23,good,toward_bad,False
baseline[good=above],baseline/8,5,23,good,toward_good,False
baseline[good=above],baseline/8,6,23,good,toward_bad,False
baseline[good=above],baseline/8,7,23,good,toward_good,False
baseline[good=above],baseline/8,8,23,good,toward_bad,False
baseline[good=above],baseline/8,9,23,good,toward_good,False
baseline[good=above],baseline/8,10,23,good,toward_good,False
baseline[good=above],baseline/8,11,23,good,toward_good,False
baseline[good=above],baseline/8,12,23,good,toward_bad,False
baseline[good=above],baseline/8,13,23,good,toward_good,False
baseline[good=above],baseline/8,14,23,good,toward_bad,False
baseline[good=above],baseline/8,15,23,good,toward_good,False
baseline[good=above],baseline/8,16,23,good,toward_good,False
baseline[good=above],baseline/8,17,23,good,toward_good,False
baseline[good=above],baseline/8,18,23,good,toward_good,False
baseline[good=above],baseline/8,19,23,good,toward_good,False
baseline[good=above],baseline/8,20,23,good,toward_bad,False
baseline[good=above],baseline/8,21,23,good,toward_bad,False
baseline[good=above],baseline/8,22,23,good,,True
baseline[good=below],baseline/8,0,23,bad,toward_good,False
baseline[good=below],baseline/8,1,23,bad,toward_bad,False
baseline[good=below],baseline/8,2,23,bad,toward_good,False
baseline[good=below],baseline/8,3,23,bad,toward_bad,False
baseline[good=below],baseline/8,4,23,bad,toward_good,False
baseline[good=below],baseline/8,5,23,bad,toward_bad,False
baseline[good=below],baseline/8,6,23,bad,toward_good,False
baseline[good=below],baseline/8,7,23,bad,toward_bad,False
baseline[good=below],baseline/8,8,23,bad,toward_good,False
baseline[good=below],baseline/8,9,23,bad,toward_bad,False
baseline[good=below],baseline/8,10,23,bad,toward_bad,False
baseline[good=below],baseline/8,11,23,bad,toward_bad,False
baseline[good=below],baseline/8,12,23,bad,toward_good,False
baseline[good=below],baseline/8,13,23,bad,toward_bad,False
baseline[good=below],baseline/8,14,23,bad,toward_good,False
baseline[good=below],baseline/8,15,23,bad,toward_bad,False
baseline[good=below],baseline/8,16,23,bad,toward_bad,False
baseline[good=below],baseline/8,17,23,bad,toward_bad,False
baseline[good=below],baseline/8,18,23,bad,toward_bad,False
baseline[good=below],baseline/8,19,23,bad,toward_bad,False
baseline[good=below],baseline/8,20,23,bad,toward_good,False
baseline[good=below],baseline/8,21,23,bad,toward_good,False
baseline[good=below],baseline/8,22,23,bad,,True
baseline[good=above],baseline/9,0,45,bad,toward_good,False
baseline[good=above],baseline/9,1,45,bad,toward_bad,False
baseline[good=above],baseline/9,2,45,bad,toward_bad,False
baseline[good=above],baseline/9,3,45,bad,toward_bad,False
baseline[good=above],baseline/9,4,45,bad,toward_bad,False
baseline[good=above],baseline/9,5,45,bad,toward_good,False
baseline[good=above],baseline/9,6,45,bad,toward_good,False
baseline[good=above],baseline/9,7,45,good,toward_bad,False
baseline[good=above],baseline/9,8,45,bad,toward_good,False
baseline[good=above],baseline/9,9,45,good,toward_bad,False
baseline[good=above],baseline/9,10,45,bad,toward_bad,False
baseline[good=above],baseline/9,11,45,bad,toward_good,False
baseline[good=above],baseline/9,12,45,bad,toward_bad,False
baseline[good=above],baseline/9,13,45,bad,toward_bad,False
baseline[good=above],baseline/9,14,45,bad,toward_bad,False
baseline[good=above],baseline/9,15,45,bad,toward_good,False
baseline[good=above],baseline/9,16,45,bad,toward_bad,False
baseline[good=above],baseline/9,17,45,bad,toward_good,False
baseline[good=above],baseline/9,18,45,bad,toward_good,False
baseline[good=above],baseline/9,19,45,bad,toward_bad,False
baseline[good=above],baseline/9,20,45,bad,toward_bad,False
baseline[good=above],baseline/9,21,45,bad,toward_good,False
baseline[good=above],baseline/9,22,45,bad,toward_bad,False
baseline[good=above],baseline/9,23,45,bad,toward_good,False
baseline[good=above],baseline/9,24,45,bad,toward_bad,False
baseline[good=above],baseline/9,25,45,bad,toward_good,False
baseline[good=above],baseline/9,26,45,bad,toward_bad,False
baseline[good=above],baseline/9,27,45,bad,toward_bad,False
baseline[good=above],baseline/9,28,45,bad,toward_good,False
baseline[good=above],baseline/9,29,45,bad,toward_bad,False
baseline[good=above],baseline/9,30,45,bad,toward_good,False
baseline[good=above],baseline/9,31,45,bad,toward_bad,False
baseline[good=above],baseline/9,32,45,bad,toward_bad,False
baseline[good=above],baseline/9,33,45,bad,toward_good,False
baseline[good=above],baseline/9,34,45,bad,toward_good,False
baseline[good=above],baseline/9,35,45,bad,toward_bad,False
baseline[good=above],baseline/9,36,45,bad,toward_good,False
baseline[good=above],baseline/9,37,45,bad,toward_bad,False
baseline[good=above],baseline/9,38,45,bad,toward_good,False
baseline[good=above],baseline/9,39,45,bad,toward_bad,False
baseline[good=above],baseline/9,40,45,bad,toward_good,False
baseline[good=above],baseline/9,41,45,bad,toward_bad,False
baseline[good=above],baseline/9,42,45,bad,toward_good,False
baseline[good=above],baseline/9,43,45,bad,toward_bad,False
baseline[good=above],baseline/9,44,45,bad,,True
baseline[good=below],baseline/9,0,45,good,toward_bad,False
baseline[good=below],baseline/9,1,45,good,toward_good,False
baseline[good=below],baseline/9,2,45,good,toward_good,False
baseline[good=below],baseline/9,3,45,good,toward_good,False
baseline[good=below],baseline/9,4,45,good,toward_good,False
baseline[good=below],baseline/9,5,45,good,toward_bad,False
baseline[good=below],baseline/9,6,45,good,toward_bad,False
baseline[good=below],baseline/9,7,45,bad,toward_good,False
baseline[good=below],baseline/9,8,45,good,toward_bad,False
baseline[good=below],baseline/9,9,45,bad,toward_good,False
baseline[good=below],baseline/9,10,45,good,toward_good,False
baseline[good=below],baseline/9,11,45,good,toward_bad,False
baseline[good=below],baseline/9,12,45,good,toward_good,False
baseline[good=below],baseline/9,13,45,good,toward_good,False
baseline[good=below],baseline/9,14,45,good,toward_good,False
baseline[good=below],baseline/9,15,45,good,toward_bad,False
baseline[good=below],baseline/9,16,45,good,toward_good,False
baseline[good=below],baseline/9,17,45,good,toward_bad,False
baseline[good=below],baseline/9,18,45,good,toward_bad,False
baseline[good=below],baseline/9,19,45,good,toward_good,False
baseline[good=below],baseline/9,20,45,good,toward_good,False
baseline[good=below],baseline/9,21,45,good,toward_bad,False
baseline[good=below],baseline/9,22,45,good,toward_good,False
baseline[good=below],baseline/9,23,45,good,toward_bad,False
baseline[good=below],baseline/9,24,45,good,toward_good,False
baseline[good=below],baseline/9,25,45,good,toward_bad,False
baseline[good=below],baseline/9,26,45,good,toward_good,False
baseline[good=below],baseline/9,27,45,good,toward_good,False
baseline[good=below],baseline/9,28,45,good,toward_bad,False
baseline[good=below],baseline/9,29,45,good,toward_good,False
baseline[good=below],baseline/9,30,45,good,toward_bad,False
baseline[good=below],baseline/9,31,45,good,toward_good,False
baseline[good=below],baseline/9,32,45,good,toward_good,False
baseline[good=below],baseline/9,33,45,good,toward_bad,False
baseline[good=below],baseline/9,34,45,good,toward_bad,False
baseline[good=below],baseline/9,35,45,good,toward_good,False
baseline[good=below],baseline/9,36,45,good,toward_bad,False
baseline[good=below],baseline/9,37,45,good,toward_good,False
baseline[good=below],baseline/9,38,45,good,toward_bad,False
baseline[good=below],baseline/9,39,45,good,toward_good,False
baseline[good=below],baseline/9,40,45,good,toward_bad,False
baseline[good=below],baseline/9,41,45,good,toward_good,False
baseline[good=below],baseline/9,42,45,good,toward_bad,False
baseline[good=below],baseline/9,43,45,good,toward_good,False
baseline[good=below],baseline/9,44,45,good,,True
baseline[good=above],baseline/10,0,17,good,toward_bad,False
baseline[good=above],baseline/10,1,17,bad,toward_bad,False
baseline[good=above],baseline/10,2,17,bad,toward_bad,False
baseline[good=above],baseline/10,3,17,bad,toward_good,False
baseline[good=above],baseline/10,4,17,good,toward_bad,False
baseline[good=above],baseline/10,5,17,bad,toward_good,False
baseline[good=above],baseline/10,6,17,good,toward_bad,False
baseline[good=above],baseline/10,7,17,bad,toward_good,False
baseline[good=above],baseline/10,8,17,good,toward_good,False
baseline[good=above],baseline/10,9,17,good,toward_bad,False
baseline[good=above],baseline/10,10,17,bad,toward_good,False
baseline[good=above],baseline/10,11,17,bad,toward_good,False
baseline[good=above],baseline/10,12,17,good,toward_good,False
baseline[good=above],baseline/10,13,17,good,toward_bad,False
baseline[good=above],baseline/10,14,17,good,toward_good,False
baseline[good=above],baseline/10,15,17,good,toward_bad,False
baseline[good=above],baseline/10,16,17,good,,True
baseline[good=below],baseline/10,0,17,bad,toward_good,False
baseline[good=below],baseline/10,1,17,good,toward_good,False
baseline[good=below],baseline/10,2,17,good,toward_good,False
baseline[good=below],baseline/10,3,17,good,toward_bad,False
baseline[good=below],baseline/10,4,17,bad,toward_good,False
baseline[good=below],baseline/10,5,17,good,toward_bad,False
baseline[good=below],baseline/10,6,17,bad,toward_good,False
baseline[good=below],baseline/10,7,17,good,toward_bad,False
baseline[good=below],baseline/10,8,17,bad,toward_bad,False
baseline[good=below],baseline/10,9,17,bad,toward_good,False
baseline[good=below],baseline/10,10,17,good,toward_bad,False
baseline[good=below],baseline/10,11,17,good,toward_bad,False
baseline[good=below],baseline/10,12,17,bad,toward_bad,False
baseline[good=below],baseline/10,13,17,bad,toward_good,False
baseline[good=below],baseline/10,14,17,bad,toward_bad,False
baseline[good=below],baseline/10,15,17,bad,toward_good,False
baseline[good=below],baseline/10,16,17,bad,,True
baseline[good=above],baseline/11,0,35,bad,toward_good,False
baseline[good=above],baseline/11,1,35,bad,toward_good,False
baseline[good=above],baseline/11,2,35,bad,toward_good,False
baseline[good=above],baseline/11,3,35,bad,toward_good,False
baseline[good=above],baseline/11,4,35,bad,toward_bad,False
baseline[good=above],baseline/11,5,35,bad,toward_bad,False
baseline[good=above],baseline/11,6,35,bad,toward_good,False
baseline[good=above],baseline/11,7,35,bad,toward_bad,False
baseline[good=above],baseline/11,8,35,bad,toward_good,False
baseline[good=above],baseline/11,9,35,bad,toward_bad,False
baseline[good=above],baseline/11,10,35,bad,toward_bad,False
baseline[good=above],baseline/11,11,35,bad,toward_good,False
baseline[good=above],baseline/11,12,35,bad,toward_bad,False
baseline[good=above],baseline/11,13,35,bad,toward_bad,False
baseline[good=above],baseline/11,14,35,bad,toward_good,False
baseline[good=above],baseline/11,15,35,bad,toward_bad,False
baseline[good=above],baseline/11,16,35,bad,toward_bad,False
baseline[good=above],baseline/11,17,35,bad,toward_good,False
baseline[good=above],baseline/11,18,35,bad,toward_bad,False
baseline[good=above],baseline/11,19,35,bad,toward_good,False
baseline[good=above],baseline/11,20,35,bad,toward_bad,False
baseline[good=above],baseline/11,21,35,bad,toward_good,False
baseline[good=above],baseline/11,22,35,bad,toward_good,False
baseline[good=above],baseline/11,23,35,bad,toward_bad,False
baseline[good=above],baseline/11,24,35,bad,toward_bad,False
baseline[good=above],baseline/11,25,35,bad,toward_good,False
baseline[good=above],baseline/11,26,35,bad,toward_bad,False
baseline[good=above],baseline/11,27,35,bad,toward_bad,False
baseline[good=above],baseline/11,28,35,bad,toward_bad,False
baseline[good=above],baseline/11,29,35,bad,toward_bad,False
baseline[good=above],baseline/11,30,35,bad,toward_good,False
baseline[good=above],baseline/11,31,35,bad,toward_good,False
baseline[good=above],baseline/11,32,35,bad,toward_good,False
baseline[good=above],baseline/11,33,35,bad,toward_bad,False
baseline[good=above],baseline/11,34,35,bad,,True
baseline[good=below],baseline/11,0,35,good,toward_bad,False
baseline[good=below],baseline/11,1,35,good,toward_bad,False
baseline[good=below],baseline/11,2,35,good,toward_bad,False
baseline[good=below],baseline/11,3,35,good,toward_bad,False
baseline[good=below],baseline/11,4,35,good,toward_good,False
baseline[good=below],baseline/11,5,35,good,toward_good,False
baseline[good=below],baseline/11,6,35,good,toward_bad,False
baseline[good=below],baseline/11,7,35,good,toward_good,False
baseline[good=below],baseline/11,8,35,good,toward_bad,False
baseline[good=below],baseline/11,9,35,good,toward_good,False
baseline[good=below],baseline/11,10,35,good,toward_good,False
baseline[good=below],baseline/11,11,35,good,toward_bad,False
baseline[good=below],baseline/11,12,35,good,toward_good,False
baseline[good=below],baseline/11,13,35,good,toward_good,False
baseline[good=below],baseline/11,14,35,good,toward_bad,False
baseline[good=below],baseline/11,15,35,good,toward_good,False
baseline[good=below],baseline/11,16,35,good,toward_good,False
baseline[good=below],baseline/11,17,35,good,toward_bad,False
baseline[good=below],baseline/11,18,35,good,toward_good,False
baseline[good=below],baseline/11,19,35,good,toward_bad,False
baseline[good=below],baseline/11,20,35,good,toward_good,False
baseline[good=below],baseline/11,21,35,good,toward_bad,False
baseline[good=below],baseline/11,22,35,good,toward_bad,False
baseline[good=below],baseline/11,23,35,good,toward_good,False
baseline[good=below],baseline/11,24,35,good,toward_good,False
baseline[good=below],baseline/11,25,35,good,toward_bad,False
baseline[good=below],baseline/11,26,35,good,toward_good,False
baseline[good=below],baseline/11,27,35,good,toward_good,False
baseline[good=below],baseline/11,28,35,good,toward_good,False
baseline[good=below],baseline/11,29,35,good,toward_good,False
baseline[good=below],baseline/11,30,35,good,toward_bad,False
baseline[good=below],baseline/11,31,35,good,toward_bad,False
baseline[good=below],baseline/11,32,35,good,toward_bad,False
baseline[good=below],baseline/11,33,35,good,toward_good,False
baseline[good=below],baseline/11,34,35,good,,True
baseline[good=above],baseline/12,0,19,good,toward_good,False
baseline[good=above],baseline/12,1,19,good,toward_bad,False
baseline[good=above],baseline/12,2,19,good,toward_good,False
baseline[good=above],baseline/12,3,19,good,toward_good,False
baseline[good=above],baseline/12,4,19,good,toward_good,False
baseline[good=above],baseline/12,5,19,good,toward_good,False
baseline[good=above],baseline/12,6,19,good,toward_bad,False
baseline[good=above],baseline/12,7,19,good,toward_bad,False
baseline[good=above],baseline/12,8,19,good,toward_good,False
baseline[good=above],baseline/12,9,19,good,toward_bad,False
baseline[good=above],baseline/12,10,19,good,toward_good,False
baseline[good=above],baseline/12,11,19,good,toward_bad,False
baseline[good=above],baseline/12,12,19,good,toward_good,False
baseline[good=above],baseline/12,13,19,good,toward_good,False
baseline[good=above],baseline/12,14,19,good,toward_good,False
baseline[good=above],baseline/12,15,19,good,toward_bad,False
baseline[good=above],baseline/12,16,19,good,toward_bad,False
baseline[good=above],baseline/12,17,19,good,toward_good,False
baseline[good=above],baseline/12,18,19,good,,True
baseline[good=below],baseline/12,0,19,bad,toward_bad,False
baseline[good=below],baseline/12,1,19,bad,toward_good,False
baseline[good=below],baseline/12,2,19,bad,toward_bad,False
baseline[good=below],baseline/12,3,19,bad,toward_bad,False
baseline[good=below],baseline/12,4,19,bad,toward_bad,False
baseline[good=below],baseline/12,5,19,bad,toward_bad,False
baseline[good=below],baseline/12,6,19,bad,toward_good,False
baseline[good=below],baseline/12,7,19,bad,toward_good,False
baseline[good=below],baseline/12,8,19,bad,toward_bad,False
baseline[good=below],baseline/12,9,19,bad,toward_good,False
baseline[good=below],baseline/12,10,19,bad,toward_bad,False
baseline[good=below],baseline/12,11,19,bad,toward_good,False
baseline[good=below],baseline/12,12,19,bad,toward_bad,False
baseline[good=below],baseline/12,13,19,bad,toward_bad,False
baseline[good=below],baseline/12,14,19,bad,toward_bad,False
baseline[good=below],baseline/12,15,19,bad,toward_good,False
baseline[good=below],baseline/12,16,19,bad,toward_good,False
baseline[good=below],baseline/12,17,19,bad,toward_bad,False
baseline[good=below],baseline/12,18,19,bad,,True
baseline[good=above],baseline/13,0,20,bad,toward_bad,False
baseline[good=above],baseline/13,1,20,bad,toward_good,False
baseline[good=above],baseline/13,2,20,bad,toward_bad,False
baseline[good=above],baseline/13,3,20,bad,toward_good,False
baseline[good=above],baseline/13,4,20,bad,toward_good,False
baseline[good=above],baseline/13,5,20,bad,toward_bad,False
baseline[good=above],baseline/13,6,20,bad,toward_good,False
baseline[good=above],baseline/13,7,20,bad,toward_good,False
baseline[good=above],baseline/13,8,20,bad,toward_good,False
baseline[good=above],baseline/13,9,20,bad,toward_bad,False
baseline[good=above],baseline/13,10,20,bad,toward_bad,False
baseline[good=above],baseline/13,11,20,bad,toward_bad,False
baseline[good=above],baseline/13,12,20,bad,toward_bad,False
baseline[good=above],baseline/13,13,20,bad,toward_good,False
baseline[good=above],baseline/13,14,20,bad,toward_good,False
baseline[good=above],baseline/13,15,20,bad,toward_bad,False
baseline[good=above],baseline/13,16,20,bad,toward_good,False
baseline[good=above],baseline/13,17,20,bad,toward_good,False
baseline[good=above],baseline/13,18,20,bad,toward_bad,False
baseline[good=above],baseline/13,19,20,bad,,True
baseline[good=below],baseline/13,0,20,good,toward_good,False
baseline[good=below],baseline/13,1,20,good,toward_bad,False
baseline[good=below],baseline/13,2,20,good,toward_good,False
baseline[good=below],baseline/13,3,20,good,toward_bad,False
baseline[good=below],baseline/13,4,20,good,toward_bad,False
baseline[good=below],baseline/13,5,20,good,toward_good,False
baseline[good=below],baseline/13,6,20,good,toward_bad,False
baseline[good=below],baseline/13,7,20,good,toward_bad,False
baseline[good=below],baseline/13,8,20,good,toward_bad,False
baseline[good=below],baseline/13,9,20,good,toward_good,False
baseline[good=below],baseline/13,10,20,good,toward_good,False
baseline[good=below],baseline/13,11,20,good,toward_good,False
baseline[good=below],baseline/13,12,20,good,toward_good,False
baseline[good=below],baseline/13,13,20,good,toward_bad,False
baseline[good=below],baseline/13,14,20,good,toward_bad,False
baseline[good=below],baseline/13,15,20,good,toward_good,False
baseline[good=below],baseline/13,16,20,good,toward_bad,False
baseline[good=below],baseline/13,17,20,good,toward_bad,False
baseline[good=below],baseline/13,18,20,good,toward_good,False
baseline[good=below],baseline/13,19,20,good,,True
baseline[good=above],baseline/14,0,24,bad,toward_good,False
baseline[good=above],baseline/14,1,24,bad,toward_good,False
baseline[good=above],baseline/14,2,24,bad,toward_good,False
baseline[good=above],baseline/14,3,24,bad,toward_bad,False
baseline[good=above],baseline/14,4,24,bad,toward_good,False
baseline[good=above],baseline/14,5,24,bad,toward_good,False
baseline[good=above],baseline/14,6,24,bad,toward_bad,False
baseline[good=above],baseline/14,7,24,bad,toward_good,False
baseline[good=above],baseline/14,8,24,bad,toward_bad,False
baseline[good=above],baseline/14,9,24,bad,toward_bad,False
baseline[good=above],baseline/14,10,24,bad,toward_good,False
baseline[good=above],baseline/14,11,24,bad,toward_good,False
baseline[good=above],baseline/14,12,24,bad,toward_good,False
baseline[good=above],baseline/14,13,24,bad,toward_bad,False
baseline[good=above],baseline/14,14,24,bad,toward_bad,False
baseline[good=above],baseline/14,15,24,bad,toward_good,False
baseline[good=above],baseline/14,16,24,bad,toward_bad,False
baseline[good=above],baseline/14,17,24,bad,toward_good,False
baseline[good=above],baseline/14,18,24,bad,toward_good,False
baseline[good=above],baseline/14,19,24,bad,toward_bad,False
baseline[good=above],baseline/14,20,24,bad,toward_good,False
baseline[good=above],baseline/14,21,24,bad,toward_good,False
baseline[good=above],baseline/14,22,24,bad,toward_good,False
baseline[good=above],baseline/14,23,24,bad,,True
baseline[good=below],baseline/14,0,24,good,toward_bad,False
baseline[good=below],baseline/14,1,24,good,toward_bad,False
baseline[good=below],baseline/14,2,24,good,toward_bad,False
baseline[good=below],baseline/14,3,24,good,toward_good,False
baseline[good=below],baseline/14,4,24,good,toward_bad,False
baseline[good=below],baseline/14,5,24,good,toward_bad,False
baseline[good=below],baseline/14,6,24,good,toward_good,False
baseline[good=below],baseline/14,7,24,good,toward_bad,False
baseline[good=below],baseline/14,8,24,good,toward_good,False
baseline[good=below],baseline/14,9,24,good,toward_good,False
baseline[good=below],baseline/14,10,24,good,toward_bad,False
baseline[good=below],baseline/14,11,24,good,toward_bad,False
baseline[good=below],baseline/14,12,24,good,toward_bad,False
baseline[good=below],baseline/14,13,24,good,toward_good,False
baseline[good=below],baseline/14,14,24,good,toward_good,False
baseline[good=below],baseline/14,15,24,good,toward_bad,False
baseline[good=below],baseline/14,16,24,good,toward_good,False
baseline[good=below],baseline/14,17,24,good,toward_bad,False
baseline[good=below],baseline/14,18,24,good,toward_bad,False
baseline[good=below],baseline/14,19,24,good,toward_good,False
baseline[good=below],baseline/14,20,24,good,toward_bad,False
baseline[good=below],baseline/14,21,24,good,toward_bad,False
baseline[good=below],baseline/14,22,24,good,toward_bad,False
baseline[good=below],baseline/14,23,24,good,,True
baseline[good=above],baseline/15,0,8,good,toward_good,False
baseline[good=above],baseline/15,1,8,good,toward_bad,False
baseline[good=above],baseline/15,2,8,good,toward_good,False
baseline[good=above],baseline/15,3,8,good,toward_good,False
baseline[good=above],baseline/15,4,8,good,toward_good,False
baseline[good=above],baseline/15,5,8,good,toward_bad,False
baseline[good=above],baseline/15,6,8,good,toward_bad,False
baseline[good=above],baseline/15,7,8,good,,True
baseline[good=below],baseline/15,0,8,bad,toward_bad,False
baseline[good=below],baseline/15,1,8,bad,toward_good,False
baseline[good=below],baseline/15,2,8,bad,toward_bad,False
baseline[good=below],baseline/15,3,8,bad,toward_bad,False
baseline[good=below],baseline/15,4,8,bad,toward_bad,False
baseline[good=below],baseline/15,5,8,bad,toward_good,False
baseline[good=below],baseline/15,6,8,bad,toward_good,False
baseline[good=below],baseline/15,7,8,bad,,True
baseline[good=above],baseline/16,0,17,bad,toward_bad,False
baseline[good=above],baseline/16,1,17,bad,toward_good,False
baseline[good=above],baseline/16,2,17,bad,toward_good,False
baseline[good=above],baseline/16,3,17,bad,toward_bad,False
baseline[good=above],baseline/16,4,17,bad,toward_bad,False
baseline[good=above],baseline/16,5,17,bad,toward_bad,False
baseline[good=above],baseline/16,6,17,bad,toward_bad,False
baseline[good=above],baseline/16,7,17,bad,toward_bad,False
baseline[good=above],baseline/16,8,17,bad,toward_good,False
baseline[good=above],baseline/16,9,17,bad,toward_good,False
baseline[good=above],baseline/16,10,17,bad,toward_good,False
baseline[good=above],baseline/16,11,17,bad,toward_bad,False
baseline[good=above],baseline/16,12,17,bad,toward_good,False
baseline[good=above],baseline/16,13,17,bad,toward_bad,False
baseline[good=above],baseline/16,14,17,bad,toward_good,False
baseline[good=above],baseline/16,15,17,bad,toward_bad,False
baseline[good=above],baseline/16,16,17,bad,,True
baseline[good=below],baseline/16,0,17,good,toward_good,False
baseline[good=below],baseline/16,1,17,good,toward_bad,False
baseline[good=below],baseline/16,2,17,good,toward_bad,False
baseline[good=below],baseline/16,3,17,good,toward_good,False
baseline[good=below],baseline/16,4,17,good,toward_good,False
baseline[good=below],baseline/16,5,17,good,toward_good,False
baseline[good=below],baseline/16,6,17,good,toward_good,False
baseline[good=below],baseline/16,7,17,good,toward_good,False
baseline[good=below],baseline/16,8,17,good,toward_bad,False
baseline[good=below],baseline/16,9,17,good,toward_bad,False
baseline[good=below],baseline/16,10,17,good,toward_bad,False
baseline[good=below],baseline/16,11,17,good,toward_good,False
baseline[good=below],baseline/16,12,17,good,toward_bad,False
baseline[good=below],baseline/16,13,17,good,toward_good,False
baseline[good=below],baseline/16,14,17,good,toward_bad,False
baseline[good=below],baseline/16,15,17,good,toward_good,False
baseline[good=below],baseline/16,16,17,good,,True
baseline[good=above],baseline/17,0,13,bad,toward_bad,False
baseline[good=above],baseline/17,1,13,bad,toward_bad,False
baseline[good=above],baseline/17,2,13,bad,toward_good,False
baseline[good=above],baseline/17,3,13,bad,toward_good,False
baseline[good=above],baseline/17,4,13,bad,toward_bad,False
baseline[good=above],baseline/17,5,13,bad,toward_bad,False
baseline[good=above],baseline/17,6,13,bad,toward_bad,False
baseline[good=above],baseline/17,7,13,bad,toward_good,False
baseline[good=above],baseline/17,8,13,bad,toward_good,False
baseline[good=above],baseline/17,9,13,bad,toward_bad,False
baseline[good=above],baseline/17,10,13,bad,toward_bad,False
baseline[good=above],baseline/17,11,13,bad,toward_good,False
baseline[good=above],baseline/17,12,13,bad,,True
baseline[good=below],baseline/17,0,13,good,toward_good,False
baseline[good=below],baseline/17,1,13,good,toward_good,False
baseline[good=below],baseline/17,2,13,good,toward_bad,False
baseline[good=below],baseline/17,3,13,good,toward_bad,False
baseline[good=below],baseline/17,4,13,good,toward_good,False
baseline[good=below],baseline/17,5,13,good,toward_good,False
baseline[good=below],baseline/17,6,13,good,toward_good,False
baseline[good=below],baseline/17,7,13,good,toward_bad,False
baseline[good=below],baseline/17,8,13,good,toward_bad,False
baseline[good=below],baseline/17,9,13,good,toward_good,False
baseline[good=below],baseline/17,10,13,good,toward_good,False
baseline[good=below],baseline/17,11,13,good,toward_bad,False
baseline[good=below],baseline/17,12,13,good,,True
baseline[good=above],baseline/18,0,24,bad,toward_bad,False
baseline[good=above],baseline/18,1,24,bad,toward_bad,False
baseline[good=above],baseline/18,2,24,bad,toward_bad,False
baseline[good=above],baseline/18,3,24,bad,toward_good,False
baseline[good=above],baseline/18,4,24,bad,toward_bad,False
baseline[good=above],baseline/18,5,24,bad,toward_good,False
baseline[good=above],baseline/18,6,24,bad,toward_bad,False
baseline[good=above],baseline/18,7,24,bad,toward_good,False
baseline[good=above],baseline/18,8,24,bad,toward_bad,False
baseline[good=above],baseline/18,9,24,bad,toward_bad,False
baseline[good=above],baseline/18,10,24,bad,toward_bad,False
baseline[good=above],baseline/18,11,24,bad,toward_good,False
baseline[good=above],baseline/18,12,24,bad,toward_good,False
baseline[good=above],baseline/18,13,24,bad,toward_bad,False
baseline[good=above],baseline/18,14,24,bad,toward_bad,False
baseline[good=above],baseline/18,15,24,bad,toward_bad,False
baseline[good=above],baseline/18,16,24,bad,toward_good,False
baseline[good=above],baseline/18,17,24,bad,toward_good,False
baseline[good=above],baseline/18,18,24,bad,toward_bad,False
baseline[good=above],baseline/18,19,24,bad,toward_bad,False
baseline[good=above],baseline/18,20,24,bad,toward_bad,False
baseline[good=above],baseline/18,21,24,bad,toward_good,False
baseline[good=above],baseline/18,22,24,bad,toward_bad,False
baseline[good=above],baseline/18,23,24,bad,,True
baseline[good=below],baseline/18,0,24,good,toward_good,False
baseline[good=below],baseline/18,1,24,good,toward_good,False
baseline[good=below],baseline/18,2,24,good,toward_good,False
baseline[good=below],baseline/18,3,24,good,toward_bad,False
baseline[good=below],baseline/18,4,24,good,toward_good,False
baseline[good=below],baseline/18,5,24,good,toward_bad,False
baseline[good=below],baseline/18,6,24,good,toward_good,False
baseline[good=below],baseline/18,7,24,good,toward_bad,False
baseline[good=below],baseline/18,8,24,good,toward_good,False
baseline[good=below],baseline/18,9,24,good,toward_good,False
baseline[good=below],baseline/18,10,24,good,toward_good,False
baseline[good=below],baseline/18,11,24,good,toward_bad,False
baseline[good=below],baseline/18,12,24,good,toward_bad,False
baseline[good=below],baseline/18,13,24,good,toward_good,False
baseline[good=below],baseline/18,14,24,good,toward_good,False
baseline[good=below],baseline/18,15,24,good,toward_good,False
baseline[good=below],baseline/18,16,24,good,toward_bad,False
baseline[good=below],baseline/18,17,24,good,toward_bad,False
baseline[good=below],baseline/18,18,24,good,toward_good,False
baseline[good=below],baseline/18,19,24,good,toward_good,False
baseline[good=below],baseline/18,20,24,good,toward_good,False
baseline[good=below],baseline/18,21,24,good,toward_bad,False
baseline[good=below],baseline/18,22,24,good,toward_good,False
baseline[good=below],baseline/18,23,24,good,,True
baseline[good=above],baseline/19,0,24,good,toward_bad,False
baseline[good=above],baseline/19,1,24,bad,toward_good,False
baseline[good=above],baseline/19,2,24,good,toward_bad,False
baseline[good=above],baseline/19,3,24,bad,toward_bad,False
baseline[good=above],baseline/19,4,24,bad,toward_good,False
baseline[good=above],baseline/19,5,24,bad,toward_good,False
baseline[good=above],baseline/19,6,24,good,toward_bad,False
baseline[good=above],baseline/19,7,24,bad,toward_bad,False
baseline[good=above],baseline/19,8,24,bad,toward_bad,False
baseline[good=above],baseline/19,9,24,bad,toward_good,False
baseline[good=above],baseline/19,10,24,bad,toward_bad,False
baseline[good=above],baseline/19,11,24,bad,toward_good,False
baseline[good=above],baseline/19,12,24,bad,toward_good,False
baseline[good=above],baseline/19,13,24,bad,toward_bad,False
baseline[good=above],baseline/19,14,24,bad,toward_good,False
baseline[good=above],baseline/19,15,24,good,toward_bad,False
baseline[good=above],baseline/19,16,24,bad,toward_good,False
baseline[good=above],baseline/19,17,24,good,toward_bad,False
baseline[good=above],baseline/19,18,24,bad,toward_good,False
baseline[good=above],baseline/19,19,24,bad,toward_good,False
baseline[good=above],baseline/19,20,24,bad,toward_bad,False
baseline[good=above],baseline/19,21,24,bad,toward_good,False
baseline[good=above],baseline/19,22,24,bad,toward_bad,False
baseline[good=above],baseline/19,23,24,bad,,True
baseline[good=below],baseline/19,0,24,bad,toward_good,False
baseline[good=below],baseline/19,1,24,good,toward_bad,False
baseline[good=below],baseline/19,2,24,bad,toward_good,False
baseline[good=below],baseline/19,3,24,good,toward_good,False
baseline[good=below],baseline/19,4,24,good,toward_bad,False
baseline[good=below],baseline/19,5,24,good,toward_bad,False
baseline[good=below],baseline/19,6,24,bad,toward_good,False
baseline[good=below],baseline/19,7,24,good,toward_good,False
baseline[good=below],baseline/19,8,24,good,toward_good,False
baseline[good=below],baseline/19,9,24,good,toward_bad,False
baseline[good=below],baseline/19,10,24,good,toward_good,False
baseline[good=below],baseline/19,11,24,good,toward_bad,False
baseline[good=below],baseline/19,12,24,good,toward_bad,False
baseline[good=below],baseline/19,13,24,good,toward_good,False
baseline[good=below],baseline/19,14,24,good,toward_bad,False
baseline[good=below],baseline/19,15,24,bad,toward_good,False
baseline[good=below],baseline/19,16,24,good,toward_bad,False
baseline[good=below],baseline/19,17,24,bad,toward_good,False
baseline[good=below],baseline/19,18,24,good,toward_bad,False
baseline[good=below],baseline/19,19,24,good,toward_bad,False
baseline[good=below],baseline/19,20,24,good,toward_good,False
baseline[good=below],baseline/19,21,24,good,toward_bad,False
baseline[good=below],baseline/19,22,24,good,toward_good,False
baseline[good=below],baseline/19,23,24,good,,True
baseline[good=above],baseline/20,0,20,bad,toward_bad,False
baseline[good=above],baseline/20,1,20,bad,toward_good,False
baseline[good=above],baseline/20,2,20,bad,toward_bad,False
baseline[good=above],baseline/20,3,20,bad,toward_good,False
baseline[good=above],baseline/20,4,20,bad,toward_bad,False
baseline[good=above],baseline/20,5,20,bad,toward_bad,False
baseline[good=above],baseline/20,6,20,bad,toward_good,False
baseline[good=above],baseline/20,7,20,bad,toward_bad,False
baseline[good=above],baseline/20,8,20,bad,toward_good,False
baseline[good=above],baseline/20,9,20,bad,toward_bad,False
baseline[good=above],baseline/20,10,20,bad,toward_good,False
baseline[good=above],baseline/20,11,20,bad,toward_bad,False
baseline[good=above],baseline/20,12,20,bad,toward_good,False
baseline[good=above],baseline/20,13,20,bad,toward_good,False
baseline[good=above],baseline/20,14,20,bad,toward_good,False
baseline[good=above],baseline/20,15,20,bad,toward_bad,False
baseline[good=above],baseline/20,16,20,bad,toward_good,False
baseline[good=above],baseline/20,17,20,bad,toward_bad,False
baseline[good=above],baseline/20,18,20,bad,toward_good,False
baseline[good=above],baseline/20,19,20,bad,,True
baseline[good=below],baseline/20,0,20,good,toward_good,False
baseline[good=below],baseline/20,1,20,good,toward_bad,False
baseline[good=below],baseline/20,2,20,good,toward_good,False
baseline[good=below],baseline/20,3,20,good,toward_bad,False
baseline[good=below],baseline/20,4,20,good,toward_good,False
baseline[good=below],baseline/20,5,20,good,toward_good,False
baseline[good=below],baseline/20,6,20,good,toward_bad,False
baseline[good=below],baseline/20,7,20,good,toward_good,False
baseline[good=below],baseline/20,8,20,good,toward_bad,False
baseline[good=below],baseline/20,9,20,good,toward_good,False
baseline[good=below],baseline/20,10,20,good,toward_bad,False
baseline[good=below],baseline/20,11,20,good,toward_good,False
baseline[good=below],baseline/20,12,20,good,toward_bad,False
baseline[good=below],baseline/20,13,20,good,toward_bad,False
baseline[good=below],baseline/20,14,20,good,toward_bad,False
baseline[good=below],baseline/20,15,20,good,toward_good,False
baseline[good=below],baseline/20,16,20,good,toward_bad,False
baseline[good=below],baseline/20,17,20,good,toward_good,False
baseline[good=below],baseline/20,18,20,good,toward_bad,False
baseline[good=below],baseline/20,19,20,good,,True
baseline[good=above],baseline/21,0,15,good,toward_bad,False
baseline[good=above],baseline/21,1,15,good,toward_bad,False
baseline[good=above],baseline/21,2,15,bad,toward_good,False
baseline[good=above],baseline/21,3,15,good,toward_bad,False
baseline[good=above],baseline/21,4,15,good,toward_bad,False
baseline[good=above],baseline/21,5,15,good,toward_bad,False
baseline[good=above],baseline/21,6,15,good,toward_bad,False
baseline[good=above],baseline/21,7,15,good,toward_bad,False
baseline[good=above],baseline/21,8,15,good,toward_good,False
baseline[good=above],baseline/21,9,15,good,toward_bad,False
baseline[good=above],baseline/21,10,15,good,toward_good,False
baseline[good=above],baseline/21,11,15,good,toward_good,False
baseline[good=above],baseline/21,12,15,good,toward_bad,False
baseline[good=above],baseline/21,13,15,good,toward_good,False
baseline[good=above],baseline/21,14,15,good,,True
baseline[good=below],baseline/21,0,15,bad,toward_good,False
baseline[good=below],baseline/21,1,15,bad,toward_good,False
baseline[good=below],baseline/21,2,15,good,toward_bad,False
baseline[good=below],baseline/21,3,15,bad,toward_good,False
baseline[good=below],baseline/21,4,15,bad,toward_good,False
baseline[good=below],baseline/21,5,15,bad,toward_good,False
baseline[good=below],baseline/21,6,15,bad,toward_good,False
baseline[good=below],baseline/21,7,15,bad,toward_good,False
baseline[good=below],baseline/21,8,15,bad,toward_bad,False
baseline[good=below],baseline/21,9,15,bad,toward_good,False
baseline[good=below],baseline/21,10,15,bad,toward_bad,False
baseline[good=below],baseline/21,11,15,bad,toward_bad,False
baseline[good=below],baseline/21,12,15,bad,toward_good,False
baseline[good=below],baseline/21,13,15,bad,toward_bad,False
baseline[good=below],baseline/21,14,15,bad,,True
baseline[good=above],baseline/22,0,15,good,toward_bad,False
baseline[good=above],baseline/22,1,15,good,toward_good,False
baseline[good=above],baseline/22,2,15,good,toward_bad,False
baseline[good=above],baseline/22,3,15,good,toward_good,False
baseline[good=above],baseline/22,4,15,good,toward_bad,False
baseline[good=above],baseline/22,5,15,good,toward_bad,False
baseline[good=above],baseline/22,6,15,good,toward_good,False
baseline[good=above],baseline/22,7,15,good,toward_bad,False
baseline[good=above],baseline/22,8,15,good,toward_good,False
baseline[good=above],baseline/22,9,15,good,toward_good,False
baseline[good=above],baseline/22,10,15,good,toward_bad,False
baseline[good=above],baseline/22,11,15,good,toward_bad,False
baseline[good=above],baseline/22,12,15,good,toward_bad,False
baseline[good=above],baseline/22,13,15,good,toward_good,False
baseline[good=above],baseline/22,14,15,good,,True
baseline[good=below],baseline/22,0,15,bad,toward_good,False
baseline[good=below],baseline/22,1,15,bad,toward_bad,False
baseline[good=below],baseline/22,2,15,bad,toward_good,False
baseline[good=below],baseline/22,3,15,bad,toward_bad,False
baseline[good=below],baseline/22,4,15,bad,toward_good,False
baseline[good=below],baseline/22,5,15,bad,toward_good,False
baseline[good=below],baseline/22,6,15,bad,toward_bad,False
baseline[good=below],baseline/22,7,15,bad,toward_good,False
baseline[good=below],baseline/22,8,15,bad,toward_bad,False
baseline[good=below],baseline/22,9,15,bad,toward_bad,False
baseline[good=below],baseline/22,10,15,bad,toward_good,False
baseline[good=below],baseline/22,11,15,bad,toward_good,False
baseline[good=below],baseline/22,12,15,bad,toward_good,False
baseline[good=below],baseline/22,13,15,bad,toward_bad,False
baseline[good=below],baseline/22,14,15,bad,,True
baseline[good=above],baseline/23,0,22,good,toward_bad,False
baseline[good=above],baseline/23,1,22,good,toward_good,False
baseline[good=above],baseline/23,2,22,good,toward_bad,False
baseline[good=above],baseline/23,3,22,good,toward_good,False
baseline[good=above],baseline/23,4,22,good,toward_good,False
baseline[good=above],baseline/23,5,22,good,toward_good,False
baseline[good=above],baseline/23,6,22,good,toward_bad,False
baseline[good=above],baseline/23,7,22,good,toward_good,False
baseline[good=above],baseline/23,8,22,good,toward_bad,False
baseline[good=above],baseline/23,9,22,good,toward_good,False
baseline[good=above],baseline/23,10,22,good,toward_good,False
baseline[good=above],baseline/23,11,22,good,toward_bad,False
baseline[good=above],baseline/23,12,22,good,toward_bad,False
baseline[good=above],baseline/23,13,22,good,toward_good,False
baseline[good=above],baseline/23,14,22,good,toward_good,False
baseline[good=above],baseline/23,15,22,good,toward_bad,False
baseline[good=above],baseline/23,16,22,good,toward_bad,False
baseline[good=above],baseline/23,17,22,good,toward_bad,False
baseline[good=above],baseline/23,18,22,good,toward_bad,False
baseline[good=above],baseline/23,19,22,good,toward_good,False
baseline[good=above],baseline/23,20,22,good,toward_bad,False
baseline[good=above],baseline/23,21,22,good,,True
baseline[good=below],baseline/23,0,22,bad,toward_good,False
baseline[good=below],baseline/23,1,22,bad,toward_bad,False
baseline[good=below],baseline/23,2,22,bad,toward_good,False
baseline[good=below],baseline/23,3,22,bad,toward_bad,False
baseline[good=below],baseline/23,4,22,bad,toward_bad,False
baseline[good=below],baseline/23,5,22,bad,toward_bad,False
baseline[good=below],baseline/23,6,22,bad,toward_good,False
baseline[good=below],baseline/23,7,22,bad,toward_bad,False
baseline[good=below],baseline/23,8,22,bad,toward_good,False
baseline[good=below],baseline/23,9,22,bad,toward_bad,False
baseline[good=below],baseline/23,10,22,bad,toward_bad,False
baseline[good=below],baseline/23,11,22,bad,toward_good,False
baseline[good=below],baseline/23,12,22,bad,toward_good,False
baseline[good=below],baseline/23,13,22,bad,toward_bad,False
baseline[good=below],baseline/23,14,22,bad,toward_bad,False
baseline[good=below],baseline/23,15,22,bad,toward_good,False
baseline[good=below],baseline/23,16,22,bad,toward_good,False
baseline[good=below],baseline/23,17,22,bad,toward_good,False
baseline[good=below],baseline/23,18,22,bad,toward_good,False
baseline[good=below],baseline/23,19,22,bad,toward_bad,False
baseline[good=below],baseline/23,20,22,bad,toward_good,False
baseline[good=below],baseline/23,21,22,bad,,True
baseline[good=above],baseline/24,0,42,good,toward_good,False
baseline[good=above],baseline/24,1,42,good,toward_good,False
baseline[good=above],baseline/24,2,42,good,toward_good,False
baseline[good=above],baseline/24,3,42,good,toward_good,False
baseline[good=above],baseline/24,4,42,good,toward_bad,False
baseline[good=above],baseline/24,5,42,good,toward_good,False
baseline[good=above],baseline/24,6,42,good,toward_bad,False
baseline[good=above],baseline/24,7,42,bad,toward_bad,False
baseline[good=above],baseline/24,8,42,bad,toward_good,False
baseline[good=above],baseline/24,9,42,bad,toward_good,False
baseline[good=above],baseline/24,10,42,bad,toward_good,False
baseline[good=above],baseline/24,11,42,good,toward_bad,False
baseline[good=above],baseline/24,12,42,bad,toward_good,False
baseline[good=above],baseline/24,13,42,bad,toward_bad,False
baseline[good=above],baseline/24,14,42,bad,toward_good,False
baseline[good=above],baseline/24,15,42,bad,toward_good,False
baseline[good=above],baseline/24,16,42,bad,toward_good,False
baseline[good=above],baseline/24,17,42,good,toward_bad,False
baseline[good=above],baseline/24,18,42,good,toward_bad,False
baseline[good=above],baseline/24,19,42,bad,toward_bad,False
baseline[good=above],baseline/24,20,42,bad,toward_good,False
baseline[good=above],baseline/24,21,42,good,toward_good,False
baseline[good=above],baseline/24,22,42,good,toward_good,False
baseline[good=above],baseline/24,23,42,good,toward_good,False
baseline[good=above],baseline/24,24,42,good,toward_good,False
baseline[good=above],baseline/24,25,42,good,toward_bad,False
baseline[good=above],baseline/24,26,42,good,toward_bad,False
baseline[good=above],baseline/24,27,42,good,toward_good,False
baseline[good=above],baseline/24,28,42,good,toward_good,False
baseline[good=above],baseline/24,29,42,good,toward_bad,False
baseline[good=above],baseline/24,30,42,good,toward_good,False
baseline[good=above],baseline/24,31,42,good,toward_bad,False
baseline[good=above],baseline/24,32,42,good,toward_bad,False
baseline[good=above],baseline/24,33,42,good,toward_good,False
baseline[good=above],baseline/24,34,42,good,toward_bad,False
baseline[good=above],baseline/24,35,42,good,toward_bad,False
baseline[good=above],baseline/24,36,42,good,toward_bad,False
baseline[good=above],baseline/24,37,42,good,toward_good,False
baseline[good=above],baseline/24,38,42,good,toward_good,False
baseline[good=above],baseline/24,39,42,good,toward_bad,False
baseline[good=above],baseline/24,40,42,good,toward_good,False
baseline[good=above],baseline/24,41,42,good,,True
baseline[good=below],baseline/24,0,42,bad,toward_bad,False
baseline[good=below],baseline/24,1,42,bad,toward_bad,False
baseline[good=below],baseline/24,2,42,bad,toward_bad,False
baseline[good=below],baseline/24,3,42,bad,toward_bad,False
baseline[good=below],baseline/24,4,42,bad,toward_good,False
baseline[good=below],baseline/24,5,42,bad,toward_bad,False
baseline[good=below],baseline/24,6,42,bad,toward_good,False
baseline[good=below],baseline/24,7,42,good,toward_good,False
baseline[good=below],baseline/24,8,42,good,toward_bad,False
baseline[good=below],baseline/24,9,42,good,toward_bad,False
baseline[good=below],baseline/24,10,42,good,toward_bad,False
baseline[good=below],baseline/24,11,42,bad,toward_good,False
baseline[good=below],baseline/24,12,42,good,toward_bad,False
baseline[good=below],baseline/24,13,42,good,toward_good,False
baseline[good=below],baseline/24,14,42,good,toward_bad,False
baseline[good=below],baseline/24,15,42,good,toward_bad,False
baseline[good=below],baseline/24,16,42,good,toward_bad,False
baseline[good=below],baseline/24,17,42,bad,toward_good,False
baseline[good=below],baseline/24,18,42,bad,toward_good,False
baseline[good=below],baseline/24,19,42,good,toward_good,False
baseline[good=below],baseline/24,20,42,good,toward_bad,False
baseline[good=below],baseline/24,21,42,bad,toward_bad,False
baseline[good=below],baseline/24,22,42,bad,toward_bad,False
baseline[good=below],baseline/24,23,42,bad,toward_bad,False
baseline[good=below],baseline/24,24,42,bad,toward_bad,False
baseline[good=below],baseline/24,25,42,bad,toward_good,False
baseline[good=below],baseline/24,26,42,bad,toward_good,False
baseline[good=below],baseline/24,27,42,bad,toward_bad,False
baseline[good=below],baseline/24,28,42,bad,toward_bad,False
baseline[good=below],baseline/24,29,42,bad,toward_good,False
baseline[good=below],baseline/24,30,42,bad,toward_bad,False
baseline[good=below],baseline/24,31,42,bad,toward_good,False
baseline[good=below],baseline/24,32,42,bad,toward_good,False
baseline[good=below],baseline/24,33,42,bad,toward_bad,False
baseline[good=below],baseline/24,34,42,bad,toward_good,False
baseline[good=below],baseline/24,35,42,bad,toward_good,False
baseline[good=below],baseline/24,36,42,bad,toward_good,False
baseline[good=below],baseline/24,37,42,bad,toward_bad,False
baseline[good=below],baseline/24,38,42,bad,toward_bad,False
baseline[good=below],baseline/24,39,42,bad,toward_good,False
baseline[good=below],baseline/24,40,42,bad,toward_bad,False
baseline[good=below],baseline/24,41,42,bad,,True
baseline[good=above],baseline/26,0,18,bad,toward_good,False
baseline[good=above],baseline/26,1,18,good,toward_bad,False
baseline[good=above],baseline/26,2,18,good,toward_bad,False
baseline[good=above],baseline/26,3,18,good,toward_bad,False
baseline[good=above],baseline/26,4,18,good,toward_bad,False
baseline[good=above],baseline/26,5,18,bad,toward_good,False
baseline[good=above],baseline/26,6,18,good,toward_bad,False
baseline[good=above],baseline/26,7,18,bad,toward_good,False
baseline[good=above],baseline/26,8,18,good,toward_good,False
baseline[good=above],baseline/26,9,18,good,toward_bad,False
baseline[good=above],baseline/26,10,18,good,toward_good,False
baseline[good=above],baseline/26,11,18,good,toward_bad,False
baseline[good=above],baseline/26,12,18,good,toward_good,False
baseline[good=above],baseline/26,13,18,good,toward_bad,False
baseline[good=above],baseline/26,14,18,good,toward_good,False
baseline[good=above],baseline/26,15,18,good,toward_bad,False
baseline[good=above],baseline/26,16,18,good,toward_good,False
baseline[good=above],baseline/26,17,18,good,,True
baseline[good=below],baseline/26,0,18,good,toward_bad,False
baseline[good=below],baseline/26,1,18,bad,toward_good,False
baseline[good=below],baseline/26,2,18,bad,toward_good,False
baseline[good=below],baseline/26,3,18,bad,toward_good,False
baseline[good=below],baseline/26,4,18,bad,toward_good,False
baseline[good=below],baseline/26,5,18,good,toward_bad,False
baseline[good=below],baseline/26,6,18,bad,toward_good,False
baseline[good=below],baseline/26,7,18,good,toward_bad,False
baseline[good=below],baseline/26,8,18,bad,toward_bad,False
baseline[good=below],baseline/26,9,18,bad,toward_good,False
baseline[good=below],baseline/26,10,18,bad,toward_bad,False
baseline[good=below],baseline/26,11,18,bad,toward_good,False
baseline[good=below],baseline/26,12,18,bad,toward_bad,False
baseline[good=below],baseline/26,13,18,bad,toward_good,False
baseline[good=below],baseline/26,14,18,bad,toward_bad,False
baseline[good=below],baseline/26,15,18,bad,toward_good,False
baseline[good=below],baseline/26,16,18,bad,toward_bad,False
baseline[good=below],baseline/26,17,18,bad,,True
baseline[good=above],baseline/27,0,16,bad,toward_good,False
baseline[good=above],baseline/27,1,16,good,toward_bad,False
baseline[good=above],baseline/27,2,16,bad,toward_good,False
baseline[good=above],baseline/27,3,16,bad,toward_bad,False
baseline[good=above],baseline/27,4,16,bad,toward_bad,False
baseline[good=above],baseline/27,5,16,bad,toward_good,False
baseline[good=above],baseline/27,6,16,bad,toward_bad,False
baseline[good=above],baseline/27,7,16,bad,toward_good,False
baseline[good=above],baseline/27,8,16,bad,toward_good,False
baseline[good=above],baseline/27,9,16,bad,toward_bad,False
baseline[good=above],baseline/27,10,16,bad,toward_bad,False
baseline[good=above],baseline/27,11,16,bad,toward_bad,False
baseline[good=above],baseline/27,12,16,bad,toward_good,False
baseline[good=above],baseline/27,13,16,bad,toward_good,False
baseline[good=above],baseline/27,14,16,bad,toward_bad,False
baseline[good=above],baseline/27,15,16,bad,,True
baseline[good=below],baseline/27,0,16,good,toward_bad,False
baseline[good=below],baseline/27,1,16,bad,toward_good,False
baseline[good=below],baseline/27,2,16,good,toward_bad,False
baseline[good=below],baseline/27,3,16,good,toward_good,False
baseline[good=below],baseline/27,4,16,good,toward_good,False
baseline[good=below],baseline/27,5,16,good,toward_bad,False
baseline[good=below],baseline/27,6,16,good,toward_good,False
baseline[good=below],baseline/27,7,16,good,toward_bad,False
baseline[good=below],baseline/27,8,16,good,toward_bad,False
baseline[good=below],baseline/27,9,16,good,toward_good,False
baseline[good=below],baseline/27,10,16,good,toward_good,False
baseline[good=below],baseline/27,11,16,good,toward_good,False
baseline[good=below],baseline/27,12,16,good,toward_bad,False
baseline[good=below],baseline/27,13,16,good,toward_bad,False
baseline[good=below],baseline/27,14,16,good,toward_good,False
baseline[good=below],baseline/27,15,16,good,,True
baseline[good=above],baseline/28,0,14,bad,toward_good,False
baseline[good=above],baseline/28,1,14,bad,toward_bad,False
baseline[good=above],baseline/28,2,14,bad,toward_bad,False
baseline[good=above],baseline/28,3,14,bad,toward_good,False
baseline[good=above],baseline/28,4,14,bad,toward_bad,False
baseline[good=above],baseline/28,5,14,bad,toward_good,False
baseline[good=above],baseline/28,6,14,bad,toward_good,False
baseline[good=above],baseline/28,7,14,bad,toward_bad,False
baseline[good=above],baseline/28,8,14,bad,toward_bad,False
baseline[good=above],baseline/28,9,14,bad,toward_good,False
baseline[good=above],baseline/28,10,14,bad,toward_bad,False
baseline[good=above],baseline/28,11,14,bad,toward_bad,False
baseline[good=above],baseline/28,12,14,bad,toward_good,False
baseline[good=above],baseline/28,13,14,bad,,True
baseline[good=below],baseline/28,0,14,good,toward_bad,False
baseline[good=below],baseline/28,1,14,good,toward_good,False
baseline[good=below],baseline/28,2,14,good,toward_good,False
baseline[good=below],baseline/28,3,14,good,toward_bad,False
baseline[good=below],baseline/28,4,14,good,toward_good,False
baseline[good=below],baseline/28,5,14,good,toward_bad,False
baseline[good=below],baseline/28,6,14,good,toward_bad,False
baseline[good=below],baseline/28,7,14,good,toward_good,False
baseline[good=below],baseline/28,8,14,good,toward_good,False
baseline[good=below],baseline/28,9,14,good,toward_bad,False
baseline[good=below],baseline/28,10,14,good,toward_good,False
baseline[good=below],baseline/28,11,14,good,toward_good,False
baseline[good=below],baseline/28,12,14,good,toward_bad,False
baseline[good=below],baseline/28,13,14,good,,True
baseline[good=above],baseline/29,0,45,bad,toward_bad,False
baseline[good=above],baseline/29,1,45,bad,toward_good,False
baseline[good=above],baseline/29,2,45,bad,toward_bad,False
baseline[good=above],baseline/29,3,45,bad,toward_bad,False
baseline[good=above],baseline/29,4,45,bad,toward_good,False
baseline[good=above],baseline/29,5,45,bad,toward_good,False
baseline[good=above],baseline/29,6,45,bad,toward_good,False
baseline[good=above],baseline/29,7,45,bad,toward_bad,False
baseline[good=above],baseline/29,8,45,bad,toward_bad,False
baseline[good=above],baseline/29,9,45,bad,toward_good,False
baseline[good=above],baseline/29,10,45,bad,toward_good,False
baseline[good=above],baseline/29,11,45,bad,toward_bad,False
baseline[good=above],baseline/29,12,45,bad,toward_bad,False
baseline[good=above],baseline/29,13,45,bad,toward_good,False
baseline[good=above],baseline/29,14,45,bad,toward_good,False
baseline[good=above],baseline/29,15,45,bad,toward_bad,False
baseline[good=above],baseline/29,16,45,bad,toward_bad,False
baseline[good=above],baseline/29,17,45,bad,toward_good,False
baseline[good=above],baseline/29,18,45,bad,toward_good,False
baseline[good=above],baseline/29,19,45,bad,toward_good,False
baseline[good=above],baseline/29,20,45,bad,toward_bad,False
baseline[good=above],baseline/29,21,45,bad,toward_good,False
baseline[good=above],baseline/29,22,45,bad,toward_good,False
baseline[good=above],baseline/29,23,45,bad,toward_good,False
baseline[good=above],baseline/29,24,45,bad,toward_good,False
baseline[good=above],baseline/29,25,45,bad,toward_good,False
baseline[good=above],baseline/29,26,45,good,toward_good,False
baseline[good=above],baseline/29,27,45,good,toward_bad,False
baseline[good=above],baseline/29,28,45,good,toward_good,False
baseline[good=above],baseline/29,29,45,good,toward_bad,False
baseline[good=above],baseline/29,30,45,bad,toward_good,False
baseline[good=above],baseline/29,31,45,bad,toward_bad,False
baseline[good=above],baseline/29,32,45,bad,toward_good,False
baseline[good=above],baseline/29,33,45,bad,toward_bad,False
baseline[good=above],baseline/29,34,45,bad,toward_good,False
baseline[good=above],baseline/29,35,45,bad,toward_good,False
baseline[good=above],baseline/29,36,45,bad,toward_bad,False
baseline[good=above],baseline/29,37,45,bad,toward_good,False
baseline[good=above],baseline/29,38,45,bad,toward_good,False
baseline[good=above],baseline/29,39,45,bad,toward_bad,False
baseline[good=above],baseline/29,40,45,bad,toward_good,False
baseline[good=above],baseline/29,41,45,bad,toward_bad,False
baseline[good=above],baseline/29,42,45,bad,toward_good,False
baseline[good=above],baseline/29,43,45,bad,toward_bad,False
baseline[good=above],baseline/29,44,45,bad,,True
baseline[good=below],baseline/29,0,45,good,toward_good,False
baseline[good=below],baseline/29,1,45,good,toward_bad,False
baseline[good=below],baseline/29,2,45,good,toward_good,False
baseline[good=below],baseline/29,3,45,good,toward_good,False
baseline[good=below],baseline/29,4,45,good,toward_bad,False
baseline[good=below],baseline/29,5,45,good,toward_bad,False
baseline[good=below],baseline/29,6,45,good,toward_bad,False
baseline[good=below],baseline/29,7,45,good,toward_good,False
baseline[good=below],baseline/29,8,45,good,toward_good,False
baseline[good=below],baseline/29,9,45,good,toward_bad,False
baseline[good=below],baseline/29,10,45,good,toward_bad,False
baseline[good=below],baseline/29,11,45,good,toward_good,False
baseline[good=below],baseline/29,12,45,good,toward_good,False
baseline[good=below],baseline/29,13,45,good,toward_bad,False
baseline[good=below],baseline/29,14,45,good,toward_bad,False
baseline[good=below],baseline/29,15,45,good,toward_good,False
baseline[good=below],baseline/29,16,45,good,toward_good,False
baseline[good=below],baseline/29,17,45,good,toward_bad,False
baseline[good=below],baseline/29,18,45,good,toward_bad,False
baseline[good=below],baseline/29,19,45,good,toward_bad,False
baseline[good=below],baseline/29,20,45,good,toward_good,False
baseline[good=below],baseline/29,21,45,good,toward_bad,False
baseline[good=below],baseline/29,22,45,good,toward_bad,False
baseline[good=below],baseline/29,23,45,good,toward_bad,False
baseline[good=below],baseline/29,24,45,good,toward_bad,False
baseline[good=below],baseline/29,25,45,good,toward_bad,False
baseline[good=below],baseline/29,26,45,bad,toward_bad,False
baseline[good=below],baseline/29,27,45,bad,toward_good,False
baseline[good=below],baseline/29,28,45,bad,toward_bad,False
baseline[good=below],baseline/29,29,45,bad,toward_good,False
baseline[good=below],baseline/29,30,45,good,toward_bad,False
baseline[good=below],baseline/29,31,45,good,toward_good,False
baseline[good=below],baseline/29,32,45,good,toward_bad,False
baseline[good=below],baseline/29,33,45,good,toward_good,False
baseline[good=below],baseline/29,34,45,good,toward_bad,False
baseline[good=below],baseline/29,35,45,good,toward_bad,False
baseline[good=below],baseline/29,36,45,good,toward_good,False
baseline[good=below],baseline/29,37,45,good,toward_bad,False
baseline[good=below],baseline/29,38,45,good,toward_bad,False
baseline[good=below],baseline/29,39,45,good,toward_good,False
baseline[good=below],baseline/29,40,45,good,toward_bad,False
baseline[good=below],baseline/29,41,45,good,toward_good,False
baseline[good=below],baseline/29,42,45,good,toward_bad,False
baseline[good=below],baseline/29,43,45,good,toward_good,False
baseline[good=below],baseline/29,44,45,good,,True
baseline[good=above],baseline/30,0,23,bad,toward_good,False
baseline[good=above],baseline/30,1,23,bad,toward_bad,False
baseline[good=above],baseline/30,2,23,bad,toward_good,False
baseline[good=above],baseline/30,3,23,bad,toward_good,False
baseline[good=above],baseline/30,4,23,bad,toward_bad,False
baseline[good=above],baseline/30,5,23,bad,toward_good,False
baseline[good=above],baseline/30,6,23,bad,toward_good,False
baseline[good=above],baseline/30,7,23,bad,toward_bad,False
baseline[good=above],baseline/30,8,23,bad,toward_good,False
baseline[good=above],baseline/30,9,23,bad,toward_bad,False
baseline[good=above],baseline/30,10,23,bad,toward_good,False
baseline[good=above],baseline/30,11,23,bad,toward_good,False
baseline[good=above],baseline/30,12,23,bad,toward_good,False
baseline[good=above],baseline/30,13,23,bad,toward_bad,False
baseline[good=above],baseline/30,14,23,bad,toward_bad,False
baseline[good=above],baseline/30,15,23,bad,toward_good,False
baseline[good=above],baseline/30,16,23,bad,toward_good,False
baseline[good=above],baseline/30,17,23,bad,toward_bad,False
baseline[good=above],baseline/30,18,23,bad,toward_good,False
baseline[good=above],baseline/30,19,23,bad,toward_bad,False
baseline[good=above],baseline/30,20,23,bad,toward_bad,False
baseline[good=above],baseline/30,21,23,bad,toward_good,False
baseline[good=above],baseline/30,22,23,bad,,True
baseline[good=below],baseline/30,0,23,good,toward_bad,False
baseline[good=below],baseline/30,1,23,good,toward_good,False
baseline[good=below],baseline/30,2,23,good,toward_bad,False
baseline[good=below],baseline/30,3,23,good,toward_bad,False
baseline[good=below],baseline/30,4,23,good,toward_good,False
baseline[good=below],baseline/30,5,23,good,toward_bad,False
baseline[good=below],baseline/30,6,23,good,toward_bad,False
baseline[good=below],baseline/30,7,23,good,toward_good,False
baseline[good=below],baseline/30,8,23,good,toward_bad,False
baseline[good=below],baseline/30,9,23,good,toward_good,False
baseline[good=below],baseline/30,10,23,good,toward_bad,False
baseline[good=below],baseline/30,11,23,good,toward_bad,False
baseline[good=below],baseline/30,12,23,good,toward_bad,False
baseline[good=below],baseline/30,13,23,good,toward_good,False
baseline[good=below],baseline/30,14,23,good,toward_good,False
baseline[good=below],baseline/30,15,23,good,toward_bad,False
baseline[good=below],baseline/30,16,23,good,toward_bad,False
baseline[good=below],baseline/30,17,23,good,toward_good,False
baseline[good=below],baseline/30,18,23,good,toward_bad,False
baseline[good=below],baseline/30,19,23,good,toward_good,False
baseline[good=below],baseline/30,20,23,good,toward_good,False
baseline[good=below],baseline/30,21,23,good,toward_bad,False
baseline[good=below],baseline/30,22,23,good,,True
baseline[good=above],baseline/31,0,23,good,toward_bad,False
baseline[good=above],baseline/31,1,23,bad,toward_good,False
baseline[good=above],baseline/31,2,23,good,toward_bad,False
baseline[good=above],baseline/31,3,23,good,toward_bad,False
baseline[good=above],baseline/31,4,23,bad,toward_bad,False
baseline[good=above],baseline/31,5,23,bad,toward_good,False
baseline[good=above],baseline/31,6,23,good,toward_bad,False
baseline[good=above],baseline/31,7,23,bad,toward_good,False
baseline[good=above],baseline/31,8,23,good,toward_bad,False
baseline[good=above],baseline/31,9,23,bad,toward_good,False
baseline[good=above],baseline/31,10,23,good,toward_good,False
baseline[good=above],baseline/31,11,23,good,toward_good,False
baseline[good=above],baseline/31,12,23,good,toward_bad,False
baseline[good=above],baseline/31,13,23,bad,toward_good,False
baseline[good=above],baseline/31,14,23,good,toward_bad,False
baseline[good=above],baseline/31,15,23,good,toward_bad,False
baseline[good=above],baseline/31,16,23,good,toward_bad,False
baseline[good=above],baseline/31,17,23,good,toward_good,False
baseline[good=above],baseline/31,18,23,good,toward_good,False
baseline[good=above],baseline/31,19,23,good,toward_bad,False
baseline[good=above],baseline/31,20,23,bad,toward_bad,False
baseline[good=above],baseline/31,21,23,bad,toward_good,False
baseline[good=above],baseline/31,22,23,good,,True
baseline[good=below],baseline/31,0,23,bad,toward_good,False
baseline[good=below],baseline/31,1,23,good,toward_bad,False
baseline[good=below],baseline/31,2,23,bad,toward_good,False
baseline[good=below],baseline/31,3,23,bad,toward_good,False
baseline[good=below],baseline/31,4,23,good,toward_good,False
baseline[good=below],baseline/31,5,23,good,toward_bad,False
baseline[good=below],baseline/31,6,23,bad,toward_good,False
baseline[good=below],baseline/31,7,23,good,toward_bad,False
baseline[good=below],baseline/31,8,23,bad,toward_good,False
baseline[good=below],baseline/31,9,23,good,toward_bad,False
baseline[good=below],baseline/31,10,23,bad,toward_bad,False
baseline[good=below],baseline/31,11,23,bad,toward_bad,False
baseline[good=below],baseline/31,12,23,bad,toward_good,False
baseline[good=below],baseline/31,13,23,good,toward_bad,False
baseline[good=below],baseline/31,14,23,bad,toward_good,False
baseline[good=below],baseline/31,15,23,bad,toward_good,False
baseline[good=below],baseline/31,16,23,bad,toward_good,False
baseline[good=below],baseline/31,17,23,bad,toward_bad,False
baseline[good=below],baseline/31,18,23,bad,toward_bad,False
baseline[good=below],baseline/31,19,23,bad,toward_good,False
baseline[good=below],baseline/31,20,23,good,toward_good,False
baseline[good=below],baseline/31,21,23,good,toward_bad,False
baseline[good=below],baseline/31,22,23,bad,,True
baseline[good=above],baseline/32,0,15,good,toward_good,False
baseline[good=above],baseline/32,1,15,good,toward_good,False
baseline[good=above],baseline/32,2,15,good,toward_bad,False
baseline[good=above],baseline/32,3,15,good,toward_good,False
baseline[good=above],baseline/32,4,15,good,toward_good,False
baseline[good=above],baseline/32,5,15,good,toward_bad,False
baseline[good=above],baseline/32,6,15,bad,toward_good,False
baseline[good=above],baseline/32,7,15,bad,toward_bad,False
baseline[good=above],baseline/32,8,15,bad,toward_good,False
baseline[good=above],baseline/32,9,15,good,toward_bad,False
baseline[good=above],baseline/32,10,15,bad,toward_good,False
baseline[good=above],baseline/32,11,15,bad,toward_good,False
baseline[good=above],baseline/32,12,15,bad,toward_good,False
baseline[good=above],baseline/32,13,15,good,toward_bad,False
baseline[good=above],baseline/32,14,15,bad,,True
baseline[good=below],baseline/32,0,15,bad,toward_bad,False
baseline[good=below],baseline/32,1,15,bad,toward_bad,False
baseline[good=below],baseline/32,2,15,bad,toward_good,False
baseline[good=below],baseline/32,3,15,bad,toward_bad,False
baseline[good=below],baseline/32,4,15,bad,toward_bad,False
baseline[good=below],baseline/32,5,15,bad,toward_good,False
baseline[good=below],baseline/32,6,15,good,toward_bad,False
baseline[good=below],baseline/32,7,15,good,toward_good,False
baseline[good=below],baseline/32,8,15,good,toward_bad,False
baseline[good=below],baseline/32,9,15,bad,toward_good,False
baseline[good=below],baseline/32,10,15,good,toward_bad,False
baseline[good=below],baseline/32,11,15,good,toward_bad,False
baseline[good=below],baseline/32,12,15,good,toward_bad,False
baseline[good=below],baseline/32,13,15,bad,toward_good,False
baseline[good=below],baseline/32,14,15,good,,True
baseline[good=above],baseline/33,0,19,bad,toward_bad,False
baseline[good=above],baseline/33,1,19,bad,toward_good,False
baseline[good=above],baseline/33,2,19,bad,toward_bad,False
baseline[good=above],baseline/33,3,19,bad,toward_good,False
baseline[good=above],baseline/33,4,19,bad,toward_bad,False
baseline[good=above],baseline/33,5,19,bad,toward_good,False
baseline[good=above],baseline/33,6,19,bad,toward_good,False
baseline[good=above],baseline/33,7,19,bad,toward_good,False
baseline[good=above],baseline/33,8,19,bad,toward_bad,False
baseline[good=above],baseline/33,9,19,bad,toward_bad,False
baseline[good=above],baseline/33,10,19,bad,toward_good,False
baseline[good=above],baseline/33,11,19,bad,toward_good,False
baseline[good=above],baseline/33,12,19,bad,toward_good,False
baseline[good=above],baseline/33,13,19,bad,toward_bad,False
baseline[good=above],baseline/33,14,19,bad,toward_good,False
baseline[good=above],baseline/33,15,19,bad,toward_bad,False
baseline[good=above],baseline/33,16,19,bad,toward_good,False
baseline[good=above],baseline/33,17,19,bad,toward_good,False
baseline[good=above],baseline/33,18,19,bad,,True
baseline[good=below],baseline/33,0,19,good,toward_good,False
baseline[good=below],baseline/33,1,19,good,toward_bad,False
baseline[good=below],baseline/33,2,19,good,toward_good,False
baseline[good=below],baseline/33,3,19,good,toward_bad,False
baseline[good=below],baseline/33,4,19,good,toward_good,False
baseline[good=below],baseline/33,5,19,good,toward_bad,False
baseline[good=below],baseline/33,6,19,good,toward_bad,False
baseline[good=below],baseline/33,7,19,good,toward_bad,False
baseline[good=below],baseline/33,8,19,good,toward_good,False
baseline[good=below],baseline/33,9,19,good,toward_good,False
baseline[good=below],baseline/33,10,19,good,toward_bad,False
baseline[good=below],baseline/33,11,19,good,toward_bad,False
baseline[good=below],baseline/33,12,19,good,toward_bad,False
baseline[good=below],baseline/33,13,19,good,toward_good,False
baseline[good=below],baseline/33,14,19,good,toward_bad,False
baseline[good=below],baseline/33,15,19,good,toward_good,False
baseline[good=below],baseline/33,16,19,good,toward_bad,False
baseline[good=below],baseline/33,17,19,good,toward_bad,False
baseline[good=below],baseline/33,18,19,good,,True
baseline[good=above],baseline/34,0,26,good,toward_bad,False
baseline[good=above],baseline/34,1,26,good,toward_bad,False
baseline[good=above],baseline/34,2,26,good,toward_bad,False
baseline[good=above],baseline/34,3,26,good,toward_good,False
baseline[good=above],baseline/34,4,26,good,toward_good,False
baseline[good=above],baseline/34,5,26,good,toward_good,False
baseline[good=above],baseline/34,6,26,good,toward_bad,False
baseline[good=above],baseline/34,7,26,good,toward_good,False
baseline[good=above],baseline/34,8,26,good,toward_good,False
baseline[good=above],baseline/34,9,26,good,toward_good,False
baseline[good=above],baseline/34,10,26,good,toward_bad,False
baseline[good=above],baseline/34,11,26,good,toward_bad,False
baseline[good=above],baseline/34,12,26,good,toward_bad,False
baseline[good=above],baseline/34,13,26,good,toward_good,False
baseline[good=above],baseline/34,14,26,good,toward_good,False
baseline[good=above],baseline/34,15,26,good,toward_bad,False
baseline[good=above],baseline/34,16,26,good,toward_bad,False
baseline[good=above],baseline/34,17,26,good,toward_good,False
baseline[good=above],baseline/34,18,26,good,toward_good,False
baseline[good=above],baseline/34,19,26,good,toward_bad,False
baseline[good=above],baseline/34,20,26,good,toward_bad,False
baseline[good=above],baseline/34,21,26,good,toward_good,False
baseline[good=above],baseline/34,22,26,good,toward_good,False
baseline[good=above],baseline/34,23,26,good,toward_bad,False
baseline[good=above],baseline/34,24,26,good,toward_bad,False
baseline[good=above],baseline/34,25,26,good,,True
baseline[good=below],baseline/34,0,26,bad,toward_good,False
baseline[good=below],baseline/34,1,26,bad,toward_good,False
baseline[good=below],baseline/34,2,26,bad,toward_good,False
baseline[good=below],baseline/34,3,26,bad,toward_bad,False
baseline[good=below],baseline/34,4,26,bad,toward_bad,False
baseline[good=below],baseline/34,5,26,bad,toward_bad,False
baseline[good=below],baseline/34,6,26,bad,toward_good,False
baseline[good=below],baseline/34,7,26,bad,toward_bad,False
baseline[good=below],baseline/34,8,26,bad,toward_bad,False
baseline[good=below],baseline/34,9,26,bad,toward_bad,False
baseline[good=below],baseline/34,10,26,bad,toward_good,False
baseline[good=below],baseline/34,11,26,bad,toward_good,False
baseline[good=below],baseline/34,12,26,bad,toward_good,False
baseline[good=below],baseline/34,13,26,bad,toward_bad,False
baseline[good=below],baseline/34,14,26,bad,toward_bad,False
baseline[good=below],baseline/34,15,26,bad,toward_good,False
baseline[good=below],baseline/34,16,26,bad,toward_good,False
baseline[good=below],baseline/34,17,26,bad,toward_bad,False
baseline[good=below],baseline/34,18,26,bad,toward_bad,False
baseline[good=below],baseline/34,19,26,bad,toward_good,False
baseline[good=below],baseline/34,20,26,bad,toward_good,False
baseline[good=below],baseline/34,21,26,bad,toward_bad,False
baseline[good=below],baseline/34,22,26,bad,toward_bad,False
baseline[good=below],baseline/34,23,26,bad,toward_good,False
baseline[good=below],baseline/34,24,26,bad,toward_good,False
baseline[good=below],baseline/34,25,26,bad,,True
baseline[good=above],baseline/35,0,2,bad,toward_bad,False
baseline[good=above],baseline/35,1,2,bad,,True
baseline[good=below],baseline/35,0,2,good,toward_good,False
baseline[good=below],baseline/35,1,2,good,,True
baseline[good=above],baseline/36,0,45,good,toward_bad,False
baseline[good=above],baseline/36,1,45,bad,toward_bad,False
baseline[good=above],baseline/36,2,45,bad,toward_good,False
baseline[good=above],baseline/36,3,45,good,toward_bad,False
baseline[good=above],baseline/36,4,45,bad,toward_good,False
baseline[good=above],baseline/36,5,45,bad,toward_good,False
baseline[good=above],baseline/36,6,45,good,toward_good,False
baseline[good=above],baseline/36,7,45,good,toward_bad,False
baseline[good=above],baseline/36,8,45,good,toward_bad,False
baseline[good=above],baseline/36,9,45,bad,toward_good,False
baseline[good=above],baseline/36,10,45,good,toward_bad,False
baseline[good=above],baseline/36,11,45,bad,toward_good,False
baseline[good=above],baseline/36,12,45,bad,toward_good,False
baseline[good=above],baseline/36,13,45,bad,toward_good,False
baseline[good=above],baseline/36,14,45,good,toward_bad,False
baseline[good=above],baseline/36,15,45,good,toward_good,False
baseline[good=above],baseline/36,16,45,good,toward_good,False
baseline[good=above],baseline/36,17,45,good,toward_bad,False
baseline[good=above],baseline/36,18,45,good,toward_bad,False
baseline[good=above],baseline/36,19,45,bad,toward_good,False
baseline[good=above],baseline/36,20,45,bad,toward_bad,False
baseline[good=above],baseline/36,21,45,bad,toward_good,False
baseline[good=above],baseline/36,22,45,bad,toward_good,False
baseline[good=above],baseline/36,23,45,good,toward_bad,False
baseline[good=above],baseline/36,24,45,good,toward_bad,False
baseline[good=above],baseline/36,25,45,bad,toward_good,False
baseline[good=above],baseline/36,26,45,good,toward_good,False
baseline[good=above],baseline/36,27,45,good,toward_bad,False
baseline[good=above],baseline/36,28,45,good,toward_bad,False
baseline[good=above],baseline/36,29,45,bad,toward_good,False
baseline[good=above],baseline/36,30,45,bad,toward_good,False
baseline[good=above],baseline/36,31,45,good,toward_good,False
baseline[good=above],baseline/36,32,45,good,toward_good,False
baseline[good=above],baseline/36,33,45,good,toward_bad,False
baseline[good=above],baseline/36,34,45,good,toward_bad,False
baseline[good=above],baseline/36,35,45,bad,toward_good,False
baseline[good=above],baseline/36,36,45,good,toward_bad,False
baseline[good=above],baseline/36,37,45,good,toward_good,False
baseline[good=above],baseline/36,38,45,good,toward_good,False
baseline[good=above],baseline/36,39,45,good,toward_good,False
baseline[good=above],baseline/36,40,45,good,toward_bad,False
baseline[good=above],baseline/36,41,45,good,toward_bad,False
baseline[good=above],baseline/36,42,45,bad,toward_good,False
baseline[good=above],baseline/36,43,45,bad,toward_good,False
baseline[good=above],baseline/36,44,45,bad,,True
baseline[good=below],baseline/36,0,45,bad,toward_good,False
baseline[good=below],baseline/36,1,45,good,toward_good,False
baseline[good=below],baseline/36,2,45,good,toward_bad,False
baseline[good=below],baseline/36,3,45,bad,toward_good,False
baseline[good=below],baseline/36,4,45,good,toward_bad,False
baseline[good=below],baseline/36,5,45,good,toward_bad,False
baseline[good=below],baseline/36,6,45,bad,toward_bad,False
baseline[good=below],baseline/36,7,45,bad,toward_good,False
baseline[good=below],baseline/36,8,45,bad,toward_good,False
baseline[good=below],baseline/36,9,45,good,toward_bad,False
baseline[good=below],baseline/36,10,45,bad,toward_good,False
baseline[good=below],baseline/36,11,45,good,toward_bad,False
baseline[good=below],baseline/36,12,45,good,toward_bad,False
baseline[good=below],baseline/36,13,45,good,toward_bad,False
baseline[good=below],baseline/36,14,45,bad,toward_good,False
baseline[good=below],baseline/36,15,45,bad,toward_bad,False
baseline[good=below],baseline/36,16,45,bad,toward_bad,False
baseline[good=below],baseline/36,17,45,bad,toward_good,False
baseline[good=below],baseline/36,18,45,bad,toward_good,False
baseline[good=below],baseline/36,19,45,good,toward_bad,False
baseline[good=below],baseline/36,20,45,good,toward_good,False
baseline[good=below],baseline/36,21,45,good,toward_bad,False
baseline[good=below],baseline/36,22,45,good,toward_bad,False
baseline[good=below],baseline/36,23,45,bad,toward_good,False
baseline[good=below],baseline/36,24,45,bad,toward_good,False
baseline[good=below],baseline/36,25,45,good,toward_bad,False
baseline[good=below],baseline/36,26,45,bad,toward_bad,False
baseline[good=below],baseline/36,27,45,bad,toward_good,False
baseline[good=below],baseline/36,28,45,bad,toward_good,False
baseline[good=below],baseline/36,29,45,good,toward_bad,False
baseline[good=below],baseline/36,30,45,good,toward_bad,False
baseline[good=below],baseline/36,31,45,bad,toward_bad,False
baseline[good=below],baseline/36,32,45,bad,toward_bad,False
baseline[good=below],baseline/36,33,45,bad,toward_good,False
baseline[good=below],baseline/36,34,45,bad,toward_good,False
baseline[good=below],baseline/36,35,45,good,toward_bad,False
baseline[good=below],baseline/36,36,45,bad,toward_good,False
baseline[good=below],baseline/36,37,45,bad,toward_bad,False
baseline[good=below],baseline/36,38,45,bad,toward_bad,False
baseline[good=below],baseline/36,39,45,bad,toward_bad,False
baseline[good=below],baseline/36,40,45,bad,toward_good,False
baseline[good=below],baseline/36,41,45,bad,toward_good,False
baseline[good=below],baseline/36,42,45,good,toward_bad,False
baseline[good=below],baseline/36,43,45,good,toward_bad,False
baseline[good=below],baseline/36,44,45,good,,True
baseline[good=above],baseline/37,0,23,bad,toward_bad,False
baseline[good=above],baseline/37,1,23,bad,toward_good,False
baseline[good=above],baseline/37,2,23,bad,toward_bad,False
baseline[good=above],baseline/37,3,23,bad,toward_bad,False
baseline[good=above],baseline/37,4,23,bad,toward_good,False
baseline[good=above],baseline/37,5,23,bad,toward_good,False
baseline[good=above],baseline/37,6,23,bad,toward_good,False
baseline[good=above],baseline/37,7,23,bad,toward_bad,False
baseline[good=above],baseline/37,8,23,bad,toward_good,False
baseline[good=above],baseline/37,9,23,bad,toward_bad,False
baseline[good=above],baseline/37,10,23,bad,toward_good,False
baseline[good=above],baseline/37,11,23,bad,toward_good,False
baseline[good=above],baseline/37,12,23,bad,toward_good,False
baseline[good=above],baseline/37,13,23,bad,toward_good,False
baseline[good=above],baseline/37,14,23,bad,toward_bad,False
baseline[good=above],baseline/37,15,23,bad,toward_good,False
baseline[good=above],baseline/37,16,23,bad,toward_good,False
baseline[good=above],baseline/37,17,23,bad,toward_bad,False
baseline[good=above],baseline/37,18,23,bad,toward_bad,False
baseline[good=above],baseline/37,19,23,bad,toward_good,False
baseline[good=above],baseline/37,20,23,bad,toward_bad,False
baseline[good=above],baseline/37,21,23,bad,toward_bad,False
baseline[good=above],baseline/37,22,23,bad,,True
baseline[good=below],baseline/37,0,23,good,toward_good,False
baseline[good=below],baseline/37,1,23,good,toward_bad,False
baseline[good=below],baseline/37,2,23,good,toward_good,False
baseline[good=below],baseline/37,3,23,good,toward_good,False
baseline[good=below],baseline/37,4,23,good,toward_bad,False
baseline[good=below],baseline/37,5,23,good,toward_bad,False
baseline[good=below],baseline/37,6,23,good,toward_bad,False
baseline[good=below],baseline/37,7,23,good,toward_good,False
baseline[good=below],baseline/37,8,23,good,toward_bad,False
baseline[good=below],baseline/37,9,23,good,toward_good,False
baseline[good=below],baseline/37,10,23,good,toward_bad,False
baseline[good=below],baseline/37,11,23,good,toward_bad,False
baseline[good=below],baseline/37,12,23,good,toward_bad,False
baseline[good=below],baseline/37,13,23,good,toward_bad,False
baseline[good=below],baseline/37,14,23,good,toward_good,False
baseline[good=below],baseline/37,15,23,good,toward_bad,False
baseline[good=below],baseline/37,16,23,good,toward_bad,False
baseline[good=below],baseline/37,17,23,good,toward_good,False
baseline[good=below],baseline/37,18,23,good,toward_good,False
baseline[good=below],baseline/37,19,23,good,toward_bad,False
baseline[good=below],baseline/37,20,23,good,toward_good,False
baseline[good=below],baseline/37,21,23,good,toward_good,False
baseline[good=below],baseline/37,22,23,good,,True
baseline[good=above],baseline/38,0,19,good,toward_bad,False
baseline[good=above],baseline/38,1,19,good,toward_bad,False
baseline[good=above],baseline/38,2,19,bad,toward_good,False
baseline[good=above],baseline/38,3,19,bad,toward_good,False
baseline[good=above],baseline/38,4,19,good,toward_bad,False
baseline[good=above],baseline/38,5,19,good,toward_bad,False
baseline[good=above],baseline/38,6,19,good,toward_bad,False
baseline[good=above],baseline/38,7,19,good,toward_bad,False
baseline[good=above],baseline/38,8,19,bad,toward_good,False
baseline[good=above],baseline/38,9,19,bad,toward_good,False
baseline[good=above],baseline/38,10,19,good,toward_good,False
baseline[good=above],baseline/38,11,19,good,toward_good,False
baseline[good=above],baseline/38,12,19,good,toward_bad,False
baseline[good=above],baseline/38,13,19,good,toward_good,False
baseline[good=above],baseline/38,14,19,good,toward_good,False
baseline[good=above],baseline/38,15,19,good,toward_bad,False
baseline[good=above],baseline/38,16,19,good,toward_good,False
baseline[good=above],baseline/38,17,19,good,toward_good,False
baseline[good=above],baseline/38,18,19,good,,True
baseline[good=below],baseline/38,0,19,bad,toward_good,False
baseline[good=below],baseline/38,1,19,bad,toward_good,False
baseline[good=below],baseline/38,2,19,good,toward_bad,False
baseline[good=below],baseline/38,3,19,good,toward_bad,False
baseline[good=below],baseline/38,4,19,bad,toward_good,False
baseline[good=below],baseline/38,5,19,bad,toward_good,False
baseline[good=below],baseline/38,6,19,bad,toward_good,False
baseline[good=below],baseline/38,7,19,bad,toward_good,False
baseline[good=below],baseline/38,8,19,good,toward_bad,False
baseline[good=below],baseline/38,9,19,good,toward_bad,False
baseline[good=below],baseline/38,10,19,bad,toward_bad,False
baseline[good=below],baseline/38,11,19,bad,toward_bad,False
baseline[good=below],baseline/38,12,19,bad,toward_good,False
baseline[good=below],baseline/38,13,19,bad,toward_bad,False
baseline[good=below],baseline/38,14,19,bad,toward_bad,False
baseline[good=below],baseline/38,15,19,bad,toward_good,False
baseline[good=below],baseline/38,16,19,bad,toward_bad,False
baseline[good=below],baseline/38,17,19,bad,toward_bad,False
baseline[good=below],baseline/38,18,19,bad,,True
baseline[good=above],baseline/39,0,18,bad,toward_good,False
baseline[good=above],baseline/39,1,18,bad,toward_good,False
baseline[good=above],baseline/39,2,18,bad,toward_bad,False
baseline[good=above],baseline/39,3,18,bad,toward_bad,False
baseline[good=above],baseline/39,4,18,bad,toward_bad,False
baseline[good=above],baseline/39,5,18,bad,toward_bad,False
baseline[good=above],baseline/39,6,18,bad,toward_bad,False
baseline[good=above],baseline/39,7,18,bad,toward_bad,False
baseline[good=above],baseline/39,8,18,bad,toward_good,False
baseline[good=above],baseline/39,9,18,bad,toward_good,False
baseline[good=above],baseline/39,10,18,bad,toward_bad,False
baseline[good=above],baseline/39,11,18,bad,toward_bad,False
baseline[good=above],baseline/39,12,18,bad,toward_bad,False
baseline[good=above],baseline/39,13,18,bad,toward_good,False
baseline[good=above],baseline/39,14,18,bad,toward_good,False
baseline[good=above],baseline/39,15,18,bad,toward_bad,False
baseline[good=above],baseline/39,16,18,bad,toward_good,False
baseline[good=above],baseline/39,17,18,bad,,True
baseline[good=below],baseline/39,0,18,good,toward_bad,False
baseline[good=below],baseline/39,1,18,good,toward_bad,False
baseline[good=below],baseline/39,2,18,good,toward_good,False
baseline[good=below],baseline/39,3,18,good,toward_good,False
baseline[good=below],baseline/39,4,18,good,toward_good,False
baseline[good=below],baseline/39,5,18,good,toward_good,False
baseline[good=below],baseline/39,6,18,good,toward_good,False
baseline[good=below],baseline/39,7,18,good,toward_good,False
baseline[good=below],baseline/39,8,18,good,toward_bad,False
baseline[good=below],baseline/39,9,18,good,toward_bad,False
baseline[good=below],baseline/39,10,18,good,toward_good,False
baseline[good=below],baseline/39,11,18,good,toward_good,False
baseline[good=below],baseline/39,12,18,good,toward_good,False
baseline[good=below],baseline/39,13,18,good,toward_bad,False
baseline[good=below],baseline/39,14,18,good,toward_bad,False
baseline[good=below],baseline/39,15,18,good,toward_good,False
baseline[good=below],baseline/39,16,18,good,toward_bad,False
baseline[good=below],baseline/39,17,18,good,,True
baseline[good=above],baseline/40,0,15,good,toward_bad,False
baseline[good=above],baseline/40,1,15,good,toward_good,False
baseline[good=above],baseline/40,2,15,good,toward_good,False
baseline[good=above],baseline/40,3,15,good,toward_bad,False
baseline[good=above],baseline/40,4,15,good,toward_good,False
baseline[good=above],baseline/40,5,15,good,toward_bad,False
baseline[good=above],baseline/40,6,15,good,toward_good,False
baseline[good=above],baseline/40,7,15,good,toward_bad,False
baseline[good=above],baseline/40,8,15,good,toward_good,False
baseline[good=above],baseline/40,9,15,good,toward_bad,False
baseline[good=above],baseline/40,10,15,good,toward_good,False
baseline[good=above],baseline/40,11,15,good,toward_bad,False
baseline[good=above],baseline/40,12,15,good,toward_good,False
baseline[good=above],baseline/40,13,15,good,toward_good,False
baseline[good=above],baseline/40,14,15,good,,True
baseline[good=below],baseline/40,0,15,bad,toward_good,False
baseline[good=below],baseline/40,1,15,bad,toward_bad,False
baseline[good=below],baseline/40,2,15,bad,toward_bad,False
baseline[good=below],baseline/40,3,15,bad,toward_good,False
baseline[good=below],baseline/40,4,15,bad,toward_bad,False
baseline[good=below],baseline/40,5,15,bad,toward_good,False
baseline[good=below],baseline/40,6,15,bad,toward_bad,False
baseline[good=below],baseline/40,7,15,bad,toward_good,False
baseline[good=below],baseline/40,8,15,bad,toward_bad,False
baseline[good=below],baseline/40,9,15,bad,toward_good,False
baseline[good=below],baseline/40,10,15,bad,toward_bad,False
baseline[good=below],baseline/40,11,15,bad,toward_good,False
baseline[good=below],baseline/40,12,15,bad,toward_bad,False
baseline[good=below],baseline/40,13,15,bad,toward_bad,False
baseline[good=below],baseline/40,14,15,bad,,True
baseline[good=above],baseline/41,0,36,bad,toward_good,False
baseline[good=above],baseline/41,1,36,bad,toward_bad,False
baseline[good=above],baseline/41,2,36,bad,toward_bad,False
baseline[good=above],baseline/41,3,36,bad,toward_bad,False
baseline[good=above],baseline/41,4,36,bad,toward_bad,False
baseline[good=above],baseline/41,5,36,bad,toward_good,False
baseline[good=above],baseline/41,6,36,bad,toward_good,False
baseline[good=above],baseline/41,7,36,bad,toward_bad,False
baseline[good=above],baseline/41,8,36,bad,toward_good,False
baseline[good=above],baseline/41,9,36,bad,toward_good,False
baseline[good=above],baseline/41,10,36,bad,toward_bad,False
baseline[good=above],baseline/41,11,36,bad,toward_good,False
baseline[good=above],baseline/41,12,36,bad,toward_good,False
baseline[good=above],baseline/41,13,36,bad,toward_bad,False
baseline[good=above],baseline/41,14,36,bad,toward_good,False
baseline[good=above],baseline/41,15,36,bad,toward_good,False
baseline[good=above],baseline/41,16,36,bad,toward_bad,False
baseline[good=above],baseline/41,17,36,bad,toward_good,False
baseline[good=above],baseline/41,18,36,bad,toward_bad,False
baseline[good=above],baseline/41,19,36,bad,toward_good,False
baseline[good=above],baseline/41,20,36,bad,toward_bad,False
baseline[good=above],baseline/41,21,36,bad,toward_good,False
baseline[good=above],baseline/41,22,36,bad,toward_good,False
baseline[good=above],baseline/41,23,36,bad,toward_good,False
baseline[good=above],baseline/41,24,36,bad,toward_bad,False
baseline[good=above],baseline/41,25,36,bad,toward_good,False
baseline[good=above],baseline/41,26,36,bad,toward_good,False
baseline[good=above],baseline/41,27,36,bad,toward_good,False
baseline[good=above],baseline/41,28,36,bad,toward_bad,False
baseline[good=above],baseline/41,29,36,bad,toward_good,False
baseline[good=above],baseline/41,30,36,bad,toward_good,False
baseline[good=above],baseline/41,31,36,bad,toward_bad,False
baseline[good=above],baseline/41,32,36,bad,toward_good,False
baseline[good=above],baseline/41,33,36,bad,toward_good,False
baseline[good=above],baseline/41,34,36,bad,toward_bad,False
baseline[good=above],baseline/41,35,36,bad,,True
baseline[good=below],baseline/41,0,36,good,toward_bad,False
baseline[good=below],baseline/41,1,36,good,toward_good,False
baseline[good=below],baseline/41,2,36,good,toward_good,False
baseline[good=below],baseline/41,3,36,good,toward_good,False
baseline[good=below],baseline/41,4,36,good,toward_good,False
baseline[good=below],baseline/41,5,36,good,toward_bad,False
baseline[good=below],baseline/41,6,36,good,toward_bad,False
baseline[good=below],baseline/41,7,36,good,toward_good,False
baseline[good=below],baseline/41,8,36,good,toward_bad,False
baseline[good=below],baseline/41,9,36,good,toward_bad,False
baseline[good=below],baseline/41,10,36,good,toward_good,False
baseline[good=below],baseline/41,11,36,good,toward_bad,False
baseline[good=below],baseline/41,12,36,good,toward_bad,False
baseline[good=below],baseline/41,13,36,good,toward_good,False
baseline[good=below],baseline/41,14,36,good,toward_bad,False
baseline[good=below],baseline/41,15,36,good,toward_bad,False
baseline[good=below],baseline/41,16,36,good,toward_good,False
baseline[good=below],baseline/41,17,36,good,toward_bad,False
baseline[good=below],baseline/41,18,36,good,toward_good,False
baseline[good=below],baseline/41,19,36,good,toward_bad,False
baseline[good=below],baseline/41,20,36,good,toward_good,False
baseline[good=below],baseline/41,21,36,good,toward_bad,False
baseline[good=below],baseline/41,22,36,good,toward_bad,False
baseline[good=below],baseline/41,23,36,good,toward_bad,False
baseline[good=below],baseline/41,24,36,good,toward_good,False
baseline[good=below],baseline/41,25,36,good,toward_bad,False
baseline[good=below],baseline/41,26,36,good,toward_bad,False
baseline[good=below],baseline/41,27,36,good,toward_bad,False
baseline[good=below],baseline/41,28,36,good,toward_good,False
baseline[good=below],baseline/41,29,36,good,toward_bad,False
baseline[good=below],baseline/41,30,36,good,toward_bad,False
baseline[good=below],baseline/41,31,36,good,toward_good,False
baseline[good=below],baseline/41,32,36,good,toward_bad,False
baseline[good=below],baseline/41,33,36,good,toward_bad,False
baseline[good=below],baseline/41,34,36,good,toward_good,False
baseline[good=below],baseline/41,35,36,good,,True
baseline[good=above],baseline/42,0,31,good,toward_good,False
baseline[good=above],baseline/42,1,31,good,toward_good,False
baseline[good=above],baseline/42,2,31,good,toward_bad,False
baseline[good=above],baseline/42,3,31,good,toward_bad,False
baseline[good=above],baseline/42,4,31,good,toward_good,False
baseline[good=above],baseline/42,5,31,good,toward_bad,False
baseline[good=above],baseline/42,6,31,good,toward_good,False
baseline[good=above],baseline/42,7,31,good,toward_good,False
baseline[good=above],baseline/42,8,31,good,toward_good,False
baseline[good=above],baseline/42,9,31,good,toward_bad,False
baseline[good=above],baseline/42,10,31,good,toward_bad,False
baseline[good=above],baseline/42,11,31,good,toward_bad,False
baseline[good=above],baseline/42,12,31,good,toward_good,False
baseline[good=above],baseline/42,13,31,good,toward_bad,False
baseline[good=above],baseline/42,14,31,good,toward_good,False
baseline[good=above],baseline/42,15,31,good,toward_good,False
baseline[good=above],baseline/42,16,31,good,toward_bad,False
baseline[good=above],baseline/42,17,31,good,toward_bad,False
baseline[good=above],baseline/42,18,31,good,toward_good,False
baseline[good=above],baseline/42,19,31,good,toward_bad,False
baseline[good=above],baseline/42,20,31,good,toward_good,False
baseline[good=above],baseline/42,21,31,good,toward_good,False
baseline[good=above],baseline/42,22,31,good,toward_good,False
baseline[good=above],baseline/42,23,31,good,toward_bad,False
baseline[good=above],baseline/42,24,31,good,toward_good,False
baseline[good=above],baseline/42,25,31,good,toward_good,False
baseline[good=above],baseline/42,26,31,good,toward_good,False
baseline[good=above],baseline/42,27,31,good,toward_bad,False
baseline[good=above],baseline/42,28,31,good,toward_good,False
baseline[good=above],baseline/42,29,31,good,toward_bad,False
baseline[good=above],baseline/42,30,31,good,,True
baseline[good=below],baseline/42,0,31,bad,toward_bad,False
baseline[good=below],baseline/42,1,31,bad,toward_bad,False
baseline[good=below],baseline/42,2,31,bad,toward_good,False
baseline[good=below],baseline/42,3,31,bad,toward_good,False
baseline[good=below],baseline/42,4,31,bad,toward_bad,False
baseline[good=below],baseline/42,5,31,bad,toward_good,False
baseline[good=below],baseline/42,6,31,bad,toward_bad,False
baseline[good=below],baseline/42,7,31,bad,toward_bad,False
baseline[good=below],baseline/42,8,31,bad,toward_bad,False
baseline[good=below],baseline/42,9,31,bad,toward_good,False
baseline[good=below],baseline/42,10,31,bad,toward_good,False
baseline[good=below],baseline/42,11,31,bad,toward_good,False
baseline[good=below],baseline/42,12,31,bad,toward_bad,False
baseline[good=below],baseline/42,13,31,bad,toward_good,False
baseline[good=below],baseline/42,14,31,bad,toward_bad,False
baseline[good=below],baseline/42,15,31,bad,toward_bad,False
baseline[good=below],baseline/42,16,31,bad,toward_good,False
baseline[good=below],baseline/42,17,31,bad,toward_good,False
baseline[good=below],baseline/42,18,31,bad,toward_bad,False
baseline[good=below],baseline/42,19,31,bad,toward_good,False
baseline[good=below],baseline/42,20,31,bad,toward_bad,False
baseline[good=below],baseline/42,21,31,bad,toward_bad,False
baseline[good=below],baseline/42,22,31,bad,toward_bad,False
baseline[good=below],baseline/42,23,31,bad,toward_good,False
baseline[good=below],baseline/42,24,31,bad,toward_bad,False
baseline[good=below],baseline/42,25,31,bad,toward_bad,False
baseline[good=below],baseline/42,26,31,bad,toward_bad,False
baseline[good=below],baseline/42,27,31,bad,toward_good,False
baseline[good=below],baseline/42,28,31,bad,toward_bad,False
baseline[good=below],baseline/42,29,31,bad,toward_good,False
baseline[good=below],baseline/42,30,31,bad,,True
baseline[good=above],baseline/43,0,21,bad,toward_bad,False
baseline[good=above],baseline/43,1,21,bad,toward_good,False
baseline[good=above],baseline/43,2,21,bad,toward_bad,False
baseline[good=above],baseline/43,3,21,bad,toward_bad,False
baseline[good=above],baseline/43,4,21,bad,toward_good,False
baseline[good=above],baseline/43,5,21,bad,toward_bad,False
baseline[good=above],baseline/43,6,21,bad,toward_bad,False
baseline[good=above],baseline/43,7,21,bad,toward_good,False
baseline[good=above],baseline/43,8,21,bad,toward_bad,False
baseline[good=above],baseline/43,9,21,bad,toward_bad,False
baseline[good=above],baseline/43,10,21,bad,toward_good,False
baseline[good=above],baseline/43,11,21,bad,toward_bad,False
baseline[good=above],baseline/43,12,21,bad,toward_good,False
baseline[good=above],baseline/43,13,21,bad,toward_good,False
baseline[good=above],baseline/43,14,21,bad,toward_good,False
baseline[good=above],baseline/43,15,21,good,toward_good,False
baseline[good=above],baseline/43,16,21,good,toward_bad,False
baseline[good=above],baseline/43,17,21,bad,toward_good,False
baseline[good=above],baseline/43,18,21,bad,toward_bad,False
baseline[good=above],baseline/43,19,21,bad,toward_bad,False
baseline[good=above],baseline/43,20,21,bad,,True
baseline[good=below],baseline/43,0,21,good,toward_good,False
baseline[good=below],baseline/43,1,21,good,toward_bad,False
baseline[good=below],baseline/43,2,21,good,toward_good,False
baseline[good=below],baseline/43,3,21,good,toward_good,False
baseline[good=below],baseline/43,4,21,good,toward_bad,False
baseline[good=below],baseline/43,5,21,good,toward_good,False
baseline[good=below],baseline/43,6,21,good,toward_good,False
baseline[good=below],baseline/43,7,21,good,toward_bad,False
baseline[good=below],baseline/43,8,21,good,toward_good,False
baseline[good=below],baseline/43,9,21,good,toward_good,False
baseline[good=below],baseline/43,10,21,good,toward_bad,False
baseline[good=below],baseline/43,11,21,good,toward_good,False
baseline[good=below],baseline/43,12,21,good,toward_bad,False
baseline[good=below],baseline/43,13,21,good,toward_bad,False
baseline[good=below],baseline/43,14,21,good,toward_bad,False
baseline[good=below],baseline/43,15,21,bad,toward_bad,False
baseline[good=below],baseline/43,16,21,bad,toward_good,False
baseline[good=below],baseline/43,17,21,good,toward_bad,False
baseline[good=below],baseline/43,18,21,good,toward_good,False
baseline[good=below],baseline/43,19,21,good,toward_good,False
baseline[good=below],baseline/43,20,21,good,,True
baseline[good=above],baseline/44,0,16,good,toward_good,False
baseline[good=above],baseline/44,1,16,good,toward_bad,False
baseline[good=above],baseline/44,2,16,good,toward_good,False
baseline[good=above],baseline/44,3,16,good,toward_good,False
baseline[good=above],baseline/44,4,16,good,toward_bad,False
baseline[good=above],baseline/44,5,16,bad,toward_good,False
baseline[good=above],baseline/44,6,16,good,toward_bad,False
baseline[good=above],baseline/44,7,16,bad,toward_good,False
baseline[good=above],baseline/44,8,16,good,toward_good,False
baseline[good=above],baseline/44,9,16,good,toward_bad,False
baseline[good=above],baseline/44,10,16,good,toward_good,False
baseline[good=above],baseline/44,11,16,good,toward_good,False
baseline[good=above],baseline/44,12,16,good,toward_bad,False
baseline[good=above],baseline/44,13,16,good,toward_bad,False
baseline[good=above],baseline/44,14,16,good,toward_bad,False
baseline[good=above],baseline/44,15,16,bad,,True
baseline[good=below],baseline/44,0,16,bad,toward_bad,False
baseline[good=below],baseline/44,1,16,bad,toward_good,False
baseline[good=below],baseline/44,2,16,bad,toward_bad,False
baseline[good=below],baseline/44,3,16,bad,toward_bad,False
baseline[good=below],baseline/44,4,16,bad,toward_good,False
baseline[good=below],baseline/44,5,16,good,toward_bad,False
baseline[good=below],baseline/44,6,16,bad,toward_good,False
baseline[good=below],baseline/44,7,16,good,toward_bad,False
baseline[good=below],baseline/44,8,16,bad,toward_bad,False
baseline[good=below],baseline/44,9,16,bad,toward_good,False
baseline[good=below],baseline/44,10,16,bad,toward_bad,False
baseline[good=below],baseline/44,11,16,bad,toward_bad,False
baseline[good=below],baseline/44,12,16,bad,toward_good,False
baseline[good=below],baseline/44,13,16,bad,toward_good,False
baseline[good=below],baseline/44,14,16,bad,toward_good,False
baseline[good=below],baseline/44,15,16,good,,True
baseline[good=above],baseline/45,0,16,good,toward_good,False
baseline[good=above],baseline/45,1,16,good,toward_bad,False
baseline[good=above],baseline/45,2,16,good,toward_bad,False
baseline[good=above],baseline/45,3,16,good,toward_good,False
baseline[good=above],baseline/45,4,16,good,toward_good,False
baseline[good=above],baseline/45,5,16,good,toward_bad,False
baseline[good=above],baseline/45,6,16,good,toward_good,False
baseline[good=above],baseline/45,7,16,good,toward_bad,False
baseline[good=above],baseline/45,8,16,good,toward_good,False
baseline[good=above],baseline/45,9,16,good,toward_good,False
baseline[good=above],baseline/45,10,16,good,toward_good,False
baseline[good=above],baseline/45,11,16,good,toward_bad,False
baseline[good=above],baseline/45,12,16,good,toward_good,False
baseline[good=above],baseline/45,13,16,good,toward_bad,False
baseline[good=above],baseline/45,14,16,good,toward_good,False
baseline[good=above],baseline/45,15,16,good,,True
baseline[good=below],baseline/45,0,16,bad,toward_bad,False
baseline[good=below],baseline/45,1,16,bad,toward_good,False
baseline[good=below],baseline/45,2,16,bad,toward_good,False
baseline[good=below],baseline/45,3,16,bad,toward_bad,False
baseline[good=below],baseline/45,4,16,bad,toward_bad,False
baseline[good=below],baseline/45,5,16,bad,toward_good,False
baseline[good=below],baseline/45,6,16,bad,toward_bad,False
baseline[good=below],baseline/45,7,16,bad,toward_good,False
baseline[good=below],baseline/45,8,16,bad,toward_bad,False
baseline[good=below],baseline/45,9,16,bad,toward_bad,False
baseline[good=below],baseline/45,10,16,bad,toward_bad,False
baseline[good=below],baseline/45,11,16,bad,toward_good,False
baseline[good=below],baseline/45,12,16,bad,toward_bad,False
baseline[good=below],baseline/45,13,16,bad,toward_good,False
baseline[good=below],baseline/45,14,16,bad,toward_bad,False
baseline[good=below],baseline/45,15,16,bad,,True
baseline[good=above],baseline/46,0,24,good,toward_bad,False
baseline[good=above],baseline/46,1,24,good,toward_good,False
baseline[good=above],baseline/46,2,24,good,toward_bad,False
baseline[good=above],baseline/46,3,24,good,toward_good,False
baseline[good=above],baseline/46,4,24,good,toward_good,False
baseline[good=above],baseline/46,5,24,good,toward_bad,False
baseline[good=above],baseline/46,6,24,good,toward_good,False
baseline[good=above],baseline/46,7,24,good,toward_bad,False
baseline[good=above],baseline/46,8,24,good,toward_bad,False
baseline[good=above],baseline/46,9,24,good,toward_good,False
baseline[good=above],baseline/46,10,24,good,toward_bad,False
baseline[good=above],baseline/46,11,24,good,toward_good,False
baseline[good=above],baseline/46,12,24,good,toward_bad,False
baseline[good=above],baseline/46,13,24,good,toward_good,False
baseline[good=above],baseline/46,14,24,good,toward_good,False
baseline[good=above],baseline/46,15,24,good,toward_bad,False
baseline[good=above],baseline/46,16,24,good,toward_good,False
baseline[good=above],baseline/46,17,24,good,toward_bad,False
baseline[good=above],baseline/46,18,24,good,toward_good,False
baseline[good=above],baseline/46,19,24,good,toward_good,False
baseline[good=above],baseline/46,20,24,good,toward_bad,False
baseline[good=above],baseline/46,21,24,good,toward_bad,False
baseline[good=above],baseline/46,22,24,bad,toward_good,False
baseline[good=above],baseline/46,23,24,good,,True
baseline[good=below],baseline/46,0,24,bad,toward_good,False
baseline[good=below],baseline/46,1,24,bad,toward_bad,False
baseline[good=below],baseline/46,2,24,bad,toward_good,False
baseline[good=below],baseline/46,3,24,bad,toward_bad,False
baseline[good=below],baseline/46,4,24,bad,toward_bad,False
baseline[good=below],baseline/46,5,24,bad,toward_good,False
baseline[good=below],baseline/46,6,24,bad,toward_bad,False
baseline[good=below],baseline/46,7,24,bad,toward_good,False
baseline[good=below],baseline/46,8,24,bad,toward_good,False
baseline[good=below],baseline/46,9,24,bad,toward_bad,False
baseline[good=below],baseline/46,10,24,bad,toward_good,False
baseline[good=below],baseline/46,11,24,bad,toward_bad,False
baseline[good=below],baseline/46,12,24,bad,toward_good,False
baseline[good=below],baseline/46,13,24,bad,toward_bad,False
baseline[good=below],baseline/46,14,24,bad,toward_bad,False
baseline[good=below],baseline/46,15,24,bad,toward_good,False
baseline[good=below],baseline/46,16,24,bad,toward_bad,False
baseline[good=below],baseline/46,17,24,bad,toward_good,False
baseline[good=below],baseline/46,18,24,bad,toward_bad,False
baseline[good=below],baseline/46,19,24,bad,toward_bad,False
baseline[good=below],baseline/46,20,24,bad,toward_good,False
baseline[good=below],baseline/46,21,24,bad,toward_good,False
baseline[good=below],baseline/46,22,24,good,toward_bad,False
baseline[good=below],baseline/46,23,24,bad,,True
baseline[good=above],baseline/47,0,14,good,toward_bad,False
baseline[good=above],baseline/47,1,14,good,toward_bad,False
baseline[good=above],baseline/47,2,14,good,toward_good,False
baseline[good=above],baseline/47,3,14,good,toward_good,False
baseline[good=above],baseline/47,4,14,good,toward_bad,False
baseline[good=above],baseline/47,5,14,good,toward_good,False
baseline[good=above],baseline/47,6,14,good,toward_bad,False
baseline[good=above],baseline/47,7,14,good,toward_good,False
baseline[good=above],baseline/47,8,14,good,toward_good,False
baseline[good=above],baseline/47,9,14,good,toward_bad,False
baseline[good=above],baseline/47,10,14,good,toward_good,False
baseline[good=above],baseline/47,11,14,good,toward_good,False
baseline[good=above],baseline/47,12,14,good,toward_bad,False
baseline[good=above],baseline/47,13,14,good,,True
baseline[good=below],baseline/47,0,14,bad,toward_good,False
baseline[good=below],baseline/47,1,14,bad,toward_good,False
baseline[good=below],baseline/47,2,14,bad,toward_bad,False
baseline[good=below],baseline/47,3,14,bad,toward_bad,False
baseline[good=below],baseline/47,4,14,bad,toward_good,False
baseline[good=below],baseline/47,5,14,bad,toward_bad,False
baseline[good=below],baseline/47,6,14,bad,toward_good,False
baseline[good=below],baseline/47,7,14,bad,toward_bad,False
baseline[good=below],baseline/47,8,14,bad,toward_bad,False
baseline[good=below],baseline/47,9,14,bad,toward_good,False
baseline[good=below],baseline/47,10,14,bad,toward_bad,False
baseline[good=below],baseline/47,11,14,bad,toward_bad,False
baseline[good=below],baseline/47,12,14,bad,toward_good,False
baseline[good=below],baseline/47,13,14,bad,,True
baseline[good=above],baseline/48,0,17,bad,toward_good,False
baseline[good=above],baseline/48,1,17,bad,toward_bad,False
baseline[good=above],baseline/48,2,17,bad,toward_bad,False
baseline[good=above],baseline/48,3,17,bad,toward_good,False
baseline[good=above],baseline/48,4,17,bad,toward_good,False
baseline[good=above],baseline/48,5,17,bad,toward_bad,False
baseline[good=above],baseline/48,6,17,bad,toward_bad,False
baseline[good=above],baseline/48,7,17,bad,toward_good,False
baseline[good=above],baseline/48,8,17,bad,toward_bad,False
baseline[good=above],baseline/48,9,17,bad,toward_good,False
baseline[good=above],baseline/48,10,17,bad,toward_bad,False
baseline[good=above],baseline/48,11,17,bad,toward_good,False
baseline[good=above],baseline/48,12,17,bad,toward_bad,False
baseline[good=above],baseline/48,13,17,bad,toward_good,False
baseline[good=above],baseline/48,14,17,bad,toward_bad,False
baseline[good=above],baseline/48,15,17,bad,toward_good,False
baseline[good=above],baseline/48,16,17,bad,,True
baseline[good=below],baseline/48,0,17,good,toward_bad,False
baseline[good=below],baseline/48,1,17,good,toward_good,False
baseline[good=below],baseline/48,2,17,good,toward_good,False
baseline[good=below],baseline/48,3,17,good,toward_bad,False
baseline[good=below],baseline/48,4,17,good,toward_bad,False
baseline[good=below],baseline/48,5,17,good,toward_good,False
baseline[good=below],baseline/48,6,17,good,toward_good,False
baseline[good=below],baseline/48,7,17,good,toward_bad,False
baseline[good=below],baseline/48,8,17,good,toward_good,False
baseline[good=below],baseline/48,9,17,good,toward_bad,False
baseline[good=below],baseline/48,10,17,good,toward_good,False
baseline[good=below],baseline/48,11,17,good,toward_bad,False
baseline[good=below],baseline/48,12,17,good,toward_good,False
baseline[good=below],baseline/48,13,17,good,toward_bad,False
baseline[good=below],baseline/48,14,17,good,toward_good,False
baseline[good=below],baseline/48,15,17,good,toward_bad,False
baseline[good=below],baseline/48,16,17,good,,True
baseline[good=above],baseline/49,0,9,good,toward_bad,False
baseline[good=above],baseline/49,1,9,bad,toward_bad,False
baseline[good=above],baseline/49,2,9,bad,toward_good,False
baseline[good=above],baseline/49,3,9,good,toward_bad,False
baseline[good=above],baseline/49,4,9,good,toward_bad,False
baseline[good=above],baseline/49,5,9,bad,toward_good,False
baseline[good=above],baseline/49,6,9,bad,toward_good,False
baseline[good=above],baseline/49,7,9,bad,toward_bad,False
baseline[good=above],baseline/49,8,9,bad,,True
baseline[good=below],baseline/49,0,9,bad,toward_good,False
baseline[good=below],baseline/49,1,9,good,toward_good,False
baseline[good=below],baseline/49,2,9,good,toward_bad,False
baseline[good=below],baseline/49,3,9,bad,toward_good,False
baseline[good=below],baseline/49,4,9,bad,toward_good,False
baseline[good=below],baseline/49,5,9,good,toward_bad,False
baseline[good=below],baseline/49,6,9,good,toward_bad,False
baseline[good=below],baseline/49,7,9,good,toward_good,False
baseline[good=below],baseline/49,8,9,good,,True
baseline[good=above],baseline/50,0,29,bad,toward_good,False
baseline[good=above],baseline/50,1,29,good,toward_bad,False
baseline[good=above],baseline/50,2,29,bad,toward_good,False
baseline[good=above],baseline/50,3,29,bad,toward_bad,False
baseline[good=above],baseline/50,4,29,bad,toward_good,False
baseline[good=above],baseline/50,5,29,bad,toward_bad,False
baseline[good=above],baseline/50,6,29,bad,toward_good,False
baseline[good=above],baseline/50,7,29,bad,toward_good,False
baseline[good=above],baseline/50,8,29,bad,toward_bad,False
baseline[good=above],baseline/50,9,29,bad,toward_bad,False
baseline[good=above],baseline/50,10,29,bad,toward_good,False
baseline[good=above],baseline/50,11,29,bad,toward_good,False
baseline[good=above],baseline/50,12,29,bad,toward_good,False
baseline[good=above],baseline/50,13,29,bad,toward_good,False
baseline[good=above],baseline/50,14,29,bad,toward_good,False
baseline[good=above],baseline/50,15,29,bad,toward_bad,False
baseline[good=above],baseline/50,16,29,bad,toward_bad,False
baseline[good=above],baseline/50,17,29,bad,toward_bad,False
baseline[good=above],baseline/50,18,29,bad,toward_good,False
baseline[good=above],baseline/50,19,29,bad,toward_good,False
baseline[good=above],baseline/50,20,29,bad,toward_bad,False
baseline[good=above],baseline/50,21,29,bad,toward_good,False
baseline[good=above],baseline/50,22,29,bad,toward_good,False
baseline[good=above],baseline/50,23,29,bad,toward_good,False
baseline[good=above],baseline/50,24,29,bad,toward_bad,False
baseline[good=above],baseline/50,25,29,bad,toward_good,False
baseline[good=above],baseline/50,26,29,bad,toward_bad,False
baseline[good=above],baseline/50,27,29,bad,toward_bad,False
baseline[good=above],baseline/50,28,29,bad,,True
baseline[good=below],baseline/50,0,29,good,toward_bad,False
baseline[good=below],baseline/50,1,29,bad,toward_good,False
baseline[good=below],baseline/50,2,29,good,toward_bad,False
baseline[good=below],baseline/50,3,29,good,toward_good,False
baseline[good=below],baseline/50,4,29,good,toward_bad,False
baseline[good=below],baseline/50,5,29,good,toward_good,False
baseline[good=below],baseline/50,6,29,good,toward_bad,False
baseline[good=below],baseline/50,7,29,good,toward_bad,False
baseline[good=below],baseline/50,8,29,good,toward_good,False
baseline[good=below],baseline/50,9,29,good,toward_good,False
baseline[good=below],baseline/50,10,29,good,toward_bad,False
baseline[good=below],baseline/50,11,29,good,toward_bad,False
baseline[good=below],baseline/50,12,29,good,toward_bad,False
baseline[good=below],baseline/50,13,29,good,toward_bad,False
baseline[good=below],baseline/50,14,29,good,toward_bad,False
baseline[good=below],baseline/50,15,29,good,toward_good,False
baseline[good=below],baseline/50,16,29,good,toward_good,False
baseline[good=below],baseline/50,17,29,good,toward_good,False
baseline[good=below],baseline/50,18,29,good,toward_bad,False
baseline[good=below],baseline/50,19,29,good,toward_bad,False
baseline[good=below],baseline/50,20,29,good,toward_good,False
baseline[good=below],baseline/50,21,29,good,toward_bad,False
baseline[good=below],baseline/50,22,29,good,toward_bad,False
baseline[good=below],baseline/50,23,29,good,toward_bad,False
baseline[good=below],baseline/50,24,29,good,toward_good,False
baseline[good=below],baseline/50,25,29,good,toward_bad,False
baseline[good=below],baseline/50,26,29,good,toward_good,False
baseline[good=below],baseline/50,27,29,good,toward_good,False
baseline[good=below],baseline/50,28,29,good,,True
baseline[good=above],baseline/51,0,47,good,toward_bad,False
baseline[good=above],baseline/51,1,47,good,toward_good,False
baseline[good=above],baseline/51,2,47,good,toward_good,False
baseline[good=above],baseline/51,3,47,good,toward_good,False
baseline[good=above],baseline/51,4,47,good,toward_bad,False
baseline[good=above],baseline/51,5,47,good,toward_good,False
baseline[good=above],baseline/51,6,47,good,toward_bad,False
baseline[good=above],baseline/51,7,47,good,toward_good,False
baseline[good=above],baseline/51,8,47,good,toward_bad,False
baseline[good=above],baseline/51,9,47,good,toward_bad,False
baseline[good=above],baseline/51,10,47,good,toward_good,False
baseline[good=above],baseline/51,11,47,good,toward_bad,False
baseline[good=above],baseline/51,12,47,good,toward_good,False
baseline[good=above],baseline/51,13,47,good,toward_bad,False
baseline[good=above],baseline/51,14,47,good,toward_good,False
baseline[good=above],baseline/51,15,47,good,toward_good,False
baseline[good=above],baseline/51,16,47,good,toward_bad,False
baseline[good=above],baseline/51,17,47,good,toward_good,False
baseline[good=above],baseline/51,18,47,good,toward_bad,False
baseline[good=above],baseline/51,19,47,good,toward_good,False
baseline[good=above],baseline/51,20,47,good,toward_bad,False
baseline[good=above],baseline/51,21,47,good,toward_good,False
baseline[good=above],baseline/51,22,47,good,toward_good,False
baseline[good=above],baseline/51,23,47,good,toward_bad,False
baseline[good=above],baseline/51,24,47,good,toward_good,False
baseline[good=above],baseline/51,25,47,good,toward_bad,False
baseline[good=above],baseline/51,26,47,good,toward_bad,False
baseline[good=above],baseline/51,27,47,good,toward_bad,False
baseline[good=above],baseline/51,28,47,good,toward_good,False
baseline[good=above],baseline/51,29,47,good,toward_good,False
baseline[good=above],baseline/51,30,47,good,toward_bad,False
baseline[good=above],baseline/51,31,47,good,toward_good,False
baseline[good=above],baseline/51,32,47,good,toward_bad,False
baseline[good=above],baseline/51,33,47,good,toward_bad,False
baseline[good=above],baseline/51,34,47,good,toward_good,False
baseline[good=above],baseline/51,35,47,good,toward_good,False
baseline[good=above],baseline/51,36,47,good,toward_bad,False
baseline[good=above],baseline/51,37,47,good,toward_good,False
baseline[good=above],baseline/51,38,47,good,toward_good,False
baseline[good=above],baseline/51,39,47,good,toward_bad,False
baseline[good=above],baseline/51,40,47,good,toward_bad,False
baseline[good=above],baseline/51,41,47,good,toward_bad,False
baseline[good=above],baseline/51,42,47,good,toward_good,False
baseline[good=above],baseline/51,43,47,good,toward_good,False
baseline[good=above],baseline/51,44,47,good,toward_good,False
baseline[good=above],baseline/51,45,47,good,toward_good,False
baseline[good=above],baseline/51,46,47,good,,True
baseline[good=below],baseline/51,0,47,bad,toward_good,False
baseline[good=below],baseline/51,1,47,bad,toward_bad,False
baseline[good=below],baseline/51,2,47,bad,toward_bad,False
baseline[good=below],baseline/51,3,47,bad,toward_bad,False
baseline[good=below],baseline/51,4,47,bad,toward_good,False
baseline[good=below],baseline/51,5,47,bad,toward_bad,False
baseline[good=below],baseline/51,6,47,bad,toward_good,False
baseline[good=below],baseline/51,7,47,bad,toward_bad,False
baseline[good=below],baseline/51,8,47,bad,toward_good,False
baseline[good=below],baseline/51,9,47,bad,toward_good,False
baseline[good=below],baseline/51,10,47,bad,toward_bad,False
baseline[good=below],baseline/51,11,47,bad,toward_good,False
baseline[good=below],baseline/51,12,47,bad,toward_bad,False
baseline[good=below],baseline/51,13,47,bad,toward_good,False
baseline[good=below],baseline/51,14,47,bad,toward_bad,False
baseline[good=below],baseline/51,15,47,bad,toward_bad,False
baseline[good=below],baseline/51,16,47,bad,toward_good,False
baseline[good=below],baseline/51,17,47,bad,toward_bad,False
baseline[good=below],baseline/51,18,47,bad,toward_good,False
baseline[good=below],baseline/51,19,47,bad,toward_bad,False
baseline[good=below],baseline/51,20,47,bad,toward_good,False
baseline[good=below],baseline/51,21,47,bad,toward_bad,False
baseline[good=below],baseline/51,22,47,bad,toward_bad,False
baseline[good=below],baseline/51,23,47,bad,toward_good,False
baseline[good=below],baseline/51,24,47,bad,toward_bad,False
baseline[good=below],baseline/51,25,47,bad,toward_good,False
baseline[good=below],baseline/51,26,47,bad,toward_good,False
baseline[good=below],baseline/51,27,47,bad,toward_good,False
baseline[good=below],baseline/51,28,47,bad,toward_bad,False
baseline[good=below],baseline/51,29,47,bad,toward_bad,False
baseline[good=below],baseline/51,30,47,bad,toward_good,False
baseline[good=below],baseline/51,31,47,bad,toward_bad,False
baseline[good=below],baseline/51,32,47,bad,toward_good,False
baseline[good=below],baseline/51,33,47,bad,toward_good,False
baseline[good=below],baseline/51,34,47,bad,toward_bad,False
baseline[good=below],baseline/51,35,47,bad,toward_bad,False
baseline[good=below],baseline/51,36,47,bad,toward_good,False
baseline[good=below],baseline/51,37,47,bad,toward_bad,False
baseline[good=below],baseline/51,38,47,bad,toward_bad,False
baseline[good=below],baseline/51,39,47,bad,toward_good,False
baseline[good=below],baseline/51,40,47,bad,toward_good,False
baseline[good=below],baseline/51,41,47,bad,toward_good,False
baseline[good=below],baseline/51,42,47,bad,toward_bad,False
baseline[good=below],baseline/51,43,47,bad,toward_bad,False
baseline[good=below],baseline/51,44,47,bad,toward_bad,False
baseline[good=below],baseline/51,45,47,bad,toward_bad,False
baseline[good=below],baseline/51,46,47,bad,,True
baseline[good=above],baseline/52,0,16,good,toward_bad,False
baseline[good=above],baseline/52,1,16,good,toward_good,False
baseline[good=above],baseline/52,2,16,good,toward_good,False
baseline[good=above],baseline/52,3,16,good,toward_bad,False
baseline[good=above],baseline/52,4,16,good,toward_good,False
baseline[good=above],baseline/52,5,16,good,toward_good,False
baseline[good=above],baseline/52,6,16,good,toward_bad,False
baseline[good=above],baseline/52,7,16,good,toward_bad,False
baseline[good=above],baseline/52,8,16,good,toward_bad,False
baseline[good=above],baseline/52,9,16,good,toward_good,False
baseline[good=above],baseline/52,10,16,good,toward_bad,False
baseline[good=above],baseline/52,11,16,good,toward_bad,False
baseline[good=above],baseline/52,12,16,good,toward_good,False
baseline[good=above],baseline/52,13,16,good,toward_bad,False
baseline[good=above],baseline/52,14,16,good,toward_good,False
baseline[good=above],baseline/52,15,16,good,,True
baseline[good=below],baseline/52,0,16,bad,toward_good,False
baseline[good=below],baseline/52,1,16,bad,toward_bad,False
baseline[good=below],baseline/52,2,16,bad,toward_bad,False
baseline[good=below],baseline/52,3,16,bad,toward_good,False
baseline[good=below],baseline/52,4,16,bad,toward_bad,False
baseline[good=below],baseline/52,5,16,bad,toward_bad,False
baseline[good=below],baseline/52,6,16,bad,toward_good,False
baseline[good=below],baseline/52,7,16,bad,toward_good,False
baseline[good=below],baseline/52,8,16,bad,toward_good,False
baseline[good=below],baseline/52,9,16,bad,toward_bad,False
baseline[good=below],baseline/52,10,16,bad,toward_good,False
baseline[good=below],baseline/52,11,16,bad,toward_good,False
baseline[good=below],baseline/52,12,16,bad,toward_bad,False
baseline[good=below],baseline/52,13,16,bad,toward_good,False
baseline[good=below],baseline/52,14,16,bad,toward_bad,False
baseline[good=below],baseline/52,15,16,bad,,True
baseline[good=above],baseline/53,0,38,good,toward_good,False
baseline[good=above],baseline/53,1,38,good,toward_good,False
baseline[good=above],baseline/53,2,38,good,toward_good,False
baseline[good=above],baseline/53,3,38,good,toward_good,False
baseline[good=above],baseline/53,4,38,good,toward_good,False
baseline[good=above],baseline/53,5,38,good,toward_bad,False
baseline[good=above],baseline/53,6,38,good,toward_good,False
baseline[good=above],baseline/53,7,38,good,toward_good,False
baseline[good=above],baseline/53,8,38,good,toward_good,False
baseline[good=above],baseline/53,9,38,good,toward_bad,False
baseline[good=above],baseline/53,10,38,good,toward_bad,False
baseline[good=above],baseline/53,11,38,good,toward_good,False
baseline[good=above],baseline/53,12,38,good,toward_good,False
baseline[good=above],baseline/53,13,38,good,toward_bad,False
baseline[good=above],baseline/53,14,38,good,toward_bad,False
baseline[good=above],baseline/53,15,38,good,toward_good,False
baseline[good=above],baseline/53,16,38,good,toward_good,False
baseline[good=above],baseline/53,17,38,good,toward_bad,False
baseline[good=above],baseline/53,18,38,good,toward_good,False
baseline[good=above],baseline/53,19,38,good,toward_bad,False
baseline[good=above],baseline/53,20,38,good,toward_good,False
baseline[good=above],baseline/53,21,38,good,toward_bad,False
baseline[good=above],baseline/53,22,38,good,toward_bad,False
baseline[good=above],baseline/53,23,38,good,toward_bad,False
baseline[good=above],baseline/53,24,38,good,toward_good,False
baseline[good=above],baseline/53,25,38,good,toward_bad,False
baseline[good=above],baseline/53,26,38,good,toward_bad,False
baseline[good=above],baseline/53,27,38,good,toward_good,False
baseline[good=above],baseline/53,28,38,good,toward_bad,False
baseline[good=above],baseline/53,29,38,good,toward_good,False
baseline[good=above],baseline/53,30,38,good,toward_good,False
baseline[good=above],baseline/53,31,38,good,toward_good,False
baseline[good=above],baseline/53,32,38,good,toward_bad,False
baseline[good=above],baseline/53,33,38,good,toward_bad,False
baseline[good=above],baseline/53,34,38,good,toward_good,False
baseline[good=above],baseline/53,35,38,good,toward_bad,False
baseline[good=above],baseline/53,36,38,good,toward_good,False
baseline[good=above],baseline/53,37,38,good,,True
baseline[good=below],baseline/53,0,38,bad,toward_bad,False
baseline[good=below],baseline/53,1,38,bad,toward_bad,False
baseline[good=below],baseline/53,2,38,bad,toward_bad,False
baseline[good=below],baseline/53,3,38,bad,toward_bad,False
baseline[good=below],baseline/53,4,38,bad,toward_bad,False
baseline[good=below],baseline/53,5,38,bad,toward_good,False
baseline[good=below],baseline/53,6,38,bad,toward_bad,False
baseline[good=below],baseline/53,7,38,bad,toward_bad,False
baseline[good=below],baseline/53,8,38,bad,toward_bad,False
baseline[good=below],baseline/53,9,38,bad,toward_good,False
baseline[good=below],baseline/53,10,38,bad,toward_good,False
baseline[good=below],baseline/53,11,38,bad,toward_bad,False
baseline[good=below],baseline/53,12,38,bad,toward_bad,False
baseline[good=below],baseline/53,13,38,bad,toward_good,False
baseline[good=below],baseline/53,14,38,bad,toward_good,False
baseline[good=below],baseline/53,15,38,bad,toward_bad,False
baseline[good=below],baseline/53,16,38,bad,toward_bad,False
baseline[good=below],baseline/53,17,38,bad,toward_good,False
baseline[good=below],baseline/53,18,38,bad,toward_bad,False
baseline[good=below],baseline/53,19,38,bad,toward_good,False
baseline[good=below],baseline/53,20,38,bad,toward_bad,False
baseline[good=below],baseline/53,21,38,bad,toward_good,False
baseline[good=below],baseline/53,22,38,bad,toward_good,False
baseline[good=below],baseline/53,23,38,bad,toward_good,False
baseline[good=below],baseline/53,24,38,bad,toward_bad,False
baseline[good=below],baseline/53,25,38,bad,toward_good,False
baseline[good=below],baseline/53,26,38,bad,toward_good,False
baseline[good=below],baseline/53,27,38,bad,toward_bad,False
baseline[good=below],baseline/53,28,38,bad,toward_good,False
baseline[good=below],baseline/53,29,38,bad,toward_bad,False
baseline[good=below],baseline/53,30,38,bad,toward_bad,False
baseline[good=below],baseline/53,31,38,bad,toward_bad,False
baseline[good=below],baseline/53,32,38,bad,toward_good,False
baseline[good=below],baseline/53,33,38,bad,toward_good,False
baseline[good=below],baseline/53,34,38,bad,toward_bad,False
baseline[good=below],baseline/53,35,38,bad,toward_good,False
baseline[good=below],baseline/53,36,38,bad,toward_bad,False
baseline[good=below],baseline/53,37,38,bad,,True
baseline[good=above],baseline/54,0,30,good,toward_bad,False
baseline[good=above],baseline/54,1,30,bad,toward_good,False
baseline[good=above],baseline/54,2,30,bad,toward_bad,False
baseline[good=above],baseline/54,3,30,bad,toward_good,False
baseline[good=above],baseline/54,4,30,bad,toward_good,False
baseline[good=above],baseline/54,5,30,bad,toward_bad,False
baseline[good=above],baseline/54,6,30,bad,toward_good,False
baseline[good=above],baseline/54,7,30,bad,toward_good,False
baseline[good=above],baseline/54,8,30,bad,toward_good,False
baseline[good=above],baseline/54,9,30,bad,toward_bad,False
baseline[good=above],baseline/54,10,30,bad,toward_bad,False
baseline[good=above],baseline/54,11,30,bad,toward_bad,False
baseline[good=above],baseline/54,12,30,bad,toward_good,False
baseline[good=above],baseline/54,13,30,bad,toward_bad,False
baseline[good=above],baseline/54,14,30,bad,toward_good,False
baseline[good=above],baseline/54,15,30,bad,toward_good,False
baseline[good=above],baseline/54,16,30,bad,toward_bad,False
baseline[good=above],baseline/54,17,30,bad,toward_bad,False
baseline[good=above],baseline/54,18,30,bad,toward_good,False
baseline[good=above],baseline/54,19,30,bad,toward_good,False
baseline[good=above],baseline/54,20,30,bad,toward_bad,False
baseline[good=above],baseline/54,21,30,bad,toward_good,False
baseline[good=above],baseline/54,22,30,bad,toward_bad,False
baseline[good=above],baseline/54,23,30,bad,toward_good,False
baseline[good=above],baseline/54,24,30,bad,toward_good,False
baseline[good=above],baseline/54,25,30,bad,toward_bad,False
baseline[good=above],baseline/54,26,30,bad,toward_good,False
baseline[good=above],baseline/54,27,30,bad,toward_good,False
baseline[good=above],baseline/54,28,30,bad,toward_bad,False
baseline[good=above],baseline/54,29,30,bad,,True
baseline[good=below],baseline/54,0,30,bad,toward_good,False
baseline[good=below],baseline/54,1,30,good,toward_bad,False
baseline[good=below],baseline/54,2,30,good,toward_good,False
baseline[good=below],baseline/54,3,30,good,toward_bad,False
baseline[good=below],baseline/54,4,30,good,toward_bad,False
baseline[good=below],baseline/54,5,30,good,toward_good,False
baseline[good=below],baseline/54,6,30,good,toward_bad,False
baseline[good=below],baseline/54,7,30,good,toward_bad,False
baseline[good=below],baseline/54,8,30,good,toward_bad,False
baseline[good=below],baseline/54,9,30,good,toward_good,False
baseline[good=below],baseline/54,10,30,good,toward_good,False
baseline[good=below],baseline/54,11,30,good,toward_good,False
baseline[good=below],baseline/54,12,30,good,toward_bad,False
baseline[good=below],baseline/54,13,30,good,toward_good,False
baseline[good=below],baseline/54,14,30,good,toward_bad,False
baseline[good=below],baseline/54,15,30,good,toward_bad,False
baseline[good=below],baseline/54,16,30,good,toward_good,False
baseline[good=below],baseline/54,17,30,good,toward_good,False
baseline[good=below],baseline/54,18,30,good,toward_bad,False
baseline[good=below],baseline/54,19,30,good,toward_bad,False
baseline[good=below],baseline/54,20,30,good,toward_good,False
baseline[good=below],baseline/54,21,30,good,toward_bad,False
baseline[good=below],baseline/54,22,30,good,toward_good,False
baseline[good=below],baseline/54,23,30,good,toward_bad,False
baseline[good=below],baseline/54,24,30,good,toward_bad,False
baseline[good=below],baseline/54,25,30,good,toward_good,False
baseline[good=below],baseline/54,26,30,good,toward_bad,False
baseline[good=below],baseline/54,27,30,good,toward_bad,False
baseline[good=below],baseline/54,28,30,good,toward_good,False
baseline[good=below],baseline/54,29,30,good,,True
baseline[good=above],baseline/55,0,31,bad,toward_bad,False
baseline[good=above],baseline/55,1,31,bad,toward_bad,False
baseline[good=above],baseline/55,2,31,bad,toward_good,False
baseline[good=above],baseline/55,3,31,bad,toward_bad,False
baseline[good=above],baseline/55,4,31,bad,toward_bad,False
baseline[good=above],baseline/55,5,31,bad,toward_good,False
baseline[good=above],baseline/55,6,31,bad,toward_bad,False
baseline[good=above],baseline/55,7,31,bad,toward_good,False
baseline[good=above],baseline/55,8,31,bad,toward_bad,False
baseline[good=above],baseline/55,9,31,bad,toward_bad,False
baseline[good=above],baseline/55,10,31,bad,toward_good,False
baseline[good=above],baseline/55,11,31,bad,toward_good,False
baseline[good=above],baseline/55,12,31,bad,toward_bad,False
baseline[good=above],baseline/55,13,31,bad,toward_good,False
baseline[good=above],baseline/55,14,31,bad,toward_bad,False
baseline[good=above],baseline/55,15,31,bad,toward_bad,False
baseline[good=above],baseline/55,16,31,bad,toward_good,False
baseline[good=above],baseline/55,17,31,bad,toward_good,False
baseline[good=above],baseline/55,18,31,bad,toward_good,False
baseline[good=above],baseline/55,19,31,bad,toward_bad,False
baseline[good=above],baseline/55,20,31,bad,toward_good,False
baseline[good=above],baseline/55,21,31,bad,toward_good,False
baseline[good=above],baseline/55,22,31,bad,toward_bad,False
baseline[good=above],baseline/55,23,31,bad,toward_bad,False
baseline[good=above],baseline/55,24,31,bad,toward_bad,False
baseline[good=above],baseline/55,25,31,bad,toward_good,False
baseline[good=above],baseline/55,26,31,bad,toward_good,False
baseline[good=above],baseline/55,27,31,bad,toward_good,False
baseline[good=above],baseline/55,28,31,bad,toward_bad,False
baseline[good=above],baseline/55,29,31,bad,toward_bad,False
baseline[good=above],baseline/55,30,31,bad,,True
baseline[good=below],baseline/55,0,31,good,toward_good,False
baseline[good=below],baseline/55,1,31,good,toward_good,False
baseline[good=below],baseline/55,2,31,good,toward_bad,False
baseline[good=below],baseline/55,3,31,good,toward_good,False
baseline[good=below],baseline/55,4,31,good,toward_good,False
baseline[good=below],baseline/55,5,31,good,toward_bad,False
baseline[good=below],baseline/55,6,31,good,toward_good,False
baseline[good=below],baseline/55,7,31,good,toward_bad,False
baseline[good=below],baseline/55,8,31,good,toward_good,False
baseline[good=below],baseline/55,9,31,good,toward_good,False
baseline[good=below],baseline/55,10,31,good,toward_bad,False
baseline[good=below],baseline/55,11,31,good,toward_bad,False
baseline[good=below],baseline/55,12,31,good,toward_good,False
baseline[good=below],baseline/55,13,31,good,toward_bad,False
baseline[good=below],baseline/55,14,31,good,toward_good,False
baseline[good=below],baseline/55,15,31,good,toward_good,False
baseline[good=below],baseline/55,16,31,good,toward_bad,False
baseline[good=below],baseline/55,17,31,good,toward_bad,False
baseline[good=below],baseline/55,18,31,good,toward_bad,False
baseline[good=below],baseline/55,19,31,good,toward_good,False
baseline[good=below],baseline/55,20,31,good,toward_bad,False
baseline[good=below],baseline/55,21,31,good,toward_bad,False
baseline[good=below],baseline/55,22,31,good,toward_good,False
baseline[good=below],baseline/55,23,31,good,toward_good,False
baseline[good=below],baseline/55,24,31,good,toward_good,False
baseline[good=below],baseline/55,25,31,good,toward_bad,False
baseline[good=below],baseline/55,26,31,good,toward_bad,False
baseline[good=below],baseline/55,27,31,good,toward_bad,False
baseline[good=below],baseline/55,28,31,good,toward_good,False
baseline[good=below],baseline/55,29,31,good,toward_good,False
baseline[good=below],baseline/55,30,31,good,,True
baseline[good=above],baseline/56,0,36,bad,toward_bad,False
baseline[good=above],baseline/56,1,36,bad,toward_bad,False
baseline[good=above],baseline/56,2,36,bad,toward_good,False
baseline[good=above],baseline/56,3,36,bad,toward_good,False
baseline[good=above],baseline/56,4,36,bad,toward_bad,False
baseline[good=above],baseline/56,5,36,bad,toward_good,False
baseline[good=above],baseline/56,6,36,bad,toward_bad,False
baseline[good=above],baseline/56,7,36,bad,toward_good,False
baseline[good=above],baseline/56,8,36,bad,toward_bad,False
baseline[good=above],baseline/56,9,36,bad,toward_bad,False
baseline[good=above],baseline/56,10,36,bad,toward_good,False
baseline[good=above],baseline/56,11,36,bad,toward_bad,False
baseline[good=above],baseline/56,12,36,bad,toward_good,False
baseline[good=above],baseline/56,13,36,bad,toward_bad,False
baseline[good=above],baseline/56,14,36,bad,toward_good,False
baseline[good=above],baseline/56,15,36,bad,toward_bad,False
baseline[good=above],baseline/56,16,36,bad,toward_good,False
baseline[good=above],baseline/56,17,36,bad,toward_bad,False
baseline[good=above],baseline/56,18,36,bad,toward_good,False
baseline[good=above],baseline/56,19,36,bad,toward_bad,False
baseline[good=above],baseline/56,20,36,bad,toward_good,False
baseline[good=above],baseline/56,21,36,bad,toward_good,False
baseline[good=above],baseline/56,22,36,bad,toward_bad,False
baseline[good=above],baseline/56,23,36,bad,toward_good,False
baseline[good=above],baseline/56,24,36,bad,toward_bad,False
baseline[good=above],baseline/56,25,36,bad,toward_good,False
baseline[good=above],baseline/56,26,36,bad,toward_good,False
baseline[good=above],baseline/56,27,36,bad,toward_good,False
baseline[good=above],baseline/56,28,36,bad,toward_bad,False
baseline[good=above],baseline/56,29,36,bad,toward_good,False
baseline[good=above],baseline/56,30,36,bad,toward_good,False
baseline[good=above],baseline/56,31,36,bad,toward_bad,False
baseline[good=above],baseline/56,32,36,bad,toward_good,False
baseline[good=above],baseline/56,33,36,bad,toward_bad,False
baseline[good=above],baseline/56,34,36,bad,toward_good,False
baseline[good=above],baseline/56,35,36,bad,,True
baseline[good=below],baseline/56,0,36,good,toward_good,False
baseline[good=below],baseline/56,1,36,good,toward_good,False
baseline[good=below],baseline/56,2,36,good,toward_bad,False
baseline[good=below],baseline/56,3,36,good,toward_bad,False
baseline[good=below],baseline/56,4,36,good,toward_good,False
baseline[good=below],baseline/56,5,36,good,toward_bad,False
baseline[good=below],baseline/56,6,36,good,toward_good,False
baseline[good=below],baseline/56,7,36,good,toward_bad,False
baseline[good=below],baseline/56,8,36,good,toward_good,False
baseline[good=below],baseline/56,9,36,good,toward_good,False
baseline[good=below],baseline/56,10,36,good,toward_bad,False
baseline[good=below],baseline/56,11,36,good,toward_good,False
baseline[good=below],baseline/56,12,36,good,toward_bad,False
baseline[good=below],baseline/56,13,36,good,toward_good,False
baseline[good=below],baseline/56,14,36,good,toward_bad,False
baseline[good=below],baseline/56,15,36,good,toward_good,False
baseline[good=below],baseline/56,16,36,good,toward_bad,False
baseline[good=below],baseline/56,17,36,good,toward_good,False
baseline[good=below],baseline/56,18,36,good,toward_bad,False
baseline[good=below],baseline/56,19,36,good,toward_good,False
baseline[good=below],baseline/56,20,36,good,toward_bad,False
baseline[good=below],baseline/56,21,36,good,toward_bad,False
baseline[good=below],baseline/56,22,36,good,toward_good,False
baseline[good=below],baseline/56,23,36,good,toward_bad,False
baseline[good=below],baseline/56,24,36,good,toward_good,False
baseline[good=below],baseline/56,25,36,good,toward_bad,False
baseline[good=below],baseline/56,26,36,good,toward_bad,False
baseline[good=below],baseline/56,27,36,good,toward_bad,False
baseline[good=below],baseline/56,28,36,good,toward_good,False
baseline[good=below],baseline/56,29,36,good,toward_bad,False
baseline[good=below],baseline/56,30,36,good,toward_bad,False
baseline[good=below],baseline/56,31,36,good,toward_good,False
baseline[good=below],baseline/56,32,36,good,toward_bad,False
baseline[good=below],baseline/56,33,36,good,toward_good,False
baseline[good=below],baseline/56,34,36,good,toward_bad,False
baseline[good=below],baseline/56,35,36,good,,True
baseline[good=above],baseline/57,0,28,good,toward_bad,False
baseline[good=above],baseline/57,1,28,good,toward_good,False
baseline[good=above],baseline/57,2,28,good,toward_good,False
baseline[good=above],baseline/57,3,28,good,toward_bad,False
baseline[good=above],baseline/57,4,28,good,toward_bad,False
baseline[good=above],baseline/57,5,28,good,toward_bad,False
baseline[good=above],baseline/57,6,28,good,toward_good,False
baseline[good=above],baseline/57,7,28,good,toward_good,False
baseline[good=above],baseline/57,8,28,good,toward_good,False
baseline[good=above],baseline/57,9,28,good,toward_good,False
baseline[good=above],baseline/57,10,28,good,toward_good,False
baseline[good=above],baseline/57,11,28,good,toward_bad,False
baseline[good=above],baseline/57,12,28,good,toward_good,False
baseline[good=above],baseline/57,13,28,good,toward_bad,False
baseline[good=above],baseline/57,14,28,good,toward_good,False
baseline[good=above],baseline/57,15,28,good,toward_good,False
baseline[good=above],baseline/57,16,28,good,toward_good,False
baseline[good=above],baseline/57,17,28,good,toward_bad,False
baseline[good=above],baseline/57,18,28,good,toward_good,False
baseline[good=above],baseline/57,19,28,good,toward_good,False
baseline[good=above],baseline/57,20,28,good,toward_bad,False
baseline[good=above],baseline/57,21,28,good,toward_good,False
baseline[good=above],baseline/57,22,28,good,toward_good,False
baseline[good=above],baseline/57,23,28,good,toward_bad,False
baseline[good=above],baseline/57,24,28,good,toward_good,False
baseline[good=above],baseline/57,25,28,good,toward_bad,False
baseline[good=above],baseline/57,26,28,good,toward_bad,False
baseline[good=above],baseline/57,27,28,good,,True
baseline[good=below],baseline/57,0,28,bad,toward_good,False
baseline[good=below],baseline/57,1,28,bad,toward_bad,False
baseline[good=below],baseline/57,2,28,bad,toward_bad,False
baseline[good=below],baseline/57,3,28,bad,toward_good,False
baseline[good=below],baseline/57,4,28,bad,toward_good,False
baseline[good=below],baseline/57,5,28,bad,toward_good,False
baseline[good=below],baseline/57,6,28,bad,toward_bad,False
baseline[good=below],baseline/57,7,28,bad,toward_bad,False
baseline[good=below],baseline/57,8,28,bad,toward_bad,False
baseline[good=below],baseline/57,9,28,bad,toward_bad,False
baseline[good=below],baseline/57,10,28,bad,toward_bad,False
baseline[good=below],baseline/57,11,28,bad,toward_good,False
baseline[good=below],baseline/57,12,28,bad,toward_bad,False
baseline[good=below],baseline/57,13,28,bad,toward_good,False
baseline[good=below],baseline/57,14,28,bad,toward_bad,False
baseline[good=below],baseline/57,15,28,bad,toward_bad,False
baseline[good=below],baseline/57,16,28,bad,toward_bad,False
baseline[good=below],baseline/57,17,28,bad,toward_good,False
baseline[good=below],baseline/57,18,28,bad,toward_bad,False
baseline[good=below],baseline/57,19,28,bad,toward_bad,False
baseline[good=below],baseline/57,20,28,bad,toward_good,False
baseline[good=below],baseline/57,21,28,bad,toward_bad,False
baseline[good=below],baseline/57,22,28,bad,toward_bad,False
baseline[good=below],baseline/57,23,28,bad,toward_good,False
baseline[good=below],baseline/57,24,28,bad,toward_bad,False
baseline[good=below],baseline/57,25,28,bad,toward_good,False
baseline[good=below],baseline/57,26,28,bad,toward_good,False
baseline[good=below],baseline/57,27,28,bad,,True
baseline[good=above],baseline/58,0,27,good,toward_bad,False
baseline[good=above],baseline/58,1,27,good,toward_good,False
baseline[good=above],baseline/58,2,27,good,toward_bad,False
baseline[good=above],baseline/58,3,27,bad,toward_good,False
baseline[good=above],baseline/58,4,27,good,toward_bad,False
baseline[good=above],baseline/58,5,27,good,toward_good,False
baseline[good=above],baseline/58,6,27,good,toward_bad,False
baseline[good=above],baseline/58,7,27,good,toward_bad,False
baseline[good=above],baseline/58,8,27,good,toward_bad,False
baseline[good=above],baseline/58,9,27,good,toward_bad,False
baseline[good=above],baseline/58,10,27,good,toward_bad,False
baseline[good=above],baseline/58,11,27,good,toward_bad,False
baseline[good=above],baseline/58,12,27,good,toward_bad,False
baseline[good=above],baseline/58,13,27,bad,toward_good,False
baseline[good=above],baseline/58,14,27,good,toward_bad,False
baseline[good=above],baseline/58,15,27,good,toward_bad,False
baseline[good=above],baseline/58,16,27,good,toward_good,False
baseline[good=above],baseline/58,17,27,good,toward_bad,False
baseline[good=above],baseline/58,18,27,good,toward_good,False
baseline[good=above],baseline/58,19,27,good,toward_good,False
baseline[good=above],baseline/58,20,27,good,toward_good,False
baseline[good=above],baseline/58,21,27,good,toward_good,False
baseline[good=above],baseline/58,22,27,good,toward_bad,False
baseline[good=above],baseline/58,23,27,good,toward_good,False
baseline[good=above],baseline/58,24,27,good,toward_bad,False
baseline[good=above],baseline/58,25,27,good,toward_bad,False
baseline[good=above],baseline/58,26,27,good,,True
baseline[good=below],baseline/58,0,27,bad,toward_good,False
baseline[good=below],baseline/58,1,27,bad,toward_bad,False
baseline[good=below],baseline/58,2,27,bad,toward_good,False
baseline[good=below],baseline/58,3,27,good,toward_bad,False
baseline[good=below],baseline/58,4,27,bad,toward_good,False
baseline[good=below],baseline/58,5,27,bad,toward_bad,False
baseline[good=below],baseline/58,6,27,bad,toward_good,False
baseline[good=below],baseline/58,7,27,bad,toward_good,False
baseline[good=below],baseline/58,8,27,bad,toward_good,False
baseline[good=below],baseline/58,9,27,bad,toward_good,False
baseline[good=below],baseline/58,10,27,bad,toward_good,False
baseline[good=below],baseline/58,11,27,bad,toward_good,False
baseline[good=below],baseline/58,12,27,bad,toward_good,False
baseline[good=below],baseline/58,13,27,good,toward_bad,False
baseline[good=below],baseline/58,14,27,bad,toward_good,False
baseline[good=below],baseline/58,15,27,bad,toward_good,False
baseline[good=below],baseline/58,16,27,bad,toward_bad,False
baseline[good=below],baseline/58,17,27,bad,toward_good,False
baseline[good=below],baseline/58,18,27,bad,toward_bad,False
baseline[good=below],baseline/58,19,27,bad,toward_bad,False
baseline[good=below],baseline/58,20,27,bad,toward_bad,False
baseline[good=below],baseline/58,21,27,bad,toward_bad,False
baseline[good=below],baseline/58,22,27,bad,toward_good,False
baseline[good=below],baseline/58,23,27,bad,toward_bad,False
baseline[good=below],baseline/58,24,27,bad,toward_good,False
baseline[good=below],baseline/58,25,27,bad,toward_good,False
baseline[good=below],baseline/58,26,27,bad,,True
baseline[good=above],baseline/59,0,39,bad,toward_bad,False
baseline[good=above],baseline/59,1,39,bad,toward_bad,False
baseline[good=above],baseline/59,2,39,bad,toward_good,False
baseline[good=above],baseline/59,3,39,bad,toward_bad,False
baseline[good=above],baseline/59,4,39,bad,toward_bad,False
baseline[good=above],baseline/59,5,39,bad,toward_bad,False
baseline[good=above],baseline/59,6,39,bad,toward_good,False
baseline[good=above],baseline/59,7,39,bad,toward_bad,False
baseline[good=above],baseline/59,8,39,bad,toward_bad,False
baseline[good=above],baseline/59,9,39,bad,toward_good,False
baseline[good=above],baseline/59,10,39,bad,toward_good,False
baseline[good=above],baseline/59,11,39,bad,toward_good,False
baseline[good=above],baseline/59,12,39,bad,toward_good,False
baseline[good=above],baseline/59,13,39,bad,toward_good,False
baseline[good=above],baseline/59,14,39,bad,toward_good,False
baseline[good=above],baseline/59,15,39,bad,toward_good,False
baseline[good=above],baseline/59,16,39,bad,toward_bad,False
baseline[good=above],baseline/59,17,39,bad,toward_bad,False
baseline[good=above],baseline/59,18,39,bad,toward_bad,False
baseline[good=above],baseline/59,19,39,bad,toward_good,False
baseline[good=above],baseline/59,20,39,bad,toward_bad,False
baseline[good=above],baseline/59,21,39,bad,toward_bad,False
baseline[good=above],baseline/59,22,39,bad,toward_good,False
baseline[good=above],baseline/59,23,39,bad,toward_bad,False
baseline[good=above],baseline/59,24,39,bad,toward_bad,False
baseline[good=above],baseline/59,25,39,bad,toward_good,False
baseline[good=above],baseline/59,26,39,bad,toward_good,False
baseline[good=above],baseline/59,27,39,bad,toward_bad,False
baseline[good=above],baseline/59,28,39,bad,toward_good,False
baseline[good=above],baseline/59,29,39,bad,toward_bad,False
baseline[good=above],baseline/59,30,39,bad,toward_bad,False
baseline[good=above],baseline/59,31,39,bad,toward_good,False
baseline[good=above],baseline/59,32,39,bad,toward_good,False
baseline[good=above],baseline/59,33,39,bad,toward_good,False
baseline[good=above],baseline/59,34,39,bad,toward_good,False
baseline[good=above],baseline/59,35,39,bad,toward_good,False
baseline[good=above],baseline/59,36,39,bad,toward_good,False
baseline[good=above],baseline/59,37,39,bad,toward_bad,False
baseline[good=above],baseline/59,38,39,bad,,True
baseline[good=below],baseline/59,0,39,good,toward_good,False
baseline[good=below],baseline/59,1,39,good,toward_good,False
baseline[good=below],baseline/59,2,39,good,toward_bad,False
baseline[good=below],baseline/59,3,39,good,toward_good,False
baseline[good=below],baseline/59,4,39,good,toward_good,False
baseline[good=below],baseline/59,5,39,good,toward_good,False
baseline[good=below],baseline/59,6,39,good,toward_bad,False
baseline[good=below],baseline/59,7,39,good,toward_good,False
baseline[good=below],baseline/59,8,39,good,toward_good,False
baseline[good=below],baseline/59,9,39,good,toward_bad,False
baseline[good=below],baseline/59,10,39,good,toward_bad,False
baseline[good=below],baseline/59,11,39,good,toward_bad,False
baseline[good=below],baseline/59,12,39,good,toward_bad,False
baseline[good=below],baseline/59,13,39,good,toward_bad,False
baseline[good=below],baseline/59,14,39,good,toward_bad,False
baseline[good=below],baseline/59,15,39,good,toward_bad,False
baseline[good=below],baseline/59,16,39,good,toward_good,False
baseline[good=below],baseline/59,17,39,good,toward_good,False
baseline[good=below],baseline/59,18,39,good,toward_good,False
baseline[good=below],baseline/59,19,39,good,toward_bad,False
baseline[good=below],baseline/59,20,39,good,toward_good,False
baseline[good=below],baseline/59,21,39,good,toward_good,False
baseline[good=below],baseline/59,22,39,good,toward_bad,False
baseline[good=below],baseline/59,23,39,good,toward_good,False
baseline[good=below],baseline/59,24,39,good,toward_good,False
baseline[good=below],baseline/59,25,39,good,toward_bad,False
baseline[good=below],baseline/59,26,39,good,toward_bad,False
baseline[good=below],baseline/59,27,39,good,toward_good,False
baseline[good=below],baseline/59,28,39,good,toward_bad,False
baseline[good=below],baseline/59,29,39,good,toward_good,False
baseline[good=below],baseline/59,30,39,good,toward_good,False
baseline[good=below],baseline/59,31,39,good,toward_bad,False
baseline[good=below],baseline/59,32,39,good,toward_bad,False
baseline[good=below],baseline/59,33,39,good,toward_bad,False
baseline[good=below],baseline/59,34,39,good,toward_bad,False
baseline[good=below],baseline/59,35,39,good,toward_bad,False
baseline[good=below],baseline/59,36,39,good,toward_bad,False
baseline[good=below],baseline/59,37,39,good,toward_good,False
baseline[good=below],baseline/59,38,39,good,,True
baseline[good=above],baseline/60,0,32,bad,toward_good,False
baseline[good=above],baseline/60,1,32,good,toward_bad,False
baseline[good=above],baseline/60,2,32,good,toward_bad,False
baseline[good=above],baseline/60,3,32,good,toward_good,False
baseline[good=above],baseline/60,4,32,good,toward_bad,False
baseline[good=above],baseline/60,5,32,bad,toward_good,False
baseline[good=above],baseline/60,6,32,bad,toward_good,False
baseline[good=above],baseline/60,7,32,good,toward_good,False
baseline[good=above],baseline/60,8,32,good,toward_bad,False
baseline[good=above],baseline/60,9,32,good,toward_bad,False
baseline[good=above],baseline/60,10,32,bad,toward_good,False
baseline[good=above],baseline/60,11,32,good,toward_good,False
baseline[good=above],baseline/60,12,32,good,toward_good,False
baseline[good=above],baseline/60,13,32,good,toward_good,False
baseline[good=above],baseline/60,14,32,good,toward_bad,False
baseline[good=above],baseline/60,15,32,good,toward_bad,False
baseline[good=above],baseline/60,16,32,good,toward_good,False
baseline[good=above],baseline/60,17,32,good,toward_bad,False
baseline[good=above],baseline/60,18,32,good,toward_good,False
baseline[good=above],baseline/60,19,32,good,toward_good,False
baseline[good=above],baseline/60,20,32,good,toward_bad,False
baseline[good=above],baseline/60,21,32,bad,toward_good,False
baseline[good=above],baseline/60,22,32,good,toward_good,False
baseline[good=above],baseline/60,23,32,good,toward_good,False
baseline[good=above],baseline/60,24,32,good,toward_bad,False
baseline[good=above],baseline/60,25,32,good,toward_good,False
baseline[good=above],baseline/60,26,32,good,toward_good,False
baseline[good=above],baseline/60,27,32,good,toward_bad,False
baseline[good=above],baseline/60,28,32,good,toward_bad,False
baseline[good=above],baseline/60,29,32,good,toward_bad,False
baseline[good=above],baseline/60,30,32,good,toward_good,False
baseline[good=above],baseline/60,31,32,good,,True
baseline[good=below],baseline/60,0,32,good,toward_bad,False
baseline[good=below],baseline/60,1,32,bad,toward_good,False
baseline[good=below],baseline/60,2,32,bad,toward_good,False
baseline[good=below],baseline/60,3,32,bad,toward_bad,False
baseline[good=below],baseline/60,4,32,bad,toward_good,False
baseline[good=below],baseline/60,5,32,good,toward_bad,False
baseline[good=below],baseline/60,6,32,good,toward_bad,False
baseline[good=below],baseline/60,7,32,bad,toward_bad,False
baseline[good=below],baseline/60,8,32,bad,toward_good,False
baseline[good=below],baseline/60,9,32,bad,toward_good,False
baseline[good=below],baseline/60,10,32,good,toward_bad,False
baseline[good=below],baseline/60,11,32,bad,toward_bad,False
baseline[good=below],baseline/60,12,32,bad,toward_bad,False
baseline[good=below],baseline/60,13,32,bad,toward_bad,False
baseline[good=below],baseline/60,14,32,bad,toward_good,False
baseline[good=below],baseline/60,15,32,bad,toward_good,False
baseline[good=below],baseline/60,16,32,bad,toward_bad,False
baseline[good=below],baseline/60,17,32,bad,toward_good,False
baseline[good=below],baseline/60,18,32,bad,toward_bad,False
baseline[good=below],baseline/60,19,32,bad,toward_bad,False
baseline[good=below],baseline/60,20,32,bad,toward_good,False
baseline[good=below],baseline/60,21,32,good,toward_bad,False
baseline[good=below],baseline/60,22,32,bad,toward_bad,False
baseline[good=below],baseline/60,23,32,bad,toward_bad,False
baseline[good=below],baseline/60,24,32,bad,toward_good,False
baseline[good=below],baseline/60,25,32,bad,toward_bad,False
baseline[good=below],baseline/60,26,32,bad,toward_bad,False
baseline[good=below],baseline/60,27,32,bad,toward_good,False
baseline[good=below],baseline/60,28,32,bad,toward_good,False
baseline[good=below],baseline/60,29,32,bad,toward_good,False
baseline[good=below],baseline/60,30,32,bad,toward_bad,False
baseline[good=below],baseline/60,31,32,bad,,True
baseline[good=above],baseline/61,0,48,good,toward_bad,False
baseline[good=above],baseline/61,1,48,good,toward_bad,False
baseline[good=above],baseline/61,2,48,good,toward_good,False
baseline[good=above],baseline/61,3,48,good,toward_bad,False
baseline[good=above],baseline/61,4,48,good,toward_good,False
baseline[good=above],baseline/61,5,48,good,toward_bad,False
baseline[good=above],baseline/61,6,48,good,toward_good,False
baseline[good=above],baseline/61,7,48,good,toward_bad,False
baseline[good=above],baseline/61,8,48,good,toward_bad,False
baseline[good=above],baseline/61,9,48,bad,toward_good,False
baseline[good=above],baseline/61,10,48,bad,toward_good,False
baseline[good=above],baseline/61,11,48,good,toward_good,False
baseline[good=above],baseline/61,12,48,good,toward_bad,False
baseline[good=above],baseline/61,13,48,good,toward_bad,False
baseline[good=above],baseline/61,14,48,bad,toward_good,False
baseline[good=above],baseline/61,15,48,bad,toward_good,False
baseline[good=above],baseline/61,16,48,good,toward_good,False
baseline[good=above],baseline/61,17,48,good,toward_bad,False
baseline[good=above],baseline/61,18,48,good,toward_good,False
baseline[good=above],baseline/61,19,48,good,toward_bad,False
baseline[good=above],baseline/61,20,48,bad,toward_good,False
baseline[good=above],baseline/61,21,48,bad,toward_good,False
baseline[good=above],baseline/61,22,48,good,toward_good,False
baseline[good=above],baseline/61,23,48,good,toward_good,False
baseline[good=above],baseline/61,24,48,good,toward_good,False
baseline[good=above],baseline/61,25,48,good,toward_good,False
baseline[good=above],baseline/61,26,48,good,toward_bad,False
baseline[good=above],baseline/61,27,48,good,toward_good,False
baseline[good=above],baseline/61,28,48,good,toward_bad,False
baseline[good=above],baseline/61,29,48,bad,toward_good,False
baseline[good=above],baseline/61,30,48,bad,toward_good,False
baseline[good=above],baseline/61,31,48,good,toward_bad,False
baseline[good=above],baseline/61,32,48,good,toward_bad,False
baseline[good=above],baseline/61,33,48,bad,toward_bad,False
baseline[good=above],baseline/61,34,48,bad,toward_good,False
baseline[good=above],baseline/61,35,48,bad,toward_bad,False
baseline[good=above],baseline/61,36,48,bad,toward_good,False
baseline[good=above],baseline/61,37,48,bad,toward_good,False
baseline[good=above],baseline/61,38,48,bad,toward_good,False
baseline[good=above],baseline/61,39,48,bad,toward_good,False
baseline[good=above],baseline/61,40,48,bad,toward_good,False
baseline[good=above],baseline/61,41,48,bad,toward_bad,False
baseline[good=above],baseline/61,42,48,bad,toward_bad,False
baseline[good=above],baseline/61,43,48,bad,toward_good,False
baseline[good=above],baseline/61,44,48,bad,toward_bad,False
baseline[good=above],baseline/61,45,48,bad,toward_good,False
baseline[good=above],baseline/61,46,48,bad,toward_good,False
baseline[good=above],baseline/61,47,48,bad,,True
baseline[good=below],baseline/61,0,48,bad,toward_good,False
baseline[good=below],baseline/61,1,48,bad,toward_good,False
baseline[good=below],baseline/61,2,48,bad,toward_bad,False
baseline[good=below],baseline/61,3,48,bad,toward_good,False
baseline[good=below],baseline/61,4,48,bad,toward_bad,False
baseline[good=below],baseline/61,5,48,bad,toward_good,False
baseline[good=below],baseline/61,6,48,bad,toward_bad,False
baseline[good=below],baseline/61,7,48,bad,toward_good,False
baseline[good=below],baseline/61,8,48,bad,toward_good,False
baseline[good=below],baseline/61,9,48,good,toward_bad,False
baseline[good=below],baseline/61,10,48,good,toward_bad,False
baseline[good=below],baseline/61,11,48,bad,toward_bad,False
baseline[good=below],baseline/61,12,48,bad,toward_good,False
baseline[good=below],baseline/61,13,48,bad,toward_good,False
baseline[good=below],baseline/61,14,48,good,toward_bad,False
baseline[good=below],baseline/61,15,48,good,toward_bad,False
baseline[good=below],baseline/61,16,48,bad,toward_bad,False
baseline[good=below],baseline/61,17,48,bad,toward_good,False
baseline[good=below],baseline/61,18,48,bad,toward_bad,False
baseline[good=below],baseline/61,19,48,bad,toward_good,False
baseline[good=below],baseline/61,20,48,good,toward_bad,False
baseline[good=below],baseline/61,21,48,good,toward_bad,False
baseline[good=below],baseline/61,22,48,bad,toward_bad,False
baseline[good=below],baseline/61,23,48,bad,toward_bad,False
baseline[good=below],baseline/61,24,48,bad,toward_bad,False
baseline[good=below],baseline/61,25,48,bad,toward_bad,False
baseline[good=below],baseline/61,26,48,bad,toward_good,False
baseline[good=below],baseline/61,27,48,bad,toward_bad,False
baseline[good=below],baseline/61,28,48,bad,toward_good,False
baseline[good=below],baseline/61,29,48,good,toward_bad,False
baseline[good=below],baseline/61,30,48,good,toward_bad,False
baseline[good=below],baseline/61,31,48,bad,toward_good,False
baseline[good=below],baseline/61,32,48,bad,toward_good,False
baseline[good=below],baseline/61,33,48,good,toward_good,False
baseline[good=below],baseline/61,34,48,good,toward_bad,False
baseline[good=below],baseline/61,35,48,good,toward_good,False
baseline[good=below],baseline/61,36,48,good,toward_bad,False
baseline[good=below],baseline/61,37,48,good,toward_bad,False
baseline[good=below],baseline/61,38,48,good,toward_bad,False
baseline[good=below],baseline/61,39,48,good,toward_bad,False
baseline[good=below],baseline/61,40,48,good,toward_bad,False
baseline[good=below],baseline/61,41,48,good,toward_good,False
baseline[good=below],baseline/61,42,48,good,toward_good,False
baseline[good=below],baseline/61,43,48,good,toward_bad,False
baseline[good=below],baseline/61,44,48,good,toward_good,False
baseline[good=below],baseline/61,45,48,good,toward_bad,False
baseline[good=below],baseline/61,46,48,good,toward_bad,False
baseline[good=below],baseline/61,47,48,good,,True
baseline[good=above],baseline/62,0,34,good,toward_bad,False
baseline[good=above],baseline/62,1,34,good,toward_good,False
baseline[good=above],baseline/62,2,34,good,toward_bad,False
baseline[good=above],baseline/62,3,34,good,toward_good,False
baseline[good=above],baseline/62,4,34,good,toward_bad,False
baseline[good=above],baseline/62,5,34,good,toward_good,False
baseline[good=above],baseline/62,6,34,good,toward_good,False
baseline[good=above],baseline/62,7,34,good,toward_bad,False
baseline[good=above],baseline/62,8,34,good,toward_good,False
baseline[good=above],baseline/62,9,34,good,toward_bad,False
baseline[good=above],baseline/62,10,34,good,toward_good,False
baseline[good=above],baseline/62,11,34,good,toward_bad,False
baseline[good=above],baseline/62,12,34,good,toward_bad,False
baseline[good=above],baseline/62,13,34,good,toward_bad,False
baseline[good=above],baseline/62,14,34,good,toward_good,False
baseline[good=above],baseline/62,15,34,good,toward_good,False
baseline[good=above],baseline/62,16,34,good,toward_bad,False
baseline[good=above],baseline/62,17,34,good,toward_good,False
baseline[good=above],baseline/62,18,34,good,toward_bad,False
baseline[good=above],baseline/62,19,34,bad,toward_good,False
baseline[good=above],baseline/62,20,34,bad,toward_good,False
baseline[good=above],baseline/62,21,34,bad,toward_good,False
baseline[good=above],baseline/62,22,34,good,toward_good,False
baseline[good=above],baseline/62,23,34,good,toward_bad,False
baseline[good=above],baseline/62,24,34,good,toward_bad,False
baseline[good=above],baseline/62,25,34,good,toward_good,False
baseline[good=above],baseline/62,26,34,good,toward_good,False
baseline[good=above],baseline/62,27,34,good,toward_bad,False
baseline[good=above],baseline/62,28,34,good,toward_good,False
baseline[good=above],baseline/62,29,34,good,toward_good,False
baseline[good=above],baseline/62,30,34,good,toward_good,False
baseline[good=above],baseline/62,31,34,good,toward_bad,False
baseline[good=above],baseline/62,32,34,good,toward_good,False
baseline[good=above],baseline/62,33,34,good,,True
baseline[good=below],baseline/62,0,34,bad,toward_good,False
baseline[good=below],baseline/62,1,34,bad,toward_bad,False
baseline[good=below],baseline/62,2,34,bad,toward_good,False
baseline[good=below],baseline/62,3,34,bad,toward_bad,False
baseline[good=below],baseline/62,4,34,bad,toward_good,False
baseline[good=below],baseline/62,5,34,bad,toward_bad,False
baseline[good=below],baseline/62,6,34,bad,toward_bad,False
baseline[good=below],baseline/62,7,34,bad,toward_good,False
baseline[good=below],baseline/62,8,34,bad,toward_bad,False
baseline[good=below],baseline/62,9,34,bad,toward_good,False
baseline[good=below],baseline/62,10,34,bad,toward_bad,False
baseline[good=below],baseline/62,11,34,bad,toward_good,False
baseline[good=below],baseline/62,12,34,bad,toward_good,False
baseline[good=below],baseline/62,13,34,bad,toward_good,False
baseline[good=below],baseline/62,14,34,bad,toward_bad,False
baseline[good=below],baseline/62,15,34,bad,toward_bad,False
baseline[good=below],baseline/62,16,34,bad,toward_good,False
baseline[good=below],baseline/62,17,34,bad,toward_bad,False
baseline[good=below],baseline/62,18,34,bad,toward_good,False
baseline[good=below],baseline/62,19,34,good,toward_bad,False
baseline[good=below],baseline/62,20,34,good,toward_bad,False
baseline[good=below],baseline/62,21,34,good,toward_bad,False
baseline[good=below],baseline/62,22,34,bad,toward_bad,False
baseline[good=below],baseline/62,23,34,bad,toward_good,False
baseline[good=below],baseline/62,24,34,bad,toward_good,False
baseline[good=below],baseline/62,25,34,bad,toward_bad,False
baseline[good=below],baseline/62,26,34,bad,toward_bad,False
baseline[good=below],baseline/62,27,34,bad,toward_good,False
baseline[good=below],baseline/62,28,34,bad,toward_bad,False
baseline[good=below],baseline/62,29,34,bad,toward_bad,False
baseline[good=below],baseline/62,30,34,bad,toward_bad,False
baseline[good=below],baseline/62,31,34,bad,toward_good,False
baseline[good=below],baseline/62,32,34,bad,toward_bad,False
baseline[good=below],baseline/62,33,34,bad,,True
baseline[good=above],baseline/63,0,32,good,toward_bad,False
baseline[good=above],baseline/63,1,32,good,toward_bad,False
baseline[good=above],baseline/63,2,32,good,toward_good,False
baseline[good=above],baseline/63,3,32,good,toward_bad,False
baseline[good=above],baseline/63,4,32,good,toward_good,False
baseline[good=above],baseline/63,5,32,good,toward_bad,False
baseline[good=above],baseline/63,6,32,good,toward_good,False
baseline[good=above],baseline/63,7,32,good,toward_bad,False
baseline[good=above],baseline/63,8,32,good,toward_bad,False
baseline[good=above],baseline/63,9,32,good,toward_good,False
baseline[good=above],baseline/63,10,32,good,toward_good,False
baseline[good=above],baseline/63,11,32,good,toward_bad,False
baseline[good=above],baseline/63,12,32,good,toward_good,False
baseline[good=above],baseline/63,13,32,good,toward_good,False
baseline[good=above],baseline/63,14,32,good,toward_good,False
baseline[good=above],baseline/63,15,32,good,toward_bad,False
baseline[good=above],baseline/63,16,32,good,toward_bad,False
baseline[good=above],baseline/63,17,32,good,toward_bad,False
baseline[good=above],baseline/63,18,32,good,toward_good,False
baseline[good=above],baseline/63,19,32,good,toward_good,False
baseline[good=above],baseline/63,20,32,good,toward_good,False
baseline[good=above],baseline/63,21,32,good,toward_bad,False
baseline[good=above],baseline/63,22,32,good,toward_good,False
baseline[good=above],baseline/63,23,32,good,toward_good,False
baseline[good=above],baseline/63,24,32,good,toward_bad,False
baseline[good=above],baseline/63,25,32,good,toward_good,False
baseline[good=above],baseline/63,26,32,good,toward_good,False
baseline[good=above],baseline/63,27,32,good,toward_bad,False
baseline[good=above],baseline/63,28,32,good,toward_good,False
baseline[good=above],baseline/63,29,32,good,toward_bad,False
baseline[good=above],baseline/63,30,32,good,toward_bad,False
baseline[good=above],baseline/63,31,32,good,,True
baseline[good=below],baseline/63,0,32,bad,toward_good,False
baseline[good=below],baseline/63,1,32,bad,toward_good,False
baseline[good=below],baseline/63,2,32,bad,toward_bad,False
baseline[good=below],baseline/63,3,32,bad,toward_good,False
baseline[good=below],baseline/63,4,32,bad,toward_bad,False
baseline[good=below],baseline/63,5,32,bad,toward_good,False
baseline[good=below],baseline/63,6,32,bad,toward_bad,False
baseline[good=below],baseline/63,7,32,bad,toward_good,False
baseline[good=below],baseline/63,8,32,bad,toward_good,False
baseline[good=below],baseline/63,9,32,bad,toward_bad,False
baseline[good=below],baseline/63,10,32,bad,toward_bad,False
baseline[good=below],baseline/63,11,32,bad,toward_good,False
baseline[good=below],baseline/63,12,32,bad,toward_bad,False
baseline[good=below],baseline/63,13,32,bad,toward_bad,False
baseline[good=below],baseline/63,14,32,bad,toward_bad,False
baseline[good=below],baseline/63,15,32,bad,toward_good,False
baseline[good=below],baseline/63,16,32,bad,toward_good,False
baseline[good=below],baseline/63,17,32,bad,toward_good,False
baseline[good=below],baseline/63,18,32,bad,toward_bad,False
baseline[good=below],baseline/63,19,32,bad,toward_bad,False
baseline[good=below],baseline/63,20,32,bad,toward_bad,False
baseline[good=below],baseline/63,21,32,bad,toward_good,False
baseline[good=below],baseline/63,22,32,bad,toward_bad,False
baseline[good=below],baseline/63,23,32,bad,toward_bad,False
baseline[good=below],baseline/63,24,32,bad,toward_good,False
baseline[good=below],baseline/63,25,32,bad,toward_bad,False
baseline[good=below],baseline/63,26,32,bad,toward_bad,False
baseline[good=below],baseline/63,27,32,bad,toward_good,False
baseline[good=below],baseline/63,28,32,bad,toward_bad,False
baseline[good=below],baseline/63,29,32,bad,toward_good,False
baseline[good=below],baseline/63,30,32,bad,toward_good,False
baseline[good=below],baseline/63,31,32,bad,,True
baseline[good=above],baseline/64,0,34,bad,toward_bad,False
baseline[good=above],baseline/64,1,34,bad,toward_good,False
baseline[good=above],baseline/64,2,34,bad,toward_good,False
baseline[good=above],baseline/64,3,34,bad,toward_bad,False
baseline[good=above],baseline/64,4,34,bad,toward_good,False
baseline[good=above],baseline/64,5,34,bad,toward_bad,False
baseline[good=above],baseline/64,6,34,bad,toward_bad,False
baseline[good=above],baseline/64,7,34,bad,toward_good,False
baseline[good=above],baseline/64,8,34,bad,toward_good,False
baseline[good=above],baseline/64,9,34,bad,toward_good,False
baseline[good=above],baseline/64,10,34,bad,toward_bad,False
baseline[good=above],baseline/64,11,34,bad,toward_good,False
baseline[good=above],baseline/64,12,34,bad,toward_bad,False
baseline[good=above],baseline/64,13,34,bad,toward_good,False
baseline[good=above],baseline/64,14,34,bad,toward_good,False
baseline[good=above],baseline/64,15,34,bad,toward_bad,False
baseline[good=above],baseline/64,16,34,bad,toward_bad,False
baseline[good=above],baseline/64,17,34,bad,toward_bad,False
baseline[good=above],baseline/64,18,34,bad,toward_good,False
baseline[good=above],baseline/64,19,34,bad,toward_bad,False
baseline[good=above],baseline/64,20,34,bad,toward_bad,False
baseline[good=above],baseline/64,21,34,bad,toward_bad,False
baseline[good=above],baseline/64,22,34,bad,toward_good,False
baseline[good=above],baseline/64,23,34,bad,toward_bad,False
baseline[good=above],baseline/64,24,34,bad,toward_bad,False
baseline[good=above],baseline/64,25,34,bad,toward_good,False
baseline[good=above],baseline/64,26,34,bad,toward_good,False
baseline[good=above],baseline/64,27,34,bad,toward_good,False
baseline[good=above],baseline/64,28,34,bad,toward_good,False
baseline[good=above],baseline/64,29,34,bad,toward_bad,False
baseline[good=above],baseline/64,30,34,bad,toward_bad,False
baseline[good=above],baseline/64,31,34,bad,toward_good,False
baseline[good=above],baseline/64,32,34,bad,toward_bad,False
baseline[good=above],baseline/64,33,34,bad,,True
baseline[good=below],baseline/64,0,34,good,toward_good,False
baseline[good=below],baseline/64,1,34,good,toward_bad,False
baseline[good=below],baseline/64,2,34,good,toward_bad,False
baseline[good=below],baseline/64,3,34,good,toward_good,False
baseline[good=below],baseline/64,4,34,good,toward_bad,False
baseline[good=below],baseline/64,5,34,good,toward_good,False
baseline[good=below],baseline/64,6,34,good,toward_good,False
baseline[good=below],baseline/64,7,34,good,toward_bad,False
baseline[good=below],baseline/64,8,34,good,toward_bad,False
baseline[good=below],baseline/64,9,34,good,toward_bad,False
baseline[good=below],baseline/64,10,34,good,toward_good,False
baseline[good=below],baseline/64,11,34,good,toward_bad,False
baseline[good=below],baseline/64,12,34,good,toward_good,False
baseline[good=below],baseline/64,13,34,good,toward_bad,False
baseline[good=below],baseline/64,14,34,good,toward_bad,False
baseline[good=below],baseline/64,15,34,good,toward_good,False
baseline[good=below],baseline/64,16,34,good,toward_good,False
baseline[good=below],baseline/64,17,34,good,toward_good,False
baseline[good=below],baseline/64,18,34,good,toward_bad,False
baseline[good=below],baseline/64,19,34,good,toward_good,False
baseline[good=below],baseline/64,20,34,good,toward_good,False
baseline[good=below],baseline/64,21,34,good,toward_good,False
baseline[good=below],baseline/64,22,34,good,toward_bad,False
baseline[good=below],baseline/64,23,34,good,toward_good,False
baseline[good=below],baseline/64,24,34,good,toward_good,False
baseline[good=below],baseline/64,25,34,good,toward_bad,False
baseline[good=below],baseline/64,26,34,good,toward_bad,False
baseline[good=below],baseline/64,27,34,good,toward_bad,False
baseline[good=below],baseline/64,28,34,good,toward_bad,False
baseline[good=below],baseline/64,29,34,good,toward_good,False
baseline[good=below],baseline/64,30,34,good,toward_good,False
baseline[good=below],baseline/64,31,34,good,toward_bad,False
baseline[good=below],baseline/64,32,34,good,toward_good,False
baseline[good=below],baseline/64,33,34,good,,True
baseline[good=above],baseline/65,0,22,bad,toward_bad,False
baseline[good=above],baseline/65,1,22,bad,toward_good,False
baseline[good=above],baseline/65,2,22,bad,toward_good,False
baseline[good=above],baseline/65,3,22,bad,toward_bad,False
baseline[good=above],baseline/65,4,22,bad,toward_good,False
baseline[good=above],baseline/65,5,22,bad,toward_bad,False
baseline[good=above],baseline/65,6,22,bad,toward_good,False
baseline[good=above],baseline/65,7,22,bad,toward_good,False
baseline[good=above],baseline/65,8,22,bad,toward_bad,False
baseline[good=above],baseline/65,9,22,bad,toward_bad,False
baseline[good=above],baseline/65,10,22,bad,toward_bad,False
baseline[good=above],baseline/65,11,22,bad,toward_bad,False
baseline[good=above],baseline/65,12,22,bad,toward_good,False
baseline[good=above],baseline/65,13,22,bad,toward_bad,False
baseline[good=above],baseline/65,14,22,bad,toward_good,False
baseline[good=above],baseline/65,15,22,bad,toward_good,False
baseline[good=above],baseline/65,16,22,bad,toward_bad,False
baseline[good=above],baseline/65,17,22,bad,toward_good,False
baseline[good=above],baseline/65,18,22,bad,toward_bad,False
baseline[good=above],baseline/65,19,22,bad,toward_bad,False
baseline[good=above],baseline/65,20,22,bad,toward_good,False
baseline[good=above],baseline/65,21,22,bad,,True
baseline[good=below],baseline/65,0,22,good,toward_good,False
baseline[good=below],baseline/65,1,22,good,toward_bad,False
baseline[good=below],baseline/65,2,22,good,toward_bad,False
baseline[good=below],baseline/65,3,22,good,toward_good,False
baseline[good=below],baseline/65,4,22,good,toward_bad,False
baseline[good=below],baseline/65,5,22,good,toward_good,False
baseline[good=below],baseline/65,6,22,good,toward_bad,False
baseline[good=below],baseline/65,7,22,good,toward_bad,False
baseline[good=below],baseline/65,8,22,good,toward_good,False
baseline[good=below],baseline/65,9,22,good,toward_good,False
baseline[good=below],baseline/65,10,22,good,toward_good,False
baseline[good=below],baseline/65,11,22,good,toward_good,False
baseline[good=below],baseline/65,12,22,good,toward_bad,False
baseline[good=below],baseline/65,13,22,good,toward_good,False
baseline[good=below],baseline/65,14,22,good,toward_bad,False
baseline[good=below],baseline/65,15,22,good,toward_bad,False
baseline[good=below],baseline/65,16,22,good,toward_good,False
baseline[good=below],baseline/65,17,22,good,toward_bad,False
baseline[good=below],baseline/65,18,22,good,toward_good,False
baseline[good=below],baseline/65,19,22,good,toward_good,False
baseline[good=below],baseline/65,20,22,good,toward_bad,False
baseline[good=below],baseline/65,21,22,good,,True
baseline[good=above],baseline/67,0,18,bad,toward_bad,False
baseline[good=above],baseline/67,1,18,bad,toward_good,False
baseline[good=above],baseline/67,2,18,good,toward_bad,False
baseline[good=above],baseline/67,3,18,bad,toward_good,False
baseline[good=above],baseline/67,4,18,good,toward_good,False
baseline[good=above],baseline/67,5,18,good,toward_bad,False
baseline[good=above],baseline/67,6,18,bad,toward_bad,False
baseline[good=above],baseline/67,7,18,bad,toward_good,False
baseline[good=above],baseline/67,8,18,good,toward_bad,False
baseline[good=above],baseline/67,9,18,bad,toward_good,False
baseline[good=above],baseline/67,10,18,bad,toward_good,False
baseline[good=above],baseline/67,11,18,good,toward_bad,False
baseline[good=above],baseline/67,12,18,bad,toward_good,False
baseline[good=above],baseline/67,13,18,bad,toward_good,False
baseline[good=above],baseline/67,14,18,good,same,False
baseline[good=above],baseline/67,15,18,good,same,False
baseline[good=above],baseline/67,16,18,good,toward_bad,False
baseline[good=above],baseline/67,17,18,bad,,True
baseline[good=below],baseline/67,0,18,good,toward_good,False
baseline[good=below],baseline/67,1,18,good,toward_bad,False
baseline[good=below],baseline/67,2,18,bad,toward_good,False
baseline[good=below],baseline/67,3,18,good,toward_bad,False
baseline[good=below],baseline/67,4,18,bad,toward_bad,False
baseline[good=below],baseline/67,5,18,bad,toward_good,False
baseline[good=below],baseline/67,6,18,good,toward_good,False
baseline[good=below],baseline/67,7,18,good,toward_bad,False
baseline[good=below],baseline/67,8,18,bad,toward_good,False
baseline[good=below],baseline/67,9,18,good,toward_bad,False
baseline[good=below],baseline/67,10,18,good,toward_bad,False
baseline[good=below],baseline/67,11,18,bad,toward_good,False
baseline[good=below],baseline/67,12,18,good,toward_bad,False
baseline[good=below],baseline/67,13,18,good,toward_bad,False
baseline[good=below],baseline/67,14,18,bad,same,False
baseline[good=below],baseline/67,15,18,bad,same,False
baseline[good=below],baseline/67,16,18,bad,toward_good,False
baseline[good=below],baseline/67,17,18,good,,True
baseline[good=above],baseline/68,0,18,good,toward_good,False
baseline[good=above],baseline/68,1,18,good,toward_bad,False
baseline[good=above],baseline/68,2,18,good,toward_good,False
baseline[good=above],baseline/68,3,18,good,toward_bad,False
baseline[good=above],baseline/68,4,18,good,toward_bad,False
baseline[good=above],baseline/68,5,18,good,toward_good,False
baseline[good=above],baseline/68,6,18,good,toward_good,False
baseline[good=above],baseline/68,7,18,good,toward_bad,False
baseline[good=above],baseline/68,8,18,good,toward_bad,False
baseline[good=above],baseline/68,9,18,good,toward_bad,False
baseline[good=above],baseline/68,10,18,good,toward_good,False
baseline[good=above],baseline/68,11,18,good,toward_bad,False
baseline[good=above],baseline/68,12,18,good,toward_bad,False
baseline[good=above],baseline/68,13,18,good,toward_bad,False
baseline[good=above],baseline/68,14,18,good,toward_good,False
baseline[good=above],baseline/68,15,18,good,toward_bad,False
baseline[good=above],baseline/68,16,18,good,toward_good,False
baseline[good=above],baseline/68,17,18,good,,True
baseline[good=below],baseline/68,0,18,bad,toward_bad,False
baseline[good=below],baseline/68,1,18,bad,toward_good,False
baseline[good=below],baseline/68,2,18,bad,toward_bad,False
baseline[good=below],baseline/68,3,18,bad,toward_good,False
baseline[good=below],baseline/68,4,18,bad,toward_good,False
baseline[good=below],baseline/68,5,18,bad,toward_bad,False
baseline[good=below],baseline/68,6,18,bad,toward_bad,False
baseline[good=below],baseline/68,7,18,bad,toward_good,False
baseline[good=below],baseline/68,8,18,bad,toward_good,False
baseline[good=below],baseline/68,9,18,bad,toward_good,False
baseline[good=below],baseline/68,10,18,bad,toward_bad,False
baseline[good=below],baseline/68,11,18,bad,toward_good,False
baseline[good=below],baseline/68,12,18,bad,toward_good,False
baseline[good=below],baseline/68,13,18,bad,toward_good,False
baseline[good=below],baseline/68,14,18,bad,toward_bad,False
baseline[good=below],baseline/68,15,18,bad,toward_good,False
baseline[good=below],baseline/68,16,18,bad,toward_bad,False
baseline[good=below],baseline/68,17,18,bad,,True
baseline[good=above],baseline/69,0,19,good,toward_bad,False
baseline[good=above],baseline/69,1,19,good,toward_good,False
baseline[good=above],baseline/69,2,19,good,toward_good,False
baseline[good=above],baseline/69,3,19,good,toward_bad,False
baseline[good=above],baseline/69,4,19,good,toward_good,False
baseline[good=above],baseline/69,5,19,good,toward_bad,False
baseline[good=above],baseline/69,6,19,good,toward_good,False
baseline[good=above],baseline/69,7,19,good,toward_bad,False
baseline[good=above],baseline/69,8,19,good,toward_bad,False
baseline[good=above],baseline/69,9,19,good,toward_good,False
baseline[good=above],baseline/69,10,19,good,toward_bad,False
baseline[good=above],baseline/69,11,19,good,toward_good,False
baseline[good=above],baseline/69,12,19,good,toward_good,False
baseline[good=above],baseline/69,13,19,good,toward_good,False
baseline[good=above],baseline/69,14,19,good,toward_good,False
baseline[good=above],baseline/69,15,19,good,toward_bad,False
baseline[good=above],baseline/69,16,19,good,toward_bad,False
baseline[good=above],baseline/69,17,19,good,toward_good,False
baseline[good=above],baseline/69,18,19,good,,True
baseline[good=below],baseline/69,0,19,bad,toward_good,False
baseline[good=below],baseline/69,1,19,bad,toward_bad,False
baseline[good=below],baseline/69,2,19,bad,toward_bad,False
baseline[good=below],baseline/69,3,19,bad,toward_good,False
baseline[good=below],baseline/69,4,19,bad,toward_bad,False
baseline[good=below],baseline/69,5,19,bad,toward_good,False
baseline[good=below],baseline/69,6,19,bad,toward_bad,False
baseline[good=below],baseline/69,7,19,bad,toward_good,False
baseline[good=below],baseline/69,8,19,bad,toward_good,False
baseline[good=below],baseline/69,9,19,bad,toward_bad,False
baseline[good=below],baseline/69,10,19,bad,toward_good,False
baseline[good=below],baseline/69,11,19,bad,toward_bad,False
baseline[good=below],baseline/69,12,19,bad,toward_bad,False
baseline[good=below],baseline/69,13,19,bad,toward_bad,False
baseline[good=below],baseline/69,14,19,bad,toward_bad,False
baseline[good=below],baseline/69,15,19,bad,toward_good,False
baseline[good=below],baseline/69,16,19,bad,toward_good,False
baseline[good=below],baseline/69,17,19,bad,toward_bad,False
baseline[good=below],baseline/69,18,19,bad,,True
baseline[good=above],baseline/70,0,25,bad,toward_bad,False
baseline[good=above],baseline/70,1,25,bad,toward_good,False
baseline[good=above],baseline/70,2,25,bad,toward_good,False
baseline[good=above],baseline/70,3,25,bad,toward_bad,False
baseline[good=above],baseline/70,4,25,bad,toward_good,False
baseline[good=above],baseline/70,5,25,bad,toward_bad,False
baseline[good=above],baseline/70,6,25,bad,toward_good,False
baseline[good=above],baseline/70,7,25,bad,toward_bad,False
baseline[good=above],baseline/70,8,25,bad,toward_good,False
baseline[good=above],baseline/70,9,25,bad,toward_bad,False
baseline[good=above],baseline/70,10,25,bad,toward_bad,False
baseline[good=above],baseline/70,11,25,bad,toward_good,False
baseline[good=above],baseline/70,12,25,bad,toward_good,False
baseline[good=above],baseline/70,13,25,bad,toward_bad,False
baseline[good=above],baseline/70,14,25,bad,toward_good,False
baseline[good=above],baseline/70,15,25,bad,toward_bad,False
baseline[good=above],baseline/70,16,25,bad,toward_good,False
baseline[good=above],baseline/70,17,25,bad,toward_bad,False
baseline[good=above],baseline/70,18,25,bad,toward_bad,False
baseline[good=above],baseline/70,19,25,bad,toward_good,False
baseline[good=above],baseline/70,20,25,bad,toward_bad,False
baseline[good=above],baseline/70,21,25,bad,toward_good,False
baseline[good=above],baseline/70,22,25,bad,toward_good,False
baseline[good=above],baseline/70,23,25,bad,toward_bad,False
baseline[good=above],baseline/70,24,25,bad,,True
baseline[good=below],baseline/70,0,25,good,toward_good,False
baseline[good=below],baseline/70,1,25,good,toward_bad,False
baseline[good=below],baseline/70,2,25,good,toward_bad,False
baseline[good=below],baseline/70,3,25,good,toward_good,False
baseline[good=below],baseline/70,4,25,good,toward_bad,False
baseline[good=below],baseline/70,5,25,good,toward_good,False
baseline[good=below],baseline/70,6,25,good,toward_bad,False
baseline[good=below],baseline/70,7,25,good,toward_good,False
baseline[good=below],baseline/70,8,25,good,toward_bad,False
baseline[good=below],baseline/70,9,25,good,toward_good,False
baseline[good=below],baseline/70,10,25,good,toward_good,False
baseline[good=below],baseline/70,11,25,good,toward_bad,False
baseline[good=below],baseline/70,12,25,good,toward_bad,False
baseline[good=below],baseline/70,13,25,good,toward_good,False
baseline[good=below],baseline/70,14,25,good,toward_bad,False
baseline[good=below],baseline/70,15,25,good,toward_good,False
baseline[good=below],baseline/70,16,25,good,toward_bad,False
baseline[good=below],baseline/70,17,25,good,toward_good,False
baseline[good=below],baseline/70,18,25,good,toward_good,False
baseline[good=below],baseline/70,19,25,good,toward_bad,False
baseline[good=below],baseline/70,20,25,good,toward_good,False
baseline[good=below],baseline/70,21,25,good,toward_bad,False
baseline[good=below],baseline/70,22,25,good,toward_bad,False
baseline[good=below],baseline/70,23,25,good,toward_good,False
baseline[good=below],baseline/70,24,25,good,,True
baseline[good=above],baseline/71,0,28,good,toward_good,False
baseline[good=above],baseline/71,1,28,good,toward_bad,False
baseline[good=above],baseline/71,2,28,good,toward_good,False
baseline[good=above],baseline/71,3,28,good,toward_bad,False
baseline[good=above],baseline/71,4,28,good,toward_bad,False
baseline[good=above],baseline/71,5,28,good,toward_good,False
baseline[good=above],baseline/71,6,28,good,toward_good,False
baseline[good=above],baseline/71,7,28,good,toward_good,False
baseline[good=above],baseline/71,8,28,good,toward_bad,False
baseline[good=above],baseline/71,9,28,good,toward_good,False
baseline[good=above],baseline/71,10,28,good,toward_good,False
baseline[good=above],baseline/71,11,28,good,toward_bad,False
baseline[good=above],baseline/71,12,28,good,toward_bad,False
baseline[good=above],baseline/71,13,28,good,toward_good,False
baseline[good=above],baseline/71,14,28,good,toward_good,False
baseline[good=above],baseline/71,15,28,good,toward_good,False
baseline[good=above],baseline/71,16,28,good,toward_good,False
baseline[good=above],baseline/71,17,28,good,toward_bad,False
baseline[good=above],baseline/71,18,28,bad,toward_good,False
baseline[good=above],baseline/71,19,28,bad,toward_good,False
baseline[good=above],baseline/71,20,28,bad,toward_good,False
baseline[good=above],baseline/71,21,28,good,toward_bad,False
baseline[good=above],baseline/71,22,28,bad,toward_bad,False
baseline[good=above],baseline/71,23,28,bad,toward_good,False
baseline[good=above],baseline/71,24,28,bad,toward_good,False
baseline[good=above],baseline/71,25,28,good,toward_good,False
baseline[good=above],baseline/71,26,28,good,toward_good,False
baseline[good=above],baseline/71,27,28,good,,True
baseline[good=below],baseline/71,0,28,bad,toward_bad,False
baseline[good=below],baseline/71,1,28,bad,toward_good,False
baseline[good=below],baseline/71,2,28,bad,toward_bad,False
baseline[good=below],baseline/71,3,28,bad,toward_good,False
baseline[good=below],baseline/71,4,28,bad,toward_good,False
baseline[good=below],baseline/71,5,28,bad,toward_bad,False
baseline[good=below],baseline/71,6,28,bad,toward_bad,False
baseline[good=below],baseline/71,7,28,bad,toward_bad,False
baseline[good=below],baseline/71,8,28,bad,toward_good,False
baseline[good=below],baseline/71,9,28,bad,toward_bad,False
baseline[good=below],baseline/71,10,28,bad,toward_bad,False
baseline[good=below],baseline/71,11,28,bad,toward_good,False
baseline[good=below],baseline/71,12,28,bad,toward_good,False
baseline[good=below],baseline/71,13,28,bad,toward_bad,False
baseline[good=below],baseline/71,14,28,bad,toward_bad,False
baseline[good=below],baseline/71,15,28,bad,toward_bad,False
baseline[good=below],baseline/71,16,28,bad,toward_bad,False
baseline[good=below],baseline/71,17,28,bad,toward_good,False
baseline[good=below],baseline/71,18,28,good,toward_bad,False
baseline[good=below],baseline/71,19,28,good,toward_bad,False
baseline[good=below],baseline/71,20,28,good,toward_bad,False
baseline[good=below],baseline/71,21,28,bad,toward_good,False
baseline[good=below],baseline/71,22,28,good,toward_good,False
baseline[good=below],baseline/71,23,28,good,toward_bad,False
baseline[good=below],baseline/71,24,28,good,toward_bad,False
baseline[good=below],baseline/71,25,28,bad,toward_bad,False
baseline[good=below],baseline/71,26,28,bad,toward_bad,False
baseline[good=below],baseline/71,27,28,bad,,True
baseline[good=above],baseline/72,0,24,bad,toward_bad,False
baseline[good=above],baseline/72,1,24,bad,toward_good,False
baseline[good=above],baseline/72,2,24,bad,toward_good,False
baseline[good=above],baseline/72,3,24,bad,toward_bad,False
baseline[good=above],baseline/72,4,24,bad,toward_good,False
baseline[good=above],baseline/72,5,24,bad,toward_bad,False
baseline[good=above],baseline/72,6,24,bad,toward_bad,False
baseline[good=above],baseline/72,7,24,bad,toward_good,False
baseline[good=above],baseline/72,8,24,bad,toward_good,False
baseline[good=above],baseline/72,9,24,bad,toward_good,False
baseline[good=above],baseline/72,10,24,bad,toward_good,False
baseline[good=above],baseline/72,11,24,bad,toward_bad,False
baseline[good=above],baseline/72,12,24,bad,toward_bad,False
baseline[good=above],baseline/72,13,24,bad,toward_bad,False
baseline[good=above],baseline/72,14,24,bad,toward_bad,False
baseline[good=above],baseline/72,15,24,bad,toward_good,False
baseline[good=above],baseline/72,16,24,bad,toward_good,False
baseline[good=above],baseline/72,17,24,bad,toward_bad,False
baseline[good=above],baseline/72,18,24,bad,toward_good,False
baseline[good=above],baseline/72,19,24,bad,toward_good,False
baseline[good=above],baseline/72,20,24,bad,toward_bad,False
baseline[good=above],baseline/72,21,24,bad,toward_bad,False
baseline[good=above],baseline/72,22,24,bad,toward_good,False
baseline[good=above],baseline/72,23,24,bad,,True
baseline[good=below],baseline/72,0,24,good,toward_good,False
baseline[good=below],baseline/72,1,24,good,toward_bad,False
baseline[good=below],baseline/72,2,24,good,toward_bad,False
baseline[good=below],baseline/72,3,24,good,toward_good,False
baseline[good=below],baseline/72,4,24,good,toward_bad,False
baseline[good=below],baseline/72,5,24,good,toward_good,False
baseline[good=below],baseline/72,6,24,good,toward_good,False
baseline[good=below],baseline/72,7,24,good,toward_bad,False
baseline[good=below],baseline/72,8,24,good,toward_bad,False
baseline[good=below],baseline/72,9,24,good,toward_bad,False
baseline[good=below],baseline/72,10,24,good,toward_bad,False
baseline[good=below],baseline/72,11,24,good,toward_good,False
baseline[good=below],baseline/72,12,24,good,toward_good,False
baseline[good=below],baseline/72,13,24,good,toward_good,False
baseline[good=below],baseline/72,14,24,good,toward_good,False
baseline[good=below],baseline/72,15,24,good,toward_bad,False
baseline[good=below],baseline/72,16,24,good,toward_bad,False
baseline[good=below],baseline/72,17,24,good,toward_good,False
baseline[good=below],baseline/72,18,24,good,toward_bad,False
baseline[good=below],baseline/72,19,24,good,toward_bad,False
baseline[good=below],baseline/72,20,24,good,toward_good,False
baseline[good=below],baseline/72,21,24,good,toward_good,False
baseline[good=below],baseline/72,22,24,good,toward_bad,False
baseline[good=below],baseline/72,23,24,good,,True
baseline[good=above],baseline/73,0,10,good,toward_bad,False
baseline[good=above],baseline/73,1,10,good,toward_good,False
baseline[good=above],baseline/73,2,10,good,toward_bad,False
baseline[good=above],baseline/73,3,10,good,toward_good,False
baseline[good=above],baseline/73,4,10,good,toward_bad,False
baseline[good=above],baseline/73,5,10,good,toward_bad,False
baseline[good=above],baseline/73,6,10,good,toward_good,False
baseline[good=above],baseline/73,7,10,good,toward_good,False
baseline[good=above],baseline/73,8,10,good,toward_good,False
baseline[good=above],baseline/73,9,10,good,,True
baseline[good=below],baseline/73,0,10,bad,toward_good,False
baseline[good=below],baseline/73,1,10,bad,toward_bad,False
baseline[good=below],baseline/73,2,10,bad,toward_good,False
baseline[good=below],baseline/73,3,10,bad,toward_bad,False
baseline[good=below],baseline/73,4,10,bad,toward_good,False
baseline[good=below],baseline/73,5,10,bad,toward_good,False
baseline[good=below],baseline/73,6,10,bad,toward_bad,False
baseline[good=below],baseline/73,7,10,bad,toward_bad,False
baseline[good=below],baseline/73,8,10,bad,toward_bad,False
baseline[good=below],baseline/73,9,10,bad,,True
baseline[good=above],baseline/74,0,25,good,toward_good,False
baseline[good=above],baseline/74,1,25,good,toward_bad,False
baseline[good=above],baseline/74,2,25,good,toward_bad,False
baseline[good=above],baseline/74,3,25,good,toward_good,False
baseline[good=above],baseline/74,4,25,good,toward_good,False
baseline[good=above],baseline/74,5,25,good,toward_good,False
baseline[good=above],baseline/74,6,25,good,toward_bad,False
baseline[good=above],baseline/74,7,25,good,toward_good,False
baseline[good=above],baseline/74,8,25,good,toward_good,False
baseline[good=above],baseline/74,9,25,good,toward_bad,False
baseline[good=above],baseline/74,10,25,good,toward_bad,False
baseline[good=above],baseline/74,11,25,good,toward_good,False
baseline[good=above],baseline/74,12,25,good,toward_bad,False
baseline[good=above],baseline/74,13,25,good,toward_bad,False
baseline[good=above],baseline/74,14,25,good,toward_good,False
baseline[good=above],baseline/74,15,25,good,toward_bad,False
baseline[good=above],baseline/74,16,25,good,toward_bad,False
baseline[good=above],baseline/74,17,25,good,toward_bad,False
baseline[good=above],baseline/74,18,25,good,toward_bad,False
baseline[good=above],baseline/74,19,25,good,toward_good,False
baseline[good=above],baseline/74,20,25,good,toward_bad,False
baseline[good=above],baseline/74,21,25,good,toward_good,False
baseline[good=above],baseline/74,22,25,good,toward_bad,False
baseline[good=above],baseline/74,23,25,good,toward_bad,False
baseline[good=above],baseline/74,24,25,good,,True
baseline[good=below],baseline/74,0,25,bad,toward_bad,False
baseline[good=below],baseline/74,1,25,bad,toward_good,False
baseline[good=below],baseline/74,2,25,bad,toward_good,False
baseline[good=below],baseline/74,3,25,bad,toward_bad,False
baseline[good=below],baseline/74,4,25,bad,toward_bad,False
baseline[good=below],baseline/74,5,25,bad,toward_bad,False
baseline[good=below],baseline/74,6,25,bad,toward_good,False
baseline[good=below],baseline/74,7,25,bad,toward_bad,False
baseline[good=below],baseline/74,8,25,bad,toward_bad,False
baseline[good=below],baseline/74,9,25,bad,toward_good,False
baseline[good=below],baseline/74,10,25,bad,toward_good,False
baseline[good=below],baseline/74,11,25,bad,toward_bad,False
baseline[good=below],baseline/74,12,25,bad,toward_good,False
baseline[good=below],baseline/74,13,25,bad,toward_good,False
baseline[good=below],baseline/74,14,25,bad,toward_bad,False
baseline[good=below],baseline/74,15,25,bad,toward_good,False
baseline[good=below],baseline/74,16,25,bad,toward_good,False
baseline[good=below],baseline/74,17,25,bad,toward_good,False
baseline[good=below],baseline/74,18,25,bad,toward_good,False
baseline[good=below],baseline/74,19,25,bad,toward_bad,False
baseline[good=below],baseline/74,20,25,bad,toward_good,False
baseline[good=below],baseline/74,21,25,bad,toward_bad,False
baseline[good=below],baseline/74,22,25,bad,toward_good,False
baseline[good=below],baseline/74,23,25,bad,toward_good,False
baseline[good=below],baseline/74,24,25,bad,,True
baseline[good=above],baseline/75,0,24,bad,toward_good,False
baseline[good=above],baseline/75,1,24,good,toward_bad,False
baseline[good=above],baseline/75,2,24,good,toward_bad,False
baseline[good=above],baseline/75,3,24,bad,toward_good,False
baseline[good=above],baseline/75,4,24,good,toward_bad,False
baseline[good=above],baseline/75,5,24,good,toward_bad,False
baseline[good=above],baseline/75,6,24,bad,toward_good,False
baseline[good=above],baseline/75,7,24,bad,toward_good,False
baseline[good=above],baseline/75,8,24,good,toward_good,False
baseline[good=above],baseline/75,9,24,good,toward_bad,False
baseline[good=above],baseline/75,10,24,good,toward_good,False
baseline[good=above],baseline/75,11,24,good,toward_good,False
baseline[good=above],baseline/75,12,24,good,toward_bad,False
baseline[good=above],baseline/75,13,24,good,toward_good,False
baseline[good=above],baseline/75,14,24,good,toward_good,False
baseline[good=above],baseline/75,15,24,good,toward_good,False
baseline[good=above],baseline/75,16,24,good,toward_bad,False
baseline[good=above],baseline/75,17,24,good,toward_bad,False
baseline[good=above],baseline/75,18,24,bad,toward_good,False
baseline[good=above],baseline/75,19,24,bad,toward_bad,False
baseline[good=above],baseline/75,20,24,bad,toward_good,False
baseline[good=above],baseline/75,21,24,bad,toward_good,False
baseline[good=above],baseline/75,22,24,bad,toward_good,False
baseline[good=above],baseline/75,23,24,bad,,True
baseline[good=below],baseline/75,0,24,good,toward_bad,False
baseline[good=below],baseline/75,1,24,bad,toward_good,False
baseline[good=below],baseline/75,2,24,bad,toward_good,False
baseline[good=below],baseline/75,3,24,good,toward_bad,False
baseline[good=below],baseline/75,4,24,bad,toward_good,False
baseline[good=below],baseline/75,5,24,bad,toward_good,False
baseline[good=below],baseline/75,6,24,good,toward_bad,False
baseline[good=below],baseline/75,7,24,good,toward_bad,False
baseline[good=below],baseline/75,8,24,bad,toward_bad,False
baseline[good=below],baseline/75,9,24,bad,toward_good,False
baseline[good=below],baseline/75,10,24,bad,toward_bad,False
baseline[good=below],baseline/75,11,24,bad,toward_bad,False
baseline[good=below],baseline/75,12,24,bad,toward_good,False
baseline[good=below],baseline/75,13,24,bad,toward_bad,False
baseline[good=below],baseline/75,14,24,bad,toward_bad,False
baseline[good=below],baseline/75,15,24,bad,toward_bad,False
baseline[good=below],baseline/75,16,24,bad,toward_good,False
baseline[good=below],baseline/75,17,24,bad,toward_good,False
baseline[good=below],baseline/75,18,24,good,toward_bad,False
baseline[good=below],baseline/75,19,24,good,toward_good,False
baseline[good=below],baseline/75,20,24,good,toward_bad,False
baseline[good=below],baseline/75,21,24,good,toward_bad,False
baseline[good=below],baseline/75,22,24,good,toward_bad,False
baseline[good=below],baseline/75,23,24,good,,True
baseline[good=above],baseline/76,0,22,good,toward_bad,False
baseline[good=above],baseline/76,1,22,good,toward_bad,False
baseline[good=above],baseline/76,2,22,good,toward_good,False
baseline[good=above],baseline/76,3,22,good,toward_bad,False
baseline[good=above],baseline/76,4,22,good,toward_good,False
baseline[good=above],baseline/76,5,22,good,toward_bad,False
baseline[good=above],baseline/76,6,22,good,toward_good,False
baseline[good=above],baseline/76,7,22,good,toward_good,False
baseline[good=above],baseline/76,8,22,good,toward_good,False
baseline[good=above],baseline/76,9,22,good,toward_good,False
baseline[good=above],baseline/76,10,22,good,toward_bad,False
baseline[good=above],baseline/76,11,22,good,toward_bad,False
baseline[good=above],baseline/76,12,22,good,toward_good,False
baseline[good=above],baseline/76,13,22,good,toward_bad,False
baseline[good=above],baseline/76,14,22,good,toward_bad,False
baseline[good=above],baseline/76,15,22,good,toward_good,False
baseline[good=above],baseline/76,16,22,good,toward_bad,False
baseline[good=above],baseline/76,17,22,good,toward_bad,False
baseline[good=above],baseline/76,18,22,good,toward_good,False
baseline[good=above],baseline/76,19,22,good,toward_bad,False
baseline[good=above],baseline/76,20,22,good,toward_good,False
baseline[good=above],baseline/76,21,22,good,,True
baseline[good=below],baseline/76,0,22,bad,toward_good,False
baseline[good=below],baseline/76,1,22,bad,toward_good,False
baseline[good=below],baseline/76,2,22,bad,toward_bad,False
baseline[good=below],baseline/76,3,22,bad,toward_good,False
baseline[good=below],baseline/76,4,22,bad,toward_bad,False
baseline[good=below],baseline/76,5,22,bad,toward_good,False
baseline[good=below],baseline/76,6,22,bad,toward_bad,False
baseline[good=below],baseline/76,7,22,bad,toward_bad,False
baseline[good=below],baseline/76,8,22,bad,toward_bad,False
baseline[good=below],baseline/76,9,22,bad,toward_bad,False
baseline[good=below],baseline/76,10,22,bad,toward_good,False
baseline[good=below],baseline/76,11,22,bad,toward_good,False
baseline[good=below],baseline/76,12,22,bad,toward_bad,False
baseline[good=below],baseline/76,13,22,bad,toward_good,False
baseline[good=below],baseline/76,14,22,bad,toward_good,False
baseline[good=below],baseline/76,15,22,bad,toward_bad,False
baseline[good=below],baseline/76,16,22,bad,toward_good,False
baseline[good=below],baseline/76,17,22,bad,toward_good,False
baseline[good=below],baseline/76,18,22,bad,toward_bad,False
baseline[good=below],baseline/76,19,22,bad,toward_good,False
baseline[good=below],baseline/76,20,22,bad,toward_bad,False
baseline[good=below],baseline/76,21,22,bad,,True
baseline[good=above],baseline/77,0,11,bad,toward_good,False
baseline[good=above],baseline/77,1,11,bad,toward_bad,False
baseline[good=above],baseline/77,2,11,bad,toward_bad,False
baseline[good=above],baseline/77,3,11,bad,toward_good,False
baseline[good=above],baseline/77,4,11,bad,toward_bad,False
baseline[good=above],baseline/77,5,11,bad,toward_bad,False
baseline[good=above],baseline/77,6,11,bad,toward_bad,False
baseline[good=above],baseline/77,7,11,bad,toward_good,False
baseline[good=above],baseline/77,8,11,bad,toward_bad,False
baseline[good=above],baseline/77,9,11,bad,toward_bad,False
baseline[good=above],baseline/77,10,11,bad,,True
baseline[good=below],baseline/77,0,11,good,toward_bad,False
baseline[good=below],baseline/77,1,11,good,toward_good,False
baseline[good=below],baseline/77,2,11,good,toward_good,False
baseline[good=below],baseline/77,3,11,good,toward_bad,False
baseline[good=below],baseline/77,4,11,good,toward_good,False
baseline[good=below],baseline/77,5,11,good,toward_good,False
baseline[good=below],baseline/77,6,11,good,toward_good,False
baseline[good=below],baseline/77,7,11,good,toward_bad,False
baseline[good=below],baseline/77,8,11,good,toward_good,False
baseline[good=below],baseline/77,9,11,good,toward_good,False
baseline[good=below],baseline/77,10,11,good,,True
baseline[good=above],baseline/78,0,21,good,toward_bad,False
baseline[good=above],baseline/78,1,21,good,toward_good,False
baseline[good=above],baseline/78,2,21,good,toward_bad,False
baseline[good=above],baseline/78,3,21,good,toward_good,False
baseline[good=above],baseline/78,4,21,good,toward_bad,False
baseline[good=above],baseline/78,5,21,good,toward_bad,False
baseline[good=above],baseline/78,6,21,good,toward_bad,False
baseline[good=above],baseline/78,7,21,good,toward_good,False
baseline[good=above],baseline/78,8,21,good,toward_bad,False
baseline[good=above],baseline/78,9,21,good,toward_good,False
baseline[good=above],baseline/78,10,21,good,toward_bad,False
baseline[good=above],baseline/78,11,21,good,toward_bad,False
baseline[good=above],baseline/78,12,21,good,toward_good,False
baseline[good=above],baseline/78,13,21,good,toward_bad,False
baseline[good=above],baseline/78,14,21,good,toward_bad,False
baseline[good=above],baseline/78,15,21,good,toward_good,False
baseline[good=above],baseline/78,16,21,good,toward_good,False
baseline[good=above],baseline/78,17,21,good,toward_bad,False
baseline[good=above],baseline/78,18,21,good,toward_good,False
baseline[good=above],baseline/78,19,21,good,toward_bad,False
baseline[good=above],baseline/78,20,21,good,,True
baseline[good=below],baseline/78,0,21,bad,toward_good,False
baseline[good=below],baseline/78,1,21,bad,toward_bad,False
baseline[good=below],baseline/78,2,21,bad,toward_good,False
baseline[good=below],baseline/78,3,21,bad,toward_bad,False
baseline[good=below],baseline/78,4,21,bad,toward_good,False
baseline[good=below],baseline/78,5,21,bad,toward_good,False
baseline[good=below],baseline/78,6,21,bad,toward_good,False
baseline[good=below],baseline/78,7,21,bad,toward_bad,False
baseline[good=below],baseline/78,8,21,bad,toward_good,False
baseline[good=below],baseline/78,9,21,bad,toward_bad,False
baseline[good=below],baseline/78,10,21,bad,toward_good,False
baseline[good=below],baseline/78,11,21,bad,toward_good,False
baseline[good=below],baseline/78,12,21,bad,toward_bad,False
baseline[good=below],baseline/78,13,21,bad,toward_good,False
baseline[good=below],baseline/78,14,21,bad,toward_good,False
baseline[good=below],baseline/78,15,21,bad,toward_bad,False
baseline[good=below],baseline/78,16,21,bad,toward_bad,False
baseline[good=below],baseline/78,17,21,bad,toward_good,False
baseline[good=below],baseline/78,18,21,bad,toward_bad,False
baseline[good=below],baseline/78,19,21,bad,toward_good,False
baseline[good=below],baseline/78,20,21,bad,,True
baseline[good=above],baseline/79,0,37,bad,toward_good,False
baseline[good=above],baseline/79,1,37,good,toward_bad,False
baseline[good=above],baseline/79,2,37,bad,toward_good,False
baseline[good=above],baseline/79,3,37,bad,toward_good,False
baseline[good=above],baseline/79,4,37,good,toward_bad,False
baseline[good=above],baseline/79,5,37,bad,toward_good,False
baseline[good=above],baseline/79,6,37,bad,toward_bad,False
baseline[good=above],baseline/79,7,37,bad,toward_bad,False
baseline[good=above],baseline/79,8,37,bad,toward_good,False
baseline[good=above],baseline/79,9,37,bad,toward_good,False
baseline[good=above],baseline/79,10,37,bad,toward_bad,False
baseline[good=above],baseline/79,11,37,bad,toward_bad,False
baseline[good=above],baseline/79,12,37,bad,toward_good,False
baseline[good=above],baseline/79,13,37,bad,toward_bad,False
baseline[good=above],baseline/79,14,37,bad,toward_bad,False
baseline[good=above],baseline/79,15,37,bad,toward_bad,False
baseline[good=above],baseline/79,16,37,bad,toward_good,False
baseline[good=above],baseline/79,17,37,bad,toward_bad,False
baseline[good=above],baseline/79,18,37,bad,toward_good,False
baseline[good=above],baseline/79,19,37,bad,toward_good,False
baseline[good=above],baseline/79,20,37,bad,toward_bad,False
baseline[good=above],baseline/79,21,37,bad,toward_good,False
baseline[good=above],baseline/79,22,37,bad,toward_bad,False
baseline[good=above],baseline/79,23,37,bad,toward_good,False
baseline[good=above],baseline/79,24,37,bad,toward_good,False
baseline[good=above],baseline/79,25,37,bad,toward_good,False
baseline[good=above],baseline/79,26,37,bad,toward_bad,False
baseline[good=above],baseline/79,27,37,bad,toward_bad,False
baseline[good=above],baseline/79,28,37,bad,toward_good,False
baseline[good=above],baseline/79,29,37,bad,toward_bad,False
baseline[good=above],baseline/79,30,37,bad,toward_good,False
baseline[good=above],baseline/79,31,37,bad,toward_good,False
baseline[good=above],baseline/79,32,37,good,toward_bad,False
baseline[good=above],baseline/79,33,37,bad,toward_good,False
baseline[good=above],baseline/79,34,37,bad,toward_good,False
baseline[good=above],baseline/79,35,37,bad,toward_good,False
baseline[good=above],baseline/79,36,37,bad,,True
baseline[good=below],baseline/79,0,37,good,toward_bad,False
baseline[good=below],baseline/79,1,37,bad,toward_good,False
baseline[good=below],baseline/79,2,37,good,toward_bad,False
baseline[good=below],baseline/79,3,37,good,toward_bad,False
baseline[good=below],baseline/79,4,37,bad,toward_good,False
baseline[good=below],baseline/79,5,37,good,toward_bad,False
baseline[good=below],baseline/79,6,37,good,toward_good,False
baseline[good=below],baseline/79,7,37,good,toward_good,False
baseline[good=below],baseline/79,8,37,good,toward_bad,False
baseline[good=below],baseline/79,9,37,good,toward_bad,False
baseline[good=below],baseline/79,10,37,good,toward_good,False
baseline[good=below],baseline/79,11,37,good,toward_good,False
baseline[good=below],baseline/79,12,37,good,toward_bad,False
baseline[good=below],baseline/79,13,37,good,toward_good,False
baseline[good=below],baseline/79,14,37,good,toward_good,False
baseline[good=below],baseline/79,15,37,good,toward_good,False
baseline[good=below],baseline/79,16,37,good,toward_bad,False
baseline[good=below],baseline/79,17,37,good,toward_good,False
baseline[good=below],baseline/79,18,37,good,toward_bad,False
baseline[good=below],baseline/79,19,37,good,toward_bad,False
baseline[good=below],baseline/79,20,37,good,toward_good,False
baseline[good=below],baseline/79,21,37,good,toward_bad,False
baseline[good=below],baseline/79,22,37,good,toward_good,False
baseline[good=below],baseline/79,23,37,good,toward_bad,False
baseline[good=below],baseline/79,24,37,good,toward_bad,False
baseline[good=below],baseline/79,25,37,good,toward_bad,False
baseline[good=below],baseline/79,26,37,good,toward_good,False
baseline[good=below],baseline/79,27,37,good,toward_good,False
baseline[good=below],baseline/79,28,37,good,toward_bad,False
baseline[good=below],baseline/79,29,37,good,toward_good,False
baseline[good=below],baseline/79,30,37,good,toward_bad,False
baseline[good=below],baseline/79,31,37,good,toward_bad,False
baseline[good=below],baseline/79,32,37,bad,toward_good,False
baseline[good=below],baseline/79,33,37,good,toward_bad,False
baseline[good=below],baseline/79,34,37,good,toward_bad,False
baseline[good=below],baseline/79,35,37,good,toward_bad,False
baseline[good=below],baseline/79,36,37,good,,True
baseline[good=above],baseline/80,0,34,good,toward_bad,False
baseline[good=above],baseline/80,1,34,good,toward_good,False
baseline[good=above],baseline/80,2,34,good,toward_good,False
baseline[good=above],baseline/80,3,34,good,toward_bad,False
baseline[good=above],baseline/80,4,34,good,toward_bad,False
baseline[good=above],baseline/80,5,34,good,toward_bad,False
baseline[good=above],baseline/80,6,34,good,toward_good,False
baseline[good=above],baseline/80,7,34,good,toward_bad,False
baseline[good=above],baseline/80,8,34,good,toward_good,False
baseline[good=above],baseline/80,9,34,good,toward_bad,False
baseline[good=above],baseline/80,10,34,good,toward_good,False
baseline[good=above],baseline/80,11,34,good,toward_good,False
baseline[good=above],baseline/80,12,34,good,toward_bad,False
baseline[good=above],baseline/80,13,34,good,toward_bad,False
baseline[good=above],baseline/80,14,34,good,toward_good,False
baseline[good=above],baseline/80,15,34,good,toward_bad,False
baseline[good=above],baseline/80,16,34,good,toward_good,False
baseline[good=above],baseline/80,17,34,good,toward_bad,False
baseline[good=above],baseline/80,18,34,good,toward_good,False
baseline[good=above],baseline/80,19,34,good,toward_bad,False
baseline[good=above],baseline/80,20,34,good,toward_good,False
baseline[good=above],baseline/80,21,34,good,toward_good,False
baseline[good=above],baseline/80,22,34,good,toward_bad,False
baseline[good=above],baseline/80,23,34,good,toward_good,False
baseline[good=above],baseline/80,24,34,good,toward_bad,False
baseline[good=above],baseline/80,25,34,good,toward_bad,False
baseline[good=above],baseline/80,26,34,good,toward_good,False
baseline[good=above],baseline/80,27,34,good,toward_good,False
baseline[good=above],baseline/80,28,34,good,toward_bad,False
baseline[good=above],baseline/80,29,34,good,toward_good,False
baseline[good=above],baseline/80,30,34,good,toward_good,False
baseline[good=above],baseline/80,31,34,good,toward_good,False
baseline[good=above],baseline/80,32,34,good,toward_good,False
baseline[good=above],baseline/80,33,34,good,,True
baseline[good=below],baseline/80,0,34,bad,toward_good,False
baseline[good=below],baseline/80,1,34,bad,toward_bad,False
baseline[good=below],baseline/80,2,34,bad,toward_bad,False
baseline[good=below],baseline/80,3,34,bad,toward_good,False
baseline[good=below],baseline/80,4,34,bad,toward_good,False
baseline[good=below],baseline/80,5,34,bad,toward_good,False
baseline[good=below],baseline/80,6,34,bad,toward_bad,False
baseline[good=below],baseline/80,7,34,bad,toward_good,False
baseline[good=below],baseline/80,8,34,bad,toward_bad,False
baseline[good=below],baseline/80,9,34,bad,toward_good,False
baseline[good=below],baseline/80,10,34,bad,toward_bad,False
baseline[good=below],baseline/80,11,34,bad,toward_bad,False
baseline[good=below],baseline/80,12,34,bad,toward_good,False
baseline[good=below],baseline/80,13,34,bad,toward_good,False
baseline[good=below],baseline/80,14,34,bad,toward_bad,False
baseline[good=below],baseline/80,15,34,bad,toward_good,False
baseline[good=below],baseline/80,16,34,bad,toward_bad,False
baseline[good=below],baseline/80,17,34,bad,toward_good,False
baseline[good=below],baseline/80,18,34,bad,toward_bad,False
baseline[good=below],baseline/80,19,34,bad,toward_good,False
baseline[good=below],baseline/80,20,34,bad,toward_bad,False
baseline[good=below],baseline/80,21,34,bad,toward_bad,False
baseline[good=below],baseline/80,22,34,bad,toward_good,False
baseline[good=below],baseline/80,23,34,bad,toward_bad,False
baseline[good=below],baseline/80,24,34,bad,toward_good,False
baseline[good=below],baseline/80,25,34,bad,toward_good,False
baseline[good=below],baseline/80,26,34,bad,toward_bad,False
baseline[good=below],baseline/80,27,34,bad,toward_bad,False
baseline[good=below],baseline/80,28,34,bad,toward_good,False
baseline[good=below],baseline/80,29,34,bad,toward_bad,False
baseline[good=below],baseline/80,30,34,bad,toward_bad,False
baseline[good=below],baseline/80,31,34,bad,toward_bad,False
baseline[good=below],baseline/80,32,34,bad,toward_bad,False
baseline[good=below],baseline/80,33,34,bad,,True
baseline[good=above],baseline/81,0,27,bad,toward_bad,False
baseline[good=above],baseline/81,1,27,bad,toward_good,False
baseline[good=above],baseline/81,2,27,bad,toward_bad,False
baseline[good=above],baseline/81,3,27,bad,toward_good,False
baseline[good=above],baseline/81,4,27,bad,toward_good,False
baseline[good=above],baseline/81,5,27,bad,toward_bad,False
baseline[good=above],baseline/81,6,27,bad,toward_good,False
baseline[good=above],baseline/81,7,27,bad,toward_bad,False
baseline[good=above],baseline/81,8,27,bad,toward_good,False
baseline[good=above],baseline/81,9,27,bad,toward_good,False
baseline[good=above],baseline/81,10,27,bad,toward_bad,False
baseline[good=above],baseline/81,11,27,bad,toward_bad,False
baseline[good=above],baseline/81,12,27,bad,toward_bad,False
baseline[good=above],baseline/81,13,27,bad,toward_good,False
baseline[good=above],baseline/81,14,27,bad,toward_good,False
baseline[good=above],baseline/81,15,27,bad,toward_bad,False
baseline[good=above],baseline/81,16,27,bad,toward_good,False
baseline[good=above],baseline/81,17,27,bad,toward_bad,False
baseline[good=above],baseline/81,18,27,bad,toward_good,False
baseline[good=above],baseline/81,19,27,bad,toward_good,False
baseline[good=above],baseline/81,20,27,bad,toward_bad,False
baseline[good=above],baseline/81,21,27,bad,toward_good,False
baseline[good=above],baseline/81,22,27,bad,toward_bad,False
baseline[good=above],baseline/81,23,27,bad,toward_bad,False
baseline[good=above],baseline/81,24,27,bad,toward_good,False
baseline[good=above],baseline/81,25,27,bad,toward_bad,False
baseline[good=above],baseline/81,26,27,bad,,True
baseline[good=below],baseline/81,0,27,good,toward_good,False
baseline[good=below],baseline/81,1,27,good,toward_bad,False
baseline[good=below],baseline/81,2,27,good,toward_good,False
baseline[good=below],baseline/81,3,27,good,toward_bad,False
baseline[good=below],baseline/81,4,27,good,toward_bad,False
baseline[good=below],baseline/81,5,27,good,toward_good,False
baseline[good=below],baseline/81,6,27,good,toward_bad,False
baseline[good=below],baseline/81,7,27,good,toward_good,False
baseline[good=below],baseline/81,8,27,good,toward_bad,False
baseline[good=below],baseline/81,9,27,good,toward_bad,False
baseline[good=below],baseline/81,10,27,good,toward_good,False
baseline[good=below],baseline/81,11,27,good,toward_good,False
baseline[good=below],baseline/81,12,27,good,toward_good,False
baseline[good=below],baseline/81,13,27,good,toward_bad,False
baseline[good=below],baseline/81,14,27,good,toward_bad,False
baseline[good=below],baseline/81,15,27,good,toward_good,False
baseline[good=below],baseline/81,16,27,good,toward_bad,False
baseline[good=below],baseline/81,17,27,good,toward_good,False
baseline[good=below],baseline/81,18,27,good,toward_bad,False
baseline[good=below],baseline/81,19,27,good,toward_bad,False
baseline[good=below],baseline/81,20,27,good,toward_good,False
baseline[good=below],baseline/81,21,27,good,toward_bad,False
baseline[good=below],baseline/81,22,27,good,toward_good,False
baseline[good=below],baseline/81,23,27,good,toward_good,False
baseline[good=below],baseline/81,24,27,good,toward_bad,False
baseline[good=below],baseline/81,25,27,good,toward_good,False
baseline[good=below],baseline/81,26,27,good,,True
baseline[good=above],baseline/82,0,29,good,toward_good,False
baseline[good=above],baseline/82,1,29,good,toward_good,False
baseline[good=above],baseline/82,2,29,good,toward_bad,False
baseline[good=above],baseline/82,3,29,good,toward_bad,False
baseline[good=above],baseline/82,4,29,good,toward_good,False
baseline[good=above],baseline/82,5,29,good,toward_bad,False
baseline[good=above],baseline/82,6,29,good,toward_good,False
baseline[good=above],baseline/82,7,29,good,toward_bad,False
baseline[good=above],baseline/82,8,29,good,toward_bad,False
baseline[good=above],baseline/82,9,29,good,toward_good,False
baseline[good=above],baseline/82,10,29,good,toward_good,False
baseline[good=above],baseline/82,11,29,good,toward_bad,False
baseline[good=above],baseline/82,12,29,good,toward_bad,False
baseline[good=above],baseline/82,13,29,good,toward_good,False
baseline[good=above],baseline/82,14,29,good,toward_good,False
baseline[good=above],baseline/82,15,29,good,toward_bad,False
baseline[good=above],baseline/82,16,29,good,toward_good,False
baseline[good=above],baseline/82,17,29,good,toward_good,False
baseline[good=above],baseline/82,18,29,good,toward_bad,False
baseline[good=above],baseline/82,19,29,good,toward_good,False
baseline[good=above],baseline/82,20,29,good,toward_good,False
baseline[good=above],baseline/82,21,29,good,toward_bad,False
baseline[good=above],baseline/82,22,29,good,toward_good,False
baseline[good=above],baseline/82,23,29,good,toward_bad,False
baseline[good=above],baseline/82,24,29,good,toward_good,False
baseline[good=above],baseline/82,25,29,good,toward_bad,False
baseline[good=above],baseline/82,26,29,good,toward_good,False
baseline[good=above],baseline/82,27,29,good,toward_bad,False
baseline[good=above],baseline/82,28,29,good,,True
baseline[good=below],baseline/82,0,29,bad,toward_bad,False
baseline[good=below],baseline/82,1,29,bad,toward_bad,False
baseline[good=below],baseline/82,2,29,bad,toward_good,False
baseline[good=below],baseline/82,3,29,bad,toward_good,False
baseline[good=below],baseline/82,4,29,bad,toward_bad,False
baseline[good=below],baseline/82,5,29,bad,toward_good,False
baseline[good=below],baseline/82,6,29,bad,toward_bad,False
baseline[good=below],baseline/82,7,29,bad,toward_good,False
baseline[good=below],baseline/82,8,29,bad,toward_good,False
baseline[good=below],baseline/82,9,29,bad,toward_bad,False
baseline[good=below],baseline/82,10,29,bad,toward_bad,False
baseline[good=below],baseline/82,11,29,bad,toward_good,False
baseline[good=below],baseline/82,12,29,bad,toward_good,False
baseline[good=below],baseline/82,13,29,bad,toward_bad,False
baseline[good=below],baseline/82,14,29,bad,toward_bad,False
baseline[good=below],baseline/82,15,29,bad,toward_good,False
baseline[good=below],baseline/82,16,29,bad,toward_bad,False
baseline[good=below],baseline/82,17,29,bad,toward_bad,False
baseline[good=below],baseline/82,18,29,bad,toward_good,False
baseline[good=below],baseline/82,19,29,bad,toward_bad,False
baseline[good=below],baseline/82,20,29,bad,toward_bad,False
baseline[good=below],baseline/82,21,29,bad,toward_good,False
baseline[good=below],baseline/82,22,29,bad,toward_bad,False
baseline[good=below],baseline/82,23,29,bad,toward_good,False
baseline[good=below],baseline/82,24,29,bad,toward_bad,False
baseline[good=below],baseline/82,25,29,bad,toward_good,False
baseline[good=below],baseline/82,26,29,bad,toward_bad,False
baseline[good=below],baseline/82,27,29,bad,toward_good,False
baseline[good=below],baseline/82,28,29,bad,,True
baseline[good=above],baseline/83,0,33,good,toward_good,False
baseline[good=above],baseline/83,1,33,good,toward_good,False
baseline[good=above],baseline/83,2,33,good,toward_good,False
baseline[good=above],baseline/83,3,33,good,toward_bad,False
baseline[good=above],baseline/83,4,33,good,toward_good,False
baseline[good=above],baseline/83,5,33,good,toward_bad,False
baseline[good=above],baseline/83,6,33,bad,toward_good,False
baseline[good=above],baseline/83,7,33,good,toward_good,False
baseline[good=above],baseline/83,8,33,good,toward_bad,False
baseline[good=above],baseline/83,9,33,good,toward_bad,False
baseline[good=above],baseline/83,10,33,good,toward_good,False
baseline[good=above],baseline/83,11,33,good,toward_good,False
baseline[good=above],baseline/83,12,33,good,toward_bad,False
baseline[good=above],baseline/83,13,33,good,toward_good,False
baseline[good=above],baseline/83,14,33,good,toward_bad,False
baseline[good=above],baseline/83,15,33,good,toward_good,False
baseline[good=above],baseline/83,16,33,good,toward_good,False
baseline[good=above],baseline/83,17,33,good,toward_bad,False
baseline[good=above],baseline/83,18,33,bad,toward_good,False
baseline[good=above],baseline/83,19,33,bad,toward_bad,False
baseline[good=above],baseline/83,20,33,bad,toward_good,False
baseline[good=above],baseline/83,21,33,bad,toward_bad,False
baseline[good=above],baseline/83,22,33,bad,toward_good,False
baseline[good=above],baseline/83,23,33,bad,toward_good,False
baseline[good=above],baseline/83,24,33,bad,toward_bad,False
baseline[good=above],baseline/83,25,33,bad,toward_bad,False
baseline[good=above],baseline/83,26,33,bad,toward_bad,False
baseline[good=above],baseline/83,27,33,bad,toward_good,False
baseline[good=above],baseline/83,28,33,bad,toward_good,False
baseline[good=above],baseline/83,29,33,bad,toward_bad,False
baseline[good=above],baseline/83,30,33,bad,toward_bad,False
baseline[good=above],baseline/83,31,33,bad,toward_good,False
baseline[good=above],baseline/83,32,33,bad,,True
baseline[good=below],baseline/83,0,33,bad,toward_bad,False
baseline[good=below],baseline/83,1,33,bad,toward_bad,False
baseline[good=below],baseline/83,2,33,bad,toward_bad,False
baseline[good=below],baseline/83,3,33,bad,toward_good,False
baseline[good=below],baseline/83,4,33,bad,toward_bad,False
baseline[good=below],baseline/83,5,33,bad,toward_good,False
baseline[good=below],baseline/83,6,33,good,toward_bad,False
baseline[good=below],baseline/83,7,33,bad,toward_bad,False
baseline[good=below],baseline/83,8,33,bad,toward_good,False
baseline[good=below],baseline/83,9,33,bad,toward_good,False
baseline[good=below],baseline/83,10,33,bad,toward_bad,False
baseline[good=below],baseline/83,11,33,bad,toward_bad,False
baseline[good=below],baseline/83,12,33,bad,toward_good,False
baseline[good=below],baseline/83,13,33,bad,toward_bad,False
baseline[good=below],baseline/83,14,33,bad,toward_good,False
baseline[good=below],baseline/83,15,33,bad,toward_bad,False
baseline[good=below],baseline/83,16,33,bad,toward_bad,False
baseline[good=below],baseline/83,17,33,bad,toward_good,False
baseline[good=below],baseline/83,18,33,good,toward_bad,False
baseline[good=below],baseline/83,19,33,good,toward_good,False
baseline[good=below],baseline/83,20,33,good,toward_bad,False
baseline[good=below],baseline/83,21,33,good,toward_good,False
baseline[good=below],baseline/83,22,33,good,toward_bad,False
baseline[good=below],baseline/83,23,33,good,toward_bad,False
baseline[good=below],baseline/83,24,33,good,toward_good,False
baseline[good=below],baseline/83,25,33,good,toward_good,False
baseline[good=below],baseline/83,26,33,good,toward_good,False
baseline[good=below],baseline/83,27,33,good,toward_bad,False
baseline[good=below],baseline/83,28,33,good,toward_bad,False
baseline[good=below],baseline/83,29,33,good,toward_good,False
baseline[good=below],baseline/83,30,33,good,toward_good,False
baseline[good=below],baseline/83,31,33,good,toward_bad,False
baseline[good=below],baseline/83,32,33,good,,True
baseline[good=above],baseline/84,0,42,bad,toward_good,False
baseline[good=above],baseline/84,1,42,bad,toward_bad,False
baseline[good=above],baseline/84,2,42,bad,toward_good,False
baseline[good=above],baseline/84,3,42,bad,toward_bad,False
baseline[good=above],baseline/84,4,42,bad,toward_good,False
baseline[good=above],baseline/84,5,42,bad,toward_bad,False
baseline[good=above],baseline/84,6,42,bad,toward_bad,False
baseline[good=above],baseline/84,7,42,bad,toward_good,False
baseline[good=above],baseline/84,8,42,bad,toward_bad,False
baseline[good=above],baseline/84,9,42,bad,toward_good,False
baseline[good=above],baseline/84,10,42,bad,toward_good,False
baseline[good=above],baseline/84,11,42,bad,toward_bad,False
baseline[good=above],baseline/84,12,42,bad,toward_good,False
baseline[good=above],baseline/84,13,42,bad,toward_bad,False
baseline[good=above],baseline/84,14,42,bad,toward_good,False
baseline[good=above],baseline/84,15,42,bad,toward_bad,False
baseline[good=above],baseline/84,16,42,bad,toward_bad,False
baseline[good=above],baseline/84,17,42,bad,toward_good,False
baseline[good=above],baseline/84,18,42,bad,toward_bad,False
baseline[good=above],baseline/84,19,42,bad,toward_good,False
baseline[good=above],baseline/84,20,42,bad,toward_bad,False
baseline[good=above],baseline/84,21,42,bad,toward_good,False
baseline[good=above],baseline/84,22,42,bad,toward_bad,False
baseline[good=above],baseline/84,23,42,bad,toward_good,False
baseline[good=above],baseline/84,24,42,bad,toward_bad,False
baseline[good=above],baseline/84,25,42,bad,toward_good,False
baseline[good=above],baseline/84,26,42,bad,toward_good,False
baseline[good=above],baseline/84,27,42,bad,toward_bad,False
baseline[good=above],baseline/84,28,42,bad,toward_bad,False
baseline[good=above],baseline/84,29,42,bad,toward_bad,False
baseline[good=above],baseline/84,30,42,bad,toward_good,False
baseline[good=above],baseline/84,31,42,bad,toward_good,False
baseline[good=above],baseline/84,32,42,bad,toward_good,False
baseline[good=above],baseline/84,33,42,bad,toward_bad,False
baseline[good=above],baseline/84,34,42,bad,toward_good,False
baseline[good=above],baseline/84,35,42,bad,toward_bad,False
baseline[good=above],baseline/84,36,42,bad,toward_good,False
baseline[good=above],baseline/84,37,42,bad,toward_bad,False
baseline[good=above],baseline/84,38,42,bad,toward_good,False
baseline[good=above],baseline/84,39,42,bad,toward_bad,False
baseline[good=above],baseline/84,40,42,bad,toward_good,False
baseline[good=above],baseline/84,41,42,bad,,True
baseline[good=below],baseline/84,0,42,good,toward_bad,False
baseline[good=below],baseline/84,1,42,good,toward_good,False
baseline[good=below],baseline/84,2,42,good,toward_bad,False
baseline[good=below],baseline/84,3,42,good,toward_good,False
baseline[good=below],baseline/84,4,42,good,toward_bad,False
baseline[good=below],baseline/84,5,42,good,toward_good,False
baseline[good=below],baseline/84,6,42,good,toward_good,False
baseline[good=below],baseline/84,7,42,good,toward_bad,False
baseline[good=below],baseline/84,8,42,good,toward_good,False
baseline[good=below],baseline/84,9,42,good,toward_bad,False
baseline[good=below],baseline/84,10,42,good,toward_bad,False
baseline[good=below],baseline/84,11,42,good,toward_good,False
baseline[good=below],baseline/84,12,42,good,toward_bad,False
baseline[good=below],baseline/84,13,42,good,toward_good,False
baseline[good=below],baseline/84,14,42,good,toward_bad,False
baseline[good=below],baseline/84,15,42,good,toward_good,False
baseline[good=below],baseline/84,16,42,good,toward_good,False
baseline[good=below],baseline/84,17,42,good,toward_bad,False
baseline[good=below],baseline/84,18,42,good,toward_good,False
baseline[good=below],baseline/84,19,42,good,toward_bad,False
baseline[good=below],baseline/84,20,42,good,toward_good,False
baseline[good=below],baseline/84,21,42,good,toward_bad,False
baseline[good=below],baseline/84,22,42,good,toward_good,False
baseline[good=below],baseline/84,23,42,good,toward_bad,False
baseline[good=below],baseline/84,24,42,good,toward_good,False
baseline[good=below],baseline/84,25,42,good,toward_bad,False
baseline[good=below],baseline/84,26,42,good,toward_bad,False
baseline[good=below],baseline/84,27,42,good,toward_good,False
baseline[good=below],baseline/84,28,42,good,toward_good,False
baseline[good=below],baseline/84,29,42,good,toward_good,False
baseline[good=below],baseline/84,30,42,good,toward_bad,False
baseline[good=below],baseline/84,31,42,good,toward_bad,False
baseline[good=below],baseline/84,32,42,good,toward_bad,False
baseline[good=below],baseline/84,33,42,good,toward_good,False
baseline[good=below],baseline/84,34,42,good,toward_bad,False
baseline[good=below],baseline/84,35,42,good,toward_good,False
baseline[good=below],baseline/84,36,42,good,toward_bad,False
baseline[good=below],baseline/84,37,42,good,toward_good,False
baseline[good=below],baseline/84,38,42,good,toward_bad,False
baseline[good=below],baseline/84,39,42,good,toward_good,False
baseline[good=below],baseline/84,40,42,good,toward_bad,False
baseline[good=below],baseline/84,41,42,good,,True
baseline[good=above],baseline/85,0,25,bad,toward_bad,False
baseline[good=above],baseline/85,1,25,bad,toward_good,False
baseline[good=above],baseline/85,2,25,bad,toward_good,False
baseline[good=above],baseline/85,3,25,bad,toward_bad,False
baseline[good=above],baseline/85,4,25,bad,toward_good,False
baseline[good=above],baseline/85,5,25,bad,toward_good,False
baseline[good=above],baseline/85,6,25,bad,toward_bad,False
baseline[good=above],baseline/85,7,25,bad,toward_bad,False
baseline[good=above],baseline/85,8,25,bad,toward_good,False
baseline[good=above],baseline/85,9,25,bad,toward_bad,False
baseline[good=above],baseline/85,10,25,bad,toward_good,False
baseline[good=above],baseline/85,11,25,bad,toward_good,False
baseline[good=above],baseline/85,12,25,bad,toward_bad,False
baseline[good=above],baseline/85,13,25,bad,toward_bad,False
baseline[good=above],baseline/85,14,25,bad,toward_bad,False
baseline[good=above],baseline/85,15,25,bad,toward_good,False
baseline[good=above],baseline/85,16,25,bad,toward_good,False
baseline[good=above],baseline/85,17,25,bad,toward_bad,False
baseline[good=above],baseline/85,18,25,bad,toward_bad,False
baseline[good=above],baseline/85,19,25,bad,toward_bad,False
baseline[good=above],baseline/85,20,25,bad,toward_good,False
baseline[good=above],baseline/85,21,25,bad,toward_good,False
baseline[good=above],baseline/85,22,25,bad,toward_bad,False
baseline[good=above],baseline/85,23,25,bad,toward_good,False
baseline[good=above],baseline/85,24,25,bad,,True
baseline[good=below],baseline/85,0,25,good,toward_good,False
baseline[good=below],baseline/85,1,25,good,toward_bad,False
baseline[good=below],baseline/85,2,25,good,toward_bad,False
baseline[good=below],baseline/85,3,25,good,toward_good,False
baseline[good=below],baseline/85,4,25,good,toward_bad,False
baseline[good=below],baseline/85,5,25,good,toward_bad,False
baseline[good=below],baseline/85,6,25,good,toward_good,False
baseline[good=below],baseline/85,7,25,good,toward_good,False
baseline[good=below],baseline/85,8,25,good,toward_bad,False
baseline[good=below],baseline/85,9,25,good,toward_good,False
baseline[good=below],baseline/85,10,25,good,toward_bad,False
baseline[good=below],baseline/85,11,25,good,toward_bad,False
baseline[good=below],baseline/85,12,25,good,toward_good,False
baseline[good=below],baseline/85,13,25,good,toward_good,False
baseline[good=below],baseline/85,14,25,good,toward_good,False
baseline[good=below],baseline/85,15,25,good,toward_bad,False
baseline[good=below],baseline/85,16,25,good,toward_bad,False
baseline[good=below],baseline/85,17,25,good,toward_good,False
baseline[good=below],baseline/85,18,25,good,toward_good,False
baseline[good=below],baseline/85,19,25,good,toward_good,False
baseline[good=below],baseline/85,20,25,good,toward_bad,False
baseline[good=below],baseline/85,21,25,good,toward_bad,False
baseline[good=below],baseline/85,22,25,good,toward_good,False
baseline[good=below],baseline/85,23,25,good,toward_bad,False
baseline[good=below],baseline/85,24,25,good,,True
baseline[good=above],baseline/86,0,24,good,toward_good,False
baseline[good=above],baseline/86,1,24,good,toward_good,False
baseline[good=above],baseline/86,2,24,good,toward_bad,False
baseline[good=above],baseline/86,3,24,good,toward_bad,False
baseline[good=above],baseline/86,4,24,good,toward_good,False
baseline[good=above],baseline/86,5,24,good,toward_good,False
baseline[good=above],baseline/86,6,24,good,toward_bad,False
baseline[good=above],baseline/86,7,24,good,toward_bad,False
baseline[good=above],baseline/86,8,24,good,toward_bad,False
baseline[good=above],baseline/86,9,24,good,toward_good,False
baseline[good=above],baseline/86,10,24,good,toward_good,False
baseline[good=above],baseline/86,11,24,good,toward_good,False
baseline[good=above],baseline/86,12,24,good,toward_bad,False
baseline[good=above],baseline/86,13,24,good,toward_good,False
baseline[good=above],baseline/86,14,24,good,toward_good,False
baseline[good=above],baseline/86,15,24,good,toward_bad,False
baseline[good=above],baseline/86,16,24,good,toward_good,False
baseline[good=above],baseline/86,17,24,good,toward_good,False
baseline[good=above],baseline/86,18,24,good,toward_good,False
baseline[good=above],baseline/86,19,24,good,toward_bad,False
baseline[good=above],baseline/86,20,24,good,toward_bad,False
baseline[good=above],baseline/86,21,24,good,toward_good,False
baseline[good=above],baseline/86,22,24,good,toward_bad,False
baseline[good=above],baseline/86,23,24,good,,True
baseline[good=below],baseline/86,0,24,bad,toward_bad,False
baseline[good=below],baseline/86,1,24,bad,toward_bad,False
baseline[good=below],baseline/86,2,24,bad,toward_good,False
baseline[good=below],baseline/86,3,24,bad,toward_good,False
baseline[good=below],baseline/86,4,24,bad,toward_bad,False
baseline[good=below],baseline/86,5,24,bad,toward_bad,False
baseline[good=below],baseline/86,6,24,bad,toward_good,False
baseline[good=below],baseline/86,7,24,bad,toward_good,False
baseline[good=below],baseline/86,8,24,bad,toward_good,False
baseline[good=below],baseline/86,9,24,bad,toward_bad,False
baseline[good=below],baseline/86,10,24,bad,toward_bad,False
baseline[good=below],baseline/86,11,24,bad,toward_bad,False
baseline[good=below],baseline/86,12,24,bad,toward_good,False
baseline[good=below],baseline/86,13,24,bad,toward_bad,False
baseline[good=below],baseline/86,14,24,bad,toward_bad,False
baseline[good=below],baseline/86,15,24,bad,toward_good,False
baseline[good=below],baseline/86,16,24,bad,toward_bad,False
baseline[good=below],baseline/86,17,24,bad,toward_bad,False
baseline[good=below],baseline/86,18,24,bad,toward_bad,False
baseline[good=below],baseline/86,19,24,bad,toward_good,False
baseline[good=below],baseline/86,20,24,bad,toward_good,False
baseline[good=below],baseline/86,21,24,bad,toward_bad,False
baseline[good=below],baseline/86,22,24,bad,toward_good,False
baseline[good=below],baseline/86,23,24,bad,,True
baseline[good=above],baseline/88,0,36,bad,toward_good,False
baseline[good=above],baseline/88,1,36,bad,toward_good,False
baseline[good=above],baseline/88,2,36,bad,toward_bad,False
baseline[good=above],baseline/88,3,36,bad,toward_good,False
baseline[good=above],baseline/88,4,36,bad,toward_bad,False
baseline[good=above],baseline/88,5,36,bad,toward_bad,False
baseline[good=above],baseline/88,6,36,bad,toward_good,False
baseline[good=above],baseline/88,7,36,bad,toward_bad,False
baseline[good=above],baseline/88,8,36,bad,toward_good,False
baseline[good=above],baseline/88,9,36,bad,toward_bad,False
baseline[good=above],baseline/88,10,36,bad,toward_bad,False
baseline[good=above],baseline/88,11,36,bad,toward_good,False
baseline[good=above],baseline/88,12,36,bad,toward_good,False
baseline[good=above],baseline/88,13,36,bad,toward_bad,False
baseline[good=above],baseline/88,14,36,bad,toward_good,False
baseline[good=above],baseline/88,15,36,bad,toward_bad,False
baseline[good=above],baseline/88,16,36,bad,toward_bad,False
baseline[good=above],baseline/88,17,36,bad,toward_good,False
baseline[good=above],baseline/88,18,36,bad,toward_bad,False
baseline[good=above],baseline/88,19,36,bad,toward_good,False
baseline[good=above],baseline/88,20,36,bad,toward_bad,False
baseline[good=above],baseline/88,21,36,bad,toward_good,False
baseline[good=above],baseline/88,22,36,bad,toward_bad,False
baseline[good=above],baseline/88,23,36,bad,toward_bad,False
baseline[good=above],baseline/88,24,36,bad,toward_good,False
baseline[good=above],baseline/88,25,36,bad,toward_good,False
baseline[good=above],baseline/88,26,36,bad,toward_good,False
baseline[good=above],baseline/88,27,36,bad,toward_bad,False
baseline[good=above],baseline/88,28,36,bad,toward_good,False
baseline[good=above],baseline/88,29,36,bad,toward_bad,False
baseline[good=above],baseline/88,30,36,bad,toward_good,False
baseline[good=above],baseline/88,31,36,bad,toward_bad,False
baseline[good=above],baseline/88,32,36,bad,toward_good,False
baseline[good=above],baseline/88,33,36,bad,toward_bad,False
baseline[good=above],baseline/88,34,36,bad,toward_bad,False
baseline[good=above],baseline/88,35,36,bad,,True
baseline[good=below],baseline/88,0,36,good,toward_bad,False
baseline[good=below],baseline/88,1,36,good,toward_bad,False
baseline[good=below],baseline/88,2,36,good,toward_good,False
baseline[good=below],baseline/88,3,36,good,toward_bad,False
baseline[good=below],baseline/88,4,36,good,toward_good,False
baseline[good=below],baseline/88,5,36,good,toward_good,False
baseline[good=below],baseline/88,6,36,good,toward_bad,False
baseline[good=below],baseline/88,7,36,good,toward_good,False
baseline[good=below],baseline/88,8,36,good,toward_bad,False
baseline[good=below],baseline/88,9,36,good,toward_good,False
baseline[good=below],baseline/88,10,36,good,toward_good,False
baseline[good=below],baseline/88,11,36,good,toward_bad,False
baseline[good=below],baseline/88,12,36,good,toward_bad,False
baseline[good=below],baseline/88,13,36,good,toward_good,False
baseline[good=below],baseline/88,14,36,good,toward_bad,False
baseline[good=below],baseline/88,15,36,good,toward_good,False
baseline[good=below],baseline/88,16,36,good,toward_good,False
baseline[good=below],baseline/88,17,36,good,toward_bad,False
baseline[good=below],baseline/88,18,36,good,toward_good,False
baseline[good=below],baseline/88,19,36,good,toward_bad,False
baseline[good=below],baseline/88,20,36,good,toward_good,False
baseline[good=below],baseline/88,21,36,good,toward_bad,False
baseline[good=below],baseline/88,22,36,good,toward_good,False
baseline[good=below],baseline/88,23,36,good,toward_good,False
baseline[good=below],baseline/88,24,36,good,toward_bad,False
baseline[good=below],baseline/88,25,36,good,toward_bad,False
baseline[good=below],baseline/88,26,36,good,toward_bad,False
baseline[good=below],baseline/88,27,36,good,toward_good,False
baseline[good=below],baseline/88,28,36,good,toward_bad,False
baseline[good=below],baseline/88,29,36,good,toward_good,False
baseline[good=below],baseline/88,30,36,good,toward_bad,False
baseline[good=below],baseline/88,31,36,good,toward_good,False
baseline[good=below],baseline/88,32,36,good,toward_bad,False
baseline[good=below],baseline/88,33,36,good,toward_good,False
baseline[good=below],baseline/88,34,36,good,toward_good,False
baseline[good=below],baseline/88,35,36,good,,True
baseline[good=above],baseline/89,0,17,bad,toward_good,False
baseline[good=above],baseline/89,1,17,good,toward_bad,False
baseline[good=above],baseline/89,2,17,bad,toward_good,False
baseline[good=above],baseline/89,3,17,bad,toward_bad,False
baseline[good=above],baseline/89,4,17,bad,toward_good,False
baseline[good=above],baseline/89,5,17,bad,toward_bad,False
baseline[good=above],baseline/89,6,17,bad,toward_good,False
baseline[good=above],baseline/89,7,17,bad,toward_good,False
baseline[good=above],baseline/89,8,17,bad,toward_bad,False
baseline[good=above],baseline/89,9,17,bad,toward_good,False
baseline[good=above],baseline/89,10,17,bad,toward_bad,False
baseline[good=above],baseline/89,11,17,bad,toward_good,False
baseline[good=above],baseline/89,12,17,bad,toward_good,False
baseline[good=above],baseline/89,13,17,bad,toward_bad,False
baseline[good=above],baseline/89,14,17,bad,toward_good,False
baseline[good=above],baseline/89,15,17,bad,toward_good,False
baseline[good=above],baseline/89,16,17,bad,,True
baseline[good=below],baseline/89,0,17,good,toward_bad,False
baseline[good=below],baseline/89,1,17,bad,toward_good,False
baseline[good=below],baseline/89,2,17,good,toward_bad,False
baseline[good=below],baseline/89,3,17,good,toward_good,False
baseline[good=below],baseline/89,4,17,good,toward_bad,False
baseline[good=below],baseline/89,5,17,good,toward_good,False
baseline[good=below],baseline/89,6,17,good,toward_bad,False
baseline[good=below],baseline/89,7,17,good,toward_bad,False
baseline[good=below],baseline/89,8,17,good,toward_good,False
baseline[good=below],baseline/89,9,17,good,toward_bad,False
baseline[good=below],baseline/89,10,17,good,toward_good,False
baseline[good=below],baseline/89,11,17,good,toward_bad,False
baseline[good=below],baseline/89,12,17,good,toward_bad,False
baseline[good=below],baseline/89,13,17,good,toward_good,False
baseline[good=below],baseline/89,14,17,good,toward_bad,False
baseline[good=below],baseline/89,15,17,good,toward_bad,False
baseline[good=below],baseline/89,16,17,good,,True
baseline[good=above],baseline/90,0,48,bad,toward_good,False
baseline[good=above],baseline/90,1,48,bad,toward_good,False
baseline[good=above],baseline/90,2,48,good,toward_bad,False
baseline[good=above],baseline/90,3,48,good,toward_good,False
baseline[good=above],baseline/90,4,48,good,toward_bad,False
baseline[good=above],baseline/90,5,48,bad,toward_bad,False
baseline[good=above],baseline/90,6,48,bad,toward_good,False
baseline[good=above],baseline/90,7,48,bad,toward_bad,False
baseline[good=above],baseline/90,8,48,bad,toward_bad,False
baseline[good=above],baseline/90,9,48,bad,toward_good,False
baseline[good=above],baseline/90,10,48,bad,toward_bad,False
baseline[good=above],baseline/90,11,48,bad,toward_good,False
baseline[good=above],baseline/90,12,48,bad,toward_bad,False
baseline[good=above],baseline/90,13,48,bad,toward_good,False
baseline[good=above],baseline/90,14,48,bad,toward_bad,False
baseline[good=above],baseline/90,15,48,bad,toward_good,False
baseline[good=above],baseline/90,16,48,bad,toward_bad,False
baseline[good=above],baseline/90,17,48,bad,toward_good,False
baseline[good=above],baseline/90,18,48,bad,toward_bad,False
baseline[good=above],baseline/90,19,48,bad,toward_good,False
baseline[good=above],baseline/90,20,48,bad,toward_good,False
baseline[good=above],baseline/90,21,48,bad,toward_bad,False
baseline[good=above],baseline/90,22,48,bad,toward_good,False
baseline[good=above],baseline/90,23,48,bad,toward_bad,False
baseline[good=above],baseline/90,24,48,bad,toward_good,False
baseline[good=above],baseline/90,25,48,bad,toward_bad,False
baseline[good=above],baseline/90,26,48,bad,toward_bad,False
baseline[good=above],baseline/90,27,48,bad,toward_good,False
baseline[good=above],baseline/90,28,48,bad,toward_good,False
baseline[good=above],baseline/90,29,48,bad,toward_good,False
baseline[good=above],baseline/90,30,48,bad,toward_bad,False
baseline[good=above],baseline/90,31,48,bad,toward_good,False
baseline[good=above],baseline/90,32,48,bad,toward_bad,False
baseline[good=above],baseline/90,33,48,bad,toward_good,False
baseline[good=above],baseline/90,34,48,bad,toward_bad,False
baseline[good=above],baseline/90,35,48,bad,toward_good,False
baseline[good=above],baseline/90,36,48,bad,toward_bad,False
baseline[good=above],baseline/90,37,48,bad,toward_bad,False
baseline[good=above],baseline/90,38,48,bad,toward_good,False
baseline[good=above],baseline/90,39,48,bad,toward_bad,False
baseline[good=above],baseline/90,40,48,bad,toward_good,False
baseline[good=above],baseline/90,41,48,bad,toward_good,False
baseline[good=above],baseline/90,42,48,bad,toward_bad,False
baseline[good=above],baseline/90,43,48,bad,toward_bad,False
baseline[good=above],baseline/90,44,48,bad,toward_good,False
baseline[good=above],baseline/90,45,48,bad,toward_bad,False
baseline[good=above],baseline/90,46,48,bad,toward_bad,False
baseline[good=above],baseline/90,47,48,bad,,True
baseline[good=below],baseline/90,0,48,good,toward_bad,False
baseline[good=below],baseline/90,1,48,good,toward_bad,False
baseline[good=below],baseline/90,2,48,bad,toward_good,False
baseline[good=below],baseline/90,3,48,bad,toward_bad,False
baseline[good=below],baseline/90,4,48,bad,toward_good,False
baseline[good=below],baseline/90,5,48,good,toward_good,False
baseline[good=below],baseline/90,6,48,good,toward_bad,False
baseline[good=below],baseline/90,7,48,good,toward_good,False
baseline[good=below],baseline/90,8,48,good,toward_good,False
baseline[good=below],baseline/90,9,48,good,toward_bad,False
baseline[good=below],baseline/90,10,48,good,toward_good,False
baseline[good=below],baseline/90,11,48,good,toward_bad,False
baseline[good=below],baseline/90,12,48,good,toward_good,False
baseline[good=below],baseline/90,13,48,good,toward_bad,False
baseline[good=below],baseline/90,14,48,good,toward_good,False
baseline[good=below],baseline/90,15,48,good,toward_bad,False
baseline[good=below],baseline/90,16,48,good,toward_good,False
baseline[good=below],baseline/90,17,48,good,toward_bad,False
baseline[good=below],baseline/90,18,48,good,toward_good,False
baseline[good=below],baseline/90,19,48,good,toward_bad,False
baseline[good=below],baseline/90,20,48,good,toward_bad,False
baseline[good=below],baseline/90,21,48,good,toward_good,False
baseline[good=below],baseline/90,22,48,good,toward_bad,False
baseline[good=below],baseline/90,23,48,good,toward_good,False
baseline[good=below],baseline/90,24,48,good,toward_bad,False
baseline[good=below],baseline/90,25,48,good,toward_good,False
baseline[good=below],baseline/90,26,48,good,toward_good,False
baseline[good=below],baseline/90,27,48,good,toward_bad,False
baseline[good=below],baseline/90,28,48,good,toward_bad,False
baseline[good=below],baseline/90,29,48,good,toward_bad,False
baseline[good=below],baseline/90,30,48,good,toward_good,False
baseline[good=below],baseline/90,31,48,good,toward_bad,False
baseline[good=below],baseline/90,32,48,good,toward_good,False
baseline[good=below],baseline/90,33,48,good,toward_bad,False
baseline[good=below],baseline/90,34,48,good,toward_good,False
baseline[good=below],baseline/90,35,48,good,toward_bad,False
baseline[good=below],baseline/90,36,48,good,toward_good,False
baseline[good=below],baseline/90,37,48,good,toward_good,False
baseline[good=below],baseline/90,38,48,good,toward_bad,False
baseline[good=below],baseline/90,39,48,good,toward_good,False
baseline[good=below],baseline/90,40,48,good,toward_bad,False
baseline[good=below],baseline/90,41,48,good,toward_bad,False
baseline[good=below],baseline/90,42,48,good,toward_good,False
baseline[good=below],baseline/90,43,48,good,toward_good,False
baseline[good=below],baseline/90,44,48,good,toward_bad,False
baseline[good=below],baseline/90,45,48,good,toward_good,False
baseline[good=below],baseline/90,46,48,good,toward_good,False
baseline[good=below],baseline/90,47,48,good,,True
baseline[good=above],baseline/91,0,26,good,toward_bad,False
baseline[good=above],baseline/91,1,26,good,toward_good,False
baseline[good=above],baseline/91,2,26,good,toward_bad,False
baseline[good=above],baseline/91,3,26,good,toward_bad,False
baseline[good=above],baseline/91,4,26,good,toward_good,False
baseline[good=above],baseline/91,5,26,good,toward_good,False
baseline[good=above],baseline/91,6,26,good,toward_good,False
baseline[good=above],baseline/91,7,26,good,toward_good,False
baseline[good=above],baseline/91,8,26,good,toward_good,False
baseline[good=above],baseline/91,9,26,good,toward_bad,False
baseline[good=above],baseline/91,10,26,good,toward_bad,False
baseline[good=above],baseline/91,11,26,good,toward_bad,False
baseline[good=above],baseline/91,12,26,good,toward_good,False
baseline[good=above],baseline/91,13,26,good,toward_bad,False
baseline[good=above],baseline/91,14,26,good,toward_bad,False
baseline[good=above],baseline/91,15,26,good,toward_bad,False
baseline[good=above],baseline/91,16,26,good,toward_bad,False
baseline[good=above],baseline/91,17,26,good,toward_good,False
baseline[good=above],baseline/91,18,26,good,toward_good,False
baseline[good=above],baseline/91,19,26,good,toward_good,False
baseline[good=above],baseline/91,20,26,good,toward_bad,False
baseline[good=above],baseline/91,21,26,good,toward_good,False
baseline[good=above],baseline/91,22,26,good,toward_bad,False
baseline[good=above],baseline/91,23,26,good,toward_bad,False
baseline[good=above],baseline/91,24,26,good,toward_good,False
baseline[good=above],baseline/91,25,26,good,,True
baseline[good=below],baseline/91,0,26,bad,toward_good,False
baseline[good=below],baseline/91,1,26,bad,toward_bad,False
baseline[good=below],baseline/91,2,26,bad,toward_good,False
baseline[good=below],baseline/91,3,26,bad,toward_good,False
baseline[good=below],baseline/91,4,26,bad,toward_bad,False
baseline[good=below],baseline/91,5,26,bad,toward_bad,False
baseline[good=below],baseline/91,6,26,bad,toward_bad,False
baseline[good=below],baseline/91,7,26,bad,toward_bad,False
baseline[good=below],baseline/91,8,26,bad,toward_bad,False
baseline[good=below],baseline/91,9,26,bad,toward_good,False
baseline[good=below],baseline/91,10,26,bad,toward_good,False
baseline[good=below],baseline/91,11,26,bad,toward_good,False
baseline[good=below],baseline/91,12,26,bad,toward_bad,False
baseline[good=below],baseline/91,13,26,bad,toward_good,False
baseline[good=below],baseline/91,14,26,bad,toward_good,False
baseline[good=below],baseline/91,15,26,bad,toward_good,False
baseline[good=below],baseline/91,16,26,bad,toward_good,False
baseline[good=below],baseline/91,17,26,bad,toward_bad,False
baseline[good=below],baseline/91,18,26,bad,toward_bad,False
baseline[good=below],baseline/91,19,26,bad,toward_bad,False
baseline[good=below],baseline/91,20,26,bad,toward_good,False
baseline[good=below],baseline/91,21,26,bad,toward_bad,False
baseline[good=below],baseline/91,22,26,bad,toward_good,False
baseline[good=below],baseline/91,23,26,bad,toward_good,False
baseline[good=below],baseline/91,24,26,bad,toward_bad,False
baseline[good=below],baseline/91,25,26,bad,,True
baseline[good=above],baseline/92,0,16,good,toward_bad,False
baseline[good=above],baseline/92,1,16,good,toward_good,False
baseline[good=above],baseline/92,2,16,good,toward_bad,False
baseline[good=above],baseline/92,3,16,bad,toward_good,False
baseline[good=above],baseline/92,4,16,good,toward_good,False
baseline[good=above],baseline/92,5,16,good,toward_good,False
baseline[good=above],baseline/92,6,16,good,toward_bad,False
baseline[good=above],baseline/92,7,16,good,toward_good,False
baseline[good=above],baseline/92,8,16,good,toward_bad,False
baseline[good=above],baseline/92,9,16,bad,toward_good,False
baseline[good=above],baseline/92,10,16,good,toward_good,False
baseline[good=above],baseline/92,11,16,good,toward_good,False
baseline[good=above],baseline/92,12,16,good,toward_good,False
baseline[good=above],baseline/92,13,16,good,toward_bad,False
baseline[good=above],baseline/92,14,16,good,toward_good,False
baseline[good=above],baseline/92,15,16,good,,True
baseline[good=below],baseline/92,0,16,bad,toward_good,False
baseline[good=below],baseline/92,1,16,bad,toward_bad,False
baseline[good=below],baseline/92,2,16,bad,toward_good,False
baseline[good=below],baseline/92,3,16,good,toward_bad,False
baseline[good=below],baseline/92,4,16,bad,toward_bad,False
baseline[good=below],baseline/92,5,16,bad,toward_bad,False
baseline[good=below],baseline/92,6,16,bad,toward_good,False
baseline[good=below],baseline/92,7,16,bad,toward_bad,False
baseline[good=below],baseline/92,8,16,bad,toward_good,False
baseline[good=below],baseline/92,9,16,good,toward_bad,False
baseline[good=below],baseline/92,10,16,bad,toward_bad,False
baseline[good=below],baseline/92,11,16,bad,toward_bad,False
baseline[good=below],baseline/92,12,16,bad,toward_bad,False
baseline[good=below],baseline/92,13,16,bad,toward_good,False
baseline[good=below],baseline/92,14,16,bad,toward_bad,False
baseline[good=below],baseline/92,15,16,bad,,True
baseline[good=above],baseline/93,0,8,bad,toward_good,False
baseline[good=above],baseline/93,1,8,bad,toward_bad,False
baseline[good=above],baseline/93,2,8,bad,toward_bad,False
baseline[good=above],baseline/93,3,8,bad,toward_bad,False
baseline[good=above],baseline/93,4,8,bad,toward_good,False
baseline[good=above],baseline/93,5,8,bad,toward_good,False
baseline[good=above],baseline/93,6,8,bad,toward_bad,False
baseline[good=above],baseline/93,7,8,bad,,True
baseline[good=below],baseline/93,0,8,good,toward_bad,False
baseline[good=below],baseline/93,1,8,good,toward_good,False
baseline[good=below],baseline/93,2,8,good,toward_good,False
baseline[good=below],baseline/93,3,8,good,toward_good,False
baseline[good=below],baseline/93,4,8,good,toward_bad,False
baseline[good=below],baseline/93,5,8,good,toward_bad,False
baseline[good=below],baseline/93,6,8,good,toward_good,False
baseline[good=below],baseline/93,7,8,good,,True
baseline[good=above],baseline/94,0,20,bad,toward_bad,False
baseline[good=above],baseline/94,1,20,bad,toward_good,False
baseline[good=above],baseline/94,2,20,bad,toward_bad,False
baseline[good=above],baseline/94,3,20,bad,toward_good,False
baseline[good=above],baseline/94,4,20,bad,toward_bad,False
baseline[good=above],baseline/94,5,20,bad,toward_good,False
baseline[good=above],baseline/94,6,20,bad,toward_good,False
baseline[good=above],baseline/94,7,20,bad,toward_bad,False
baseline[good=above],baseline/94,8,20,bad,toward_good,False
baseline[good=above],baseline/94,9,20,bad,toward_bad,False
baseline[good=above],baseline/94,10,20,bad,toward_good,False
baseline[good=above],baseline/94,11,20,bad,toward_good,False
baseline[good=above],baseline/94,12,20,bad,toward_good,False
baseline[good=above],baseline/94,13,20,bad,toward_bad,False
baseline[good=above],baseline/94,14,20,bad,toward_bad,False
baseline[good=above],baseline/94,15,20,bad,toward_good,False
baseline[good=above],baseline/94,16,20,bad,toward_bad,False
baseline[good=above],baseline/94,17,20,bad,toward_good,False
baseline[good=above],baseline/94,18,20,bad,toward_good,False
baseline[good=above],baseline/94,19,20,bad,,True
baseline[good=below],baseline/94,0,20,good,toward_good,False
baseline[good=below],baseline/94,1,20,good,toward_bad,False
baseline[good=below],baseline/94,2,20,good,toward_good,False
baseline[good=below],baseline/94,3,20,good,toward_bad,False
baseline[good=below],baseline/94,4,20,good,toward_good,False
baseline[good=below],baseline/94,5,20,good,toward_bad,False
baseline[good=below],baseline/94,6,20,good,toward_bad,False
baseline[good=below],baseline/94,7,20,good,toward_good,False
baseline[good=below],baseline/94,8,20,good,toward_bad,False
baseline[good=below],baseline/94,9,20,good,toward_good,False
baseline[good=below],baseline/94,10,20,good,toward_bad,False
baseline[good=below],baseline/94,11,20,good,toward_bad,False
baseline[good=below],baseline/94,12,20,good,toward_bad,False
baseline[good=below],baseline/94,13,20,good,toward_good,False
baseline[good=below],baseline/94,14,20,good,toward_good,False
baseline[good=below],baseline/94,15,20,good,toward_bad,False
baseline[good=below],baseline/94,16,20,good,toward_good,False
baseline[good=below],baseline/94,17,20,good,toward_bad,False
baseline[good=below],baseline/94,18,20,good,toward_bad,False
baseline[good=below],baseline/94,19,20,good,,True
baseline[good=above],baseline/95,0,27,bad,toward_good,False
baseline[good=above],baseline/95,1,27,good,toward_bad,False
baseline[good=above],baseline/95,2,27,good,toward_bad,False
baseline[good=above],baseline/95,3,27,bad,toward_bad,False
baseline[good=above],baseline/95,4,27,bad,toward_good,False
baseline[good=above],baseline/95,5,27,bad,toward_bad,False
baseline[good=above],baseline/95,6,27,bad,toward_good,False
baseline[good=above],baseline/95,7,27,bad,toward_good,False
baseline[good=above],baseline/95,8,27,bad,toward_good,False
baseline[good=above],baseline/95,9,27,bad,toward_bad,False
baseline[good=above],baseline/95,10,27,bad,toward_bad,False
baseline[good=above],baseline/95,11,27,bad,toward_good,False
baseline[good=above],baseline/95,12,27,bad,toward_good,False
baseline[good=above],baseline/95,13,27,bad,toward_bad,False
baseline[good=above],baseline/95,14,27,bad,toward_good,False
baseline[good=above],baseline/95,15,27,bad,toward_bad,False
baseline[good=above],baseline/95,16,27,bad,toward_bad,False
baseline[good=above],baseline/95,17,27,bad,toward_good,False
baseline[good=above],baseline/95,18,27,bad,toward_bad,False
baseline[good=above],baseline/95,19,27,bad,toward_good,False
baseline[good=above],baseline/95,20,27,bad,toward_good,False
baseline[good=above],baseline/95,21,27,bad,toward_bad,False
baseline[good=above],baseline/95,22,27,bad,toward_good,False
baseline[good=above],baseline/95,23,27,bad,toward_good,False
baseline[good=above],baseline/95,24,27,good,toward_bad,False
baseline[good=above],baseline/95,25,27,bad,toward_good,False
baseline[good=above],baseline/95,26,27,bad,,True
baseline[good=below],baseline/95,0,27,good,toward_bad,False
baseline[good=below],baseline/95,1,27,bad,toward_good,False
baseline[good=below],baseline/95,2,27,bad,toward_good,False
baseline[good=below],baseline/95,3,27,good,toward_good,False
baseline[good=below],baseline/95,4,27,good,toward_bad,False
baseline[good=below],baseline/95,5,27,good,toward_good,False
baseline[good=below],baseline/95,6,27,good,toward_bad,False
baseline[good=below],baseline/95,7,27,good,toward_bad,False
baseline[good=below],baseline/95,8,27,good,toward_bad,False
baseline[good=below],baseline/95,9,27,good,toward_good,False
baseline[good=below],baseline/95,10,27,good,toward_good,False
baseline[good=below],baseline/95,11,27,good,toward_bad,False
baseline[good=below],baseline/95,12,27,good,toward_bad,False
baseline[good=below],baseline/95,13,27,good,toward_good,False
baseline[good=below],baseline/95,14,27,good,toward_bad,False
baseline[good=below],baseline/95,15,27,good,toward_good,False
baseline[good=below],baseline/95,16,27,good,toward_good,False
baseline[good=below],baseline/95,17,27,good,toward_bad,False
baseline[good=below],baseline/95,18,27,good,toward_good,False
baseline[good=below],baseline/95,19,27,good,toward_bad,False
baseline[good=below],baseline/95,20,27,good,toward_bad,False
baseline[good=below],baseline/95,21,27,good,toward_good,False
baseline[good=below],baseline/95,22,27,good,toward_bad,False
baseline[good=below],baseline/95,23,27,good,toward_bad,False
baseline[good=below],baseline/95,24,27,bad,toward_good,False
baseline[good=below],baseline/95,25,27,good,toward_bad,False
baseline[good=below],baseline/95,26,27,good,,True
baseline[good=above],baseline/97,0,18,good,toward_bad,False
baseline[good=above],baseline/97,1,18,good,toward_bad,False
baseline[good=above],baseline/97,2,18,good,toward_good,False
baseline[good=above],baseline/97,3,18,good,toward_bad,False
baseline[good=above],baseline/97,4,18,good,toward_good,False
baseline[good=above],baseline/97,5,18,good,toward_bad,False
baseline[good=above],baseline/97,6,18,good,toward_good,False
baseline[good=above],baseline/97,7,18,good,toward_good,False
baseline[good=above],baseline/97,8,18,good,toward_good,False
baseline[good=above],baseline/97,9,18,good,toward_good,False
baseline[good=above],baseline/97,10,18,good,toward_bad,False
baseline[good=above],baseline/97,11,18,good,toward_bad,False
baseline[good=above],baseline/97,12,18,good,toward_bad,False
baseline[good=above],baseline/97,13,18,good,toward_good,False
baseline[good=above],baseline/97,14,18,good,toward_good,False
baseline[good=above],baseline/97,15,18,good,toward_bad,False
baseline[good=above],baseline/97,16,18,good,toward_good,False
baseline[good=above],baseline/97,17,18,good,,True
baseline[good=below],baseline/97,0,18,bad,toward_good,False
baseline[good=below],baseline/97,1,18,bad,toward_good,False
baseline[good=below],baseline/97,2,18,bad,toward_bad,False
baseline[good=below],baseline/97,3,18,bad,toward_good,False
baseline[good=below],baseline/97,4,18,bad,toward_bad,False
baseline[good=below],baseline/97,5,18,bad,toward_good,False
baseline[good=below],baseline/97,6,18,bad,toward_bad,False
baseline[good=below],baseline/97,7,18,bad,toward_bad,False
baseline[good=below],baseline/97,8,18,bad,toward_bad,False
baseline[good=below],baseline/97,9,18,bad,toward_bad,False
baseline[good=below],baseline/97,10,18,bad,toward_good,False
baseline[good=below],baseline/97,11,18,bad,toward_good,False
baseline[good=below],baseline/97,12,18,bad,toward_good,False
baseline[good=below],baseline/97,13,18,bad,toward_bad,False
baseline[good=below],baseline/97,14,18,bad,toward_bad,False
baseline[good=below],baseline/97,15,18,bad,toward_good,False
baseline[good=below],baseline/97,16,18,bad,toward_bad,False
baseline[good=below],baseline/97,17,18,bad,,True
baseline[good=above],baseline/98,0,39,good,toward_bad,False
baseline[good=above],baseline/98,1,39,bad,toward_good,False
baseline[good=above],baseline/98,2,39,good,toward_good,False
baseline[good=above],baseline/98,3,39,good,toward_bad,False
baseline[good=above],baseline/98,4,39,good,toward_bad,False
baseline[good=above],baseline/98,5,39,good,toward_good,False
baseline[good=above],baseline/98,6,39,good,toward_bad,False
baseline[good=above],baseline/98,7,39,good,toward_good,False
baseline[good=above],baseline/98,8,39,good,toward_bad,False
baseline[good=above],baseline/98,9,39,good,toward_good,False
baseline[good=above],baseline/98,10,39,good,toward_good,False
baseline[good=above],baseline/98,11,39,good,toward_good,False
baseline[good=above],baseline/98,12,39,good,toward_bad,False
baseline[good=above],baseline/98,13,39,good,toward_good,False
baseline[good=above],baseline/98,14,39,good,toward_good,False
baseline[good=above],baseline/98,15,39,good,toward_bad,False
baseline[good=above],baseline/98,16,39,good,toward_bad,False
baseline[good=above],baseline/98,17,39,good,toward_bad,False
baseline[good=above],baseline/98,18,39,good,toward_good,False
baseline[good=above],baseline/98,19,39,good,toward_good,False
baseline[good=above],baseline/98,20,39,good,toward_bad,False
baseline[good=above],baseline/98,21,39,good,toward_good,False
baseline[good=above],baseline/98,22,39,good,toward_bad,False
baseline[good=above],baseline/98,23,39,good,toward_bad,False
baseline[good=above],baseline/98,24,39,good,toward_bad,False
baseline[good=above],baseline/98,25,39,good,toward_bad,False
baseline[good=above],baseline/98,26,39,good,toward_bad,False
baseline[good=above],baseline/98,27,39,good,toward_bad,False
baseline[good=above],baseline/98,28,39,bad,toward_good,False
baseline[good=above],baseline/98,29,39,good,toward_good,False
baseline[good=above],baseline/98,30,39,good,toward_good,False
baseline[good=above],baseline/98,31,39,good,toward_bad,False
baseline[good=above],baseline/98,32,39,good,toward_good,False
baseline[good=above],baseline/98,33,39,good,toward_bad,False
baseline[good=above],baseline/98,34,39,bad,toward_good,False
baseline[good=above],baseline/98,35,39,good,toward_bad,False
baseline[good=above],baseline/98,36,39,good,toward_good,False
baseline[good=above],baseline/98,37,39,good,toward_good,False
baseline[good=above],baseline/98,38,39,good,,True
baseline[good=below],baseline/98,0,39,bad,toward_good,False
baseline[good=below],baseline/98,1,39,good,toward_bad,False
baseline[good=below],baseline/98,2,39,bad,toward_bad,False
baseline[good=below],baseline/98,3,39,bad,toward_good,False
baseline[good=below],baseline/98,4,39,bad,toward_good,False
baseline[good=below],baseline/98,5,39,bad,toward_bad,False
baseline[good=below],baseline/98,6,39,bad,toward_good,False
baseline[good=below],baseline/98,7,39,bad,toward_bad,False
baseline[good=below],baseline/98,8,39,bad,toward_good,False
baseline[good=below],baseline/98,9,39,bad,toward_bad,False
baseline[good=below],baseline/98,10,39,bad,toward_bad,False
baseline[good=below],baseline/98,11,39,bad,toward_bad,False
baseline[good=below],baseline/98,12,39,bad,toward_good,False
baseline[good=below],baseline/98,13,39,bad,toward_bad,False
baseline[good=below],baseline/98,14,39,bad,toward_bad,False
baseline[good=below],baseline/98,15,39,bad,toward_good,False
baseline[good=below],baseline/98,16,39,bad,toward_good,False
baseline[good=below],baseline/98,17,39,bad,toward_good,False
baseline[good=below],baseline/98,18,39,bad,toward_bad,False
baseline[good=below],baseline/98,19,39,bad,toward_bad,False
baseline[good=below],baseline/98,20,39,bad,toward_good,False
baseline[good=below],baseline/98,21,39,bad,toward_bad,False
baseline[good=below],baseline/98,22,39,bad,toward_good,False
baseline[good=below],baseline/98,23,39,bad,toward_good,False
baseline[good=below],baseline/98,24,39,bad,toward_good,False
baseline[good=below],baseline/98,25,39,bad,toward_good,False
baseline[good=below],baseline/98,26,39,bad,toward_good,False
baseline[good=below],baseline/98,27,39,bad,toward_good,False
baseline[good=below],baseline/98,28,39,good,toward_bad,False
baseline[good=below],baseline/98,29,39,bad,toward_bad,False
baseline[good=below],baseline/98,30,39,bad,toward_bad,False
baseline[good=below],baseline/98,31,39,bad,toward_good,False
baseline[good=below],baseline/98,32,39,bad,toward_bad,False
baseline[good=below],baseline/98,33,39,bad,toward_good,False
baseline[good=below],baseline/98,34,39,good,toward_bad,False
baseline[good=below],baseline/98,35,39,bad,toward_good,False
baseline[good=below],baseline/98,36,39,bad,toward_bad,False
baseline[good=below],baseline/98,37,39,bad,toward_bad,False
baseline[good=below],baseline/98,38,39,bad,,True
baseline[good=above],baseline/99,0,20,bad,toward_good,False
baseline[good=above],baseline/99,1,20,bad,toward_bad,False
baseline[good=above],baseline/99,2,20,bad,toward_good,False
baseline[good=above],baseline/99,3,20,bad,toward_bad,False
baseline[good=above],baseline/99,4,20,bad,toward_good,False
baseline[good=above],baseline/99,5,20,bad,toward_good,False
baseline[good=above],baseline/99,6,20,bad,toward_bad,False
baseline[good=above],baseline/99,7,20,bad,toward_bad,False
baseline[good=above],baseline/99,8,20,bad,toward_bad,False
baseline[good=above],baseline/99,9,20,bad,toward_good,False
baseline[good=above],baseline/99,10,20,bad,toward_good,False
baseline[good=above],baseline/99,11,20,bad,toward_good,False
baseline[good=above],baseline/99,12,20,bad,toward_bad,False
baseline[good=above],baseline/99,13,20,bad,toward_good,False
baseline[good=above],baseline/99,14,20,bad,toward_bad,False
baseline[good=above],baseline/99,15,20,bad,toward_good,False
baseline[good=above],baseline/99,16,20,bad,toward_bad,False
baseline[good=above],baseline/99,17,20,bad,toward_good,False
baseline[good=above],baseline/99,18,20,bad,toward_bad,False
baseline[good=above],baseline/99,19,20,bad,,True
baseline[good=below],baseline/99,0,20,good,toward_bad,False
baseline[good=below],baseline/99,1,20,good,toward_good,False
baseline[good=below],baseline/99,2,20,good,toward_bad,False
baseline[good=below],baseline/99,3,20,good,toward_good,False
baseline[good=below],baseline/99,4,20,good,toward_bad,False
baseline[good=below],baseline/99,5,20,good,toward_bad,False
baseline[good=below],baseline/99,6,20,good,toward_good,False
baseline[good=below],baseline/99,7,20,good,toward_good,False
baseline[good=below],baseline/99,8,20,good,toward_good,False
baseline[good=below],baseline/99,9,20,good,toward_bad,False
baseline[good=below],baseline/99,10,20,good,toward_bad,False
baseline[good=below],baseline/99,11,20,good,toward_bad,False
baseline[good=below],baseline/99,12,20,good,toward_good,False
baseline[good=below],baseline/99,13,20,good,toward_bad,False
baseline[good=below],baseline/99,14,20,good,toward_good,False
baseline[good=below],baseline/99,15,20,good,toward_bad,False
baseline[good=below],baseline/99,16,20,good,toward_good,False
baseline[good=below],baseline/99,17,20,good,toward_bad,False
baseline[good=below],baseline/99,18,20,good,toward_good,False
baseline[good=below],baseline/99,19,20,good,,True
below_good,below_good/0,0,25,good,toward_bad,False
below_good,below_good/0,1,25,bad,toward_good,False
below_good,below_good/0,2,25,bad,toward_good,False
below_good,below_good/0,3,25,good,toward_bad,False
below_good,below_good/0,4,25,bad,toward_good,False
below_good,below_good/0,5,25,good,toward_bad,False
below_good,below_good/0,6,25,bad,toward_good,False
below_good,below_good/0,7,25,good,toward_bad,False
below_good,below_good/0,8,25,good,toward_bad,False
below_good,below_good/0,9,25,bad,toward_good,False
below_good,below_good/0,10,25,good,toward_good,False
below_good,below_good/0,11,25,good,toward_bad,False
below_good,below_good/0,12,25,good,toward_bad,False
below_good,below_good/0,13,25,bad,toward_bad,False
below_good,below_good/0,14,25,bad,toward_good,False
below_good,below_good/0,15,25,good,toward_good,False
below_good,below_good/0,16,25,good,toward_bad,False
below_good,below_good/0,17,25,good,toward_bad,False
below_good,below_good/0,18,25,good,toward_good,False
below_good,below_good/0,19,25,good,toward_bad,False
below_good,below_good/0,20,25,bad,toward_good,False
below_good,below_good/0,21,25,good,toward_good,False
below_good,below_good/0,22,25,good,toward_good,False
below_good,below_good/0,23,25,good,toward_bad,False
below_good,below_good/0,24,25,good,,True
below_good,below_good/1,0,35,bad,toward_good,False
below_good,below_good/1,1,35,good,toward_bad,False
below_good,below_good/1,2,35,good,toward_good,False
below_good,below_good/1,3,35,good,toward_bad,False
below_good,below_good/1,4,35,good,toward_bad,False
below_good,below_good/1,5,35,good,toward_good,False
below_good,below_good/1,6,35,good,toward_bad,False
below_good,below_good/1,7,35,good,toward_bad,False
below_good,below_good/1,8,35,good,toward_good,False
below_good,below_good/1,9,35,good,toward_bad,False
below_good,below_good/1,10,35,good,toward_good,False
below_good,below_good/1,11,35,good,toward_good,False
below_good,below_good/1,12,35,good,toward_bad,False
below_good,below_good/1,13,35,good,toward_good,False
below_good,below_good/1,14,35,good,toward_bad,False
below_good,below_good/1,15,35,good,toward_bad,False
below_good,below_good/1,16,35,good,toward_good,False
below_good,below_good/1,17,35,good,toward_bad,False
below_good,below_good/1,18,35,good,toward_bad,False
below_good,below_good/1,19,35,good,toward_bad,False
below_good,below_good/1,20,35,good,toward_good,False
below_good,below_good/1,21,35,good,toward_good,False
below_good,below_good/1,22,35,good,toward_good,False
below_good,below_good/1,23,35,good,toward_bad,False
below_good,below_good/1,24,35,good,toward_good,False
below_good,below_good/1,25,35,good,toward_bad,False
below_good,below_good/1,26,35,good,toward_good,False
below_good,below_good/1,27,35,good,toward_good,False
below_good,below_good/1,28,35,good,toward_bad,False
below_good,below_good/1,29,35,good,toward_good,False
below_good,below_good/1,30,35,good,toward_bad,False
below_good,below_good/1,31,35,good,toward_good,False
below_good,below_good/1,32,35,good,toward_bad,False
below_good,below_good/1,33,35,good,toward_good,False
below_good,below_good/1,34,35,good,,True
below_good,below_good/2,0,21,bad,toward_good,False
below_good,below_good/2,1,21,good,toward_bad,False
below_good,below_good/2,2,21,good,toward_good,False
below_good,below_good/2,3,21,good,toward_bad,False
below_good,below_good/2,4,21,good,toward_good,False
below_good,below_good/2,5,21,good,toward_bad,False
below_good,below_good/2,6,21,good,toward_good,False
below_good,below_good/2,7,21,good,toward_bad,False
below_good,below_good/2,8,21,good,toward_bad,False
below_good,below_good/2,9,21,good,toward_bad,False
below_good,below_good/2,10,21,good,toward_good,False
below_good,below_good/2,11,21,good,toward_bad,False
below_good,below_good/2,12,21,good,toward_good,False
below_good,below_good/2,13,21,good,toward_bad,False
below_good,below_good/2,14,21,good,toward_good,False
below_good,below_good/2,15,21,good,toward_good,False
below_good,below_good/2,16,21,good,toward_bad,False
below_good,below_good/2,17,21,good,toward_good,False
below_good,below_good/2,18,21,good,toward_good,False
below_good,below_good/2,19,21,good,toward_bad,False
below_good,below_good/2,20,21,good,,True
below_good,below_good/3,0,18,good,toward_bad,False
below_good,below_good/3,1,18,good,toward_good,False
below_good,below_good/3,2,18,good,toward_good,False
below_good,below_good/3,3,18,good,toward_good,False
below_good,below_good/3,4,18,good,toward_bad,False
below_good,below_good/3,5,18,good,toward_good,False
below_good,below_good/3,6,18,good,toward_bad,False
below_good,below_good/3,7,18,good,toward_bad,False
below_good,below_good/3,8,18,good,toward_good,False
below_good,below_good/3,9,18,good,toward_bad,False
below_good,below_good/3,10,18,good,toward_bad,False
below_good,below_good/3,11,18,good,toward_good,False
below_good,below_good/3,12,18,good,toward_good,False
below_good,below_good/3,13,18,good,toward_bad,False
below_good,below_good/3,14,18,good,toward_good,False
below_good,below_good/3,15,18,good,toward_bad,False
below_good,below_good/3,16,18,good,toward_good,False
below_good,below_good/3,17,18,good,,True
below_good,below_good/5,0,8,bad,toward_bad,False
below_good,below_good/5,1,8,bad,toward_good,False
below_good,below_good/5,2,8,bad,toward_bad,False
below_good,below_good/5,3,8,bad,toward_bad,False
below_good,below_good/5,4,8,bad,toward_good,False
below_good,below_good/5,5,8,bad,toward_bad,False
below_good,below_good/5,6,8,bad,toward_bad,False
below_good,below_good/5,7,8,bad,,True
below_good,below_good/6,0,18,good,toward_good,False
below_good,below_good/6,1,18,good,toward_bad,False
below_good,below_good/6,2,18,bad,toward_good,False
below_good,below_good/6,3,18,bad,toward_bad,False
below_good,below_good/6,4,18,bad,toward_good,False
below_good,below_good/6,5,18,good,toward_bad,False
below_good,below_good/6,6,18,good,toward_bad,False
below_good,below_good/6,7,18,bad,toward_good,False
below_good,below_good/6,8,18,good,toward_good,False
below_good,below_good/6,9,18,good,toward_bad,False
below_good,below_good/6,10,18,bad,toward_good,False
below_good,below_good/6,11,18,good,toward_bad,False
below_good,below_good/6,12,18,bad,toward_good,False
below_good,below_good/6,13,18,good,toward_bad,False
below_good,below_good/6,14,18,good,toward_bad,False
below_good,below_good/6,15,18,good,toward_bad,False
below_good,below_good/6,16,18,good,toward_good,False
below_good,below_good/6,17,18,good,,True
below_good,below_good/7,0,17,good,toward_bad,False
below_good,below_good/7,1,17,bad,toward_bad,False
below_good,below_good/7,2,17,bad,toward_good,False
below_good,below_good/7,3,17,bad,toward_good,False
below_good,below_good/7,4,17,good,toward_bad,False
below_good,below_good/7,5,17,good,toward_bad,False
below_good,below_good/7,6,17,good,toward_good,False
below_good,below_good/7,7,17,good,toward_good,False
below_good,below_good/7,8,17,good,toward_good,False
below_good,below_good/7,9,17,good,toward_bad,False
below_good,below_good/7,10,17,bad,toward_good,False
below_good,below_good/7,11,17,good,toward_bad,False
below_good,below_good/7,12,17,good,toward_good,False
below_good,below_good/7,13,17,good,toward_bad,False
below_good,below_good/7,14,17,bad,toward_bad,False
below_good,below_good/7,15,17,bad,toward_good,False
below_good,below_good/7,16,17,good,,True
below_good,below_good/8,0,15,bad,toward_good,False
below_good,below_good/8,1,15,good,toward_bad,False
below_good,below_good/8,2,15,bad,toward_bad,False
below_good,below_good/8,3,15,bad,toward_good,False
below_good,below_good/8,4,15,good,toward_bad,False
below_good,below_good/8,5,15,bad,toward_good,False
below_good,below_good/8,6,15,bad,toward_good,False
below_good,below_good/8,7,15,good,toward_good,False
below_good,below_good/8,8,15,good,toward_bad,False
below_good,below_good/8,9,15,good,toward_good,False
below_good,below_good/8,10,15,good,toward_bad,False
below_good,below_good/8,11,15,good,toward_good,False
below_good,below_good/8,12,15,good,toward_bad,False
below_good,below_good/8,13,15,good,toward_good,False
below_good,below_good/8,14,15,good,,True
below_good,below_good/9,0,4,good,toward_bad,False
below_good,below_good/9,1,4,good,toward_bad,False
below_good,below_good/9,2,4,good,toward_bad,False
below_good,below_good/9,3,4,good,,True
below_good,below_good/10,0,56,bad,toward_good,False
below_good,below_good/10,1,56,bad,toward_good,False
below_good,below_good/10,2,56,good,toward_bad,False
below_good,below_good/10,3,56,good,toward_bad,False
below_good,below_good/10,4,56,bad,toward_good,False
below_good,below_good/10,5,56,good,toward_bad,False
below_good,below_good/10,6,56,good,toward_good,False
below_good,below_good/10,7,56,good,toward_bad,False
below_good,below_good/10,8,56,good,toward_bad,False
below_good,below_good/10,9,56,good,toward_good,False
below_good,below_good/10,10,56,good,toward_bad,False
below_good,below_good/10,11,56,good,toward_good,False
below_good,below_good/10,12,56,good,toward_good,False
below_good,below_good/10,13,56,good,toward_good,False
below_good,below_good/10,14,56,good,toward_bad,False
below_good,below_good/10,15,56,bad,toward_good,False
below_good,below_good/10,16,56,good,toward_bad,False
below_good,below_good/10,17,56,good,toward_good,False
below_good,below_good/10,18,56,good,toward_bad,False
below_good,below_good/10,19,56,good,toward_good,False
below_good,below_good/10,20,56,good,toward_bad,False
below_good,below_good/10,21,56,good,toward_bad,False
below_good,below_good/10,22,56,good,toward_bad,False
below_good,below_good/10,23,56,good,toward_bad,False
below_good,below_good/10,24,56,good,toward_good,False
below_good,below_good/10,25,56,good,toward_good,False
below_good,below_good/10,26,56,good,toward_bad,False
below_good,below_good/10,27,56,good,toward_good,False
below_good,below_good/10,28,56,good,toward_bad,False
below_good,below_good/10,29,56,good,toward_good,False
below_good,below_good/10,30,56,good,toward_bad,False
below_good,below_good/10,31,56,good,toward_good,False
below_good,below_good/10,32,56,good,toward_good,False
below_good,below_good/10,33,56,good,toward_bad,False
below_good,below_good/10,34,56,good,toward_good,False
below_good,below_good/10,35,56,good,toward_good,False
below_good,below_good/10,36,56,good,toward_good,False
below_good,below_good/10,37,56,good,toward_good,False
below_good,below_good/10,38,56,good,toward_bad,False
below_good,below_good/10,39,56,good,toward_good,False
below_good,below_good/10,40,56,good,toward_bad,False
below_good,below_good/10,41,56,good,toward_good,False
below_good,below_good/10,42,56,good,toward_bad,False
below_good,below_good/10,43,56,good,toward_good,False
below_good,below_good/10,44,56,good,toward_good,False
below_good,below_good/10,45,56,good,toward_good,False
below_good,below_good/10,46,56,good,toward_bad,False
below_good,below_good/10,47,56,good,toward_good,False
below_good,below_good/10,48,56,good,toward_bad,False
below_good,below_good/10,49,56,good,toward_good,False
below_good,below_good/10,50,56,good,toward_bad,False
below_good,below_good/10,51,56,bad,toward_good,False
below_good,below_good/10,52,56,good,toward_bad,False
below_good,below_good/10,53,56,bad,toward_good,False
below_good,below_good/10,54,56,bad,toward_good,False
below_good,below_good/10,55,56,good,,True
below_good,below_good/11,0,24,good,toward_bad,False
below_good,below_good/11,1,24,good,toward_good,False
below_good,below_good/11,2,24,good,toward_good,False
below_good,below_good/11,3,24,good,toward_bad,False
below_good,below_good/11,4,24,good,toward_good,False
below_good,below_good/11,5,24,good,toward_bad,False
below_good,below_good/11,6,24,good,toward_good,False
below_good,below_good/11,7,24,good,toward_good,False
below_good,below_good/11,8,24,good,toward_bad,False
below_good,below_good/11,9,24,good,toward_bad,False
below_good,below_good/11,10,24,good,toward_good,False
below_good,below_good/11,11,24,good,toward_good,False
below_good,below_good/11,12,24,good,toward_good,False
below_good,below_good/11,13,24,good,toward_bad,False
below_good,below_good/11,14,24,good,toward_good,False
below_good,below_good/11,15,24,good,toward_good,False
below_good,below_good/11,16,24,good,toward_bad,False
below_good,below_good/11,17,24,good,toward_bad,False
below_good,below_good/11,18,24,good,toward_bad,False
below_good,below_good/11,19,24,good,toward_good,False
below_good,below_good/11,20,24,good,toward_bad,False
below_good,below_good/11,21,24,good,toward_good,False
below_good,below_good/11,22,24,good,toward_bad,False
below_good,below_good/11,23,24,good,,True
below_good,below_good/12,0,30,bad,toward_good,False
below_good,below_good/12,1,30,bad,toward_bad,False
below_good,below_good/12,2,30,bad,toward_good,False
below_good,below_good/12,3,30,bad,toward_good,False
below_good,below_good/12,4,30,bad,toward_bad,False
below_good,below_good/12,5,30,bad,toward_good,False
below_good,below_good/12,6,30,bad,toward_bad,False
below_good,below_good/12,7,30,bad,toward_good,False
below_good,below_good/12,8,30,bad,toward_bad,False
below_good,below_good/12,9,30,bad,toward_good,False
below_good,below_good/12,10,30,bad,toward_bad,False
below_good,below_good/12,11,30,bad,toward_good,False
below_good,below_good/12,12,30,good,toward_bad,False
below_good,below_good/12,13,30,good,toward_good,False
below_good,below_good/12,14,30,good,toward_bad,False
below_good,below_good/12,15,30,good,toward_good,False
below_good,below_good/12,16,30,good,toward_good,False
below_good,below_good/12,17,30,good,toward_bad,False
below_good,below_good/12,18,30,good,toward_bad,False
below_good,below_good/12,19,30,good,toward_good,False
below_good,below_good/12,20,30,good,toward_good,False
below_good,below_good/12,21,30,good,toward_good,False
below_good,below_good/12,22,30,good,toward_bad,False
below_good,below_good/12,23,30,good,toward_good,False
below_good,below_good/12,24,30,good,toward_bad,False
below_good,below_good/12,25,30,good,toward_good,False
below_good,below_good/12,26,30,good,toward_good,False
below_good,below_good/12,27,30,good,toward_bad,False
below_good,below_good/12,28,30,good,toward_good,False
below_good,below_good/12,29,30,good,,True
below_good,below_good/13,0,36,good,toward_bad,False
below_good,below_good/13,1,36,bad,toward_good,False
below_good,below_good/13,2,36,good,toward_bad,False
below_good,below_good/13,3,36,bad,toward_good,False
below_good,below_good/13,4,36,good,toward_bad,False
below_good,below_good/13,5,36,bad,toward_bad,False
below_good,below_good/13,6,36,bad,toward_good,False
below_good,below_good/13,7,36,good,toward_bad,False
below_good,below_good/13,8,36,good,toward_bad,False
below_good,below_good/13,9,36,bad,toward_good,False
below_good,below_good/13,10,36,good,toward_bad,False
below_good,below_good/13,11,36,good,toward_bad,False
below_good,below_good/13,12,36,bad,toward_good,False
below_good,below_good/13,13,36,good,toward_bad,False
below_good,below_good/13,14,36,good,toward_good,False
below_good,below_good/13,15,36,good,toward_bad,False
below_good,below_good/13,16,36,good,toward_good,False
below_good,below_good/13,17,36,good,toward_good,False
below_good,below_good/13,18,36,good,toward_bad,False
below_good,below_good/13,19,36,good,toward_bad,False
below_good,below_good/13,20,36,good,toward_bad,False
below_good,below_good/13,21,36,good,toward_good,False
below_good,below_good/13,22,36,good,toward_bad,False
below_good,below_good/13,23,36,good,toward_bad,False
below_good,below_good/13,24,36,bad,toward_good,False
below_good,below_good/13,25,36,good,toward_bad,False
below_good,below_good/13,26,36,good,toward_bad,False
below_good,below_good/13,27,36,good,toward_good,False
below_good,below_good/13,28,36,good,toward_good,False
below_good,below_good/13,29,36,good,toward_good,False
below_good,below_good/13,30,36,good,toward_bad,False
below_good,below_good/13,31,36,good,toward_bad,False
below_good,below_good/13,32,36,good,toward_good,False
below_good,below_good/13,33,36,good,toward_bad,False
below_good,below_good/13,34,36,good,toward_good,False
below_good,below_good/13,35,36,good,,True
below_good,below_good/14,0,33,good,toward_bad,False
below_good,below_good/14,1,33,good,toward_bad,False
below_good,below_good/14,2,33,good,toward_bad,False
below_good,below_good/14,3,33,good,toward_good,False
below_good,below_good/14,4,33,good,toward_good,False
below_good,below_good/14,5,33,good,toward_bad,False
below_good,below_good/14,6,33,good,toward_good,False
below_good,below_good/14,7,33,good,toward_bad,False
below_good,below_good/14,8,33,good,toward_good,False
below_good,below_good/14,9,33,good,toward_bad,False
below_good,below_good/14,10,33,good,toward_good,False
below_good,below_good/14,11,33,good,toward_bad,False
below_good,below_good/14,12,33,good,toward_bad,False
below_good,below_good/14,13,33,good,toward_bad,False
below_good,below_good/14,14,33,good,toward_good,False
below_good,below_good/14,15,33,good,toward_good,False
below_good,below_good/14,16,33,good,toward_bad,False
below_good,below_good/14,17,33,good,toward_good,False
below_good,below_good/14,18,33,good,toward_good,False
below_good,below_good/14,19,33,good,toward_bad,False
below_good,below_good/14,20,33,good,toward_bad,False
below_good,below_good/14,21,33,good,toward_good,False
below_good,below_good/14,22,33,good,toward_good,False
below_good,below_good/14,23,33,good,toward_good,False
below_good,below_good/14,24,33,good,toward_bad,False
below_good,below_good/14,25,33,good,toward_bad,False
below_good,below_good/14,26,33,good,toward_good,False
below_good,below_good/14,27,33,good,toward_good,False
below_good,below_good/14,28,33,good,toward_bad,False
below_good,below_good/14,29,33,good,toward_good,False
below_good,below_good/14,30,33,good,toward_bad,False
below_good,below_good/14,31,33,good,toward_bad,False
below_good,below_good/14,32,33,good,,True
below_good,below_good/15,0,19,bad,toward_good,False
below_good,below_good/15,1,19,good,toward_bad,False
below_good,below_good/15,2,19,bad,toward_good,False
below_good,below_good/15,3,19,good,toward_bad,False
below_good,below_good/15,4,19,bad,toward_good,False
below_good,below_good/15,5,19,bad,toward_good,False
below_good,below_good/15,6,19,good,toward_bad,False
below_good,below_good/15,7,19,good,toward_bad,False
below_good,below_good/15,8,19,bad,toward_good,False
below_good,below_good/15,9,19,bad,toward_bad,False
below_good,below_good/15,10,19,bad,toward_good,False
below_good,below_good/15,11,19,good,toward_bad,False
below_good,below_good/15,12,19,bad,toward_good,False
below_good,below_good/15,13,19,bad,toward_good,False
below_good,below_good/15,14,19,bad,toward_bad,False
below_good,below_good/15,15,19,bad,toward_bad,False
below_good,below_good/15,16,19,bad,toward_good,False
below_good,below_good/15,17,19,good,toward_bad,False
below_good,below_good/15,18,19,bad,,True
below_good,below_good/16,0,17,good,toward_bad,False
below_good,below_good/16,1,17,good,toward_bad,False
below_good,below_good/16,2,17,good,toward_good,False
below_good,below_good/16,3,17,good,toward_bad,False
below_good,below_good/16,4,17,good,toward_bad,False
below_good,below_good/16,5,17,good,toward_good,False
below_good,below_good/16,6,17,good,toward_bad,False
below_good,below_good/16,7,17,good,toward_bad,False
below_good,below_good/16,8,17,good,toward_bad,False
below_good,below_good/16,9,17,good,toward_bad,False
below_good,below_good/16,10,17,good,toward_good,False
below_good,below_good/16,11,17,good,toward_bad,False
below_good,below_good/16,12,17,good,toward_good,False
below_good,below_good/16,13,17,good,toward_bad,False
below_good,below_good/16,14,17,good,toward_good,False
below_good,below_good/16,15,17,good,toward_bad,False
below_good,below_good/16,16,17,good,,True
below_good,below_good/17,0,34,good,toward_bad,False
below_good,below_good/17,1,34,bad,toward_good,False
below_good,below_good/17,2,34,good,toward_bad,False
below_good,below_good/17,3,34,bad,toward_good,False
below_good,below_good/17,4,34,good,toward_bad,False
below_good,below_good/17,5,34,bad,toward_good,False
below_good,below_good/17,6,34,bad,toward_bad,False
below_good,below_good/17,7,34,bad,toward_good,False
below_good,below_good/17,8,34,good,toward_bad,False
below_good,below_good/17,9,34,bad,toward_good,False
below_good,below_good/17,10,34,bad,toward_good,False
below_good,below_good/17,11,34,good,toward_bad,False
below_good,below_good/17,12,34,bad,toward_bad,False
below_good,below_good/17,13,34,bad,toward_good,False
below_good,below_good/17,14,34,good,toward_bad,False
below_good,below_good/17,15,34,bad,toward_good,False
below_good,below_good/17,16,34,bad,toward_good,False
below_good,below_good/17,17,34,bad,toward_bad,False
below_good,below_good/17,18,34,bad,toward_good,False
below_good,below_good/17,19,34,good,toward_bad,False
below_good,below_good/17,20,34,good,toward_good,False
below_good,below_good/17,21,34,good,toward_bad,False
below_good,below_good/17,22,34,bad,toward_good,False
below_good,below_good/17,23,34,good,toward_bad,False
below_good,below_good/17,24,34,good,toward_good,False
below_good,below_good/17,25,34,good,toward_bad,False
below_good,below_good/17,26,34,bad,toward_good,False
below_good,below_good/17,27,34,good,toward_bad,False
below_good,below_good/17,28,34,good,toward_bad,False
below_good,below_good/17,29,34,bad,toward_bad,False
below_good,below_good/17,30,34,bad,toward_good,False
below_good,below_good/17,31,34,good,toward_bad,False
below_good,below_good/17,32,34,good,toward_bad,False
below_good,below_good/17,33,34,good,,True
below_good,below_good/18,0,24,bad,toward_good,False
below_good,below_good/18,1,24,good,toward_bad,False
below_good,below_good/18,2,24,good,toward_bad,False
below_good,below_good/18,3,24,bad,toward_good,False
below_good,below_good/18,4,24,good,toward_bad,False
below_good,below_good/18,5,24,good,toward_good,False
below_good,below_good/18,6,24,good,toward_bad,False
below_good,below_good/18,7,24,good,toward_bad,False
below_good,below_good/18,8,24,bad,toward_bad,False
below_good,below_good/18,9,24,bad,toward_good,False
below_good,below_good/18,10,24,good,toward_good,False
below_good,below_good/18,11,24,good,toward_bad,False
below_good,below_good/18,12,24,good,toward_good,False
below_good,below_good/18,13,24,good,toward_bad,False
below_good,below_good/18,14,24,good,toward_bad,False
below_good,below_good/18,15,24,good,toward_good,False
below_good,below_good/18,16,24,good,toward_good,False
below_good,below_good/18,17,24,good,toward_bad,False
below_good,below_good/18,18,24,good,toward_good,False
below_good,below_good/18,19,24,good,toward_good,False
below_good,below_good/18,20,24,good,toward_bad,False
below_good,below_good/18,21,24,good,toward_good,False
below_good,below_good/18,22,24,good,toward_good,False
below_good,below_good/18,23,24,good,,True
below_good,below_good/19,0,15,good,toward_good,False
below_good,below_good/19,1,15,good,toward_bad,False
below_good,below_good/19,2,15,good,toward_good,False
below_good,below_good/19,3,15,good,toward_bad,False
below_good,below_good/19,4,15,good,toward_good,False
below_good,below_good/19,5,15,good,toward_bad,False
below_good,below_good/19,6,15,good,toward_bad,False
below_good,below_good/19,7,15,good,toward_bad,False
below_good,below_good/19,8,15,good,toward_bad,False
below_good,below_good/19,9,15,good,toward_good,False
below_good,below_good/19,10,15,good,toward_good,False
below_good,below_good/19,11,15,good,toward_bad,False
below_good,below_good/19,12,15,good,toward_good,False
below_good,below_good/19,13,15,good,toward_bad,False
below_good,below_good/19,14,15,good,,True
below_good,below_good/20,0,1,good,,True
below_good,below_good/21,0,30,bad,toward_good,False
below_good,below_good/21,1,30,good,toward_bad,False
below_good,below_good/21,2,30,bad,toward_good,False
below_good,below_good/21,3,30,good,toward_bad,False
below_good,below_good/21,4,30,good,toward_bad,False
below_good,below_good/21,5,30,bad,toward_good,False
below_good,below_good/21,6,30,good,toward_bad,False
below_good,below_good/21,7,30,good,toward_bad,False
below_good,below_good/21,8,30,bad,toward_good,False
below_good,below_good/21,9,30,good,toward_good,False
below_good,below_good/21,10,30,good,toward_good,False
below_good,below_good/21,11,30,good,toward_bad,False
below_good,below_good/21,12,30,good,toward_good,False
below_good,below_good/21,13,30,good,toward_good,False
below_good,below_good/21,14,30,good,toward_bad,False
below_good,below_good/21,15,30,good,toward_good,False
below_good,below_good/21,16,30,good,toward_bad,False
below_good,below_good/21,17,30,bad,toward_good,False
below_good,below_good/21,18,30,good,toward_good,False
below_good,below_good/21,19,30,good,toward_bad,False
below_good,below_good/21,20,30,good,toward_bad,False
below_good,below_good/21,21,30,good,toward_good,False
below_good,below_good/21,22,30,good,toward_bad,False
below_good,below_good/21,23,30,good,toward_bad,False
below_good,below_good/21,24,30,good,toward_good,False
below_good,below_good/21,25,30,good,toward_good,False
below_good,below_good/21,26,30,good,toward_bad,False
below_good,below_good/21,27,30,good,toward_bad,False
below_good,below_good/21,28,30,good,toward_good,False
below_good,below_good/21,29,30,good,,True
below_good,below_good/22,0,39,good,toward_bad,False
below_good,below_good/22,1,39,good,toward_bad,False
below_good,below_good/22,2,39,bad,toward_bad,False
below_good,below_good/22,3,39,bad,toward_good,False
below_good,below_good/22,4,39,bad,toward_good,False
below_good,below_good/22,5,39,good,toward_good,False
below_good,below_good/22,6,39,good,toward_bad,False
below_good,below_good/22,7,39,bad,toward_good,False
below_good,below_good/22,8,39,bad,toward_good,False
below_good,below_good/22,9,39,good,toward_bad,False
below_good,below_good/22,10,39,good,toward_bad,False
below_good,below_good/22,11,39,good,toward_bad,False
below_good,below_good/22,12,39,bad,toward_bad,False
below_good,below_good/22,13,39,bad,toward_good,False
below_good,below_good/22,14,39,good,toward_good,False
below_good,below_good/22,15,39,good,toward_bad,False
below_good,below_good/22,16,39,bad,toward_good,False
below_good,below_good/22,17,39,good,toward_bad,False
below_good,below_good/22,18,39,bad,toward_good,False
below_good,below_good/22,19,39,good,toward_bad,False
below_good,below_good/22,20,39,bad,toward_good,False
below_good,below_good/22,21,39,good,toward_good,False
below_good,below_good/22,22,39,good,toward_good,False
below_good,below_good/22,23,39,good,toward_bad,False
below_good,below_good/22,24,39,bad,toward_good,False
below_good,below_good/22,25,39,good,toward_bad,False
below_good,below_good/22,26,39,bad,toward_good,False
below_good,below_good/22,27,39,good,toward_good,False
below_good,below_good/22,28,39,good,toward_bad,False
below_good,below_good/22,29,39,good,toward_bad,False
below_good,below_good/22,30,39,good,toward_good,False
below_good,below_good/22,31,39,good,toward_bad,False
below_good,below_good/22,32,39,good,toward_bad,False
below_good,below_good/22,33,39,good,toward_good,False
below_good,below_good/22,34,39,good,toward_bad,False
below_good,below_good/22,35,39,good,toward_bad,False
below_good,below_good/22,36,39,good,toward_bad,False
below_good,below_good/22,37,39,good,toward_bad,False
below_good,below_good/22,38,39,good,,True
below_good,below_good/23,0,25,bad,toward_bad,False
below_good,below_good/23,1,25,bad,toward_good,False
below_good,below_good/23,2,25,good,toward_bad,False
below_good,below_good/23,3,25,good,toward_bad,False
below_good,below_good/23,4,25,bad,toward_bad,False
below_good,below_good/23,5,25,bad,toward_good,False
below_good,below_good/23,6,25,bad,toward_good,False
below_good,below_good/23,7,25,good,toward_bad,False
below_good,below_good/23,8,25,bad,toward_bad,False
below_good,below_good/23,9,25,bad,toward_bad,False
below_good,below_good/23,10,25,bad,toward_good,False
below_good,below_good/23,11,25,bad,toward_bad,False
below_good,below_good/23,12,25,bad,toward_good,False
below_good,below_good/23,13,25,bad,toward_bad,False
below_good,below_good/23,14,25,bad,toward_bad,False
below_good,below_good/23,15,25,bad,toward_good,False
below_good,below_good/23,16,25,bad,toward_good,False
below_good,below_good/23,17,25,bad,toward_good,False
below_good,below_good/23,18,25,bad,toward_good,False
below_good,below_good/23,19,25,bad,toward_good,False
below_good,below_good/23,20,25,good,toward_bad,False
below_good,below_good/23,21,25,bad,toward_good,False
below_good,below_good/23,22,25,bad,toward_bad,False
below_good,below_good/23,23,25,bad,toward_bad,False
below_good,below_good/23,24,25,bad,,True
below_good,below_good/24,0,28,good,toward_good,False
below_good,below_good/24,1,28,good,toward_bad,False
below_good,below_good/24,2,28,good,toward_bad,False
below_good,below_good/24,3,28,bad,toward_good,False
below_good,below_good/24,4,28,good,toward_bad,False
below_good,below_good/24,5,28,bad,toward_good,False
below_good,below_good/24,6,28,good,toward_bad,False
below_good,below_good/24,7,28,bad,toward_good,False
below_good,below_good/24,8,28,good,toward_bad,False
below_good,below_good/24,9,28,good,toward_bad,False
below_good,below_good/24,10,28,good,toward_good,False
below_good,below_good/24,11,28,good,toward_good,False
below_good,below_good/24,12,28,good,toward_good,False
below_good,below_good/24,13,28,good,toward_bad,False
below_good,below_good/24,14,28,bad,toward_good,False
below_good,below_good/24,15,28,bad,toward_good,False
below_good,below_good/24,16,28,good,toward_bad,False
below_good,below_good/24,17,28,good,toward_bad,False
below_good,below_good/24,18,28,good,toward_bad,False
below_good,below_good/24,19,28,good,toward_good,False
below_good,below_good/24,20,28,good,toward_bad,False
below_good,below_good/24,21,28,good,toward_good,False
below_good,below_good/24,22,28,good,toward_bad,False
below_good,below_good/24,23,28,good,toward_bad,False
below_good,below_good/24,24,28,good,toward_bad,False
below_good,below_good/24,25,28,good,toward_bad,False
below_good,below_good/24,26,28,good,toward_good,False
below_good,below_good/24,27,28,good,,True
below_good,below_good/25,0,13,good,toward_bad,False
below_good,below_good/25,1,13,good,toward_bad,False
below_good,below_good/25,2,13,good,toward_bad,False
below_good,below_good/25,3,13,good,toward_good,False
below_good,below_good/25,4,13,good,toward_bad,False
below_good,below_good/25,5,13,good,toward_bad,False
below_good,below_good/25,6,13,good,toward_bad,False
below_good,below_good/25,7,13,good,toward_good,False
below_good,below_good/25,8,13,good,toward_good,False
below_good,below_good/25,9,13,good,toward_good,False
below_good,below_good/25,10,13,good,toward_bad,False
below_good,below_good/25,11,13,good,toward_bad,False
below_good,below_good/25,12,13,good,,True
below_good,below_good/26,0,21,good,toward_bad,False
below_good,below_good/26,1,21,bad,toward_good,False
below_good,below_good/26,2,21,good,toward_bad,False
below_good,below_good/26,3,21,good,toward_bad,False
below_good,below_good/26,4,21,good,toward_good,False
below_good,below_good/26,5,21,good,toward_good,False
below_good,below_good/26,6,21,good,toward_bad,False
below_good,below_good/26,7,21,bad,toward_good,False
below_good,below_good/26,8,21,good,toward_bad,False
below_good,below_good/26,9,21,bad,toward_good,False
below_good,below_good/26,10,21,good,toward_good,False
below_good,below_good/26,11,21,good,toward_bad,False
below_good,below_good/26,12,21,good,toward_good,False
below_good,below_good/26,13,21,good,toward_bad,False
below_good,below_good/26,14,21,good,toward_bad,False
below_good,below_good/26,15,21,good,toward_good,False
below_good,below_good/26,16,21,good,toward_bad,False
below_good,below_good/26,17,21,good,toward_good,False
below_good,below_good/26,18,21,good,toward_bad,False
below_good,below_good/26,19,21,good,toward_bad,False
below_good,below_good/26,20,21,good,,True
below_good,below_good/27,0,17,bad,toward_good,False
below_good,below_good/27,1,17,good,toward_bad,False
below_good,below_good/27,2,17,good,toward_bad,False
below_good,below_good/27,3,17,good,toward_good,False
below_good,below_good/27,4,17,good,toward_bad,False
below_good,below_good/27,5,17,good,toward_good,False
below_good,below_good/27,6,17,good,toward_bad,False
below_good,below_good/27,7,17,good,toward_bad,False
below_good,below_good/27,8,17,good,toward_bad,False
below_good,below_good/27,9,17,good,toward_bad,False
below_good,below_good/27,10,17,good,toward_good,False
below_good,below_good/27,11,17,good,toward_bad,False
below_good,below_good/27,12,17,good,toward_bad,False
below_good,below_good/27,13,17,good,toward_good,False
below_good,below_good/27,14,17,good,toward_good,False
below_good,below_good/27,15,17,good,toward_bad,False
below_good,below_good/27,16,17,good,,True
below_good,below_good/28,0,26,bad,toward_bad,False
below_good,below_good/28,1,26,bad,toward_good,False
below_good,below_good/28,2,26,bad,toward_bad,False
below_good,below_good/28,3,26,bad,toward_good,False
below_good,below_good/28,4,26,bad,toward_good,False
below_good,below_good/28,5,26,bad,toward_good,False
below_good,below_good/28,6,26,bad,toward_good,False
below_good,below_good/28,7,26,bad,toward_bad,False
below_good,below_good/28,8,26,bad,toward_good,False
below_good,below_good/28,9,26,bad,toward_bad,False
below_good,below_good/28,10,26,bad,toward_good,False
below_good,below_good/28,11,26,bad,toward_bad,False
below_good,below_good/28,12,26,bad,toward_bad,False
below_good,below_good/28,13,26,bad,toward_bad,False
below_good,below_good/28,14,26,bad,toward_good,False
below_good,below_good/28,15,26,bad,toward_good,False
below_good,below_good/28,16,26,bad,toward_bad,False
below_good,below_good/28,17,26,bad,toward_bad,False
below_good,below_good/28,18,26,bad,toward_bad,False
below_good,below_good/28,19,26,bad,toward_good,False
below_good,below_good/28,20,26,bad,toward_bad,False
below_good,below_good/28,21,26,bad,toward_bad,False
below_good,below_good/28,22,26,bad,toward_bad,False
below_good,below_good/28,23,26,bad,toward_bad,False
below_good,below_good/28,24,26,bad,toward_good,False
below_good,below_good/28,25,26,bad,,True
below_good,below_good/29,0,23,good,toward_good,False
below_good,below_good/29,1,23,good,toward_bad,False
below_good,below_good/29,2,23,good,toward_good,False
below_good,below_good/29,3,23,good,toward_bad,False
below_good,below_good/29,4,23,good,toward_bad,False
below_good,below_good/29,5,23,good,toward_good,False
below_good,below_good/29,6,23,good,toward_bad,False
below_good,below_good/29,7,23,good,toward_good,False
below_good,below_good/29,8,23,good,toward_bad,False
below_good,below_good/29,9,23,good,toward_good,False
below_good,below_good/29,10,23,good,toward_bad,False
below_good,below_good/29,11,23,good,toward_good,False
below_good,below_good/29,12,23,good,toward_bad,False
below_good,below_good/29,13,23,good,toward_good,False
below_good,below_good/29,14,23,good,toward_bad,False
below_good,below_good/29,15,23,good,toward_good,False
below_good,below_good/29,16,23,good,toward_bad,False
below_good,below_good/29,17,23,good,toward_good,False
below_good,below_good/29,18,23,good,toward_bad,False
below_good,below_good/29,19,23,good,toward_bad,False
below_good,below_good/29,20,23,good,toward_bad,False
below_good,below_good/29,21,23,good,toward_good,False
below_good,below_good/29,22,23,good,,True
below_good,below_good/30,0,34,bad,toward_good,False
below_good,below_good/30,1,34,good,toward_bad,False
below_good,below_good/30,2,34,bad,toward_good,False
below_good,below_good/30,3,34,bad,toward_good,False
below_good,below_good/30,4,34,bad,toward_good,False
below_good,below_good/30,5,34,good,toward_bad,False
below_good,below_good/30,6,34,bad,toward_good,False
below_good,below_good/30,7,34,good,toward_bad,False
below_good,below_good/30,8,34,good,toward_good,False
below_good,below_good/30,9,34,good,toward_bad,False
below_good,below_good/30,10,34,bad,toward_good,False
below_good,below_good/30,11,34,good,toward_bad,False
below_good,below_good/30,12,34,bad,toward_good,False
below_good,below_good/30,13,34,good,toward_bad,False
below_good,below_good/30,14,34,good,toward_bad,False
below_good,below_good/30,15,34,good,toward_bad,False
below_good,below_good/30,16,34,bad,toward_good,False
below_good,below_good/30,17,34,good,toward_bad,False
below_good,below_good/30,18,34,bad,toward_good,False
below_good,below_good/30,19,34,good,toward_bad,False
below_good,below_good/30,20,34,good,toward_bad,False
below_good,below_good/30,21,34,good,toward_bad,False
below_good,below_good/30,22,34,good,toward_good,False
below_good,below_good/30,23,34,good,toward_bad,False
below_good,below_good/30,24,34,good,toward_bad,False
below_good,below_good/30,25,34,bad,toward_good,False
below_good,below_good/30,26,34,bad,toward_good,False
below_good,below_good/30,27,34,good,toward_good,False
below_good,below_good/30,28,34,good,toward_good,False
below_good,below_good/30,29,34,good,toward_bad,False
below_good,below_good/30,30,34,good,toward_bad,False
below_good,below_good/30,31,34,good,toward_bad,False
below_good,below_good/30,32,34,good,toward_good,False
below_good,below_good/30,33,34,good,,True
below_good,below_good/31,0,47,bad,toward_good,False
below_good,below_good/31,1,47,good,toward_good,False
below_good,below_good/31,2,47,good,toward_bad,False
below_good,below_good/31,3,47,bad,toward_good,False
below_good,below_good/31,4,47,good,toward_bad,False
below_good,below_good/31,5,47,good,toward_bad,False
below_good,below_good/31,6,47,bad,toward_good,False
below_good,below_good/31,7,47,good,toward_bad,False
below_good,below_good/31,8,47,bad,toward_good,False
below_good,below_good/31,9,47,good,toward_bad,False
below_good,below_good/31,10,47,good,toward_good,False
below_good,below_good/31,11,47,good,toward_bad,False
below_good,below_good/31,12,47,good,toward_bad,False
below_good,below_good/31,13,47,good,toward_bad,False
below_good,below_good/31,14,47,bad,toward_good,False
below_good,below_good/31,15,47,good,toward_bad,False
below_good,below_good/31,16,47,good,toward_good,False
below_good,below_good/31,17,47,good,toward_bad,False
below_good,below_good/31,18,47,good,toward_bad,False
below_good,below_good/31,19,47,good,toward_bad,False
below_good,below_good/31,20,47,good,toward_bad,False
below_good,below_good/31,21,47,good,toward_bad,False
below_good,below_good/31,22,47,good,toward_good,False
below_good,below_good/31,23,47,good,toward_bad,False
below_good,below_good/31,24,47,good,toward_bad,False
below_good,below_good/31,25,47,good,toward_good,False
below_good,below_good/31,26,47,good,toward_good,False
below_good,below_good/31,27,47,good,toward_bad,False
below_good,below_good/31,28,47,good,toward_bad,False
below_good,below_good/31,29,47,good,toward_bad,False
below_good,below_good/31,30,47,good,toward_bad,False
below_good,below_good/31,31,47,good,toward_good,False
below_good,below_good/31,32,47,good,toward_bad,False
below_good,below_good/31,33,47,good,toward_bad,False
below_good,below_good/31,34,47,good,toward_bad,False
below_good,below_good/31,35,47,bad,toward_good,False
below_good,below_good/31,36,47,good,toward_bad,False
below_good,below_good/31,37,47,good,toward_bad,False
below_good,below_good/31,38,47,good,toward_good,False
below_good,below_good/31,39,47,good,toward_bad,False
below_good,below_good/31,40,47,good,toward_bad,False
below_good,below_good/31,41,47,bad,toward_good,False
below_good,below_good/31,42,47,good,toward_bad,False
below_good,below_good/31,43,47,bad,toward_good,False
below_good,below_good/31,44,47,bad,toward_good,False
below_good,below_good/31,45,47,good,toward_bad,False
below_good,below_good/31,46,47,good,,True
below_good,below_good/32,0,15,bad,toward_good,False
below_good,below_good/32,1,15,good,toward_good,False
below_good,below_good/32,2,15,good,toward_bad,False
below_good,below_good/32,3,15,good,toward_good,False
below_good,below_good/32,4,15,good,toward_good,False
below_good,below_good/32,5,15,good,toward_bad,False
below_good,below_good/32,6,15,bad,toward_good,False
below_good,below_good/32,7,15,good,toward_bad,False
below_good,below_good/32,8,15,good,toward_good,False
below_good,below_good/32,9,15,good,toward_bad,False
below_good,below_good/32,10,15,good,toward_good,False
below_good,below_good/32,11,15,good,toward_good,False
below_good,below_good/32,12,15,good,toward_good,False
below_good,below_good/32,13,15,good,toward_bad,False
below_good,below_good/32,14,15,good,,True
below_good,below_good/33,0,16,bad,toward_bad,False
below_good,below_good/33,1,16,bad,toward_good,False
below_good,below_good/33,2,16,bad,toward_bad,False
below_good,below_good/33,3,16,bad,toward_bad,False
below_good,below_good/33,4,16,bad,toward_good,False
below_good,below_good/33,5,16,bad,toward_bad,False
below_good,below_good/33,6,16,bad,toward_bad,False
below_good,below_good/33,7,16,bad,toward_good,False
below_good,below_good/33,8,16,bad,toward_bad,False
below_good,below_good/33,9,16,bad,toward_bad,False
below_good,below_good/33,10,16,bad,toward_good,False
below_good,below_good/33,11,16,bad,toward_good,False
below_good,below_good/33,12,16,bad,toward_bad,False
below_good,below_good/33,13,16,bad,toward_bad,False
below_good,below_good/33,14,16,bad,toward_good,False
below_good,below_good/33,15,16,bad,,True
below_good,below_good/34,0,49,bad,toward_good,False
below_good,below_good/34,1,49,good,toward_good,False
below_good,below_good/34,2,49,good,toward_bad,False
below_good,below_good/34,3,49,good,toward_bad,False
below_good,below_good/34,4,49,bad,toward_good,False
below_good,below_good/34,5,49,good,toward_bad,False
below_good,below_good/34,6,49,bad,toward_good,False
below_good,below_good/34,7,49,good,toward_bad,False
below_good,below_good/34,8,49,good,toward_bad,False
below_good,below_good/34,9,49,bad,toward_good,False
below_good,below_good/34,10,49,good,toward_good,False
below_good,below_good/34,11,49,good,toward_bad,False
below_good,below_good/34,12,49,bad,toward_bad,False
below_good,below_good/34,13,49,bad,toward_good,False
below_good,below_good/34,14,49,bad,toward_good,False
below_good,below_good/34,15,49,good,toward_bad,False
below_good,below_good/34,16,49,bad,toward_good,False
below_good,below_good/34,17,49,good,toward_good,False
below_good,below_good/34,18,49,good,toward_bad,False
below_good,below_good/34,19,49,good,toward_bad,False
below_good,below_good/34,20,49,good,toward_good,False
below_good,below_good/34,21,49,good,toward_good,False
below_good,below_good/34,22,49,good,toward_good,False
below_good,below_good/34,23,49,good,toward_good,False
below_good,below_good/34,24,49,good,toward_bad,False
below_good,below_good/34,25,49,good,toward_bad,False
below_good,below_good/34,26,49,bad,toward_good,False
below_good,below_good/34,27,49,good,toward_good,False
below_good,below_good/34,28,49,good,toward_bad,False
below_good,below_good/34,29,49,good,toward_bad,False
below_good,below_good/34,30,49,good,toward_bad,False
below_good,below_good/34,31,49,bad,toward_good,False
below_good,below_good/34,32,49,good,toward_bad,False
below_good,below_good/34,33,49,good,toward_good,False
below_good,below_good/34,34,49,good,toward_bad,False
below_good,below_good/34,35,49,good,toward_bad,False
below_good,below_good/34,36,49,good,toward_bad,False
below_good,below_good/34,37,49,good,toward_good,False
below_good,below_good/34,38,49,good,toward_bad,False
below_good,below_good/34,39,49,good,toward_bad,False
below_good,below_good/34,40,49,good,toward_bad,False
below_good,below_good/34,41,49,good,toward_bad,False
below_good,below_good/34,42,49,good,toward_bad,False
below_good,below_good/34,43,49,bad,toward_good,False
below_good,below_good/34,44,49,bad,toward_good,False
below_good,below_good/34,45,49,good,toward_bad,False
below_good,below_good/34,46,49,good,toward_bad,False
below_good,below_good/34,47,49,good,toward_good,False
below_good,below_good/34,48,49,good,,True
below_good,below_good/35,0,24,good,toward_good,False
below_good,below_good/35,1,24,good,toward_bad,False
below_good,below_good/35,2,24,good,toward_good,False
below_good,below_good/35,3,24,good,toward_good,False
below_good,below_good/35,4,24,good,toward_bad,False
below_good,below_good/35,5,24,good,toward_good,False
below_good,below_good/35,6,24,good,toward_bad,False
below_good,below_good/35,7,24,good,toward_bad,False
below_good,below_good/35,8,24,good,toward_good,False
below_good,below_good/35,9,24,good,toward_bad,False
below_good,below_good/35,10,24,good,toward_bad,False
below_good,below_good/35,11,24,good,toward_good,False
below_good,below_good/35,12,24,good,toward_good,False
below_good,below_good/35,13,24,good,toward_good,False
below_good,below_good/35,14,24,good,toward_bad,False
below_good,below_good/35,15,24,good,toward_bad,False
below_good,below_good/35,16,24,good,toward_good,False
below_good,below_good/35,17,24,good,toward_bad,False
below_good,below_good/35,18,24,good,toward_good,False
below_good,below_good/35,19,24,good,toward_bad,False
below_good,below_good/35,20,24,good,toward_bad,False
below_good,below_good/35,21,24,good,toward_good,False
below_good,below_good/35,22,24,good,toward_bad,False
below_good,below_good/35,23,24,good,,True
below_good,below_good/36,0,22,good,toward_bad,False
below_good,below_good/36,1,22,bad,toward_good,False
below_good,below_good/36,2,22,good,toward_bad,False
below_good,below_good/36,3,22,good,toward_good,False
below_good,below_good/36,4,22,good,toward_good,False
below_good,below_good/36,5,22,good,toward_bad,False
below_good,below_good/36,6,22,good,toward_good,False
below_good,below_good/36,7,22,good,toward_bad,False
below_good,below_good/36,8,22,good,toward_bad,False
below_good,below_good/36,9,22,good,toward_bad,False
below_good,below_good/36,10,22,good,toward_good,False
below_good,below_good/36,11,22,good,toward_bad,False
below_good,below_good/36,12,22,good,toward_bad,False
below_good,below_good/36,13,22,good,toward_good,False
below_good,below_good/36,14,22,good,toward_good,False
below_good,below_good/36,15,22,good,toward_bad,False
below_good,below_good/36,16,22,good,toward_good,False
below_good,below_good/36,17,22,good,toward_bad,False
below_good,below_good/36,18,22,good,toward_bad,False
below_good,below_good/36,19,22,good,toward_bad,False
below_good,below_good/36,20,22,good,toward_good,False
below_good,below_good/36,21,22,good,,True
below_good,below_good/37,0,21,bad,toward_bad,False
below_good,below_good/37,1,21,bad,toward_good,False
below_good,below_good/37,2,21,good,toward_bad,False
below_good,below_good/37,3,21,good,toward_bad,False
below_good,below_good/37,4,21,bad,toward_good,False
below_good,below_good/37,5,21,bad,toward_good,False
below_good,below_good/37,6,21,good,toward_good,False
below_good,below_good/37,7,21,good,toward_bad,False
below_good,below_good/37,8,21,good,toward_bad,False
below_good,below_good/37,9,21,good,toward_good,False
below_good,below_good/37,10,21,good,toward_good,False
below_good,below_good/37,11,21,good,toward_good,False
below_good,below_good/37,12,21,good,toward_bad,False
below_good,below_good/37,13,21,good,toward_bad,False
below_good,below_good/37,14,21,good,toward_good,False
below_good,below_good/37,15,21,good,toward_bad,False
below_good,below_good/37,16,21,good,toward_bad,False
below_good,below_good/37,17,21,good,toward_good,False
below_good,below_good/37,18,21,good,toward_bad,False
below_good,below_good/37,19,21,good,toward_good,False
below_good,below_good/37,20,21,good,,True
below_good,below_good/38,0,23,bad,toward_good,False
below_good,below_good/38,1,23,bad,toward_good,False
below_good,below_good/38,2,23,bad,toward_bad,False
below_good,below_good/38,3,23,bad,toward_bad,False
below_good,below_good/38,4,23,bad,toward_good,False
below_good,below_good/38,5,23,bad,toward_bad,False
below_good,below_good/38,6,23,bad,toward_good,False
below_good,below_good/38,7,23,bad,toward_bad,False
below_good,below_good/38,8,23,bad,toward_good,False
below_good,below_good/38,9,23,bad,toward_bad,False
below_good,below_good/38,10,23,bad,toward_bad,False
below_good,below_good/38,11,23,bad,toward_bad,False
below_good,below_good/38,12,23,bad,toward_good,False
below_good,below_good/38,13,23,bad,toward_bad,False
below_good,below_good/38,14,23,bad,toward_bad,False
below_good,below_good/38,15,23,bad,toward_good,False
below_good,below_good/38,16,23,good,toward_good,False
below_good,below_good/38,17,23,good,toward_bad,False
below_good,below_good/38,18,23,good,toward_bad,False
below_good,below_good/38,19,23,bad,toward_good,False
below_good,below_good/38,20,23,bad,toward_good,False
below_good,below_good/38,21,23,bad,toward_bad,False
below_good,below_good/38,22,23,bad,,True
below_good,below_good/39,0,22,bad,toward_good,False
below_good,below_good/39,1,22,good,toward_bad,False
below_good,below_good/39,2,22,bad,toward_good,False
below_good,below_good/39,3,22,bad,toward_good,False
below_good,below_good/39,4,22,good,toward_good,False
below_good,below_good/39,5,22,good,toward_bad,False
below_good,below_good/39,6,22,good,toward_good,False
below_good,below_good/39,7,22,good,toward_bad,False
below_good,below_good/39,8,22,good,toward_bad,False
below_good,below_good/39,9,22,bad,toward_good,False
below_good,below_good/39,10,22,good,toward_bad,False
below_good,below_good/39,11,22,bad,toward_good,False
below_good,below_good/39,12,22,good,toward_good,False
below_good,below_good/39,13,22,good,toward_bad,False
below_good,below_good/39,14,22,good,toward_good,False
below_good,below_good/39,15,22,good,toward_bad,False
below_good,below_good/39,16,22,good,toward_good,False
below_good,below_good/39,17,22,good,toward_good,False
below_good,below_good/39,18,22,good,toward_bad,False
below_good,below_good/39,19,22,good,toward_good,False
below_good,below_good/39,20,22,good,toward_bad,False
below_good,below_good/39,21,22,good,,True
below_good,below_good/42,0,20,good,toward_bad,False
below_good,below_good/42,1,20,good,toward_good,False
below_good,below_good/42,2,20,good,toward_bad,False
below_good,below_good/42,3,20,good,toward_bad,False
below_good,below_good/42,4,20,good,toward_good,False
below_good,below_good/42,5,20,good,toward_bad,False
below_good,below_good/42,6,20,good,toward_good,False
below_good,below_good/42,7,20,good,toward_good,False
below_good,below_good/42,8,20,good,toward_bad,False
below_good,below_good/42,9,20,good,toward_good,False
below_good,below_good/42,10,20,good,toward_bad,False
below_good,below_good/42,11,20,good,toward_bad,False
below_good,below_good/42,12,20,good,toward_good,False
below_good,below_good/42,13,20,good,toward_bad,False
below_good,below_good/42,14,20,good,toward_good,False
below_good,below_good/42,15,20,good,toward_bad,False
below_good,below_good/42,16,20,good,toward_good,False
below_good,below_good/42,17,20,good,toward_bad,False
below_good,below_good/42,18,20,good,toward_good,False
below_good,below_good/42,19,20,good,,True
below_good,below_good/44,0,19,bad,toward_good,False
below_good,below_good/44,1,19,good,toward_bad,False
below_good,below_good/44,2,19,bad,toward_good,False
below_good,below_good/44,3,19,good,toward_good,False
below_good,below_good/44,4,19,good,toward_bad,False
below_good,below_good/44,5,19,good,toward_bad,False
below_good,below_good/44,6,19,bad,toward_good,False
below_good,below_good/44,7,19,good,toward_good,False
below_good,below_good/44,8,19,good,toward_good,False
below_good,below_good/44,9,19,good,toward_bad,False
below_good,below_good/44,10,19,good,toward_good,False
below_good,below_good/44,11,19,good,toward_bad,False
below_good,below_good/44,12,19,good,toward_bad,False
below_good,below_good/44,13,19,good,toward_good,False
below_good,below_good/44,14,19,good,toward_bad,False
below_good,below_good/44,15,19,good,toward_good,False
below_good,below_good/44,16,19,good,toward_bad,False
below_good,below_good/44,17,19,good,toward_good,False
below_good,below_good/44,18,19,good,,True
below_good,below_good/47,0,21,bad,toward_good,False
below_good,below_good/47,1,21,bad,toward_good,False
below_good,below_good/47,2,21,good,toward_bad,False
below_good,below_good/47,3,21,bad,toward_bad,False
below_good,below_good/47,4,21,bad,toward_bad,False
below_good,below_good/47,5,21,bad,toward_good,False
below_good,below_good/47,6,21,bad,toward_bad,False
below_good,below_good/47,7,21,bad,toward_bad,False
below_good,below_good/47,8,21,bad,toward_good,False
below_good,below_good/47,9,21,bad,toward_good,False
below_good,below_good/47,10,21,good,toward_bad,False
below_good,below_good/47,11,21,bad,toward_good,False
below_good,below_good/47,12,21,bad,toward_bad,False
below_good,below_good/47,13,21,bad,toward_good,False
below_good,below_good/47,14,21,bad,toward_bad,False
below_good,below_good/47,15,21,bad,toward_bad,False
below_good,below_good/47,16,21,bad,toward_good,False
below_good,below_good/47,17,21,bad,toward_bad,False
below_good,below_good/47,18,21,bad,toward_good,False
below_good,below_good/47,19,21,bad,toward_bad,False
below_good,below_good/47,20,21,bad,,True
below_good,below_good/48,0,34,bad,toward_good,False
below_good,below_good/48,1,34,bad,toward_bad,False
below_good,below_good/48,2,34,bad,toward_good,False
below_good,below_good/48,3,34,bad,toward_bad,False
below_good,below_good/48,4,34,bad,toward_good,False
below_good,below_good/48,5,34,bad,toward_good,False
below_good,below_good/48,6,34,bad,toward_bad,False
below_good,below_good/48,7,34,bad,toward_good,False
below_good,below_good/48,8,34,bad,toward_bad,False
below_good,below_good/48,9,34,bad,toward_good,False
below_good,below_good/48,10,34,bad,toward_bad,False
below_good,below_good/48,11,34,bad,toward_good,False
below_good,below_good/48,12,34,bad,toward_good,False
below_good,below_good/48,13,34,bad,toward_bad,False
below_good,below_good/48,14,34,bad,toward_good,False
below_good,below_good/48,15,34,bad,toward_good,False
below_good,below_good/48,16,34,bad,toward_good,False
below_good,below_good/48,17,34,good,toward_bad,False
below_good,below_good/48,18,34,bad,toward_bad,False
below_good,below_good/48,19,34,bad,toward_good,False
below_good,below_good/48,20,34,bad,toward_bad,False
below_good,below_good/48,21,34,bad,toward_good,False
below_good,below_good/48,22,34,bad,toward_bad,False
below_good,below_good/48,23,34,bad,toward_bad,False
below_good,below_good/48,24,34,bad,toward_good,False
below_good,below_good/48,25,34,bad,toward_bad,False
below_good,below_good/48,26,34,bad,toward_bad,False
below_good,below_good/48,27,34,bad,toward_good,False
below_good,below_good/48,28,34,bad,toward_bad,False
below_good,below_good/48,29,34,bad,toward_good,False
below_good,below_good/48,30,34,bad,toward_bad,False
below_good,below_good/48,31,34,bad,toward_good,False
below_good,below_good/48,32,34,bad,toward_good,False
below_good,below_good/48,33,34,bad,,True
below_good,below_good/49,0,19,bad,toward_bad,False
below_good,below_good/49,1,19,bad,toward_good,False
below_good,below_good/49,2,19,good,toward_bad,False
below_good,below_good/49,3,19,bad,toward_good,False
below_good,below_good/49,4,19,good,toward_good,False
below_good,below_good/49,5,19,good,toward_bad,False
below_good,below_good/49,6,19,bad,toward_good,False
below_good,below_good/49,7,19,good,toward_bad,False
below_good,below_good/49,8,19,good,toward_bad,False
below_good,below_good/49,9,19,bad,toward_bad,False
below_good,below_good/49,10,19,bad,toward_good,False
below_good,below_good/49,11,19,good,toward_bad,False
below_good,below_good/49,12,19,bad,toward_good,False
below_good,below_good/49,13,19,good,toward_bad,False
below_good,below_good/49,14,19,good,toward_bad,False
below_good,below_good/49,15,19,good,toward_bad,False
below_good,below_good/49,16,19,bad,toward_bad,False
below_good,below_good/49,17,19,bad,toward_good,False
below_good,below_good/49,18,19,good,,True
below_good,below_good/50,0,4,bad,toward_good,False
below_good,below_good/50,1,4,bad,toward_good,False
below_good,below_good/50,2,4,bad,toward_good,False
below_good,below_good/50,3,4,bad,,True
below_good,below_good/51,0,14,good,toward_bad,False
below_good,below_good/51,1,14,good,toward_bad,False
below_good,below_good/51,2,14,bad,toward_good,False
below_good,below_good/51,3,14,good,toward_bad,False
below_good,below_good/51,4,14,good,toward_good,False
below_good,below_good/51,5,14,good,toward_good,False
below_good,below_good/51,6,14,good,toward_bad,False
below_good,below_good/51,7,14,good,toward_bad,False
below_good,below_good/51,8,14,good,toward_bad,False
below_good,below_good/51,9,14,bad,toward_good,False
below_good,below_good/51,10,14,good,toward_good,False
below_good,below_good/51,11,14,good,toward_bad,False
below_good,below_good/51,12,14,good,toward_bad,False
below_good,below_good/51,13,14,good,,True
below_good,below_good/52,0,16,bad,toward_good,False
below_good,below_good/52,1,16,bad,toward_good,False
below_good,below_good/52,2,16,bad,toward_bad,False
below_good,below_good/52,3,16,bad,toward_good,False
below_good,below_good/52,4,16,bad,toward_good,False
below_good,below_good/52,5,16,bad,toward_good,False
below_good,below_good/52,6,16,bad,toward_bad,False
below_good,below_good/52,7,16,bad,toward_good,False
below_good,below_good/52,8,16,bad,toward_good,False
below_good,below_good/52,9,16,bad,toward_bad,False
below_good,below_good/52,10,16,bad,toward_bad,False
below_good,below_good/52,11,16,bad,toward_good,False
below_good,below_good/52,12,16,bad,toward_good,False
below_good,below_good/52,13,16,bad,toward_bad,False
below_good,below_good/52,14,16,bad,toward_good,False
below_good,below_good/52,15,16,bad,,True
below_good,below_good/53,0,40,bad,toward_good,False
below_good,below_good/53,1,40,bad,toward_good,False
below_good,below_good/53,2,40,good,toward_bad,False
below_good,below_good/53,3,40,bad,toward_good,False
below_good,below_good/53,4,40,good,toward_bad,False
below_good,below_good/53,5,40,bad,toward_good,False
below_good,below_good/53,6,40,good,toward_bad,False
below_good,below_good/53,7,40,bad,toward_good,False
below_good,below_good/53,8,40,good,toward_good,False
below_good,below_good/53,9,40,good,toward_bad,False
below_good,below_good/53,10,40,good,toward_bad,False
below_good,below_good/53,11,40,good,toward_bad,False
below_good,below_good/53,12,40,good,toward_good,False
below_good,below_good/53,13,40,good,toward_bad,False
below_good,below_good/53,14,40,good,toward_bad,False
below_good,below_good/53,15,40,good,toward_good,False
below_good,below_good/53,16,40,good,toward_bad,False
below_good,below_good/53,17,40,bad,toward_good,False
below_good,below_good/53,18,40,good,toward_bad,False
below_good,below_good/53,19,40,good,toward_good,False
below_good,below_good/53,20,40,good,toward_bad,False
below_good,below_good/53,21,40,good,toward_good,False
below_good,below_good/53,22,40,good,toward_good,False
below_good,below_good/53,23,40,good,toward_good,False
below_good,below_good/53,24,40,good,toward_bad,False
below_good,below_good/53,25,40,good,toward_bad,False
below_good,below_good/53,26,40,good,toward_good,False
below_good,below_good/53,27,40,good,toward_good,False
below_good,below_good/53,28,40,good,toward_good,False
below_good,below_good/53,29,40,good,toward_good,False
below_good,below_good/53,30,40,good,toward_bad,False
below_good,below_good/53,31,40,good,toward_bad,False
below_good,below_good/53,32,40,bad,toward_good,False
below_good,below_good/53,33,40,good,toward_bad,False
below_good,below_good/53,34,40,good,toward_good,False
below_good,below_good/53,35,40,good,toward_bad,False
below_good,below_good/53,36,40,good,toward_good,False
below_good,below_good/53,37,40,good,toward_bad,False
below_good,below_good/53,38,40,good,toward_good,False
below_good,below_good/53,39,40,good,,True
below_good,below_good/54,0,23,bad,toward_bad,False
below_good,below_good/54,1,23,bad,toward_good,False
below_good,below_good/54,2,23,bad,toward_good,False
below_good,below_good/54,3,23,good,toward_bad,False
below_good,below_good/54,4,23,bad,toward_good,False
below_good,below_good/54,5,23,bad,toward_good,False
below_good,below_good/54,6,23,good,toward_bad,False
below_good,below_good/54,7,23,good,toward_good,False
below_good,below_good/54,8,23,good,toward_bad,False
below_good,below_good/54,9,23,bad,toward_good,False
below_good,below_good/54,10,23,good,toward_bad,False
below_good,below_good/54,11,23,bad,toward_good,False
below_good,below_good/54,12,23,bad,toward_good,False
below_good,below_good/54,13,23,bad,toward_bad,False
below_good,below_good/54,14,23,bad,toward_good,False
below_good,below_good/54,15,23,good,toward_bad,False
below_good,below_good/54,16,23,bad,toward_good,False
below_good,below_good/54,17,23,bad,toward_bad,False
below_good,below_good/54,18,23,bad,toward_good,False
below_good,below_good/54,19,23,good,toward_bad,False
below_good,below_good/54,20,23,bad,toward_good,False
below_good,below_good/54,21,23,good,toward_bad,False
below_good,below_good/54,22,23,bad,,True
below_good,below_good/55,0,1,good,,True
below_good,below_good/56,0,39,bad,toward_bad,False
below_good,below_good/56,1,39,bad,toward_good,False
below_good,below_good/56,2,39,bad,toward_good,False
below_good,below_good/56,3,39,bad,toward_good,False
below_good,below_good/56,4,39,good,toward_bad,False
below_good,below_good/56,5,39,good,toward_bad,False
below_good,below_good/56,6,39,bad,toward_good,False
below_good,below_good/56,7,39,bad,toward_good,False
below_good,below_good/56,8,39,bad,toward_bad,False
below_good,below_good/56,9,39,bad,toward_bad,False
below_good,below_good/56,10,39,bad,toward_good,False
below_good,below_good/56,11,39,good,toward_bad,False
below_good,below_good/56,12,39,good,toward_good,False
below_good,below_good/56,13,39,good,toward_good,False
below_good,below_good/56,14,39,good,toward_bad,False
below_good,below_good/56,15,39,good,toward_bad,False
below_good,below_good/56,16,39,good,toward_bad,False
below_good,below_good/56,17,39,good,toward_bad,False
below_good,below_good/56,18,39,bad,toward_good,False
below_good,below_good/56,19,39,bad,toward_bad,False
below_good,below_good/56,20,39,bad,toward_good,False
below_good,below_good/56,21,39,bad,toward_good,False
below_good,below_good/56,22,39,good,toward_bad,False
below_good,below_good/56,23,39,bad,toward_bad,False
below_good,below_good/56,24,39,bad,toward_bad,False
below_good,below_good/56,25,39,bad,toward_good,False
below_good,below_good/56,26,39,bad,toward_bad,False
below_good,below_good/56,27,39,bad,toward_good,False
below_good,below_good/56,28,39,good,toward_good,False
below_good,below_good/56,29,39,good,toward_bad,False
below_good,below_good/56,30,39,bad,toward_bad,False
below_good,below_good/56,31,39,bad,toward_bad,False
below_good,below_good/56,32,39,bad,toward_good,False
below_good,below_good/56,33,39,good,toward_bad,False
below_good,below_good/56,34,39,good,toward_good,False
below_good,below_good/56,35,39,good,toward_good,False
below_good,below_good/56,36,39,good,toward_bad,False
below_good,below_good/56,37,39,good,toward_bad,False
below_good,below_good/56,38,39,good,,True
below_good,below_good/57,0,32,good,toward_bad,False
below_good,below_good/57,1,32,bad,toward_bad,False
below_good,below_good/57,2,32,bad,toward_good,False
below_good,below_good/57,3,32,bad,toward_good,False
below_good,below_good/57,4,32,good,toward_bad,False
below_good,below_good/57,5,32,bad,toward_good,False
below_good,below_good/57,6,32,good,toward_good,False
below_good,below_good/57,7,32,good,toward_bad,False
below_good,below_good/57,8,32,bad,toward_good,False
below_good,below_good/57,9,32,good,toward_bad,False
below_good,below_good/57,10,32,bad,toward_good,False
below_good,below_good/57,11,32,good,toward_bad,False
below_good,below_good/57,12,32,bad,toward_bad,False
below_good,below_good/57,13,32,bad,toward_good,False
below_good,below_good/57,14,32,good,toward_bad,False
below_good,below_good/57,15,32,good,toward_bad,False
below_good,below_good/57,16,32,bad,toward_good,False
below_good,below_good/57,17,32,good,toward_good,False
below_good,below_good/57,18,32,good,toward_bad,False
below_good,below_good/57,19,32,good,toward_bad,False
below_good,below_good/57,20,32,bad,toward_good,False
below_good,below_good/57,21,32,good,toward_bad,False
below_good,below_good/57,22,32,bad,toward_good,False
below_good,below_good/57,23,32,good,toward_bad,False
below_good,below_good/57,24,32,good,toward_bad,False
below_good,below_good/57,25,32,good,toward_bad,False
below_good,below_good/57,26,32,bad,toward_good,False
below_good,below_good/57,27,32,good,toward_bad,False
below_good,below_good/57,28,32,good,toward_good,False
below_good,below_good/57,29,32,good,toward_good,False
below_good,below_good/57,30,32,good,toward_bad,False
below_good,below_good/57,31,32,good,,True
below_good,below_good/58,0,14,good,toward_bad,False
below_good,below_good/58,1,14,good,toward_bad,False
below_good,below_good/58,2,14,good,toward_bad,False
below_good,below_good/58,3,14,good,toward_bad,False
below_good,below_good/58,4,14,good,toward_good,False
below_good,below_good/58,5,14,good,toward_good,False
below_good,below_good/58,6,14,good,toward_bad,False
below_good,below_good/58,7,14,good,toward_good,False
below_good,below_good/58,8,14,good,toward_bad,False
below_good,below_good/58,9,14,good,toward_bad,False
below_good,below_good/58,10,14,good,toward_good,False
below_good,below_good/58,11,14,good,toward_good,False
below_good,below_good/58,12,14,good,toward_bad,False
below_good,below_good/58,13,14,good,,True
below_good,below_good/59,0,9,good,toward_bad,False
below_good,below_good/59,1,9,good,toward_good,False
below_good,below_good/59,2,9,good,toward_good,False
below_good,below_good/59,3,9,good,toward_good,False
below_good,below_good/59,4,9,good,toward_bad,False
below_good,below_good/59,5,9,good,toward_good,False
below_good,below_good/59,6,9,good,toward_bad,False
below_good,below_good/59,7,9,good,toward_good,False
below_good,below_good/59,8,9,good,,True
below_good,below_good/60,0,25,good,toward_good,False
below_good,below_good/60,1,25,good,toward_bad,False
below_good,below_good/60,2,25,good,toward_good,False
below_good,below_good/60,3,25,good,toward_bad,False
below_good,below_good/60,4,25,good,toward_good,False
below_good,below_good/60,5,25,good,toward_bad,False
below_good,below_good/60,6,25,good,toward_bad,False
below_good,below_good/60,7,25,good,toward_bad,False
below_good,below_good/60,8,25,good,toward_good,False
below_good,below_good/60,9,25,good,toward_good,False
below_good,below_good/60,10,25,good,toward_bad,False
below_good,below_good/60,11,25,good,toward_good,False
below_good,below_good/60,12,25,good,toward_bad,False
below_good,below_good/60,13,25,good,toward_good,False
below_good,below_good/60,14,25,good,toward_bad,False
below_good,below_good/60,15,25,good,toward_good,False
below_good,below_good/60,16,25,good,toward_bad,False
below_good,below_good/60,17,25,good,toward_bad,False
below_good,below_good/60,18,25,good,toward_good,False
below_good,below_good/60,19,25,good,toward_good,False
below_good,below_good/60,20,25,good,toward_bad,False
below_good,below_good/60,21,25,good,toward_good,False
below_good,below_good/60,22,25,good,toward_bad,False
below_good,below_good/60,23,25,good,toward_bad,False
below_good,below_good/60,24,25,good,,True
below_good,below_good/61,0,24,good,toward_bad,False
below_good,below_good/61,1,24,bad,toward_good,False
below_good,below_good/61,2,24,good,toward_good,False
below_good,below_good/61,3,24,good,toward_bad,False
below_good,below_good/61,4,24,good,toward_good,False
below_good,below_good/61,5,24,good,toward_good,False
below_good,below_good/61,6,24,good,toward_bad,False
below_good,below_good/61,7,24,good,toward_good,False
below_good,below_good/61,8,24,good,toward_good,False
below_good,below_good/61,9,24,good,toward_bad,False
below_good,below_good/61,10,24,good,toward_bad,False
below_good,below_good/61,11,24,good,toward_good,False
below_good,below_good/61,12,24,good,toward_good,False
below_good,below_good/61,13,24,good,toward_bad,False
below_good,below_good/61,14,24,good,toward_good,False
below_good,below_good/61,15,24,good,toward_bad,False
below_good,below_good/61,16,24,good,toward_good,False
below_good,below_good/61,17,24,good,toward_good,False
below_good,below_good/61,18,24,good,toward_good,False
below_good,below_good/61,19,24,good,toward_bad,False
below_good,below_good/61,20,24,good,toward_bad,False
below_good,below_good/61,21,24,good,toward_good,False
below_good,below_good/61,22,24,good,toward_bad,False
below_good,below_good/61,23,24,good,,True
below_good,below_good/62,0,30,good,toward_bad,False
below_good,below_good/62,1,30,bad,toward_bad,False
below_good,below_good/62,2,30,bad,toward_good,False
below_good,below_good/62,3,30,good,toward_bad,False
below_good,below_good/62,4,30,bad,toward_bad,False
below_good,below_good/62,5,30,bad,toward_bad,False
below_good,below_good/62,6,30,bad,toward_good,False
below_good,below_good/62,7,30,good,toward_bad,False
below_good,below_good/62,8,30,good,toward_bad,False
below_good,below_good/62,9,30,bad,toward_good,False
below_good,below_good/62,10,30,good,toward_bad,False
below_good,below_good/62,11,30,bad,toward_bad,False
below_good,below_good/62,12,30,bad,toward_good,False
below_good,below_good/62,13,30,good,toward_bad,False
below_good,below_good/62,14,30,good,toward_good,False
below_good,below_good/62,15,30,good,toward_bad,False
below_good,below_good/62,16,30,good,toward_bad,False
below_good,below_good/62,17,30,bad,toward_bad,False
below_good,below_good/62,18,30,bad,toward_good,False
below_good,below_good/62,19,30,good,toward_bad,False
below_good,below_good/62,20,30,bad,toward_good,False
below_good,below_good/62,21,30,bad,toward_good,False
below_good,below_good/62,22,30,good,toward_bad,False
below_good,below_good/62,23,30,bad,toward_good,False
below_good,below_good/62,24,30,bad,toward_good,False
below_good,below_good/62,25,30,good,toward_good,False
below_good,below_good/62,26,30,good,toward_bad,False
below_good,below_good/62,27,30,bad,toward_good,False
below_good,below_good/62,28,30,good,toward_bad,False
below_good,below_good/62,29,30,good,,True
below_good,below_good/63,0,39,bad,toward_good,False
below_good,below_good/63,1,39,bad,toward_good,False
below_good,below_good/63,2,39,good,toward_good,False
below_good,below_good/63,3,39,good,toward_bad,False
below_good,below_good/63,4,39,good,toward_good,False
below_good,below_good/63,5,39,good,toward_bad,False
below_good,below_good/63,6,39,good,toward_bad,False
below_good,below_good/63,7,39,bad,toward_good,False
below_good,below_good/63,8,39,good,toward_bad,False
below_good,below_good/63,9,39,good,toward_bad,False
below_good,below_good/63,10,39,bad,toward_good,False
below_good,below_good/63,11,39,good,toward_bad,False
below_good,below_good/63,12,39,bad,toward_good,False
below_good,below_good/63,13,39,good,toward_good,False
below_good,below_good/63,14,39,good,toward_good,False
below_good,below_good/63,15,39,good,toward_bad,False
below_good,below_good/63,16,39,bad,toward_good,False
below_good,below_good/63,17,39,bad,toward_good,False
below_good,below_good/63,18,39,good,toward_good,False
below_good,below_good/63,19,39,good,toward_bad,False
below_good,below_good/63,20,39,good,toward_good,False
below_good,below_good/63,21,39,good,toward_bad,False
below_good,below_good/63,22,39,bad,toward_good,False
below_good,below_good/63,23,39,good,toward_good,False
below_good,below_good/63,24,39,good,toward_bad,False
below_good,below_good/63,25,39,good,toward_good,False
below_good,below_good/63,26,39,good,toward_bad,False
below_good,below_good/63,27,39,good,toward_bad,False
below_good,below_good/63,28,39,good,toward_bad,False
below_good,below_good/63,29,39,good,toward_good,False
below_good,below_good/63,30,39,good,toward_bad,False
below_good,below_good/63,31,39,good,toward_good,False
below_good,below_good/63,32,39,good,toward_good,False
below_good,below_good/63,33,39,good,toward_good,False
below_good,below_good/63,34,39,good,toward_bad,False
below_good,below_good/63,35,39,good,toward_good,False
below_good,below_good/63,36,39,good,toward_good,False
below_good,below_good/63,37,39,good,toward_bad,False
below_good,below_good/63,38,39,good,,True
below_good,below_good/64,0,14,good,toward_bad,False
below_good,below_good/64,1,14,good,toward_bad,False
below_good,below_good/64,2,14,good,toward_good,False
below_good,below_good/64,3,14,good,toward_bad,False
below_good,below_good/64,4,14,good,toward_good,False
below_good,below_good/64,5,14,good,toward_bad,False
below_good,below_good/64,6,14,good,toward_good,False
below_good,below_good/64,7,14,good,toward_bad,False
below_good,below_good/64,8,14,good,toward_good,False
below_good,below_good/64,9,14,good,toward_good,False
below_good,below_good/64,10,14,good,toward_bad,False
below_good,below_good/64,11,14,good,toward_bad,False
below_good,below_good/64,12,14,good,toward_good,False
below_good,below_good/64,13,14,good,,True
below_good,below_good/65,0,30,bad,toward_good,False
below_good,below_good/65,1,30,bad,toward_good,False
below_good,below_good/65,2,30,good,toward_bad,False
below_good,below_good/65,3,30,good,toward_bad,False
below_good,below_good/65,4,30,bad,toward_bad,False
below_good,below_good/65,5,30,bad,toward_bad,False
below_good,below_good/65,6,30,bad,toward_good,False
below_good,below_good/65,7,30,bad,toward_bad,False
below_good,below_good/65,8,30,bad,toward_bad,False
below_good,below_good/65,9,30,bad,toward_good,False
below_good,below_good/65,10,30,good,toward_bad,False
below_good,below_good/65,11,30,bad,toward_bad,False
below_good,below_good/65,12,30,bad,toward_good,False
below_good,below_good/65,13,30,bad,toward_good,False
below_good,below_good/65,14,30,bad,toward_bad,False
below_good,below_good/65,15,30,bad,toward_bad,False
below_good,below_good/65,16,30,bad,toward_good,False
below_good,below_good/65,17,30,bad,toward_good,False
below_good,below_good/65,18,30,bad,toward_good,False
below_good,below_good/65,19,30,bad,toward_bad,False
below_good,below_good/65,20,30,bad,toward_bad,False
below_good,below_good/65,21,30,bad,toward_bad,False
below_good,below_good/65,22,30,bad,toward_bad,False
below_good,below_good/65,23,30,bad,toward_good,False
below_good,below_good/65,24,30,bad,toward_good,False
below_good,below_good/65,25,30,bad,toward_bad,False
below_good,below_good/65,26,30,bad,toward_good,False
below_good,below_good/65,27,30,bad,toward_good,False
below_good,below_good/65,28,30,bad,toward_bad,False
below_good,below_good/65,29,30,bad,,True
below_good,below_good/66,0,34,bad,toward_good,False
below_good,below_good/66,1,34,good,toward_good,False
below_good,below_good/66,2,34,good,toward_bad,False
below_good,below_good/66,3,34,bad,toward_good,False
below_good,below_good/66,4,34,good,toward_bad,False
below_good,below_good/66,5,34,bad,toward_good,False
below_good,below_good/66,6,34,bad,toward_good,False
below_good,below_good/66,7,34,good,toward_bad,False
below_good,below_good/66,8,34,good,toward_bad,False
below_good,below_good/66,9,34,bad,toward_good,False
below_good,below_good/66,10,34,good,toward_bad,False
below_good,below_good/66,11,34,bad,toward_good,False
below_good,below_good/66,12,34,good,toward_bad,False
below_good,below_good/66,13,34,bad,toward_good,False
below_good,below_good/66,14,34,good,toward_bad,False
below_good,below_good/66,15,34,good,toward_good,False
below_good,below_good/66,16,34,good,toward_bad,False
below_good,below_good/66,17,34,bad,toward_bad,False
below_good,below_good/66,18,34,bad,toward_good,False
below_good,below_good/66,19,34,bad,toward_good,False
below_good,below_good/66,20,34,good,toward_good,False
below_good,below_good/66,21,34,good,toward_bad,False
below_good,below_good/66,22,34,bad,toward_good,False
below_good,below_good/66,23,34,bad,toward_good,False
below_good,below_good/66,24,34,good,toward_good,False
below_good,below_good/66,25,34,good,toward_bad,False
below_good,below_good/66,26,34,bad,toward_good,False
below_good,below_good/66,27,34,good,toward_good,False
below_good,below_good/66,28,34,good,toward_bad,False
below_good,below_good/66,29,34,good,toward_bad,False
below_good,below_good/66,30,34,bad,toward_good,False
below_good,below_good/66,31,34,good,toward_bad,False
below_good,below_good/66,32,34,good,toward_good,False
below_good,below_good/66,33,34,good,,True
below_good,below_good/67,0,30,bad,toward_good,False
below_good,below_good/67,1,30,good,toward_bad,False
below_good,below_good/67,2,30,bad,toward_good,False
below_good,below_good/67,3,30,good,toward_bad,False
below_good,below_good/67,4,30,bad,toward_good,False
below_good,below_good/67,5,30,good,toward_bad,False
below_good,below_good/67,6,30,bad,toward_good,False
below_good,below_good/67,7,30,bad,toward_good,False
below_good,below_good/67,8,30,bad,toward_good,False
below_good,below_good/67,9,30,bad,toward_bad,False
below_good,below_good/67,10,30,bad,toward_good,False
below_good,below_good/67,11,30,bad,toward_good,False
below_good,below_good/67,12,30,bad,toward_bad,False
below_good,below_good/67,13,30,bad,toward_good,False
below_good,below_good/67,14,30,bad,toward_good,False
below_good,below_good/67,15,30,good,toward_bad,False
below_good,below_good/67,16,30,bad,toward_good,False
below_good,below_good/67,17,30,good,toward_bad,False
below_good,below_good/67,18,30,bad,toward_bad,False
below_good,below_good/67,19,30,bad,toward_good,False
below_good,below_good/67,20,30,bad,toward_bad,False
below_good,below_good/67,21,30,bad,toward_good,False
below_good,below_good/67,22,30,bad,toward_good,False
below_good,below_good/67,23,30,bad,toward_good,False
below_good,below_good/67,24,30,good,toward_bad,False
below_good,below_good/67,25,30,bad,toward_good,False
below_good,below_good/67,26,30,bad,toward_bad,False
below_good,below_good/67,27,30,bad,toward_bad,False
below_good,below_good/67,28,30,bad,toward_good,False
below_good,below_good/67,29,30,bad,,True
below_good,below_good/68,0,23,good,toward_bad,False
below_good,below_good/68,1,23,good,toward_bad,False
below_good,below_good/68,2,23,good,toward_bad,False
below_good,below_good/68,3,23,good,toward_bad,False
below_good,below_good/68,4,23,good,toward_good,False
below_good,below_good/68,5,23,good,toward_bad,False
below_good,below_good/68,6,23,good,toward_good,False
below_good,below_good/68,7,23,good,toward_good,False
below_good,below_good/68,8,23,good,toward_good,False
below_good,below_good/68,9,23,good,toward_bad,False
below_good,below_good/68,10,23,good,toward_good,False
below_good,below_good/68,11,23,good,toward_good,False
below_good,below_good/68,12,23,good,toward_bad,False
below_good,below_good/68,13,23,good,toward_good,False
below_good,below_good/68,14,23,good,toward_bad,False
below_good,below_good/68,15,23,good,toward_good,False
below_good,below_good/68,16,23,good,toward_bad,False
below_good,below_good/68,17,23,good,toward_good,False
below_good,below_good/68,18,23,good,toward_good,False
below_good,below_good/68,19,23,good,toward_bad,False
below_good,below_good/68,20,23,good,toward_good,False
below_good,below_good/68,21,23,good,toward_good,False
below_good,below_good/68,22,23,good,,True
below_good,below_good/69,0,8,good,toward_bad,False
below_good,below_good/69,1,8,bad,toward_good,False
below_good,below_good/69,2,8,good,toward_bad,False
below_good,below_good/69,3,8,good,toward_good,False
below_good,below_good/69,4,8,good,toward_bad,False
below_good,below_good/69,5,8,good,toward_bad,False
below_good,below_good/69,6,8,good,toward_good,False
below_good,below_good/69,7,8,good,,True
below_good,below_good/70,0,28,bad,toward_good,False
below_good,below_good/70,1,28,bad,toward_good,False
below_good,below_good/70,2,28,bad,toward_good,False
below_good,below_good/70,3,28,good,toward_bad,False
below_good,below_good/70,4,28,good,toward_bad,False
below_good,below_good/70,5,28,bad,toward_bad,False
below_good,below_good/70,6,28,bad,toward_good,False
below_good,below_good/70,7,28,bad,toward_good,False
below_good,below_good/70,8,28,good,toward_bad,False
below_good,below_good/70,9,28,good,toward_good,False
below_good,below_good/70,10,28,good,toward_bad,False
below_good,below_good/70,11,28,bad,toward_good,False
below_good,below_good/70,12,28,good,toward_bad,False
below_good,below_good/70,13,28,bad,toward_bad,False
below_good,below_good/70,14,28,bad,toward_good,False
below_good,below_good/70,15,28,good,toward_bad,False
below_good,below_good/70,16,28,bad,toward_good,False
below_good,below_good/70,17,28,bad,toward_good,False
below_good,below_good/70,18,28,good,toward_bad,False
below_good,below_good/70,19,28,bad,toward_good,False
below_good,below_good/70,20,28,bad,toward_good,False
below_good,below_good/70,21,28,good,toward_bad,False
below_good,below_good/70,22,28,bad,toward_good,False
below_good,below_good/70,23,28,good,toward_bad,False
below_good,below_good/70,24,28,bad,toward_bad,False
below_good,below_good/70,25,28,bad,toward_good,False
below_good,below_good/70,26,28,good,toward_good,False
below_good,below_good/70,27,28,good,,True
below_good,below_good/71,0,19,bad,toward_good,False
below_good,below_good/71,1,19,good,toward_bad,False
below_good,below_good/71,2,19,bad,toward_good,False
below_good,below_good/71,3,19,good,toward_good,False
below_good,below_good/71,4,19,good,toward_good,False
below_good,below_good/71,5,19,good,toward_bad,False
below_good,below_good/71,6,19,bad,toward_good,False
below_good,below_good/71,7,19,bad,toward_good,False
below_good,below_good/71,8,19,good,toward_bad,False
below_good,below_good/71,9,19,good,toward_good,False
below_good,below_good/71,10,19,good,toward_bad,False
below_good,below_good/71,11,19,good,toward_bad,False
below_good,below_good/71,12,19,good,toward_bad,False
below_good,below_good/71,13,19,bad,toward_good,False
below_good,below_good/71,14,19,good,toward_bad,False
below_good,below_good/71,15,19,good,toward_good,False
below_good,below_good/71,16,19,good,toward_bad,False
below_good,below_good/71,17,19,good,toward_good,False
below_good,below_good/71,18,19,good,,True
below_good,below_good/72,0,16,bad,toward_good,False
below_good,below_good/72,1,16,bad,toward_bad,False
below_good,below_good/72,2,16,bad,toward_good,False
below_good,below_good/72,3,16,bad,toward_good,False
below_good,below_good/72,4,16,bad,toward_bad,False
below_good,below_good/72,5,16,bad,toward_good,False
below_good,below_good/72,6,16,bad,toward_good,False
below_good,below_good/72,7,16,bad,toward_good,False
below_good,below_good/72,8,16,bad,toward_good,False
below_good,below_good/72,9,16,bad,toward_bad,False
below_good,below_good/72,10,16,bad,toward_good,False
below_good,below_good/72,11,16,bad,toward_good,False
below_good,below_good/72,12,16,bad,toward_bad,False
below_good,below_good/72,13,16,bad,toward_good,False
below_good,below_good/72,14,16,bad,toward_bad,False
below_good,below_good/72,15,16,bad,,True
below_good,below_good/73,0,66,bad,toward_good,False
below_good,below_good/73,1,66,good,toward_good,False
below_good,below_good/73,2,66,good,toward_bad,False
below_good,below_good/73,3,66,bad,toward_good,False
below_good,below_good/73,4,66,bad,toward_good,False
below_good,below_good/73,5,66,good,toward_bad,False
below_good,below_good/73,6,66,bad,toward_good,False
below_good,below_good/73,7,66,bad,toward_good,False
below_good,below_good/73,8,66,good,toward_bad,False
below_good,below_good/73,9,66,good,toward_bad,False
below_good,below_good/73,10,66,bad,toward_good,False
below_good,below_good/73,11,66,good,toward_good,False
below_good,below_good/73,12,66,good,toward_bad,False
below_good,below_good/73,13,66,good,toward_good,False
below_good,below_good/73,14,66,good,toward_bad,False
below_good,below_good/73,15,66,bad,toward_good,False
below_good,below_good/73,16,66,good,toward_bad,False
below_good,below_good/73,17,66,good,toward_bad,False
below_good,below_good/73,18,66,bad,toward_good,False
below_good,below_good/73,19,66,bad,toward_good,False
below_good,below_good/73,20,66,bad,toward_bad,False
below_good,below_good/73,21,66,bad,toward_good,False
below_good,below_good/73,22,66,good,toward_bad,False
below_good,below_good/73,23,66,good,toward_good,False
below_good,below_good/73,24,66,good,toward_bad,False
below_good,below_good/73,25,66,good,toward_good,False
below_good,below_good/73,26,66,good,toward_bad,False
below_good,below_good/73,27,66,good,toward_bad,False
below_good,below_good/73,28,66,good,toward_good,False
below_good,below_good/73,29,66,good,toward_bad,False
below_good,below_good/73,30,66,bad,toward_good,False
below_good,below_good/73,31,66,good,toward_bad,False
below_good,below_good/73,32,66,good,toward_bad,False
below_good,below_good/73,33,66,bad,toward_good,False
below_good,below_good/73,34,66,good,toward_bad,False
below_good,below_good/73,35,66,bad,toward_good,False
below_good,below_good/73,36,66,bad,toward_bad,False
below_good,below_good/73,37,66,bad,toward_good,False
below_good,below_good/73,38,66,bad,toward_good,False
below_good,below_good/73,39,66,bad,toward_good,False
below_good,below_good/73,40,66,bad,toward_bad,False
below_good,below_good/73,41,66,bad,toward_good,False
below_good,below_good/73,42,66,bad,toward_bad,False
below_good,below_good/73,43,66,bad,toward_good,False
below_good,below_good/73,44,66,good,toward_bad,False
below_good,below_good/73,45,66,bad,toward_good,False
below_good,below_good/73,46,66,good,toward_good,False
below_good,below_good/73,47,66,good,toward_bad,False
below_good,below_good/73,48,66,good,toward_bad,False
below_good,below_good/73,49,66,bad,toward_good,False
below_good,below_good/73,50,66,good,toward_bad,False
below_good,below_good/73,51,66,good,toward_bad,False
below_good,below_good/73,52,66,good,toward_good,False
below_good,below_good/73,53,66,good,toward_good,False
below_good,below_good/73,54,66,good,toward_bad,False
below_good,below_good/73,55,66,bad,toward_bad,False
below_good,below_good/73,56,66,bad,toward_good,False
below_good,below_good/73,57,66,bad,toward_good,False
below_good,below_good/73,58,66,bad,toward_good,False
below_good,below_good/73,59,66,good,toward_bad,False
below_good,below_good/73,60,66,bad,toward_bad,False
below_good,below_good/73,61,66,bad,toward_good,False
below_good,below_good/73,62,66,good,toward_bad,False
below_good,below_good/73,63,66,good,toward_good,False
below_good,below_good/73,64,66,good,toward_good,False
below_good,below_good/73,65,66,good,,True
below_good,below_good/74,0,25,good,toward_bad,False
below_good,below_good/74,1,25,bad,toward_good,False
below_good,below_good/74,2,25,good,toward_bad,False
below_good,below_good/74,3,25,good,toward_bad,False
below_good,below_good/74,4,25,good,toward_bad,False
below_good,below_good/74,5,25,good,toward_bad,False
below_good,below_good/74,6,25,bad,toward_good,False
below_good,below_good/74,7,25,good,toward_bad,False
below_good,below_good/74,8,25,good,toward_bad,False
below_good,below_good/74,9,25,bad,toward_good,False
below_good,below_good/74,10,25,good,toward_good,False
below_good,below_good/74,11,25,good,toward_bad,False
below_good,below_good/74,12,25,good,toward_good,False
below_good,below_good/74,13,25,good,toward_bad,False
below_good,below_good/74,14,25,good,toward_good,False
below_good,below_good/74,15,25,good,toward_bad,False
below_good,below_good/74,16,25,good,toward_good,False
below_good,below_good/74,17,25,good,toward_bad,False
below_good,below_good/74,18,25,good,toward_good,False
below_good,below_good/74,19,25,good,toward_bad,False
below_good,below_good/74,20,25,good,toward_good,False
below_good,below_good/74,21,25,good,toward_bad,False
below_good,below_good/74,22,25,good,toward_good,False
below_good,below_good/74,23,25,good,toward_bad,False
below_good,below_good/74,24,25,good,,True
below_good,below_good/75,0,35,bad,toward_good,False
below_good,below_good/75,1,35,good,toward_bad,False
below_good,below_good/75,2,35,bad,toward_good,False
below_good,below_good/75,3,35,good,toward_bad,False
below_good,below_good/75,4,35,bad,toward_good,False
below_good,below_good/75,5,35,good,toward_bad,False
below_good,below_good/75,6,35,bad,toward_good,False
below_good,below_good/75,7,35,good,toward_bad,False
below_good,below_good/75,8,35,good,toward_good,False
below_good,below_good/75,9,35,good,toward_good,False
below_good,below_good/75,10,35,good,toward_bad,False
below_good,below_good/75,11,35,good,toward_bad,False
below_good,below_good/75,12,35,good,toward_bad,False
below_good,below_good/75,13,35,good,toward_bad,False
below_good,below_good/75,14,35,bad,toward_good,False
below_good,below_good/75,15,35,good,toward_bad,False
below_good,below_good/75,16,35,bad,toward_good,False
below_good,below_good/75,17,35,good,toward_bad,False
below_good,below_good/75,18,35,bad,toward_good,False
below_good,below_good/75,19,35,good,toward_bad,False
below_good,below_good/75,20,35,good,toward_good,False
below_good,below_good/75,21,35,good,toward_bad,False
below_good,below_good/75,22,35,good,toward_bad,False
below_good,below_good/75,23,35,good,toward_good,False
below_good,below_good/75,24,35,good,toward_bad,False
below_good,below_good/75,25,35,good,toward_bad,False
below_good,below_good/75,26,35,good,toward_bad,False
below_good,below_good/75,27,35,bad,toward_good,False
below_good,below_good/75,28,35,good,toward_bad,False
below_good,below_good/75,29,35,good,toward_bad,False
below_good,below_good/75,30,35,good,toward_good,False
below_good,below_good/75,31,35,good,toward_bad,False
below_good,below_good/75,32,35,good,toward_bad,False
below_good,below_good/75,33,35,good,toward_good,False
below_good,below_good/75,34,35,good,,True
below_good,below_good/76,0,23,good,toward_bad,False
below_good,below_good/76,1,23,good,toward_bad,False
below_good,below_good/76,2,23,good,toward_good,False
below_good,below_good/76,3,23,good,toward_bad,False
below_good,below_good/76,4,23,good,toward_bad,False
below_good,below_good/76,5,23,good,toward_bad,False
below_good,below_good/76,6,23,good,toward_good,False
below_good,below_good/76,7,23,good,toward_bad,False
below_good,below_good/76,8,23,good,toward_good,False
below_good,below_good/76,9,23,good,toward_bad,False
below_good,below_good/76,10,23,good,toward_good,False
below_good,below_good/76,11,23,good,toward_bad,False
below_good,below_good/76,12,23,good,toward_bad,False
below_good,below_good/76,13,23,good,toward_good,False
below_good,below_good/76,14,23,good,toward_bad,False
below_good,below_good/76,15,23,good,toward_bad,False
below_good,below_good/76,16,23,good,toward_bad,False
below_good,below_good/76,17,23,good,toward_bad,False
below_good,below_good/76,18,23,good,toward_bad,False
below_good,below_good/76,19,23,good,toward_good,False
below_good,below_good/76,20,23,good,toward_bad,False
below_good,below_good/76,21,23,good,toward_good,False
below_good,below_good/76,22,23,good,,True
below_good,below_good/77,0,25,good,toward_bad,False
below_good,below_good/77,1,25,bad,toward_bad,False
below_good,below_good/77,2,25,bad,toward_good,False
below_good,below_good/77,3,25,good,toward_bad,False
below_good,below_good/77,4,25,bad,toward_good,False
below_good,below_good/77,5,25,bad,toward_good,False
below_good,below_good/77,6,25,good,toward_good,False
below_good,below_good/77,7,25,good,toward_bad,False
below_good,below_good/77,8,25,bad,toward_good,False
below_good,below_good/77,9,25,good,toward_bad,False
below_good,below_good/77,10,25,bad,toward_good,False
below_good,below_good/77,11,25,good,toward_bad,False
below_good,below_good/77,12,25,good,toward_bad,False
below_good,below_good/77,13,25,good,toward_good,False
below_good,below_good/77,14,25,good,toward_bad,False
below_good,below_good/77,15,25,good,toward_good,False
below_good,below_good/77,16,25,good,toward_bad,False
below_good,below_good/77,17,25,good,toward_good,False
below_good,below_good/77,18,25,good,toward_good,False
below_good,below_good/77,19,25,good,toward_bad,False
below_good,below_good/77,20,25,good,toward_good,False
below_good,below_good/77,21,25,good,toward_bad,False
below_good,below_good/77,22,25,good,toward_good,False
below_good,below_good/77,23,25,good,toward_good,False
below_good,below_good/77,24,25,good,,True
below_good,below_good/78,0,22,bad,toward_good,False
below_good,below_good/78,1,22,good,toward_bad,False
below_good,below_good/78,2,22,good,toward_good,False
below_good,below_good/78,3,22,good,toward_good,False
below_good,below_good/78,4,22,good,toward_bad,False
below_good,below_good/78,5,22,good,toward_bad,False
below_good,below_good/78,6,22,good,toward_good,False
below_good,below_good/78,7,22,good,toward_bad,False
below_good,below_good/78,8,22,good,toward_bad,False
below_good,below_good/78,9,22,good,toward_good,False
below_good,below_good/78,10,22,good,toward_bad,False
below_good,below_good/78,11,22,good,toward_bad,False
below_good,below_good/78,12,22,good,toward_bad,False
below_good,below_good/78,13,22,good,toward_good,False
below_good,below_good/78,14,22,good,toward_bad,False
below_good,below_good/78,15,22,good,toward_bad,False
below_good,below_good/78,16,22,good,toward_good,False
below_good,below_good/78,17,22,good,toward_bad,False
below_good,below_good/78,18,22,good,toward_bad,False
below_good,below_good/78,19,22,good,toward_bad,False
below_good,below_good/78,20,22,good,toward_good,False
below_good,below_good/78,21,22,good,,True
below_good,below_good/79,0,1,bad,,True
below_good,below_good/80,0,25,good,toward_bad,False
below_good,below_good/80,1,25,bad,toward_good,False
below_good,below_good/80,2,25,good,toward_bad,False
below_good,below_good/80,3,25,bad,toward_good,False
below_good,below_good/80,4,25,good,toward_bad,False
below_good,below_good/80,5,25,bad,toward_bad,False
below_good,below_good/80,6,25,bad,toward_good,False
below_good,below_good/80,7,25,good,toward_good,False
below_good,below_good/80,8,25,good,toward_bad,False
below_good,below_good/80,9,25,bad,toward_good,False
below_good,below_good/80,10,25,bad,toward_good,False
below_good,below_good/80,11,25,good,toward_good,False
below_good,below_good/80,12,25,good,toward_good,False
below_good,below_good/80,13,25,good,toward_bad,False
below_good,below_good/80,14,25,bad,toward_bad,False
below_good,below_good/80,15,25,bad,toward_good,False
below_good,below_good/80,16,25,good,toward_bad,False
below_good,below_good/80,17,25,bad,toward_good,False
below_good,below_good/80,18,25,good,toward_good,False
below_good,below_good/80,19,25,good,toward_good,False
below_good,below_good/80,20,25,good,toward_bad,False
below_good,below_good/80,21,25,good,toward_bad,False
below_good,below_good/80,22,25,good,toward_bad,False
below_good,below_good/80,23,25,good,toward_good,False
below_good,below_good/80,24,25,good,,True
below_good,below_good/82,0,22,good,toward_bad,False
below_good,below_good/82,1,22,bad,toward_good,False
below_good,below_good/82,2,22,good,toward_bad,False
below_good,below_good/82,3,22,good,toward_bad,False
below_good,below_good/82,4,22,good,toward_good,False
below_good,below_good/82,5,22,good,toward_good,False
below_good,below_good/82,6,22,good,toward_bad,False
below_good,below_good/82,7,22,bad,toward_good,False
below_good,below_good/82,8,22,good,toward_bad,False
below_good,below_good/82,9,22,good,toward_bad,False
below_good,below_good/82,10,22,good,toward_good,False
below_good,below_good/82,11,22,good,toward_bad,False
below_good,below_good/82,12,22,good,toward_good,False
below_good,below_good/82,13,22,good,toward_bad,False
below_good,below_good/82,14,22,good,toward_good,False
below_good,below_good/82,15,22,good,toward_bad,False
below_good,below_good/82,16,22,good,toward_good,False
below_good,below_good/82,17,22,good,toward_good,False
below_good,below_good/82,18,22,good,toward_bad,False
below_good,below_good/82,19,22,good,toward_bad,False
below_good,below_good/82,20,22,good,toward_bad,False
below_good,below_good/82,21,22,good,,True
below_good,below_good/83,0,35,bad,toward_bad,False
below_good,below_good/83,1,35,bad,toward_good,False
below_good,below_good/83,2,35,good,toward_good,False
below_good,below_good/83,3,35,good,toward_bad,False
below_good,below_good/83,4,35,good,toward_good,False
below_good,below_good/83,5,35,good,toward_bad,False
below_good,below_good/83,6,35,good,toward_good,False
below_good,below_good/83,7,35,good,toward_bad,False
below_good,below_good/83,8,35,bad,toward_good,False
below_good,below_good/83,9,35,good,toward_bad,False
below_good,below_good/83,10,35,good,toward_bad,False
below_good,below_good/83,11,35,good,toward_good,False
below_good,below_good/83,12,35,good,toward_bad,False
below_good,below_good/83,13,35,good,toward_good,False
below_good,below_good/83,14,35,good,toward_bad,False
below_good,below_good/83,15,35,good,toward_good,False
below_good,below_good/83,16,35,good,toward_good,False
below_good,below_good/83,17,35,good,toward_bad,False
below_good,below_good/83,18,35,good,toward_good,False
below_good,below_good/83,19,35,good,toward_bad,False
below_good,below_good/83,20,35,good,toward_bad,False
below_good,below_good/83,21,35,good,toward_bad,False
below_good,below_good/83,22,35,good,toward_bad,False
below_good,below_good/83,23,35,good,toward_good,False
below_good,below_good/83,24,35,good,toward_bad,False
below_good,below_good/83,25,35,good,toward_bad,False
below_good,below_good/83,26,35,good,toward_good,False
below_good,below_good/83,27,35,good,toward_good,False
below_good,below_good/83,28,35,good,toward_bad,False
below_good,below_good/83,29,35,good,toward_good,False
below_good,below_good/83,30,35,good,toward_bad,False
below_good,below_good/83,31,35,good,toward_bad,False
below_good,below_good/83,32,35,good,toward_good,False
below_good,below_good/83,33,35,good,toward_bad,False
below_good,below_good/83,34,35,good,,True
below_good,below_good/84,0,28,good,toward_bad,False
below_good,below_good/84,1,28,bad,toward_good,False
below_good,below_good/84,2,28,good,toward_good,False
below_good,below_good/84,3,28,good,toward_bad,False
below_good,below_good/84,4,28,bad,toward_good,False
below_good,below_good/84,5,28,good,toward_bad,False
below_good,below_good/84,6,28,good,toward_bad,False
below_good,below_good/84,7,28,good,toward_good,False
below_good,below_good/84,8,28,good,toward_bad,False
below_good,below_good/84,9,28,bad,toward_good,False
below_good,below_good/84,10,28,good,toward_good,False
below_good,below_good/84,11,28,good,toward_bad,False
below_good,below_good/84,12,28,good,toward_bad,False
below_good,below_good/84,13,28,good,toward_bad,False
below_good,below_good/84,14,28,good,toward_bad,False
below_good,below_good/84,15,28,good,toward_good,False
below_good,below_good/84,16,28,good,toward_bad,False
below_good,below_good/84,17,28,good,toward_good,False
below_good,below_good/84,18,28,good,toward_bad,False
below_good,below_good/84,19,28,good,toward_bad,False
below_good,below_good/84,20,28,good,toward_good,False
below_good,below_good/84,21,28,good,toward_good,False
below_good,below_good/84,22,28,good,toward_bad,False
below_good,below_good/84,23,28,good,toward_good,False
below_good,below_good/84,24,28,good,toward_good,False
below_good,below_good/84,25,28,good,toward_bad,False
below_good,below_good/84,26,28,good,toward_good,False
below_good,below_good/84,27,28,good,,True
below_good,below_good/85,0,16,good,toward_good,False
below_good,below_good/85,1,16,good,toward_good,False
below_good,below_good/85,2,16,good,toward_bad,False
below_good,below_good/85,3,16,good,toward_bad,False
below_good,below_good/85,4,16,good,toward_good,False
below_good,below_good/85,5,16,good,toward_bad,False
below_good,below_good/85,6,16,good,toward_good,False
below_good,below_good/85,7,16,good,toward_bad,False
below_good,below_good/85,8,16,good,toward_bad,False
below_good,below_good/85,9,16,good,toward_good,False
below_good,below_good/85,10,16,good,toward_bad,False
below_good,below_good/85,11,16,good,toward_good,False
below_good,below_good/85,12,16,good,toward_bad,False
below_good,below_good/85,13,16,good,toward_good,False
below_good,below_good/85,14,16,good,toward_bad,False
below_good,below_good/85,15,16,good,,True
below_good,below_good/86,0,30,bad,toward_good,False
below_good,below_good/86,1,30,good,toward_bad,False
below_good,below_good/86,2,30,good,toward_good,False
below_good,below_good/86,3,30,good,toward_bad,False
below_good,below_good/86,4,30,good,toward_good,False
below_good,below_good/86,5,30,good,toward_bad,False
below_good,below_good/86,6,30,good,toward_bad,False
below_good,below_good/86,7,30,bad,toward_good,False
below_good,below_good/86,8,30,good,toward_bad,False
below_good,below_good/86,9,30,bad,toward_good,False
below_good,below_good/86,10,30,good,toward_bad,False
below_good,below_good/86,11,30,good,toward_good,False
below_good,below_good/86,12,30,good,toward_bad,False
below_good,below_good/86,13,30,good,toward_bad,False
below_good,below_good/86,14,30,good,toward_good,False
below_good,below_good/86,15,30,good,toward_bad,False
below_good,below_good/86,16,30,good,toward_bad,False
below_good,below_good/86,17,30,good,toward_good,False
below_good,below_good/86,18,30,good,toward_bad,False
below_good,below_good/86,19,30,good,toward_good,False
below_good,below_good/86,20,30,good,toward_bad,False
below_good,below_good/86,21,30,good,toward_bad,False
below_good,below_good/86,22,30,good,toward_bad,False
below_good,below_good/86,23,30,good,toward_bad,False
below_good,below_good/86,24,30,good,toward_bad,False
below_good,below_good/86,25,30,good,toward_good,False
below_good,below_good/86,26,30,good,toward_good,False
below_good,below_good/86,27,30,good,toward_good,False
below_good,below_good/86,28,30,good,toward_bad,False
below_good,below_good/86,29,30,good,,True
below_good,below_good/87,0,2,good,toward_bad,False
below_good,below_good/87,1,2,good,,True
below_good,below_good/88,0,40,good,toward_bad,False
below_good,below_good/88,1,40,bad,toward_good,False
below_good,below_good/88,2,40,good,toward_bad,False
below_good,below_good/88,3,40,bad,toward_good,False
below_good,below_good/88,4,40,good,toward_bad,False
below_good,below_good/88,5,40,bad,toward_good,False
below_good,below_good/88,6,40,bad,toward_good,False
below_good,below_good/88,7,40,good,toward_bad,False
below_good,below_good/88,8,40,bad,toward_good,False
below_good,below_good/88,9,40,bad,toward_good,False
below_good,below_good/88,10,40,good,toward_bad,False
below_good,below_good/88,11,40,bad,toward_good,False
below_good,below_good/88,12,40,good,toward_bad,False
below_good,below_good/88,13,40,good,toward_bad,False
below_good,below_good/88,14,40,bad,toward_good,False
below_good,below_good/88,15,40,good,toward_bad,False
below_good,below_good/88,16,40,good,toward_bad,False
below_good,below_good/88,17,40,good,toward_good,False
below_good,below_good/88,18,40,good,toward_bad,False
below_good,below_good/88,19,40,bad,toward_good,False
below_good,below_good/88,20,40,good,toward_good,False
below_good,below_good/88,21,40,good,toward_good,False
below_good,below_good/88,22,40,good,toward_bad,False
below_good,below_good/88,23,40,bad,toward_good,False
below_good,below_good/88,24,40,good,toward_bad,False
below_good,below_good/88,25,40,bad,toward_bad,False
below_good,below_good/88,26,40,bad,toward_bad,False
below_good,below_good/88,27,40,bad,toward_bad,False
below_good,below_good/88,28,40,bad,toward_good,False
below_good,below_good/88,29,40,bad,toward_good,False
below_good,below_good/88,30,40,bad,toward_good,False
below_good,below_good/88,31,40,good,toward_bad,False
below_good,below_good/88,32,40,good,toward_bad,False
below_good,below_good/88,33,40,bad,toward_good,False
below_good,below_good/88,34,40,good,toward_good,False
below_good,below_good/88,35,40,good,toward_bad,False
below_good,below_good/88,36,40,bad,toward_bad,False
below_good,below_good/88,37,40,bad,toward_bad,False
below_good,below_good/88,38,40,bad,toward_good,False
below_good,below_good/88,39,40,bad,,True
below_good,below_good/89,0,25,good,toward_bad,False
below_good,below_good/89,1,25,bad,toward_bad,False
below_good,below_good/89,2,25,bad,toward_good,False
below_good,below_good/89,3,25,good,toward_bad,False
below_good,below_good/89,4,25,good,toward_bad,False
below_good,below_good/89,5,25,good,toward_good,False
below_good,below_good/89,6,25,good,toward_bad,False
below_good,below_good/89,7,25,good,toward_bad,False
below_good,below_good/89,8,25,good,toward_good,False
below_good,below_good/89,9,25,good,toward_bad,False
below_good,below_good/89,10,25,good,toward_bad,False
below_good,below_good/89,11,25,good,toward_good,False
below_good,below_good/89,12,25,good,toward_good,False
below_good,below_good/89,13,25,good,toward_bad,False
below_good,below_good/89,14,25,good,toward_good,False
below_good,below_good/89,15,25,good,toward_bad,False
below_good,below_good/89,16,25,good,toward_bad,False
below_good,below_good/89,17,25,good,toward_good,False
below_good,below_good/89,18,25,good,toward_bad,False
below_good,below_good/89,19,25,good,toward_good,False
below_good,below_good/89,20,25,good,toward_bad,False
below_good,below_good/89,21,25,good,toward_bad,False
below_good,below_good/89,22,25,good,toward_good,False
below_good,below_good/89,23,25,good,toward_good,False
below_good,below_good/89,24,25,good,,True
below_good,below_good/90,0,27,good,toward_good,False
below_good,below_good/90,1,27,good,toward_bad,False
below_good,below_good/90,2,27,good,toward_bad,False
below_good,below_good/90,3,27,bad,toward_good,False
below_good,below_good/90,4,27,good,toward_bad,False
below_good,below_good/90,5,27,bad,toward_good,False
below_good,below_good/90,6,27,good,toward_bad,False
below_good,below_good/90,7,27,good,toward_good,False
below_good,below_good/90,8,27,good,toward_bad,False
below_good,below_good/90,9,27,good,toward_bad,False
below_good,below_good/90,10,27,bad,toward_good,False
below_good,below_good/90,11,27,good,toward_good,False
below_good,below_good/90,12,27,good,toward_bad,False
below_good,below_good/90,13,27,good,toward_good,False
below_good,below_good/90,14,27,good,toward_bad,False
below_good,below_good/90,15,27,good,toward_good,False
below_good,below_good/90,16,27,good,toward_good,False
below_good,below_good/90,17,27,good,toward_good,False
below_good,below_good/90,18,27,good,toward_bad,False
below_good,below_good/90,19,27,good,toward_good,False
below_good,below_good/90,20,27,good,toward_bad,False
below_good,below_good/90,21,27,good,toward_bad,False
below_good,below_good/90,22,27,good,toward_good,False
below_good,below_good/90,23,27,good,toward_bad,False
below_good,below_good/90,24,27,good,toward_good,False
below_good,below_good/90,25,27,good,toward_bad,False
below_good,below_good/90,26,27,good,,True
below_good,below_good/91,0,20,good,toward_bad,False
below_good,below_good/91,1,20,bad,toward_good,False
below_good,below_good/91,2,20,good,toward_bad,False
below_good,below_good/91,3,20,good,toward_bad,False
below_good,below_good/91,4,20,good,toward_good,False
below_good,below_good/91,5,20,good,toward_bad,False
below_good,below_good/91,6,20,good,toward_good,False
below_good,below_good/91,7,20,good,toward_bad,False
below_good,below_good/91,8,20,good,toward_good,False
below_good,below_good/91,9,20,good,toward_bad,False
below_good,below_good/91,10,20,good,toward_bad,False
below_good,below_good/91,11,20,good,toward_good,False
below_good,below_good/91,12,20,good,toward_bad,False
below_good,below_good/91,13,20,good,toward_good,False
below_good,below_good/91,14,20,good,toward_bad,False
below_good,below_good/91,15,20,good,toward_good,False
below_good,below_good/91,16,20,good,toward_bad,False
below_good,below_good/91,17,20,good,toward_good,False
below_good,below_good/91,18,20,good,toward_good,False
below_good,below_good/91,19,20,good,,True
below_good,below_good/92,0,24,bad,toward_good,False
below_good,below_good/92,1,24,good,toward_bad,False
below_good,below_good/92,2,24,good,toward_good,False
below_good,below_good/92,3,24,good,toward_good,False
below_good,below_good/92,4,24,good,toward_bad,False
below_good,below_good/92,5,24,good,toward_bad,False
below_good,below_good/92,6,24,good,toward_good,False
below_good,below_good/92,7,24,good,toward_bad,False
below_good,below_good/92,8,24,good,toward_good,False
below_good,below_good/92,9,24,good,toward_bad,False
below_good,below_good/92,10,24,good,toward_good,False
below_good,below_good/92,11,24,good,toward_bad,False
below_good,below_good/92,12,24,good,toward_bad,False
below_good,below_good/92,13,24,good,toward_good,False
below_good,below_good/92,14,24,good,toward_bad,False
below_good,below_good/92,15,24,good,toward_bad,False
below_good,below_good/92,16,24,good,toward_good,False
below_good,below_good/92,17,24,good,toward_good,False
below_good,below_good/92,18,24,good,toward_bad,False
below_good,below_good/92,19,24,good,toward_good,False
below_good,below_good/92,20,24,good,toward_bad,False
below_good,below_good/92,21,24,good,toward_bad,False
below_good,below_good/92,22,24,good,toward_bad,False
below_good,below_good/92,23,24,good,,True
below_good,below_good/93,0,24,good,toward_good,False
below_good,below_good/93,1,24,good,toward_bad,False
below_good,below_good/93,2,24,good,toward_good,False
below_good,below_good/93,3,24,good,toward_good,False
below_good,below_good/93,4,24,good,toward_good,False
below_good,below_good/93,5,24,good,toward_bad,False
below_good,below_good/93,6,24,good,toward_good,False
below_good,below_good/93,7,24,good,toward_bad,False
below_good,below_good/93,8,24,good,toward_good,False
below_good,below_good/93,9,24,good,toward_bad,False
below_good,below_good/93,10,24,good,toward_bad,False
below_good,below_good/93,11,24,good,toward_bad,False
below_good,below_good/93,12,24,good,toward_bad,False
below_good,below_good/93,13,24,good,toward_good,False
below_good,below_good/93,14,24,good,toward_bad,False
below_good,below_good/93,15,24,good,toward_good,False
below_good,below_good/93,16,24,good,toward_bad,False
below_good,below_good/93,17,24,good,toward_good,False
below_good,below_good/93,18,24,good,toward_bad,False
below_good,below_good/93,19,24,good,toward_good,False
below_good,below_good/93,20,24,good,toward_bad,False
below_good,below_good/93,21,24,good,toward_bad,False
below_good,below_good/93,22,24,good,toward_bad,False
below_good,below_good/93,23,24,good,,True
below_good,below_good/94,0,15,bad,toward_good,False
below_good,below_good/94,1,15,bad,toward_bad,False
below_good,below_good/94,2,15,bad,toward_good,False
below_good,below_good/94,3,15,bad,toward_good,False
below_good,below_good/94,4,15,bad,toward_good,False
below_good,below_good/94,5,15,good,toward_bad,False
below_good,below_good/94,6,15,bad,toward_bad,False
below_good,below_good/94,7,15,bad,toward_good,False
below_good,below_good/94,8,15,bad,toward_good,False
below_good,below_good/94,9,15,bad,toward_bad,False
below_good,below_good/94,10,15,bad,toward_good,False
below_good,below_good/94,11,15,bad,toward_good,False
below_good,below_good/94,12,15,bad,toward_bad,False
below_good,below_good/94,13,15,bad,toward_good,False
below_good,below_good/94,14,15,bad,,True
below_good,below_good/95,0,64,bad,toward_good,False
below_good,below_good/95,1,64,bad,toward_good,False
below_good,below_good/95,2,64,good,toward_bad,False
below_good,below_good/95,3,64,bad,toward_good,False
below_good,below_good/95,4,64,good,toward_bad,False
below_good,below_good/95,5,64,bad,toward_good,False
below_good,below_good/95,6,64,good,toward_bad,False
below_good,below_good/95,7,64,bad,toward_good,False
below_good,below_good/95,8,64,good,toward_bad,False
below_good,below_good/95,9,64,bad,toward_good,False
below_good,below_good/95,10,64,good,toward_bad,False
below_good,below_good/95,11,64,good,toward_bad,False
below_good,below_good/95,12,64,bad,toward_good,False
below_good,below_good/95,13,64,bad,toward_good,False
below_good,below_good/95,14,64,good,toward_bad,False
below_good,below_good/95,15,64,bad,toward_bad,False
below_good,below_good/95,16,64,bad,toward_good,False
below_good,below_good/95,17,64,good,toward_bad,False
below_good,below_good/95,18,64,bad,toward_bad,False
below_good,below_good/95,19,64,bad,toward_good,False
below_good,below_good/95,20,64,good,toward_bad,False
below_good,below_good/95,21,64,bad,toward_good,False
below_good,below_good/95,22,64,good,toward_bad,False
below_good,below_good/95,23,64,good,toward_bad,False
below_good,below_good/95,24,64,bad,toward_good,False
below_good,below_good/95,25,64,good,toward_bad,False
below_good,below_good/95,26,64,good,toward_good,False
below_good,below_good/95,27,64,good,toward_bad,False
below_good,below_good/95,28,64,bad,toward_good,False
below_good,below_good/95,29,64,good,toward_bad,False
below_good,below_good/95,30,64,good,toward_good,False
below_good,below_good/95,31,64,good,toward_bad,False
below_good,below_good/95,32,64,good,toward_bad,False
below_good,below_good/95,33,64,bad,toward_good,False
below_good,below_good/95,34,64,good,toward_bad,False
below_good,below_good/95,35,64,good,toward_good,False
below_good,below_good/95,36,64,good,toward_bad,False
below_good,below_good/95,37,64,bad,toward_bad,False
below_good,below_good/95,38,64,bad,toward_good,False
below_good,below_good/95,39,64,bad,toward_good,False
below_good,below_good/95,40,64,good,toward_bad,False
below_good,below_good/95,41,64,bad,toward_good,False
below_good,below_good/95,42,64,good,toward_bad,False
below_good,below_good/95,43,64,good,toward_bad,False
below_good,below_good/95,44,64,bad,toward_good,False
below_good,below_good/95,45,64,good,toward_bad,False
below_good,below_good/95,46,64,bad,toward_bad,False
below_good,below_good/95,47,64,bad,toward_good,False
below_good,below_good/95,48,64,bad,toward_good,False
below_good,below_good/95,49,64,bad,toward_good,False
below_good,below_good/95,50,64,good,toward_good,False
below_good,below_good/95,51,64,good,toward_bad,False
below_good,below_good/95,52,64,good,toward_bad,False
below_good,below_good/95,53,64,bad,toward_bad,False
below_good,below_good/95,54,64,bad,toward_good,False
below_good,below_good/95,55,64,bad,toward_good,False
below_good,below_good/95,56,64,good,toward_bad,False
below_good,below_good/95,57,64,bad,toward_bad,False
below_good,below_good/95,58,64,bad,toward_bad,False
below_good,below_good/95,59,64,bad,toward_good,False
below_good,below_good/95,60,64,good,toward_bad,False
below_good,below_good/95,61,64,good,toward_good,False
below_good,below_good/95,62,64,good,toward_bad,False
below_good,below_good/95,63,64,good,,True
below_good,below_good/96,0,13,good,toward_bad,False
below_good,below_good/96,1,13,good,toward_good,False
below_good,below_good/96,2,13,good,toward_bad,False
below_good,below_good/96,3,13,good,toward_bad,False
below_good,below_good/96,4,13,good,toward_bad,False
below_good,below_good/96,5,13,good,toward_good,False
below_good,below_good/96,6,13,good,toward_bad,False
below_good,below_good/96,7,13,good,toward_bad,False
below_good,below_good/96,8,13,good,toward_good,False
below_good,below_good/96,9,13,good,toward_bad,False
below_good,below_good/96,10,13,good,toward_bad,False
below_good,below_good/96,11,13,good,toward_bad,False
below_good,below_good/96,12,13,good,,True
below_good,below_good/97,0,20,good,toward_bad,False
below_good,below_good/97,1,20,good,toward_bad,False
below_good,below_good/97,2,20,bad,toward_good,False
below_good,below_good/97,3,20,good,toward_bad,False
below_good,below_good/97,4,20,good,toward_good,False
below_good,below_good/97,5,20,good,toward_bad,False
below_good,below_good/97,6,20,good,toward_good,False
below_good,below_good/97,7,20,good,toward_bad,False
below_good,below_good/97,8,20,good,toward_bad,False
below_good,below_good/97,9,20,good,toward_good,False
below_good,below_good/97,10,20,good,toward_bad,False
below_good,below_good/97,11,20,good,toward_bad,False
below_good,below_good/97,12,20,good,toward_bad,False
below_good,below_good/97,13,20,good,toward_good,False
below_good,below_good/97,14,20,good,toward_good,False
below_good,below_good/97,15,20,good,toward_bad,False
below_good,below_good/97,16,20,good,toward_bad,False
below_good,below_good/97,17,20,good,toward_good,False
below_good,below_good/97,18,20,good,toward_good,False
below_good,below_good/97,19,20,good,,True
below_good,below_good/98,0,34,bad,toward_good,False
below_good,below_good/98,1,34,good,toward_bad,False
below_good,below_good/98,2,34,good,toward_bad,False
below_good,below_good/98,3,34,bad,toward_good,False
below_good,below_good/98,4,34,good,toward_bad,False
below_good,below_good/98,5,34,bad,toward_good,False
below_good,below_good/98,6,34,good,toward_good,False
below_good,below_good/98,7,34,good,toward_bad,False
below_good,below_good/98,8,34,good,toward_good,False
below_good,below_good/98,9,34,good,toward_bad,False
below_good,below_good/98,10,34,good,toward_good,False
below_good,below_good/98,11,34,good,toward_bad,False
below_good,below_good/98,12,34,good,toward_good,False
below_good,below_good/98,13,34,good,toward_bad,False
below_good,below_good/98,14,34,good,toward_bad,False
below_good,below_good/98,15,34,bad,toward_good,False
below_good,below_good/98,16,34,good,toward_good,False
below_good,below_good/98,17,34,good,toward_good,False
below_good,below_good/98,18,34,good,toward_bad,False
below_good,below_good/98,19,34,good,toward_bad,False
below_good,below_good/98,20,34,good,toward_bad,False
below_good,below_good/98,21,34,good,toward_good,False
below_good,below_good/98,22,34,good,toward_bad,False
below_good,below_good/98,23,34,good,toward_good,False
below_good,below_good/98,24,34,good,toward_bad,False
below_good,below_good/98,25,34,good,toward_bad,False
below_good,below_good/98,26,34,good,toward_bad,False
below_good,below_good/98,27,34,good,toward_good,False
below_good,below_good/98,28,34,good,toward_bad,False
below_good,below_good/98,29,34,good,toward_good,False
below_good,below_good/98,30,34,good,toward_good,False
below_good,below_good/98,31,34,good,toward_good,False
below_good,below_good/98,32,34,good,toward_bad,False
below_good,below_good/98,33,34,good,,True
below_good,below_good/99,0,10,bad,toward_good,False
below_good,below_good/99,1,10,good,toward_bad,False
below_good,below_good/99,2,10,bad,toward_good,False
below_good,below_good/99,3,10,good,toward_bad,False
below_good,below_good/99,4,10,bad,toward_good,False
below_good,below_good/99,5,10,good,toward_good,False
below_good,below_good/99,6,10,good,toward_bad,False
below_good,below_good/99,7,10,good,toward_good,False
below_good,below_good/99,8,10,good,toward_bad,False
below_good,below_good/99,9,10,good,,True
above_good,above_good/0,0,8,good,toward_good,False
above_good,above_good/0,1,8,good,toward_bad,False
above_good,above_good/0,2,8,good,toward_bad,False
above_good,above_good/0,3,8,good,toward_bad,False
above_good,above_good/0,4,8,good,toward_good,False
above_good,above_good/0,5,8,good,toward_good,False
above_good,above_good/0,6,8,good,toward_bad,False
above_good,above_good/0,7,8,good,,True
above_good,above_good/1,0,27,bad,toward_good,False
above_good,above_good/1,1,27,good,toward_bad,False
above_good,above_good/1,2,27,bad,toward_good,False
above_good,above_good/1,3,27,bad,toward_bad,False
above_good,above_good/1,4,27,bad,toward_good,False
above_good,above_good/1,5,27,bad,toward_good,False
above_good,above_good/1,6,27,good,toward_bad,False
above_good,above_good/1,7,27,bad,toward_good,False
above_good,above_good/1,8,27,bad,toward_good,False
above_good,above_good/1,9,27,good,toward_bad,False
above_good,above_good/1,10,27,good,toward_bad,False
above_good,above_good/1,11,27,bad,toward_good,False
above_good,above_good/1,12,27,bad,toward_good,False
above_good,above_good/1,13,27,bad,toward_good,False
above_good,above_good/1,14,27,good,toward_bad,False
above_good,above_good/1,15,27,bad,toward_bad,False
above_good,above_good/1,16,27,bad,toward_good,False
above_good,above_good/1,17,27,bad,toward_good,False
above_good,above_good/1,18,27,good,toward_bad,False
above_good,above_good/1,19,27,bad,toward_good,False
above_good,above_good/1,20,27,good,toward_bad,False
above_good,above_good/1,21,27,bad,toward_good,False
above_good,above_good/1,22,27,good,toward_bad,False
above_good,above_good/1,23,27,bad,toward_bad,False
above_good,above_good/1,24,27,bad,toward_bad,False
above_good,above_good/1,25,27,bad,toward_good,False
above_good,above_good/1,26,27,bad,,True
above_good,above_good/2,0,31,good,toward_bad,False
above_good,above_good/2,1,31,bad,toward_good,False
above_good,above_good/2,2,31,good,toward_bad,False
above_good,above_good/2,3,31,good,toward_bad,False
above_good,above_good/2,4,31,bad,toward_bad,False
above_good,above_good/2,5,31,bad,toward_good,False
above_good,above_good/2,6,31,bad,toward_good,False
above_good,above_good/2,7,31,good,toward_bad,False
above_good,above_good/2,8,31,bad,toward_good,False
above_good,above_good/2,9,31,good,toward_bad,False
above_good,above_good/2,10,31,good,toward_bad,False
above_good,above_good/2,11,31,bad,toward_good,False
above_good,above_good/2,12,31,good,toward_bad,False
above_good,above_good/2,13,31,bad,toward_good,False
above_good,above_good/2,14,31,good,toward_bad,False
above_good,above_good/2,15,31,good,toward_bad,False
above_good,above_good/2,16,31,bad,toward_good,False
above_good,above_good/2,17,31,bad,toward_good,False
above_good,above_good/2,18,31,good,toward_bad,False
above_good,above_good/2,19,31,bad,toward_good,False
above_good,above_good/2,20,31,good,toward_bad,False
above_good,above_good/2,21,31,good,toward_bad,False
above_good,above_good/2,22,31,bad,toward_good,False
above_good,above_good/2,23,31,good,toward_bad,False
above_good,above_good/2,24,31,bad,toward_good,False
above_good,above_good/2,25,31,bad,toward_good,False
above_good,above_good/2,26,31,good,toward_good,False
above_good,above_good/2,27,31,good,toward_good,False
above_good,above_good/2,28,31,good,toward_bad,False
above_good,above_good/2,29,31,good,toward_bad,False
above_good,above_good/2,30,31,good,,True
above_good,above_good/3,0,14,bad,toward_good,False
above_good,above_good/3,1,14,bad,toward_good,False
above_good,above_good/3,2,14,good,toward_bad,False
above_good,above_good/3,3,14,bad,toward_good,False
above_good,above_good/3,4,14,bad,toward_bad,False
above_good,above_good/3,5,14,bad,toward_good,False
above_good,above_good/3,6,14,bad,toward_good,False
above_good,above_good/3,7,14,bad,toward_bad,False
above_good,above_good/3,8,14,bad,toward_good,False
above_good,above_good/3,9,14,bad,toward_good,False
above_good,above_good/3,10,14,bad,toward_good,False
above_good,above_good/3,11,14,good,toward_bad,False
above_good,above_good/3,12,14,bad,toward_bad,False
above_good,above_good/3,13,14,bad,,True
above_good,above_good/4,0,7,good,toward_good,False
above_good,above_good/4,1,7,good,toward_good,False
above_good,above_good/4,2,7,good,toward_bad,False
above_good,above_good/4,3,7,good,toward_bad,False
above_good,above_good/4,4,7,good,toward_good,False
above_good,above_good/4,5,7,good,toward_bad,False
above_good,above_good/4,6,7,good,,True
above_good,above_good/5,0,16,good,toward_good,False
above_good,above_good/5,1,16,good,toward_good,False
above_good,above_good/5,2,16,good,toward_bad,False
above_good,above_good/5,3,16,good,toward_good,False
above_good,above_good/5,4,16,good,toward_bad,False
above_good,above_good/5,5,16,good,toward_bad,False
above_good,above_good/5,6,16,good,toward_bad,False
above_good,above_good/5,7,16,good,toward_good,False
above_good,above_good/5,8,16,good,toward_bad,False
above_good,above_good/5,9,16,good,toward_bad,False
above_good,above_good/5,10,16,good,toward_good,False
above_good,above_good/5,11,16,good,toward_good,False
above_good,above_good/5,12,16,good,toward_good,False
above_good,above_good/5,13,16,good,toward_bad,False
above_good,above_good/5,14,16,good,toward_good,False
above_good,above_good/5,15,16,good,,True
above_good,above_good/6,0,29,good,toward_bad,False
above_good,above_good/6,1,29,good,toward_bad,False
above_good,above_good/6,2,29,bad,toward_good,False
above_good,above_good/6,3,29,good,toward_bad,False
above_good,above_good/6,4,29,good,toward_bad,False
above_good,above_good/6,5,29,bad,toward_good,False
above_good,above_good/6,6,29,bad,toward_bad,False
above_good,above_good/6,7,29,bad,toward_good,False
above_good,above_good/6,8,29,bad,toward_good,False
above_good,above_good/6,9,29,bad,toward_good,False
above_good,above_good/6,10,29,good,toward_good,False
above_good,above_good/6,11,29,good,toward_bad,False
above_good,above_good/6,12,29,bad,toward_good,False
above_good,above_good/6,13,29,bad,toward_bad,False
above_good,above_good/6,14,29,bad,toward_good,False
above_good,above_good/6,15,29,bad,toward_good,False
above_good,above_good/6,16,29,bad,toward_good,False
above_good,above_good/6,17,29,bad,toward_good,False
above_good,above_good/6,18,29,bad,toward_good,False
above_good,above_good/6,19,29,bad,toward_bad,False
above_good,above_good/6,20,29,bad,toward_bad,False
above_good,above_good/6,21,29,bad,toward_good,False
above_good,above_good/6,22,29,good,toward_bad,False
above_good,above_good/6,23,29,bad,toward_good,False
above_good,above_good/6,24,29,bad,toward_bad,False
above_good,above_good/6,25,29,bad,toward_good,False
above_good,above_good/6,26,29,bad,toward_bad,False
above_good,above_good/6,27,29,bad,toward_good,False
above_good,above_good/6,28,29,bad,,True
above_good,above_good/7,0,31,good,toward_bad,False
above_good,above_good/7,1,31,bad,toward_good,False
above_good,above_good/7,2,31,good,toward_bad,False
above_good,above_good/7,3,31,good,toward_bad,False
above_good,above_good/7,4,31,good,toward_good,False
above_good,above_good/7,5,31,good,toward_bad,False
above_good,above_good/7,6,31,bad,toward_good,False
above_good,above_good/7,7,31,good,toward_bad,False
above_good,above_good/7,8,31,good,toward_bad,False
above_good,above_good/7,9,31,bad,toward_good,False
above_good,above_good/7,10,31,good,toward_bad,False
above_good,above_good/7,11,31,good,toward_bad,False
above_good,above_good/7,12,31,bad,toward_good,False
above_good,above_good/7,13,31,good,toward_bad,False
above_good,above_good/7,14,31,good,toward_bad,False
above_good,above_good/7,15,31,bad,toward_good,False
above_good,above_good/7,16,31,good,toward_good,False
above_good,above_good/7,17,31,good,toward_bad,False
above_good,above_good/7,18,31,good,toward_bad,False
above_good,above_good/7,19,31,bad,toward_good,False
above_good,above_good/7,20,31,good,toward_good,False
above_good,above_good/7,21,31,good,toward_bad,False
above_good,above_good/7,22,31,good,toward_bad,False
above_good,above_good/7,23,31,bad,toward_good,False
above_good,above_good/7,24,31,good,toward_good,False
above_good,above_good/7,25,31,good,toward_bad,False
above_good,above_good/7,26,31,good,toward_bad,False
above_good,above_good/7,27,31,bad,toward_good,False
above_good,above_good/7,28,31,good,toward_good,False
above_good,above_good/7,29,31,good,toward_bad,False
above_good,above_good/7,30,31,good,,True
above_good,above_good/8,0,36,bad,toward_bad,False
above_good,above_good/8,1,36,bad,toward_good,False
above_good,above_good/8,2,36,good,toward_bad,False
above_good,above_good/8,3,36,bad,toward_good,False
above_good,above_good/8,4,36,bad,toward_good,False
above_good,above_good/8,5,36,good,toward_bad,False
above_good,above_good/8,6,36,bad,toward_good,False
above_good,above_good/8,7,36,good,toward_good,False
above_good,above_good/8,8,36,good,toward_bad,False
above_good,above_good/8,9,36,bad,toward_good,False
above_good,above_good/8,10,36,good,toward_bad,False
above_good,above_good/8,11,36,bad,toward_bad,False
above_good,above_good/8,12,36,bad,toward_good,False
above_good,above_good/8,13,36,good,toward_bad,False
above_good,above_good/8,14,36,good,toward_good,False
above_good,above_good/8,15,36,good,toward_bad,False
above_good,above_good/8,16,36,bad,toward_good,False
above_good,above_good/8,17,36,good,toward_bad,False
above_good,above_good/8,18,36,bad,toward_good,False
above_good,above_good/8,19,36,bad,toward_bad,False
above_good,above_good/8,20,36,bad,toward_good,False
above_good,above_good/8,21,36,good,toward_bad,False
above_good,above_good/8,22,36,bad,toward_good,False
above_good,above_good/8,23,36,bad,toward_bad,False
above_good,above_good/8,24,36,bad,toward_good,False
above_good,above_good/8,25,36,good,toward_bad,False
above_good,above_good/8,26,36,bad,toward_good,False
above_good,above_good/8,27,36,bad,toward_good,False
above_good,above_good/8,28,36,bad,toward_bad,False
above_good,above_good/8,29,36,bad,toward_good,False
above_good,above_good/8,30,36,bad,toward_good,False
above_good,above_good/8,31,36,good,toward_bad,False
above_good,above_good/8,32,36,bad,toward_good,False
above_good,above_good/8,33,36,bad,toward_good,False
above_good,above_good/8,34,36,bad,toward_good,False
above_good,above_good/8,35,36,bad,,True
above_good,above_good/9,0,74,good,toward_bad,False
above_good,above_good/9,1,74,bad,toward_good,False
above_good,above_good/9,2,74,good,toward_bad,False
above_good,above_good/9,3,74,good,toward_bad,False
above_good,above_good/9,4,74,bad,toward_good,False
above_good,above_good/9,5,74,good,toward_bad,False
above_good,above_good/9,6,74,bad,toward_good,False
above_good,above_good/9,7,74,good,toward_bad,False
above_good,above_good/9,8,74,bad,toward_good,False
above_good,above_good/9,9,74,good,toward_bad,False
above_good,above_good/9,10,74,bad,toward_good,False
above_good,above_good/9,11,74,good,toward_good,False
above_good,above_good/9,12,74,good,toward_bad,False
above_good,above_good/9,13,74,bad,toward_good,False
above_good,above_good/9,14,74,bad,toward_good,False
above_good,above_good/9,15,74,good,toward_bad,False
above_good,above_good/9,16,74,bad,toward_good,False
above_good,above_good/9,17,74,bad,toward_good,False
above_good,above_good/9,18,74,good,toward_bad,False
above_good,above_good/9,19,74,bad,toward_good,False
above_good,above_good/9,20,74,good,toward_bad,False
above_good,above_good/9,21,74,bad,toward_good,False
above_good,above_good/9,22,74,bad,toward_good,False
above_good,above_good/9,23,74,bad,toward_good,False
above_good,above_good/9,24,74,good,toward_bad,False
above_good,above_good/9,25,74,bad,toward_good,False
above_good,above_good/9,26,74,bad,toward_good,False
above_good,above_good/9,27,74,good,toward_bad,False
above_good,above_good/9,28,74,bad,toward_good,False
above_good,above_good/9,29,74,good,toward_bad,False
above_good,above_good/9,30,74,good,toward_bad,False
above_good,above_good/9,31,74,bad,toward_good,False
above_good,above_good/9,32,74,good,toward_bad,False
above_good,above_good/9,33,74,bad,toward_good,False
above_good,above_good/9,34,74,bad,toward_bad,False
above_good,above_good/9,35,74,bad,toward_bad,False
above_good,above_good/9,36,74,bad,toward_good,False
above_good,above_good/9,37,74,good,toward_bad,False
above_good,above_good/9,38,74,bad,toward_good,False
above_good,above_good/9,39,74,good,toward_bad,False
above_good,above_good/9,40,74,bad,toward_good,False
above_good,above_good/9,41,74,bad,toward_bad,False
above_good,above_good/9,42,74,bad,toward_good,False
above_good,above_good/9,43,74,bad,toward_bad,False
above_good,above_good/9,44,74,bad,toward_good,False
above_good,above_good/9,45,74,bad,toward_good,False
above_good,above_good/9,46,74,good,toward_bad,False
above_good,above_good/9,47,74,bad,toward_good,False
above_good,above_good/9,48,74,bad,toward_good,False
above_good,above_good/9,49,74,good,toward_bad,False
above_good,above_good/9,50,74,bad,toward_bad,False
above_good,above_good/9,51,74,bad,toward_good,False
above_good,above_good/9,52,74,bad,toward_good,False
above_good,above_good/9,53,74,bad,toward_good,False
above_good,above_good/9,54,74,good,toward_bad,False
above_good,above_good/9,55,74,good,toward_bad,False
above_good,above_good/9,56,74,bad,toward_bad,False
above_good,above_good/9,57,74,bad,toward_bad,False
above_good,above_good/9,58,74,bad,toward_bad,False
above_good,above_good/9,59,74,bad,toward_good,False
above_good,above_good/9,60,74,good,toward_bad,False
above_good,above_good/9,61,74,bad,toward_good,False
above_good,above_good/9,62,74,bad,toward_good,False
above_good,above_good/9,63,74,good,toward_bad,False
above_good,above_good/9,64,74,bad,toward_good,False
above_good,above_good/9,65,74,good,toward_bad,False
above_good,above_good/9,66,74,bad,toward_good,False
above_good,above_good/9,67,74,bad,toward_bad,False
above_good,above_good/9,68,74,bad,toward_good,False
above_good,above_good/9,69,74,bad,toward_bad,False
above_good,above_good/9,70,74,bad,toward_good,False
above_good,above_good/9,71,74,bad,toward_good,False
above_good,above_good/9,72,74,good,toward_bad,False
above_good,above_good/9,73,74,bad,,True
above_good,above_good/10,0,27,good,toward_good,False
above_good,above_good/10,1,27,good,toward_bad,False
above_good,above_good/10,2,27,good,toward_bad,False
above_good,above_good/10,3,27,good,toward_bad,False
above_good,above_good/10,4,27,good,toward_good,False
above_good,above_good/10,5,27,good,toward_bad,False
above_good,above_good/10,6,27,good,toward_bad,False
above_good,above_good/10,7,27,good,toward_good,False
above_good,above_good/10,8,27,good,toward_bad,False
above_good,above_good/10,9,27,good,toward_bad,False
above_good,above_good/10,10,27,good,toward_good,False
above_good,above_good/10,11,27,good,toward_good,False
above_good,above_good/10,12,27,good,toward_good,False
above_good,above_good/10,13,27,good,toward_good,False
above_good,above_good/10,14,27,good,toward_good,False
above_good,above_good/10,15,27,good,toward_good,False
above_good,above_good/10,16,27,good,toward_good,False
above_good,above_good/10,17,27,good,toward_bad,False
above_good,above_good/10,18,27,good,toward_bad,False
above_good,above_good/10,19,27,good,toward_good,False
above_good,above_good/10,20,27,good,toward_good,False
above_good,above_good/10,21,27,good,toward_bad,False
above_good,above_good/10,22,27,good,toward_good,False
above_good,above_good/10,23,27,good,toward_bad,False
above_good,above_good/10,24,27,good,toward_bad,False
above_good,above_good/10,25,27,good,toward_good,False
above_good,above_good/10,26,27,good,,True
above_good,above_good/11,0,13,good,toward_good,False
above_good,above_good/11,1,13,good,toward_bad,False
above_good,above_good/11,2,13,good,toward_bad,False
above_good,above_good/11,3,13,good,toward_good,False
above_good,above_good/11,4,13,good,toward_bad,False
above_good,above_good/11,5,13,good,toward_bad,False
above_good,above_good/11,6,13,good,toward_good,False
above_good,above_good/11,7,13,good,toward_good,False
above_good,above_good/11,8,13,good,toward_bad,False
above_good,above_good/11,9,13,good,toward_good,False
above_good,above_good/11,10,13,good,toward_bad,False
above_good,above_good/11,11,13,good,toward_bad,False
above_good,above_good/11,12,13,good,,True
above_good,above_good/12,0,12,good,toward_bad,False
above_good,above_good/12,1,12,good,toward_bad,False
above_good,above_good/12,2,12,good,toward_bad,False
above_good,above_good/12,3,12,good,toward_good,False
above_good,above_good/12,4,12,good,toward_good,False
above_good,above_good/12,5,12,good,toward_bad,False
above_good,above_good/12,6,12,bad,toward_good,False
above_good,above_good/12,7,12,good,toward_bad,False
above_good,above_good/12,8,12,good,toward_good,False
above_good,above_good/12,9,12,good,toward_bad,False
above_good,above_good/12,10,12,bad,toward_good,False
above_good,above_good/12,11,12,good,,True
above_good,above_good/13,0,38,bad,toward_good,False
above_good,above_good/13,1,38,good,toward_bad,False
above_good,above_good/13,2,38,bad,toward_good,False
above_good,above_good/13,3,38,bad,toward_good,False
above_good,above_good/13,4,38,good,toward_bad,False
above_good,above_good/13,5,38,bad,toward_good,False
above_good,above_good/13,6,38,bad,toward_good,False
above_good,above_good/13,7,38,good,toward_bad,False
above_good,above_good/13,8,38,bad,toward_good,False
above_good,above_good/13,9,38,good,toward_bad,False
above_good,above_good/13,10,38,bad,toward_good,False
above_good,above_good/13,11,38,bad,toward_bad,False
above_good,above_good/13,12,38,bad,toward_good,False
above_good,above_good/13,13,38,good,toward_bad,False
above_good,above_good/13,14,38,bad,toward_good,False
above_good,above_good/13,15,38,good,toward_bad,False
above_good,above_good/13,16,38,bad,toward_bad,False
above_good,above_good/13,17,38,bad,toward_bad,False
above_good,above_good/13,18,38,bad,toward_good,False
above_good,above_good/13,19,38,bad,toward_bad,False
above_good,above_good/13,20,38,bad,toward_good,False
above_good,above_good/13,21,38,bad,toward_good,False
above_good,above_good/13,22,38,bad,toward_good,False
above_good,above_good/13,23,38,bad,toward_bad,False
above_good,above_good/13,24,38,bad,toward_bad,False
above_good,above_good/13,25,38,bad,toward_good,False
above_good,above_good/13,26,38,good,toward_bad,False
above_good,above_good/13,27,38,bad,toward_bad,False
above_good,above_good/13,28,38,bad,toward_bad,False
above_good,above_good/13,29,38,bad,toward_bad,False
above_good,above_good/13,30,38,bad,toward_bad,False
above_good,above_good/13,31,38,bad,toward_good,False
above_good,above_good/13,32,38,bad,toward_bad,False
above_good,above_good/13,33,38,bad,toward_bad,False
above_good,above_good/13,34,38,bad,toward_good,False
above_good,above_good/13,35,38,bad,toward_good,False
above_good,above_good/13,36,38,bad,toward_good,False
above_good,above_good/13,37,38,bad,,True
above_good,above_good/14,0,27,bad,toward_good,False
above_good,above_good/14,1,27,good,toward_bad,False
above_good,above_good/14,2,27,good,toward_bad,False
above_good,above_good/14,3,27,good,toward_bad,False
above_good,above_good/14,4,27,bad,toward_good,False
above_good,above_good/14,5,27,bad,toward_bad,False
above_good,above_good/14,6,27,bad,toward_good,False
above_good,above_good/14,7,27,good,toward_bad,False
above_good,above_good/14,8,27,good,toward_good,False
above_good,above_good/14,9,27,good,toward_bad,False
above_good,above_good/14,10,27,good,toward_bad,False
above_good,above_good/14,11,27,bad,toward_good,False
above_good,above_good/14,12,27,good,toward_bad,False
above_good,above_good/14,13,27,good,toward_bad,False
above_good,above_good/14,14,27,good,toward_bad,False
above_good,above_good/14,15,27,bad,toward_good,False
above_good,above_good/14,16,27,bad,toward_good,False
above_good,above_good/14,17,27,bad,toward_good,False
above_good,above_good/14,18,27,good,toward_bad,False
above_good,above_good/14,19,27,good,toward_good,False
above_good,above_good/14,20,27,good,toward_good,False
above_good,above_good/14,21,27,good,toward_bad,False
above_good,above_good/14,22,27,good,toward_bad,False
above_good,above_good/14,23,27,good,toward_good,False
above_good,above_good/14,24,27,good,toward_bad,False
above_good,above_good/14,25,27,good,toward_good,False
above_good,above_good/14,26,27,good,,True
above_good,above_good/15,0,22,good,toward_bad,False
above_good,above_good/15,1,22,bad,toward_good,False
above_good,above_good/15,2,22,good,toward_bad,False
above_good,above_good/15,3,22,good,toward_bad,False
above_good,above_good/15,4,22,good,toward_bad,False
above_good,above_good/15,5,22,bad,toward_good,False
above_good,above_good/15,6,22,good,toward_good,False
above_good,above_good/15,7,22,good,toward_bad,False
above_good,above_good/15,8,22,bad,toward_good,False
above_good,above_good/15,9,22,good,toward_bad,False
above_good,above_good/15,10,22,good,toward_bad,False
above_good,above_good/15,11,22,good,toward_good,False
above_good,above_good/15,12,22,good,toward_bad,False
above_good,above_good/15,13,22,good,toward_bad,False
above_good,above_good/15,14,22,good,toward_good,False
above_good,above_good/15,15,22,good,toward_good,False
above_good,above_good/15,16,22,good,toward_good,False
above_good,above_good/15,17,22,good,toward_bad,False
above_good,above_good/15,18,22,good,toward_good,False
above_good,above_good/15,19,22,good,toward_bad,False
above_good,above_good/15,20,22,good,toward_good,False
above_good,above_good/15,21,22,good,,True
above_good,above_good/16,0,24,good,toward_bad,False
above_good,above_good/16,1,24,good,toward_good,False
above_good,above_good/16,2,24,good,toward_good,False
above_good,above_good/16,3,24,good,toward_bad,False
above_good,above_good/16,4,24,good,toward_good,False
above_good,above_good/16,5,24,good,toward_bad,False
above_good,above_good/16,6,24,good,toward_bad,False
above_good,above_good/16,7,24,good,toward_good,False
above_good,above_good/16,8,24,good,toward_bad,False
above_good,above_good/16,9,24,good,toward_good,False
above_good,above_good/16,10,24,good,toward_bad,False
above_good,above_good/16,11,24,good,toward_bad,False
above_good,above_good/16,12,24,good,toward_good,False
above_good,above_good/16,13,24,good,toward_bad,False
above_good,above_good/16,14,24,good,toward_good,False
above_good,above_good/16,15,24,good,toward_bad,False
above_good,above_good/16,16,24,good,toward_good,False
above_good,above_good/16,17,24,good,toward_bad,False
above_good,above_good/16,18,24,good,toward_good,False
above_good,above_good/16,19,24,good,toward_bad,False
above_good,above_good/16,20,24,good,toward_good,False
above_good,above_good/16,21,24,good,toward_good,False
above_good,above_good/16,22,24,good,toward_good,False
above_good,above_good/16,23,24,good,,True
above_good,above_good/17,0,29,bad,toward_bad,False
above_good,above_good/17,1,29,bad,toward_good,False
above_good,above_good/17,2,29,bad,toward_good,False
above_good,above_good/17,3,29,bad,toward_bad,False
above_good,above_good/17,4,29,bad,toward_good,False
above_good,above_good/17,5,29,bad,toward_bad,False
above_good,above_good/17,6,29,bad,toward_bad,False
above_good,above_good/17,7,29,bad,toward_bad,False
above_good,above_good/17,8,29,bad,toward_good,False
above_good,above_good/17,9,29,bad,toward_good,False
above_good,above_good/17,10,29,good,toward_bad,False
above_good,above_good/17,11,29,bad,toward_bad,False
above_good,above_good/17,12,29,bad,toward_good,False
above_good,above_good/17,13,29,bad,toward_good,False
above_good,above_good/17,14,29,bad,toward_good,False
above_good,above_good/17,15,29,bad,toward_bad,False
above_good,above_good/17,16,29,bad,toward_bad,False
above_good,above_good/17,17,29,bad,toward_good,False
above_good,above_good/17,18,29,bad,toward_bad,False
above_good,above_good/17,19,29,bad,toward_good,False
above_good,above_good/17,20,29,bad,toward_bad,False
above_good,above_good/17,21,29,bad,toward_good,False
above_good,above_good/17,22,29,bad,toward_bad,False
above_good,above_good/17,23,29,bad,toward_good,False
above_good,above_good/17,24,29,bad,toward_bad,False
above_good,above_good/17,25,29,bad,toward_bad,False
above_good,above_good/17,26,29,bad,toward_bad,False
above_good,above_good/17,27,29,bad,toward_good,False
above_good,above_good/17,28,29,bad,,True
above_good,above_good/19,0,11,good,toward_good,False
above_good,above_good/19,1,11,good,toward_good,False
above_good,above_good/19,2,11,good,toward_bad,False
above_good,above_good/19,3,11,good,toward_bad,False
above_good,above_good/19,4,11,good,toward_bad,False
above_good,above_good/19,5,11,good,toward_bad,False
above_good,above_good/19,6,11,good,toward_good,False
above_good,above_good/19,7,11,good,toward_bad,False
above_good,above_good/19,8,11,good,toward_bad,False
above_good,above_good/19,9,11,good,toward_bad,False
above_good,above_good/19,10,11,good,,True
above_good,above_good/20,0,21,good,toward_bad,False
above_good,above_good/20,1,21,good,toward_bad,False
above_good,above_good/20,2,21,bad,toward_good,False
above_good,above_good/20,3,21,good,toward_bad,False
above_good,above_good/20,4,21,bad,toward_good,False
above_good,above_good/20,5,21,good,toward_bad,False
above_good,above_good/20,6,21,good,toward_good,False
above_good,above_good/20,7,21,good,toward_bad,False
above_good,above_good/20,8,21,good,toward_bad,False
above_good,above_good/20,9,21,good,toward_good,False
above_good,above_good/20,10,21,good,toward_bad,False
above_good,above_good/20,11,21,good,toward_good,False
above_good,above_good/20,12,21,good,toward_bad,False
above_good,above_good/20,13,21,bad,toward_good,False
above_good,above_good/20,14,21,bad,toward_good,False
above_good,above_good/20,15,21,good,toward_good,False
above_good,above_good/20,16,21,good,toward_bad,False
above_good,above_good/20,17,21,bad,toward_good,False
above_good,above_good/20,18,21,good,toward_good,False
above_good,above_good/20,19,21,good,toward_good,False
above_good,above_good/20,20,21,good,,True
above_good,above_good/21,0,22,good,toward_bad,False
above_good,above_good/21,1,22,good,toward_bad,False
above_good,above_good/21,2,22,good,toward_bad,False
above_good,above_good/21,3,22,good,toward_bad,False
above_good,above_good/21,4,22,good,toward_bad,False
above_good,above_good/21,5,22,bad,toward_good,False
above_good,above_good/21,6,22,good,toward_bad,False
above_good,above_good/21,7,22,good,toward_good,False
above_good,above_good/21,8,22,good,toward_good,False
above_good,above_good/21,9,22,good,toward_bad,False
above_good,above_good/21,10,22,bad,toward_good,False
above_good,above_good/21,11,22,good,toward_good,False
above_good,above_good/21,12,22,good,toward_good,False
above_good,above_good/21,13,22,good,toward_bad,False
above_good,above_good/21,14,22,good,toward_bad,False
above_good,above_good/21,15,22,good,toward_good,False
above_good,above_good/21,16,22,good,toward_good,False
above_good,above_good/21,17,22,good,toward_bad,False
above_good,above_good/21,18,22,good,toward_bad,False
above_good,above_good/21,19,22,good,toward_good,False
above_good,above_good/21,20,22,good,toward_good,False
above_good,above_good/21,21,22,good,,True
above_good,above_good/22,0,30,bad,toward_bad,False
above_good,above_good/22,1,30,bad,toward_good,False
above_good,above_good/22,2,30,bad,toward_good,False
above_good,above_good/22,3,30,good,toward_bad,False
above_good,above_good/22,4,30,bad,toward_good,False
above_good,above_good/22,5,30,bad,toward_good,False
above_good,above_good/22,6,30,good,toward_bad,False
above_good,above_good/22,7,30,bad,toward_good,False
above_good,above_good/22,8,30,bad,toward_bad,False
above_good,above_good/22,9,30,bad,toward_good,False
above_good,above_good/22,10,30,bad,toward_good,False
above_good,above_good/22,11,30,bad,toward_good,False
above_good,above_good/22,12,30,good,toward_bad,False
above_good,above_good/22,13,30,bad,toward_bad,False
above_good,above_good/22,14,30,bad,toward_good,False
above_good,above_good/22,15,30,bad,toward_bad,False
above_good,above_good/22,16,30,bad,toward_good,False
above_good,above_good/22,17,30,bad,toward_bad,False
above_good,above_good/22,18,30,bad,toward_good,False
above_good,above_good/22,19,30,bad,toward_bad,False
above_good,above_good/22,20,30,bad,toward_bad,False
above_good,above_good/22,21,30,bad,toward_good,False
above_good,above_good/22,22,30,bad,toward_good,False
above_good,above_good/22,23,30,bad,toward_good,False
above_good,above_good/22,24,30,bad,toward_bad,False
above_good,above_good/22,25,30,bad,toward_good,False
above_good,above_good/22,26,30,bad,toward_good,False
above_good,above_good/22,27,30,bad,toward_bad,False
above_good,above_good/22,28,30,bad,toward_bad,False
above_good,above_good/22,29,30,bad,,True
above_good,above_good/23,0,32,bad,toward_good,False
above_good,above_good/23,1,32,good,toward_bad,False
above_good,above_good/23,2,32,bad,toward_good,False
above_good,above_good/23,3,32,good,toward_good,False
above_good,above_good/23,4,32,good,toward_bad,False
above_good,above_good/23,5,32,good,toward_good,False
above_good,above_good/23,6,32,good,toward_bad,False
above_good,above_good/23,7,32,bad,toward_good,False
above_good,above_good/23,8,32,good,toward_bad,False
above_good,above_good/23,9,32,good,toward_good,False
above_good,above_good/23,10,32,good,toward_bad,False
above_good,above_good/23,11,32,good,toward_bad,False
above_good,above_good/23,12,32,bad,toward_good,False
above_good,above_good/23,13,32,good,toward_good,False
above_good,above_good/23,14,32,good,toward_good,False
above_good,above_good/23,15,32,good,toward_good,False
above_good,above_good/23,16,32,good,toward_good,False
above_good,above_good/23,17,32,good,toward_good,False
above_good,above_good/23,18,32,good,toward_good,False
above_good,above_good/23,19,32,good,toward_bad,False
above_good,above_good/23,20,32,good,toward_good,False
above_good,above_good/23,21,32,good,toward_good,False
above_good,above_good/23,22,32,good,toward_bad,False
above_good,above_good/23,23,32,good,toward_bad,False
above_good,above_good/23,24,32,good,toward_bad,False
above_good,above_good/23,25,32,good,toward_bad,False
above_good,above_good/23,26,32,good,toward_good,False
above_good,above_good/23,27,32,good,toward_good,False
above_good,above_good/23,28,32,good,toward_bad,False
above_good,above_good/23,29,32,good,toward_bad,False
above_good,above_good/23,30,32,bad,toward_good,False
above_good,above_good/23,31,32,good,,True
above_good,above_good/24,0,8,good,toward_good,False
above_good,above_good/24,1,8,good,toward_bad,False
above_good,above_good/24,2,8,good,toward_bad,False
above_good,above_good/24,3,8,good,toward_good,False
above_good,above_good/24,4,8,good,toward_bad,False
above_good,above_good/24,5,8,good,toward_bad,False
above_good,above_good/24,6,8,good,toward_good,False
above_good,above_good/24,7,8,good,,True
above_good,above_good/25,0,31,bad,toward_bad,False
above_good,above_good/25,1,31,bad,toward_bad,False
above_good,above_good/25,2,31,bad,toward_good,False
above_good,above_good/25,3,31,bad,toward_good,False
above_good,above_good/25,4,31,good,toward_bad,False
above_good,above_good/25,5,31,bad,toward_good,False
above_good,above_good/25,6,31,bad,toward_good,False
above_good,above_good/25,7,31,good,toward_bad,False
above_good,above_good/25,8,31,bad,toward_good,False
above_good,above_good/25,9,31,bad,toward_bad,False
above_good,above_good/25,10,31,bad,toward_good,False
above_good,above_good/25,11,31,good,toward_bad,False
above_good,above_good/25,12,31,good,toward_good,False
above_good,above_good/25,13,31,good,toward_bad,False
above_good,above_good/25,14,31,good,toward_good,False
above_good,above_good/25,15,31,good,toward_bad,False
above_good,above_good/25,16,31,good,toward_good,False
above_good,above_good/25,17,31,good,toward_bad,False
above_good,above_good/25,18,31,good,toward_bad,False
above_good,above_good/25,19,31,good,toward_bad,False
above_good,above_good/25,20,31,good,toward_bad,False
above_good,above_good/25,21,31,bad,toward_good,False
above_good,above_good/25,22,31,good,toward_bad,False
above_good,above_good/25,23,31,good,toward_good,False
above_good,above_good/25,24,31,good,toward_bad,False
above_good,above_good/25,25,31,bad,toward_good,False
above_good,above_good/25,26,31,good,toward_good,False
above_good,above_good/25,27,31,good,toward_good,False
above_good,above_good/25,28,31,good,toward_bad,False
above_good,above_good/25,29,31,bad,toward_good,False
above_good,above_good/25,30,31,good,,True
above_good,above_good/26,0,18,bad,toward_good,False
above_good,above_good/26,1,18,bad,toward_bad,False
above_good,above_good/26,2,18,bad,toward_bad,False
above_good,above_good/26,3,18,bad,toward_good,False
above_good,above_good/26,4,18,bad,toward_good,False
above_good,above_good/26,5,18,bad,toward_bad,False
above_good,above_good/26,6,18,bad,toward_bad,False
above_good,above_good/26,7,18,bad,toward_bad,False
above_good,above_good/26,8,18,bad,toward_good,False
above_good,above_good/26,9,18,bad,toward_bad,False
above_good,above_good/26,10,18,bad,toward_bad,False
above_good,above_good/26,11,18,bad,toward_good,False
above_good,above_good/26,12,18,bad,toward_bad,False
above_good,above_good/26,13,18,bad,toward_good,False
above_good,above_good/26,14,18,bad,toward_bad,False
above_good,above_good/26,15,18,bad,toward_good,False
above_good,above_good/26,16,18,bad,toward_bad,False
above_good,above_good/26,17,18,bad,,True
above_good,above_good/27,0,25,good,toward_bad,False
above_good,above_good/27,1,25,good,toward_bad,False
above_good,above_good/27,2,25,bad,toward_good,False
above_good,above_good/27,3,25,bad,toward_bad,False
above_good,above_good/27,4,25,bad,toward_good,False
above_good,above_good/27,5,25,good,toward_bad,False
above_good,above_good/27,6,25,bad,toward_good,False
above_good,above_good/27,7,25,good,toward_bad,False
above_good,above_good/27,8,25,bad,toward_bad,False
above_good,above_good/27,9,25,bad,toward_good,False
above_good,above_good/27,10,25,bad,toward_good,False
above_good,above_good/27,11,25,good,toward_bad,False
above_good,above_good/27,12,25,bad,toward_good,False
above_good,above_good/27,13,25,good,toward_bad,False
above_good,above_good/27,14,25,bad,toward_bad,False
above_good,above_good/27,15,25,bad,toward_good,False
above_good,above_good/27,16,25,bad,toward_bad,False
above_good,above_good/27,17,25,bad,toward_good,False
above_good,above_good/27,18,25,bad,toward_bad,False
above_good,above_good/27,19,25,bad,toward_good,False
above_good,above_good/27,20,25,bad,toward_bad,False
above_good,above_good/27,21,25,bad,toward_bad,False
above_good,above_good/27,22,25,bad,toward_bad,False
above_good,above_good/27,23,25,bad,toward_good,False
above_good,above_good/27,24,25,bad,,True
above_good,above_good/28,0,26,good,toward_good,False
above_good,above_good/28,1,26,good,toward_bad,False
above_good,above_good/28,2,26,bad,toward_good,False
above_good,above_good/28,3,26,good,toward_bad,False
above_good,above_good/28,4,26,good,toward_good,False
above_good,above_good/28,5,26,good,toward_bad,False
above_good,above_good/28,6,26,bad,toward_good,False
above_good,above_good/28,7,26,good,toward_bad,False
above_good,above_good/28,8,26,good,toward_good,False
above_good,above_good/28,9,26,good,toward_bad,False
above_good,above_good/28,10,26,good,toward_bad,False
above_good,above_good/28,11,26,good,toward_bad,False
above_good,above_good/28,12,26,good,toward_good,False
above_good,above_good/28,13,26,good,toward_good,False
above_good,above_good/28,14,26,good,toward_bad,False
above_good,above_good/28,15,26,good,toward_good,False
above_good,above_good/28,16,26,good,toward_good,False
above_good,above_good/28,17,26,good,toward_bad,False
above_good,above_good/28,18,26,bad,toward_good,False
above_good,above_good/28,19,26,bad,toward_good,False
above_good,above_good/28,20,26,good,toward_good,False
above_good,above_good/28,21,26,good,toward_bad,False
above_good,above_good/28,22,26,good,toward_good,False
above_good,above_good/28,23,26,good,toward_good,False
above_good,above_good/28,24,26,good,toward_bad,False
above_good,above_good/28,25,26,good,,True
above_good,above_good/29,0,1,good,,True
above_good,above_good/30,0,15,good,toward_bad,False
above_good,above_good/30,1,15,good,toward_bad,False
above_good,above_good/30,2,15,good,toward_good,False
above_good,above_good/30,3,15,good,toward_bad,False
above_good,above_good/30,4,15,good,toward_good,False
above_good,above_good/30,5,15,good,toward_bad,False
above_good,above_good/30,6,15,good,toward_good,False
above_good,above_good/30,7,15,good,toward_good,False
above_good,above_good/30,8,15,good,toward_bad,False
above_good,above_good/30,9,15,good,toward_good,False
above_good,above_good/30,10,15,good,toward_good,False
above_good,above_good/30,11,15,good,toward_good,False
above_good,above_good/30,12,15,good,toward_bad,False
above_good,above_good/30,13,15,good,toward_good,False
above_good,above_good/30,14,15,good,,True
above_good,above_good/31,0,31,bad,toward_good,False
above_good,above_good/31,1,31,good,toward_bad,False
above_good,above_good/31,2,31,bad,toward_bad,False
above_good,above_good/31,3,31,bad,toward_good,False
above_good,above_good/31,4,31,bad,toward_bad,False
above_good,above_good/31,5,31,bad,toward_good,False
above_good,above_good/31,6,31,bad,toward_good,False
above_good,above_good/31,7,31,bad,toward_good,False
above_good,above_good/31,8,31,bad,toward_bad,False
above_good,above_good/31,9,31,bad,toward_good,False
above_good,above_good/31,10,31,bad,toward_bad,False
above_good,above_good/31,11,31,bad,toward_good,False
above_good,above_good/31,12,31,bad,toward_bad,False
above_good,above_good/31,13,31,bad,toward_good,False
above_good,above_good/31,14,31,bad,toward_good,False
above_good,above_good/31,15,31,bad,toward_bad,False
above_good,above_good/31,16,31,bad,toward_bad,False
above_good,above_good/31,17,31,bad,toward_good,False
above_good,above_good/31,18,31,bad,toward_good,False
above_good,above_good/31,19,31,bad,toward_good,False
above_good,above_good/31,20,31,bad,toward_good,False
above_good,above_good/31,21,31,bad,toward_bad,False
above_good,above_good/31,22,31,bad,toward_good,False
above_good,above_good/31,23,31,bad,toward_good,False
above_good,above_good/31,24,31,bad,toward_good,False
above_good,above_good/31,25,31,good,toward_bad,False
above_good,above_good/31,26,31,bad,toward_bad,False
above_good,above_good/31,27,31,bad,toward_bad,False
above_good,above_good/31,28,31,bad,toward_bad,False
above_good,above_good/31,29,31,bad,toward_bad,False
above_good,above_good/31,30,31,bad,,True
above_good,above_good/32,0,22,bad,toward_good,False
above_good,above_good/32,1,22,bad,toward_bad,False
above_good,above_good/32,2,22,bad,toward_good,False
above_good,above_good/32,3,22,bad,toward_bad,False
above_good,above_good/32,4,22,bad,toward_good,False
above_good,above_good/32,5,22,bad,toward_bad,False
above_good,above_good/32,6,22,bad,toward_good,False
above_good,above_good/32,7,22,bad,toward_bad,False
above_good,above_good/32,8,22,bad,toward_bad,False
above_good,above_good/32,9,22,bad,toward_good,False
above_good,above_good/32,10,22,bad,toward_good,False
above_good,above_good/32,11,22,bad,toward_good,False
above_good,above_good/32,12,22,bad,toward_bad,False
above_good,above_good/32,13,22,bad,toward_good,False
above_good,above_good/32,14,22,bad,toward_bad,False
above_good,above_good/32,15,22,bad,toward_good,False
above_good,above_good/32,16,22,bad,toward_bad,False
above_good,above_good/32,17,22,bad,toward_good,False
above_good,above_good/32,18,22,bad,toward_good,False
above_good,above_good/32,19,22,bad,toward_bad,False
above_good,above_good/32,20,22,bad,toward_good,False
above_good,above_good/32,21,22,bad,,True
above_good,above_good/33,0,8,good,toward_bad,False
above_good,above_good/33,1,8,good,toward_bad,False
above_good,above_good/33,2,8,good,toward_bad,False
above_good,above_good/33,3,8,bad,toward_bad,False
above_good,above_good/33,4,8,bad,toward_good,False
above_good,above_good/33,5,8,good,toward_bad,False
above_good,above_good/33,6,8,good,toward_good,False
above_good,above_good/33,7,8,good,,True
above_good,above_good/34,0,20,good,toward_good,False
above_good,above_good/34,1,20,good,toward_bad,False
above_good,above_good/34,2,20,bad,toward_good,False
above_good,above_good/34,3,20,good,toward_good,False
above_good,above_good/34,4,20,good,toward_bad,False
above_good,above_good/34,5,20,good,toward_good,False
above_good,above_good/34,6,20,good,toward_good,False
above_good,above_good/34,7,20,good,toward_good,False
above_good,above_good/34,8,20,good,toward_good,False
above_good,above_good/34,9,20,good,toward_good,False
above_good,above_good/34,10,20,good,toward_good,False
above_good,above_good/34,11,20,good,toward_bad,False
above_good,above_good/34,12,20,good,toward_good,False
above_good,above_good/34,13,20,good,toward_good,False
above_good,above_good/34,14,20,good,toward_bad,False
above_good,above_good/34,15,20,good,toward_good,False
above_good,above_good/34,16,20,good,toward_bad,False
above_good,above_good/34,17,20,good,toward_good,False
above_good,above_good/34,18,20,good,toward_bad,False
above_good,above_good/34,19,20,good,,True
above_good,above_good/35,0,19,good,toward_bad,False
above_good,above_good/35,1,19,good,toward_good,False
above_good,above_good/35,2,19,good,toward_good,False
above_good,above_good/35,3,19,good,toward_bad,False
above_good,above_good/35,4,19,good,toward_bad,False
above_good,above_good/35,5,19,good,toward_good,False
above_good,above_good/35,6,19,good,toward_good,False
above_good,above_good/35,7,19,good,toward_bad,False
above_good,above_good/35,8,19,good,toward_bad,False
above_good,above_good/35,9,19,good,toward_good,False
above_good,above_good/35,10,19,good,toward_bad,False
above_good,above_good/35,11,19,good,toward_good,False
above_good,above_good/35,12,19,good,toward_good,False
above_good,above_good/35,13,19,good,toward_good,False
above_good,above_good/35,14,19,good,toward_bad,False
above_good,above_good/35,15,19,good,toward_bad,False
above_good,above_good/35,16,19,good,toward_bad,False
above_good,above_good/35,17,19,good,toward_good,False
above_good,above_good/35,18,19,good,,True
above_good,above_good/36,0,25,good,toward_bad,False
above_good,above_good/36,1,25,bad,toward_good,False
above_good,above_good/36,2,25,good,toward_good,False
above_good,above_good/36,3,25,good,toward_bad,False
above_good,above_good/36,4,25,good,toward_bad,False
above_good,above_good/36,5,25,bad,toward_good,False
above_good,above_good/36,6,25,good,toward_bad,False
above_good,above_good/36,7,25,good,toward_good,False
above_good,above_good/36,8,25,good,toward_good,False
above_good,above_good/36,9,25,good,toward_bad,False
above_good,above_good/36,10,25,bad,toward_good,False
above_good,above_good/36,11,25,good,toward_bad,False
above_good,above_good/36,12,25,bad,toward_good,False
above_good,above_good/36,13,25,good,toward_bad,False
above_good,above_good/36,14,25,bad,toward_good,False
above_good,above_good/36,15,25,good,toward_good,False
above_good,above_good/36,16,25,good,toward_bad,False
above_good,above_good/36,17,25,good,toward_bad,False
above_good,above_good/36,18,25,good,toward_bad,False
above_good,above_good/36,19,25,good,toward_good,False
above_good,above_good/36,20,25,good,toward_bad,False
above_good,above_good/36,21,25,good,toward_good,False
above_good,above_good/36,22,25,good,toward_bad,False
above_good,above_good/36,23,25,bad,toward_good,False
above_good,above_good/36,24,25,good,,True
above_good,above_good/37,0,26,bad,toward_good,False
above_good,above_good/37,1,26,good,toward_bad,False
above_good,above_good/37,2,26,good,toward_bad,False
above_good,above_good/37,3,26,bad,toward_good,False
above_good,above_good/37,4,26,good,toward_good,False
above_good,above_good/37,5,26,good,toward_bad,False
above_good,above_good/37,6,26,good,toward_good,False
above_good,above_good/37,7,26,good,toward_bad,False
above_good,above_good/37,8,26,bad,toward_good,False
above_good,above_good/37,9,26,good,toward_bad,False
above_good,above_good/37,10,26,good,toward_good,False
above_good,above_good/37,11,26,good,toward_bad,False
above_good,above_good/37,12,26,good,toward_good,False
above_good,above_good/37,13,26,good,toward_bad,False
above_good,above_good/37,14,26,bad,toward_good,False
above_good,above_good/37,15,26,good,toward_good,False
above_good,above_good/37,16,26,good,toward_good,False
above_good,above_good/37,17,26,good,toward_good,False
above_good,above_good/37,18,26,good,toward_good,False
above_good,above_good/37,19,26,good,toward_bad,False
above_good,above_good/37,20,26,good,toward_bad,False
above_good,above_good/37,21,26,bad,toward_good,False
above_good,above_good/37,22,26,bad,toward_good,False
above_good,above_good/37,23,26,good,toward_bad,False
above_good,above_good/37,24,26,good,toward_good,False
above_good,above_good/37,25,26,good,,True
above_good,above_good/38,0,36,good,toward_bad,False
above_good,above_good/38,1,36,good,toward_good,False
above_good,above_good/38,2,36,good,toward_bad,False
above_good,above_good/38,3,36,good,toward_good,False
above_good,above_good/38,4,36,good,toward_bad,False
above_good,above_good/38,5,36,good,toward_good,False
above_good,above_good/38,6,36,good,toward_good,False
above_good,above_good/38,7,36,good,toward_bad,False
above_good,above_good/38,8,36,good,toward_good,False
above_good,above_good/38,9,36,good,toward_good,False
above_good,above_good/38,10,36,good,toward_good,False
above_good,above_good/38,11,36,good,toward_bad,False
above_good,above_good/38,12,36,good,toward_good,False
above_good,above_good/38,13,36,good,toward_good,False
above_good,above_good/38,14,36,good,toward_bad,False
above_good,above_good/38,15,36,good,toward_bad,False
above_good,above_good/38,16,36,good,toward_bad,False
above_good,above_good/38,17,36,good,toward_good,False
above_good,above_good/38,18,36,good,toward_good,False
above_good,above_good/38,19,36,good,toward_good,False
above_good,above_good/38,20,36,good,toward_bad,False
above_good,above_good/38,21,36,good,toward_good,False
above_good,above_good/38,22,36,good,toward_bad,False
above_good,above_good/38,23,36,good,toward_bad,False
above_good,above_good/38,24,36,good,toward_good,False
above_good,above_good/38,25,36,good,toward_good,False
above_good,above_good/38,26,36,good,toward_bad,False
above_good,above_good/38,27,36,good,toward_bad,False
above_good,above_good/38,28,36,good,toward_good,False
above_good,above_good/38,29,36,good,toward_bad,False
above_good,above_good/38,30,36,good,toward_bad,False
above_good,above_good/38,31,36,good,toward_good,False
above_good,above_good/38,32,36,good,toward_bad,False
above_good,above_good/38,33,36,good,toward_good,False
above_good,above_good/38,34,36,good,toward_bad,False
above_good,above_good/38,35,36,good,,True
above_good,above_good/39,0,15,bad,toward_bad,False
above_good,above_good/39,1,15,bad,toward_good,False
above_good,above_good/39,2,15,bad,toward_good,False
above_good,above_good/39,3,15,bad,toward_good,False
above_good,above_good/39,4,15,bad,toward_bad,False
above_good,above_good/39,5,15,bad,toward_good,False
above_good,above_good/39,6,15,bad,toward_good,False
above_good,above_good/39,7,15,bad,toward_bad,False
above_good,above_good/39,8,15,bad,toward_good,False
above_good,above_good/39,9,15,bad,toward_good,False
above_good,above_good/39,10,15,bad,toward_good,False
above_good,above_good/39,11,15,bad,toward_bad,False
above_good,above_good/39,12,15,bad,toward_bad,False
above_good,above_good/39,13,15,bad,toward_good,False
above_good,above_good/39,14,15,bad,,True
above_good,above_good/40,0,17,good,toward_bad,False
above_good,above_good/40,1,17,bad,toward_good,False
above_good,above_good/40,2,17,good,toward_bad,False
above_good,above_good/40,3,17,bad,toward_good,False
above_good,above_good/40,4,17,good,toward_bad,False
above_good,above_good/40,5,17,good,toward_good,False
above_good,above_good/40,6,17,good,toward_good,False
above_good,above_good/40,7,17,good,toward_good,False
above_good,above_good/40,8,17,good,toward_bad,False
above_good,above_good/40,9,17,good,toward_good,False
above_good,above_good/40,10,17,good,toward_bad,False
above_good,above_good/40,11,17,good,toward_good,False
above_good,above_good/40,12,17,good,toward_bad,False
above_good,above_good/40,13,17,good,toward_good,False
above_good,above_good/40,14,17,good,toward_bad,False
above_good,above_good/40,15,17,good,toward_good,False
above_good,above_good/40,16,17,good,,True
above_good,above_good/41,0,20,good,toward_bad,False
above_good,above_good/41,1,20,good,toward_bad,False
above_good,above_good/41,2,20,bad,toward_good,False
above_good,above_good/41,3,20,good,toward_bad,False
above_good,above_good/41,4,20,good,toward_bad,False
above_good,above_good/41,5,20,good,toward_good,False
above_good,above_good/41,6,20,good,toward_good,False
above_good,above_good/41,7,20,good,toward_good,False
above_good,above_good/41,8,20,good,toward_bad,False
above_good,above_good/41,9,20,good,toward_good,False
above_good,above_good/41,10,20,good,toward_bad,False
above_good,above_good/41,11,20,good,toward_bad,False
above_good,above_good/41,12,20,good,toward_good,False
above_good,above_good/41,13,20,good,toward_good,False
above_good,above_good/41,14,20,good,toward_good,False
above_good,above_good/41,15,20,good,toward_bad,False
above_good,above_good/41,16,20,good,toward_bad,False
above_good,above_good/41,17,20,good,toward_good,False
above_good,above_good/41,18,20,good,toward_bad,False
above_good,above_good/41,19,20,good,,True
above_good,above_good/43,0,20,good,toward_good,False
above_good,above_good/43,1,20,good,toward_bad,False
above_good,above_good/43,2,20,bad,toward_bad,False
above_good,above_good/43,3,20,bad,toward_good,False
above_good,above_good/43,4,20,good,toward_good,False
above_good,above_good/43,5,20,good,toward_bad,False
above_good,above_good/43,6,20,bad,toward_good,False
above_good,above_good/43,7,20,good,toward_bad,False
above_good,above_good/43,8,20,good,toward_good,False
above_good,above_good/43,9,20,good,toward_bad,False
above_good,above_good/43,10,20,bad,toward_good,False
above_good,above_good/43,11,20,good,toward_bad,False
above_good,above_good/43,12,20,good,toward_good,False
above_good,above_good/43,13,20,good,toward_bad,False
above_good,above_good/43,14,20,good,toward_bad,False
above_good,above_good/43,15,20,good,toward_good,False
above_good,above_good/43,16,20,good,toward_bad,False
above_good,above_good/43,17,20,good,toward_good,False
above_good,above_good/43,18,20,good,toward_bad,False
above_good,above_good/43,19,20,good,,True
above_good,above_good/44,0,30,good,toward_good,False
above_good,above_good/44,1,30,good,toward_bad,False
above_good,above_good/44,2,30,bad,toward_bad,False
above_good,above_good/44,3,30,bad,toward_good,False
above_good,above_good/44,4,30,good,toward_good,False
above_good,above_good/44,5,30,good,toward_bad,False
above_good,above_good/44,6,30,bad,toward_good,False
above_good,above_good/44,7,30,good,toward_bad,False
above_good,above_good/44,8,30,bad,toward_good,False
above_good,above_good/44,9,30,good,toward_bad,False
above_good,above_good/44,10,30,bad,toward_good,False
above_good,above_good/44,11,30,good,toward_good,False
above_good,above_good/44,12,30,good,toward_bad,False
above_good,above_good/44,13,30,good,toward_good,False
above_good,above_good/44,14,30,good,toward_bad,False
above_good,above_good/44,15,30,good,toward_good,False
above_good,above_good/44,16,30,good,toward_good,False
above_good,above_good/44,17,30,good,toward_bad,False
above_good,above_good/44,18,30,bad,toward_good,False
above_good,above_good/44,19,30,good,toward_bad,False
above_good,above_good/44,20,30,good,toward_bad,False
above_good,above_good/44,21,30,good,toward_bad,False
above_good,above_good/44,22,30,good,toward_bad,False
above_good,above_good/44,23,30,bad,toward_bad,False
above_good,above_good/44,24,30,bad,toward_good,False
above_good,above_good/44,25,30,good,toward_bad,False
above_good,above_good/44,26,30,bad,toward_good,False
above_good,above_good/44,27,30,good,toward_good,False
above_good,above_good/44,28,30,good,toward_bad,False
above_good,above_good/44,29,30,good,,True
above_good,above_good/45,0,23,good,toward_bad,False
above_good,above_good/45,1,23,good,toward_bad,False
above_good,above_good/45,2,23,bad,toward_good,False
above_good,above_good/45,3,23,bad,toward_good,False
above_good,above_good/45,4,23,good,toward_good,False
above_good,above_good/45,5,23,good,toward_bad,False
above_good,above_good/45,6,23,good,toward_good,False
above_good,above_good/45,7,23,good,toward_good,False
above_good,above_good/45,8,23,good,toward_bad,False
above_good,above_good/45,9,23,good,toward_good,False
above_good,above_good/45,10,23,good,toward_bad,False
above_good,above_good/45,11,23,good,toward_bad,False
above_good,above_good/45,12,23,good,toward_bad,False
above_good,above_good/45,13,23,bad,toward_good,False
above_good,above_good/45,14,23,good,toward_bad,False
above_good,above_good/45,15,23,good,toward_good,False
above_good,above_good/45,16,23,good,toward_bad,False
above_good,above_good/45,17,23,good,toward_good,False
above_good,above_good/45,18,23,good,toward_bad,False
above_good,above_good/45,19,23,good,toward_good,False
above_good,above_good/45,20,23,good,toward_good,False
above_good,above_good/45,21,23,good,toward_bad,False
above_good,above_good/45,22,23,good,,True
above_good,above_good/46,0,9,good,toward_bad,False
above_good,above_good/46,1,9,good,toward_bad,False
above_good,above_good/46,2,9,good,toward_good,False
above_good,above_good/46,3,9,good,toward_bad,False
above_good,above_good/46,4,9,good,toward_bad,False
above_good,above_good/46,5,9,good,toward_good,False
above_good,above_good/46,6,9,good,toward_good,False
above_good,above_good/46,7,9,good,toward_bad,False
above_good,above_good/46,8,9,good,,True
above_good,above_good/47,0,15,good,toward_bad,False
above_good,above_good/47,1,15,good,toward_bad,False
above_good,above_good/47,2,15,good,toward_good,False
above_good,above_good/47,3,15,good,toward_bad,False
above_good,above_good/47,4,15,good,toward_good,False
above_good,above_good/47,5,15,good,toward_bad,False
above_good,above_good/47,6,15,good,toward_good,False
above_good,above_good/47,7,15,good,toward_good,False
above_good,above_good/47,8,15,good,toward_bad,False
above_good,above_good/47,9,15,good,toward_bad,False
above_good,above_good/47,10,15,good,toward_good,False
above_good,above_good/47,11,15,good,toward_bad,False
above_good,above_good/47,12,15,good,toward_good,False
above_good,above_good/47,13,15,good,toward_bad,False
above_good,above_good/47,14,15,good,,True
above_good,above_good/48,0,24,bad,toward_bad,False
above_good,above_good/48,1,24,bad,toward_good,False
above_good,above_good/48,2,24,bad,toward_bad,False
above_good,above_good/48,3,24,bad,toward_bad,False
above_good,above_good/48,4,24,bad,toward_good,False
above_good,above_good/48,5,24,bad,toward_good,False
above_good,above_good/48,6,24,bad,toward_bad,False
above_good,above_good/48,7,24,bad,toward_good,False
above_good,above_good/48,8,24,bad,toward_bad,False
above_good,above_good/48,9,24,bad,toward_good,False
above_good,above_good/48,10,24,bad,toward_bad,False
above_good,above_good/48,11,24,bad,toward_good,False
above_good,above_good/48,12,24,bad,toward_bad,False
above_good,above_good/48,13,24,bad,toward_good,False
above_good,above_good/48,14,24,bad,toward_bad,False
above_good,above_good/48,15,24,bad,toward_good,False
above_good,above_good/48,16,24,bad,toward_bad,False
above_good,above_good/48,17,24,bad,toward_bad,False
above_good,above_good/48,18,24,bad,toward_good,False
above_good,above_good/48,19,24,bad,toward_good,False
above_good,above_good/48,20,24,bad,toward_bad,False
above_good,above_good/48,21,24,bad,toward_bad,False
above_good,above_good/48,22,24,bad,toward_good,False
above_good,above_good/48,23,24,bad,,True
above_good,above_good/49,0,25,good,toward_bad,False
above_good,above_good/49,1,25,bad,toward_good,False
above_good,above_good/49,2,25,good,toward_bad,False
above_good,above_good/49,3,25,bad,toward_good,False
above_good,above_good/49,4,25,good,toward_bad,False
above_good,above_good/49,5,25,bad,toward_good,False
above_good,above_good/49,6,25,good,toward_good,False
above_good,above_good/49,7,25,good,toward_bad,False
above_good,above_good/49,8,25,good,toward_good,False
above_good,above_good/49,9,25,good,toward_bad,False
above_good,above_good/49,10,25,good,toward_good,False
above_good,above_good/49,11,25,good,toward_good,False
above_good,above_good/49,12,25,good,toward_bad,False
above_good,above_good/49,13,25,good,toward_bad,False
above_good,above_good/49,14,25,good,toward_bad,False
above_good,above_good/49,15,25,bad,toward_good,False
above_good,above_good/49,16,25,bad,toward_good,False
above_good,above_good/49,17,25,bad,toward_good,False
above_good,above_good/49,18,25,bad,toward_bad,False
above_good,above_good/49,19,25,bad,toward_good,False
above_good,above_good/49,20,25,bad,toward_good,False
above_good,above_good/49,21,25,bad,toward_good,False
above_good,above_good/49,22,25,good,toward_bad,False
above_good,above_good/49,23,25,good,toward_good,False
above_good,above_good/49,24,25,good,,True
above_good,above_good/50,0,29,good,toward_bad,False
above_good,above_good/50,1,29,good,toward_bad,False
above_good,above_good/50,2,29,good,toward_bad,False
above_good,above_good/50,3,29,good,toward_good,False
above_good,above_good/50,4,29,good,toward_bad,False
above_good,above_good/50,5,29,good,toward_good,False
above_good,above_good/50,6,29,good,toward_bad,False
above_good,above_good/50,7,29,good,toward_good,False
above_good,above_good/50,8,29,good,toward_good,False
above_good,above_good/50,9,29,good,toward_bad,False
above_good,above_good/50,10,29,good,toward_good,False
above_good,above_good/50,11,29,good,toward_good,False
above_good,above_good/50,12,29,good,toward_bad,False
above_good,above_good/50,13,29,good,toward_bad,False
above_good,above_good/50,14,29,good,toward_good,False
above_good,above_good/50,15,29,good,toward_bad,False
above_good,above_good/50,16,29,good,toward_bad,False
above_good,above_good/50,17,29,good,toward_good,False
above_good,above_good/50,18,29,good,toward_good,False
above_good,above_good/50,19,29,good,toward_bad,False
above_good,above_good/50,20,29,good,toward_good,False
above_good,above_good/50,21,29,good,toward_bad,False
above_good,above_good/50,22,29,good,toward_good,False
above_good,above_good/50,23,29,good,toward_bad,False
above_good,above_good/50,24,29,good,toward_good,False
above_good,above_good/50,25,29,good,toward_bad,False
above_good,above_good/50,26,29,good,toward_good,False
above_good,above_good/50,27,29,good,toward_bad,False
above_good,above_good/50,28,29,good,,True
above_good,above_good/51,0,1,bad,,True
above_good,above_good/53,0,35,good,toward_bad,False
above_good,above_good/53,1,35,bad,toward_good,False
above_good,above_good/53,2,35,good,toward_bad,False
above_good,above_good/53,3,35,good,toward_bad,False
above_good,above_good/53,4,35,bad,toward_good,False
above_good,above_good/53,5,35,good,toward_good,False
above_good,above_good/53,6,35,good,toward_bad,False
above_good,above_good/53,7,35,bad,toward_good,False
above_good,above_good/53,8,35,good,toward_bad,False
above_good,above_good/53,9,35,bad,toward_good,False
above_good,above_good/53,10,35,good,toward_bad,False
above_good,above_good/53,11,35,good,toward_good,False
above_good,above_good/53,12,35,good,toward_bad,False
above_good,above_good/53,13,35,bad,toward_good,False
above_good,above_good/53,14,35,good,toward_good,False
above_good,above_good/53,15,35,good,toward_bad,False
above_good,above_good/53,16,35,bad,toward_good,False
above_good,above_good/53,17,35,good,toward_good,False
above_good,above_good/53,18,35,good,toward_good,False
above_good,above_good/53,19,35,good,toward_good,False
above_good,above_good/53,20,35,good,toward_bad,False
above_good,above_good/53,21,35,good,toward_bad,False
above_good,above_good/53,22,35,bad,toward_good,False
above_good,above_good/53,23,35,good,toward_good,False
above_good,above_good/53,24,35,good,toward_bad,False
above_good,above_good/53,25,35,bad,toward_good,False
above_good,above_good/53,26,35,bad,toward_good,False
above_good,above_good/53,27,35,good,toward_good,False
above_good,above_good/53,28,35,good,toward_bad,False
above_good,above_good/53,29,35,good,toward_good,False
above_good,above_good/53,30,35,good,toward_good,False
above_good,above_good/53,31,35,good,toward_bad,False
above_good,above_good/53,32,35,good,toward_bad,False
above_good,above_good/53,33,35,good,toward_good,False
above_good,above_good/53,34,35,good,,True
above_good,above_good/54,0,27,bad,toward_good,False
above_good,above_good/54,1,27,good,toward_bad,False
above_good,above_good/54,2,27,bad,toward_good,False
above_good,above_good/54,3,27,good,toward_bad,False
above_good,above_good/54,4,27,bad,toward_bad,False
above_good,above_good/54,5,27,bad,toward_good,False
above_good,above_good/54,6,27,bad,toward_good,False
above_good,above_good/54,7,27,good,toward_bad,False
above_good,above_good/54,8,27,bad,toward_good,False
above_good,above_good/54,9,27,good,toward_bad,False
above_good,above_good/54,10,27,bad,toward_good,False
above_good,above_good/54,11,27,bad,toward_good,False
above_good,above_good/54,12,27,bad,toward_good,False
above_good,above_good/54,13,27,good,toward_bad,False
above_good,above_good/54,14,27,bad,toward_bad,False
above_good,above_good/54,15,27,bad,toward_good,False
above_good,above_good/54,16,27,bad,toward_bad,False
above_good,above_good/54,17,27,bad,toward_good,False
above_good,above_good/54,18,27,bad,toward_bad,False
above_good,above_good/54,19,27,bad,toward_good,False
above_good,above_good/54,20,27,good,toward_bad,False
above_good,above_good/54,21,27,bad,toward_bad,False
above_good,above_good/54,22,27,bad,toward_good,False
above_good,above_good/54,23,27,good,toward_good,False
above_good,above_good/54,24,27,good,toward_bad,False
above_good,above_good/54,25,27,bad,toward_good,False
above_good,above_good/54,26,27,bad,,True
above_good,above_good/55,0,29,bad,toward_good,False
above_good,above_good/55,1,29,bad,toward_good,False
above_good,above_good/55,2,29,good,toward_bad,False
above_good,above_good/55,3,29,bad,toward_bad,False
above_good,above_good/55,4,29,bad,toward_good,False
above_good,above_good/55,5,29,bad,toward_good,False
above_good,above_good/55,6,29,bad,toward_good,False
above_good,above_good/55,7,29,bad,toward_bad,False
above_good,above_good/55,8,29,bad,toward_good,False
above_good,above_good/55,9,29,good,toward_bad,False
above_good,above_good/55,10,29,bad,toward_good,False
above_good,above_good/55,11,29,bad,toward_good,False
above_good,above_good/55,12,29,bad,toward_good,False
above_good,above_good/55,13,29,bad,toward_bad,False
above_good,above_good/55,14,29,bad,toward_good,False
above_good,above_good/55,15,29,bad,toward_good,False
above_good,above_good/55,16,29,good,toward_good,False
above_good,above_good/55,17,29,good,toward_bad,False
above_good,above_good/55,18,29,bad,toward_good,False
above_good,above_good/55,19,29,good,toward_good,False
above_good,above_good/55,20,29,good,toward_good,False
above_good,above_good/55,21,29,good,toward_good,False
above_good,above_good/55,22,29,good,toward_bad,False
above_good,above_good/55,23,29,bad,toward_good,False
above_good,above_good/55,24,29,good,toward_good,False
above_good,above_good/55,25,29,good,toward_bad,False
above_good,above_good/55,26,29,good,toward_good,False
above_good,above_good/55,27,29,good,toward_good,False
above_good,above_good/55,28,29,good,,True
above_good,above_good/56,0,33,good,toward_bad,False
above_good,above_good/56,1,33,good,toward_bad,False
above_good,above_good/56,2,33,bad,toward_good,False
above_good,above_good/56,3,33,good,toward_bad,False
above_good,above_good/56,4,33,good,toward_bad,False
above_good,above_good/56,5,33,bad,toward_good,False
above_good,above_good/56,6,33,bad,toward_good,False
above_good,above_good/56,7,33,good,toward_bad,False
above_good,above_good/56,8,33,good,toward_good,False
above_good,above_good/56,9,33,good,toward_bad,False
above_good,above_good/56,10,33,good,toward_bad,False
above_good,above_good/56,11,33,bad,toward_good,False
above_good,above_good/56,12,33,good,toward_good,False
above_good,above_good/56,13,33,good,toward_good,False
above_good,above_good/56,14,33,good,toward_bad,False
above_good,above_good/56,15,33,good,toward_good,False
above_good,above_good/56,16,33,good,toward_bad,False
above_good,above_good/56,17,33,good,toward_good,False
above_good,above_good/56,18,33,good,toward_good,False
above_good,above_good/56,19,33,good,toward_bad,False
above_good,above_good/56,20,33,good,toward_bad,False
above_good,above_good/56,21,33,good,toward_good,False
above_good,above_good/56,22,33,good,toward_good,False
above_good,above_good/56,23,33,good,toward_bad,False
above_good,above_good/56,24,33,good,toward_bad,False
above_good,above_good/56,25,33,bad,toward_good,False
above_good,above_good/56,26,33,good,toward_good,False
above_good,above_good/56,27,33,good,toward_bad,False
above_good,above_good/56,28,33,good,toward_good,False
above_good,above_good/56,29,33,good,toward_good,False
above_good,above_good/56,30,33,good,toward_bad,False
above_good,above_good/56,31,33,good,toward_bad,False
above_good,above_good/56,32,33,good,,True
above_good,above_good/57,0,21,bad,toward_good,False
above_good,above_good/57,1,21,bad,toward_good,False
above_good,above_good/57,2,21,good,toward_bad,False
above_good,above_good/57,3,21,bad,toward_good,False
above_good,above_good/57,4,21,good,toward_bad,False
above_good,above_good/57,5,21,bad,toward_good,False
above_good,above_good/57,6,21,good,toward_bad,False
above_good,above_good/57,7,21,bad,toward_good,False
above_good,above_good/57,8,21,good,toward_bad,False
above_good,above_good/57,9,21,bad,toward_good,False
above_good,above_good/57,10,21,bad,toward_good,False
above_good,above_good/57,11,21,good,toward_bad,False
above_good,above_good/57,12,21,bad,toward_good,False
above_good,above_good/57,13,21,bad,toward_good,False
above_good,above_good/57,14,21,bad,toward_bad,False
above_good,above_good/57,15,21,bad,toward_bad,False
above_good,above_good/57,16,21,bad,toward_good,False
above_good,above_good/57,17,21,bad,toward_bad,False
above_good,above_good/57,18,21,bad,toward_good,False
above_good,above_good/57,19,21,bad,toward_bad,False
above_good,above_good/57,20,21,bad,,True
above_good,above_good/58,0,36,good,toward_bad,False
above_good,above_good/58,1,36,good,toward_bad,False
above_good,above_good/58,2,36,good,toward_bad,False
above_good,above_good/58,3,36,bad,toward_good,False
above_good,above_good/58,4,36,good,toward_bad,False
above_good,above_good/58,5,36,good,toward_good,False
above_good,above_good/58,6,36,good,toward_bad,False
above_good,above_good/58,7,36,bad,toward_good,False
above_good,above_good/58,8,36,good,toward_bad,False
above_good,above_good/58,9,36,good,toward_bad,False
above_good,above_good/58,10,36,bad,toward_good,False
above_good,above_good/58,11,36,good,toward_good,False
above_good,above_good/58,12,36,good,toward_good,False
above_good,above_good/58,13,36,good,toward_bad,False
above_good,above_good/58,14,36,good,toward_good,False
above_good,above_good/58,15,36,good,toward_good,False
above_good,above_good/58,16,36,good,toward_good,False
above_good,above_good/58,17,36,good,toward_bad,False
above_good,above_good/58,18,36,good,toward_bad,False
above_good,above_good/58,19,36,good,toward_good,False
above_good,above_good/58,20,36,good,toward_bad,False
above_good,above_good/58,21,36,good,toward_good,False
above_good,above_good/58,22,36,good,toward_bad,False
above_good,above_good/58,23,36,good,toward_good,False
above_good,above_good/58,24,36,good,toward_bad,False
above_good,above_good/58,25,36,good,toward_good,False
above_good,above_good/58,26,36,good,toward_good,False
above_good,above_good/58,27,36,good,toward_bad,False
above_good,above_good/58,28,36,good,toward_good,False
above_good,above_good/58,29,36,good,toward_bad,False
above_good,above_good/58,30,36,good,toward_bad,False
above_good,above_good/58,31,36,good,toward_bad,False
above_good,above_good/58,32,36,good,toward_good,False
above_good,above_good/58,33,36,good,toward_good,False
above_good,above_good/58,34,36,good,toward_bad,False
above_good,above_good/58,35,36,good,,True
above_good,above_good/59,0,20,good,toward_good,False
above_good,above_good/59,1,20,good,toward_bad,False
above_good,above_good/59,2,20,bad,toward_good,False
above_good,above_good/59,3,20,bad,toward_good,False
above_good,above_good/59,4,20,good,toward_bad,False
above_good,above_good/59,5,20,good,toward_good,False
above_good,above_good/59,6,20,good,toward_bad,False
above_good,above_good/59,7,20,good,toward_good,False
above_good,above_good/59,8,20,good,toward_bad,False
above_good,above_good/59,9,20,bad,toward_good,False
above_good,above_good/59,10,20,good,toward_bad,False
above_good,above_good/59,11,20,good,toward_good,False
above_good,above_good/59,12,20,good,toward_bad,False
above_good,above_good/59,13,20,good,toward_bad,False
above_good,above_good/59,14,20,bad,toward_good,False
above_good,above_good/59,15,20,bad,toward_good,False
above_good,above_good/59,16,20,good,toward_bad,False
above_good,above_good/59,17,20,good,toward_good,False
above_good,above_good/59,18,20,good,toward_good,False
above_good,above_good/59,19,20,good,,True
above_good,above_good/60,0,24,good,toward_bad,False
above_good,above_good/60,1,24,good,toward_good,False
above_good,above_good/60,2,24,good,toward_bad,False
above_good,above_good/60,3,24,bad,toward_good,False
above_good,above_good/60,4,24,good,toward_good,False
above_good,above_good/60,5,24,good,toward_good,False
above_good,above_good/60,6,24,good,toward_bad,False
above_good,above_good/60,7,24,good,toward_good,False
above_good,above_good/60,8,24,good,toward_bad,False
above_good,above_good/60,9,24,good,toward_bad,False
above_good,above_good/60,10,24,good,toward_good,False
above_good,above_good/60,11,24,good,toward_good,False
above_good,above_good/60,12,24,good,toward_good,False
above_good,above_good/60,13,24,good,toward_bad,False
above_good,above_good/60,14,24,good,toward_good,False
above_good,above_good/60,15,24,good,toward_bad,False
above_good,above_good/60,16,24,good,toward_bad,False
above_good,above_good/60,17,24,good,toward_good,False
above_good,above_good/60,18,24,good,toward_bad,False
above_good,above_good/60,19,24,good,toward_good,False
above_good,above_good/60,20,24,good,toward_good,False
above_good,above_good/60,21,24,good,toward_bad,False
above_good,above_good/60,22,24,good,toward_good,False
above_good,above_good/60,23,24,good,,True
above_good,above_good/61,0,35,good,toward_bad,False
above_good,above_good/61,1,35,good,toward_good,False
above_good,above_good/61,2,35,good,toward_bad,False
above_good,above_good/61,3,35,good,toward_bad,False
above_good,above_good/61,4,35,good,toward_bad,False
above_good,above_good/61,5,35,good,toward_good,False
above_good,above_good/61,6,35,good,toward_good,False
above_good,above_good/61,7,35,good,toward_bad,False
above_good,above_good/61,8,35,good,toward_bad,False
above_good,above_good/61,9,35,good,toward_good,False
above_good,above_good/61,10,35,good,toward_good,False
above_good,above_good/61,11,35,good,toward_bad,False
above_good,above_good/61,12,35,good,toward_bad,False
above_good,above_good/61,13,35,good,toward_good,False
above_good,above_good/61,14,35,good,toward_good,False
above_good,above_good/61,15,35,good,toward_bad,False
above_good,above_good/61,16,35,good,toward_bad,False
above_good,above_good/61,17,35,good,toward_good,False
above_good,above_good/61,18,35,good,toward_good,False
above_good,above_good/61,19,35,good,toward_bad,False
above_good,above_good/61,20,35,good,toward_good,False
above_good,above_good/61,21,35,good,toward_good,False
above_good,above_good/61,22,35,good,toward_good,False
above_good,above_good/61,23,35,good,toward_bad,False
above_good,above_good/61,24,35,good,toward_good,False
above_good,above_good/61,25,35,good,toward_bad,False
above_good,above_good/61,26,35,good,toward_good,False
above_good,above_good/61,27,35,good,toward_bad,False
above_good,above_good/61,28,35,good,toward_bad,False
above_good,above_good/61,29,35,good,toward_good,False
above_good,above_good/61,30,35,good,toward_bad,False
above_good,above_good/61,31,35,good,toward_bad,False
above_good,above_good/61,32,35,good,toward_good,False
above_good,above_good/61,33,35,good,toward_good,False
above_good,above_good/61,34,35,good,,True
above_good,above_good/62,0,12,bad,toward_bad,False
above_good,above_good/62,1,12,bad,toward_good,False
above_good,above_good/62,2,12,bad,toward_bad,False
above_good,above_good/62,3,12,bad,toward_good,False
above_good,above_good/62,4,12,bad,toward_good,False
above_good,above_good/62,5,12,bad,toward_good,False
above_good,above_good/62,6,12,bad,toward_bad,False
above_good,above_good/62,7,12,bad,toward_bad,False
above_good,above_good/62,8,12,bad,toward_good,False
above_good,above_good/62,9,12,bad,toward_bad,False
above_good,above_good/62,10,12,bad,toward_good,False
above_good,above_good/62,11,12,bad,,True
above_good,above_good/63,0,30,good,toward_bad,False
above_good,above_good/63,1,30,bad,toward_good,False
above_good,above_good/63,2,30,good,toward_bad,False
above_good,above_good/63,3,30,bad,toward_good,False
above_good,above_good/63,4,30,good,toward_bad,False
above_good,above_good/63,5,30,bad,toward_good,False
above_good,above_good/63,6,30,good,toward_bad,False
above_good,above_good/63,7,30,bad,toward_good,False
above_good,above_good/63,8,30,good,toward_good,False
above_good,above_good/63,9,30,good,toward_bad,False
above_good,above_good/63,10,30,bad,toward_good,False
above_good,above_good/63,11,30,good,toward_bad,False
above_good,above_good/63,12,30,bad,toward_good,False
above_good,above_good/63,13,30,good,toward_good,False
above_good,above_good/63,14,30,good,toward_bad,False
above_good,above_good/63,15,30,good,toward_good,False
above_good,above_good/63,16,30,good,toward_bad,False
above_good,above_good/63,17,30,good,toward_bad,False
above_good,above_good/63,18,30,good,toward_bad,False
above_good,above_good/63,19,30,good,toward_good,False
above_good,above_good/63,20,30,good,toward_good,False
above_good,above_good/63,21,30,good,toward_good,False
above_good,above_good/63,22,30,good,toward_bad,False
above_good,above_good/63,23,30,bad,toward_good,False
above_good,above_good/63,24,30,good,toward_bad,False
above_good,above_good/63,25,30,good,toward_good,False
above_good,above_good/63,26,30,good,toward_bad,False
above_good,above_good/63,27,30,good,toward_good,False
above_good,above_good/63,28,30,good,toward_good,False
above_good,above_good/63,29,30,good,,True
above_good,above_good/64,0,18,good,toward_bad,False
above_good,above_good/64,1,18,good,toward_good,False
above_good,above_good/64,2,18,good,toward_bad,False
above_good,above_good/64,3,18,good,toward_good,False
above_good,above_good/64,4,18,good,toward_bad,False
above_good,above_good/64,5,18,good,toward_good,False
above_good,above_good/64,6,18,good,toward_bad,False
above_good,above_good/64,7,18,good,toward_bad,False
above_good,above_good/64,8,18,good,toward_good,False
above_good,above_good/64,9,18,good,toward_good,False
above_good,above_good/64,10,18,good,toward_bad,False
above_good,above_good/64,11,18,good,toward_good,False
above_good,above_good/64,12,18,good,toward_bad,False
above_good,above_good/64,13,18,good,toward_good,False
above_good,above_good/64,14,18,good,toward_bad,False
above_good,above_good/64,15,18,good,toward_good,False
above_good,above_good/64,16,18,good,toward_bad,False
above_good,above_good/64,17,18,good,,True
above_good,above_good/65,0,30,bad,toward_bad,False
above_good,above_good/65,1,30,bad,toward_good,False
above_good,above_good/65,2,30,bad,toward_good,False
above_good,above_good/65,3,30,good,toward_bad,False
above_good,above_good/65,4,30,bad,toward_bad,False
above_good,above_good/65,5,30,bad,toward_good,False
above_good,above_good/65,6,30,bad,toward_bad,False
above_good,above_good/65,7,30,bad,toward_good,False
above_good,above_good/65,8,30,bad,toward_bad,False
above_good,above_good/65,9,30,bad,toward_bad,False
above_good,above_good/65,10,30,bad,toward_good,False
above_good,above_good/65,11,30,good,toward_bad,False
above_good,above_good/65,12,30,bad,toward_good,False
above_good,above_good/65,13,30,bad,toward_good,False
above_good,above_good/65,14,30,good,toward_bad,False
above_good,above_good/65,15,30,bad,toward_good,False
above_good,above_good/65,16,30,bad,toward_bad,False
above_good,above_good/65,17,30,bad,toward_good,False
above_good,above_good/65,18,30,bad,toward_bad,False
above_good,above_good/65,19,30,bad,toward_good,False
above_good,above_good/65,20,30,bad,toward_good,False
above_good,above_good/65,21,30,bad,toward_bad,False
above_good,above_good/65,22,30,bad,toward_bad,False
above_good,above_good/65,23,30,bad,toward_good,False
above_good,above_good/65,24,30,bad,toward_bad,False
above_good,above_good/65,25,30,bad,toward_good,False
above_good,above_good/65,26,30,good,toward_bad,False
above_good,above_good/65,27,30,bad,toward_good,False
above_good,above_good/65,28,30,good,toward_bad,False
above_good,above_good/65,29,30,bad,,True
above_good,above_good/66,0,20,bad,toward_good,False
above_good,above_good/66,1,20,good,toward_bad,False
above_good,above_good/66,2,20,bad,toward_good,False
above_good,above_good/66,3,20,good,toward_bad,False
above_good,above_good/66,4,20,bad,toward_good,False
above_good,above_good/66,5,20,bad,toward_bad,False
above_good,above_good/66,6,20,bad,toward_good,False
above_good,above_good/66,7,20,bad,toward_bad,False
above_good,above_good/66,8,20,bad,toward_good,False
above_good,above_good/66,9,20,bad,toward_good,False
above_good,above_good/66,10,20,bad,toward_good,False
above_good,above_good/66,11,20,bad,toward_good,False
above_good,above_good/66,12,20,bad,toward_bad,False
above_good,above_good/66,13,20,bad,toward_bad,False
above_good,above_good/66,14,20,bad,toward_bad,False
above_good,above_good/66,15,20,bad,toward_good,False
above_good,above_good/66,16,20,bad,toward_bad,False
above_good,above_good/66,17,20,bad,toward_good,False
above_good,above_good/66,18,20,bad,toward_bad,False
above_good,above_good/66,19,20,bad,,True
above_good,above_good/67,0,23,good,toward_bad,False
above_good,above_good/67,1,23,good,toward_bad,False
above_good,above_good/67,2,23,bad,toward_good,False
above_good,above_good/67,3,23,good,toward_good,False
above_good,above_good/67,4,23,good,toward_bad,False
above_good,above_good/67,5,23,good,toward_good,False
above_good,above_good/67,6,23,good,toward_good,False
above_good,above_good/67,7,23,good,toward_bad,False
above_good,above_good/67,8,23,good,toward_bad,False
above_good,above_good/67,9,23,good,toward_bad,False
above_good,above_good/67,10,23,good,toward_good,False
above_good,above_good/67,11,23,good,toward_bad,False
above_good,above_good/67,12,23,good,toward_bad,False
above_good,above_good/67,13,23,good,toward_bad,False
above_good,above_good/67,14,23,bad,toward_good,False
above_good,above_good/67,15,23,good,toward_good,False
above_good,above_good/67,16,23,good,toward_bad,False
above_good,above_good/67,17,23,good,toward_good,False
above_good,above_good/67,18,23,good,toward_bad,False
above_good,above_good/67,19,23,good,toward_bad,False
above_good,above_good/67,20,23,good,toward_good,False
above_good,above_good/67,21,23,good,toward_good,False
above_good,above_good/67,22,23,good,,True
above_good,above_good/68,0,26,good,toward_good,False
above_good,above_good/68,1,26,good,toward_bad,False
above_good,above_good/68,2,26,good,toward_good,False
above_good,above_good/68,3,26,good,toward_bad,False
above_good,above_good/68,4,26,good,toward_good,False
above_good,above_good/68,5,26,good,toward_good,False
above_good,above_good/68,6,26,good,toward_good,False
above_good,above_good/68,7,26,good,toward_good,False
above_good,above_good/68,8,26,good,toward_bad,False
above_good,above_good/68,9,26,good,toward_good,False
above_good,above_good/68,10,26,good,toward_good,False
above_good,above_good/68,11,26,good,toward_good,False
above_good,above_good/68,12,26,good,toward_bad,False
above_good,above_good/68,13,26,good,toward_bad,False
above_good,above_good/68,14,26,good,toward_bad,False
above_good,above_good/68,15,26,good,toward_good,False
above_good,above_good/68,16,26,good,toward_bad,False
above_good,above_good/68,17,26,good,toward_good,False
above_good,above_good/68,18,26,good,toward_bad,False
above_good,above_good/68,19,26,good,toward_good,False
above_good,above_good/68,20,26,good,toward_bad,False
above_good,above_good/68,21,26,good,toward_good,False
above_good,above_good/68,22,26,good,toward_good,False
above_good,above_good/68,23,26,good,toward_bad,False
above_good,above_good/68,24,26,good,toward_good,False
above_good,above_good/68,25,26,good,,True
above_good,above_good/69,0,21,bad,toward_good,False
above_good,above_good/69,1,21,bad,toward_good,False
above_good,above_good/69,2,21,bad,toward_good,False
above_good,above_good/69,3,21,bad,toward_bad,False
above_good,above_good/69,4,21,bad,toward_good,False
above_good,above_good/69,5,21,bad,toward_bad,False
above_good,above_good/69,6,21,bad,toward_good,False
above_good,above_good/69,7,21,bad,toward_bad,False
above_good,above_good/69,8,21,bad,toward_good,False
above_good,above_good/69,9,21,bad,toward_bad,False
above_good,above_good/69,10,21,bad,toward_bad,False
above_good,above_good/69,11,21,bad,toward_good,False
above_good,above_good/69,12,21,bad,toward_bad,False
above_good,above_good/69,13,21,bad,toward_bad,False
above_good,above_good/69,14,21,bad,toward_bad,False
above_good,above_good/69,15,21,bad,toward_good,False
above_good,above_good/69,16,21,bad,toward_bad,False
above_good,above_good/69,17,21,bad,toward_bad,False
above_good,above_good/69,18,21,bad,toward_bad,False
above_good,above_good/69,19,21,bad,toward_bad,False
above_good,above_good/69,20,21,bad,,True
above_good,above_good/70,0,26,good,toward_good,False
above_good,above_good/70,1,26,good,toward_bad,False
above_good,above_good/70,2,26,good,toward_good,False
above_good,above_good/70,3,26,good,toward_bad,False
above_good,above_good/70,4,26,good,toward_good,False
above_good,above_good/70,5,26,good,toward_good,False
above_good,above_good/70,6,26,good,toward_bad,False
above_good,above_good/70,7,26,good,toward_good,False
above_good,above_good/70,8,26,good,toward_good,False
above_good,above_good/70,9,26,good,toward_bad,False
above_good,above_good/70,10,26,good,toward_good,False
above_good,above_good/70,11,26,good,toward_good,False
above_good,above_good/70,12,26,good,toward_good,False
above_good,above_good/70,13,26,good,toward_bad,False
above_good,above_good/70,14,26,good,toward_bad,False
above_good,above_good/70,15,26,good,toward_good,False
above_good,above_good/70,16,26,good,toward_bad,False
above_good,above_good/70,17,26,good,toward_good,False
above_good,above_good/70,18,26,good,toward_bad,False
above_good,above_good/70,19,26,good,toward_good,False
above_good,above_good/70,20,26,good,toward_good,False
above_good,above_good/70,21,26,good,toward_bad,False
above_good,above_good/70,22,26,good,toward_good,False
above_good,above_good/70,23,26,good,toward_bad,False
above_good,above_good/70,24,26,good,toward_good,False
above_good,above_good/70,25,26,good,,True
above_good,above_good/71,0,34,bad,toward_good,False
above_good,above_good/71,1,34,good,toward_bad,False
above_good,above_good/71,2,34,bad,toward_good,False
above_good,above_good/71,3,34,bad,toward_good,False
above_good,above_good/71,4,34,good,toward_bad,False
above_good,above_good/71,5,34,bad,toward_good,False
above_good,above_good/71,6,34,good,toward_bad,False
above_good,above_good/71,7,34,bad,toward_bad,False
above_good,above_good/71,8,34,bad,toward_good,False
above_good,above_good/71,9,34,bad,toward_bad,False
above_good,above_good/71,10,34,bad,toward_bad,False
above_good,above_good/71,11,34,bad,toward_good,False
above_good,above_good/71,12,34,bad,toward_bad,False
above_good,above_good/71,13,34,bad,toward_good,False
above_good,above_good/71,14,34,bad,toward_bad,False
above_good,above_good/71,15,34,bad,toward_good,False
above_good,above_good/71,16,34,good,toward_bad,False
above_good,above_good/71,17,34,bad,toward_good,False
above_good,above_good/71,18,34,good,toward_good,False
above_good,above_good/71,19,34,good,toward_bad,False
above_good,above_good/71,20,34,bad,toward_bad,False
above_good,above_good/71,21,34,bad,toward_good,False
above_good,above_good/71,22,34,bad,toward_bad,False
above_good,above_good/71,23,34,bad,toward_good,False
above_good,above_good/71,24,34,good,toward_bad,False
above_good,above_good/71,25,34,good,toward_good,False
above_good,above_good/71,26,34,good,toward_bad,False
above_good,above_good/71,27,34,bad,toward_bad,False
above_good,above_good/71,28,34,bad,toward_good,False
above_good,above_good/71,29,34,good,toward_bad,False
above_good,above_good/71,30,34,good,toward_bad,False
above_good,above_good/71,31,34,bad,toward_good,False
above_good,above_good/71,32,34,good,toward_good,False
above_good,above_good/71,33,34,good,,True
above_good,above_good/72,0,22,good,toward_bad,False
above_good,above_good/72,1,22,good,toward_bad,False
above_good,above_good/72,2,22,bad,toward_good,False
above_good,above_good/72,3,22,good,toward_bad,False
above_good,above_good/72,4,22,good,toward_bad,False
above_good,above_good/72,5,22,good,toward_bad,False
above_good,above_good/72,6,22,bad,toward_good,False
above_good,above_good/72,7,22,good,toward_bad,False
above_good,above_good/72,8,22,good,toward_bad,False
above_good,above_good/72,9,22,good,toward_good,False
above_good,above_good/72,10,22,good,toward_good,False
above_good,above_good/72,11,22,good,toward_bad,False
above_good,above_good/72,12,22,good,toward_good,False
above_good,above_good/72,13,22,good,toward_bad,False
above_good,above_good/72,14,22,good,toward_good,False
above_good,above_good/72,15,22,good,toward_good,False
above_good,above_good/72,16,22,good,toward_bad,False
above_good,above_good/72,17,22,good,toward_bad,False
above_good,above_good/72,18,22,good,toward_good,False
above_good,above_good/72,19,22,good,toward_bad,False
above_good,above_good/72,20,22,good,toward_good,False
above_good,above_good/72,21,22,good,,True
above_good,above_good/73,0,28,good,toward_bad,False
above_good,above_good/73,1,28,good,toward_bad,False
above_good,above_good/73,2,28,bad,toward_good,False
above_good,above_good/73,3,28,good,toward_bad,False
above_good,above_good/73,4,28,good,toward_bad,False
above_good,above_good/73,5,28,bad,toward_good,False
above_good,above_good/73,6,28,good,toward_bad,False
above_good,above_good/73,7,28,good,toward_bad,False
above_good,above_good/73,8,28,bad,toward_good,False
above_good,above_good/73,9,28,good,toward_bad,False
above_good,above_good/73,10,28,good,toward_good,False
above_good,above_good/73,11,28,good,toward_bad,False
above_good,above_good/73,12,28,good,toward_bad,False
above_good,above_good/73,13,28,good,toward_good,False
above_good,above_good/73,14,28,good,toward_bad,False
above_good,above_good/73,15,28,good,toward_bad,False
above_good,above_good/73,16,28,good,toward_bad,False
above_good,above_good/73,17,28,good,toward_good,False
above_good,above_good/73,18,28,good,toward_bad,False
above_good,above_good/73,19,28,good,toward_bad,False
above_good,above_good/73,20,28,good,toward_bad,False
above_good,above_good/73,21,28,good,toward_good,False
above_good,above_good/73,22,28,good,toward_good,False
above_good,above_good/73,23,28,good,toward_good,False
above_good,above_good/73,24,28,good,toward_bad,False
above_good,above_good/73,25,28,good,toward_bad,False
above_good,above_good/73,26,28,bad,toward_good,False
above_good,above_good/73,27,28,good,,True
above_good,above_good/74,0,21,good,toward_good,False
above_good,above_good/74,1,21,good,toward_bad,False
above_good,above_good/74,2,21,good,toward_good,False
above_good,above_good/74,3,21,good,toward_bad,False
above_good,above_good/74,4,21,bad,toward_good,False
above_good,above_good/74,5,21,good,toward_bad,False
above_good,above_good/74,6,21,good,toward_good,False
above_good,above_good/74,7,21,good,toward_bad,False
above_good,above_good/74,8,21,good,toward_good,False
above_good,above_good/74,9,21,good,toward_bad,False
above_good,above_good/74,10,21,bad,toward_good,False
above_good,above_good/74,11,21,good,toward_bad,False
above_good,above_good/74,12,21,bad,toward_good,False
above_good,above_good/74,13,21,bad,toward_good,False
above_good,above_good/74,14,21,bad,toward_good,False
above_good,above_good/74,15,21,good,toward_bad,False
above_good,above_good/74,16,21,good,toward_bad,False
above_good,above_good/74,17,21,bad,toward_good,False
above_good,above_good/74,18,21,good,toward_good,False
above_good,above_good/74,19,21,good,toward_bad,False
above_good,above_good/74,20,21,good,,True
above_good,above_good/75,0,25,good,toward_bad,False
above_good,above_good/75,1,25,bad,toward_good,False
above_good,above_good/75,2,25,good,toward_good,False
above_good,above_good/75,3,25,good,toward_bad,False
above_good,above_good/75,4,25,good,toward_bad,False
above_good,above_good/75,5,25,good,toward_bad,False
above_good,above_good/75,6,25,good,toward_good,False
above_good,above_good/75,7,25,good,toward_bad,False
above_good,above_good/75,8,25,bad,toward_good,False
above_good,above_good/75,9,25,bad,toward_bad,False
above_good,above_good/75,10,25,bad,toward_good,False
above_good,above_good/75,11,25,good,toward_bad,False
above_good,above_good/75,12,25,good,toward_bad,False
above_good,above_good/75,13,25,bad,toward_good,False
above_good,above_good/75,14,25,good,toward_good,False
above_good,above_good/75,15,25,good,toward_bad,False
above_good,above_good/75,16,25,good,toward_bad,False
above_good,above_good/75,17,25,good,toward_good,False
above_good,above_good/75,18,25,good,toward_bad,False
above_good,above_good/75,19,25,good,toward_good,False
above_good,above_good/75,20,25,good,toward_bad,False
above_good,above_good/75,21,25,good,toward_bad,False
above_good,above_good/75,22,25,bad,toward_good,False
above_good,above_good/75,23,25,good,toward_good,False
above_good,above_good/75,24,25,good,,True
above_good,above_good/76,0,34,bad,toward_good,False
above_good,above_good/76,1,34,good,toward_bad,False
above_good,above_good/76,2,34,good,toward_bad,False
above_good,above_good/76,3,34,good,toward_bad,False
above_good,above_good/76,4,34,bad,toward_good,False
above_good,above_good/76,5,34,bad,toward_good,False
above_good,above_good/76,6,34,good,toward_bad,False
above_good,above_good/76,7,34,good,toward_good,False
above_good,above_good/76,8,34,good,toward_bad,False
above_good,above_good/76,9,34,bad,toward_good,False
above_good,above_good/76,10,34,good,toward_bad,False
above_good,above_good/76,11,34,good,toward_bad,False
above_good,above_good/76,12,34,bad,toward_good,False
above_good,above_good/76,13,34,bad,toward_good,False
above_good,above_good/76,14,34,good,toward_good,False
above_good,above_good/76,15,34,good,toward_good,False
above_good,above_good/76,16,34,good,toward_bad,False
above_good,above_good/76,17,34,good,toward_good,False
above_good,above_good/76,18,34,good,toward_good,False
above_good,above_good/76,19,34,good,toward_bad,False
above_good,above_good/76,20,34,good,toward_good,False
above_good,above_good/76,21,34,good,toward_good,False
above_good,above_good/76,22,34,good,toward_good,False
above_good,above_good/76,23,34,good,toward_bad,False
above_good,above_good/76,24,34,good,toward_good,False
above_good,above_good/76,25,34,good,toward_bad,False
above_good,above_good/76,26,34,good,toward_good,False
above_good,above_good/76,27,34,good,toward_bad,False
above_good,above_good/76,28,34,good,toward_good,False
above_good,above_good/76,29,34,good,toward_bad,False
above_good,above_good/76,30,34,good,toward_good,False
above_good,above_good/76,31,34,good,toward_bad,False
above_good,above_good/76,32,34,good,toward_bad,False
above_good,above_good/76,33,34,good,,True
above_good,above_good/77,0,31,good,toward_bad,False
above_good,above_good/77,1,31,good,toward_bad,False
above_good,above_good/77,2,31,bad,toward_good,False
above_good,above_good/77,3,31,good,toward_bad,False
above_good,above_good/77,4,31,bad,toward_good,False
above_good,above_good/77,5,31,good,toward_good,False
above_good,above_good/77,6,31,good,toward_bad,False
above_good,above_good/77,7,31,good,toward_bad,False
above_good,above_good/77,8,31,bad,toward_good,False
above_good,above_good/77,9,31,good,toward_bad,False
above_good,above_good/77,10,31,bad,toward_good,False
above_good,above_good/77,11,31,good,toward_bad,False
above_good,above_good/77,12,31,good,toward_bad,False
above_good,above_good/77,13,31,good,toward_good,False
above_good,above_good/77,14,31,good,toward_bad,False
above_good,above_good/77,15,31,good,toward_good,False
above_good,above_good/77,16,31,good,toward_bad,False
above_good,above_good/77,17,31,good,toward_good,False
above_good,above_good/77,18,31,good,toward_bad,False
above_good,above_good/77,19,31,good,toward_good,False
above_good,above_good/77,20,31,good,toward_bad,False
above_good,above_good/77,21,31,good,toward_bad,False
above_good,above_good/77,22,31,good,toward_good,False
above_good,above_good/77,23,31,good,toward_good,False
above_good,above_good/77,24,31,good,toward_bad,False
above_good,above_good/77,25,31,good,toward_bad,False
above_good,above_good/77,26,31,good,toward_bad,False
above_good,above_good/77,27,31,good,toward_good,False
above_good,above_good/77,28,31,good,toward_bad,False
above_good,above_good/77,29,31,good,toward_good,False
above_good,above_good/77,30,31,good,,True
above_good,above_good/78,0,25,bad,toward_good,False
above_good,above_good/78,1,25,good,toward_bad,False
above_good,above_good/78,2,25,bad,toward_good,False
above_good,above_good/78,3,25,bad,toward_good,False
above_good,above_good/78,4,25,bad,toward_good,False
above_good,above_good/78,5,25,good,toward_bad,False
above_good,above_good/78,6,25,bad,toward_good,False
above_good,above_good/78,7,25,bad,toward_good,False
above_good,above_good/78,8,25,bad,toward_good,False
above_good,above_good/78,9,25,bad,toward_good,False
above_good,above_good/78,10,25,good,toward_bad,False
above_good,above_good/78,11,25,bad,toward_good,False
above_good,above_good/78,12,25,bad,toward_bad,False
above_good,above_good/78,13,25,bad,toward_bad,False
above_good,above_good/78,14,25,bad,toward_good,False
above_good,above_good/78,15,25,bad,toward_good,False
above_good,above_good/78,16,25,bad,toward_good,False
above_good,above_good/78,17,25,bad,toward_bad,False
above_good,above_good/78,18,25,bad,toward_good,False
above_good,above_good/78,19,25,bad,toward_good,False
above_good,above_good/78,20,25,bad,toward_good,False
above_good,above_good/78,21,25,bad,toward_bad,False
above_good,above_good/78,22,25,bad,toward_good,False
above_good,above_good/78,23,25,bad,toward_bad,False
above_good,above_good/78,24,25,bad,,True
above_good,above_good/79,0,19,good,toward_good,False
above_good,above_good/79,1,19,good,toward_bad,False
above_good,above_good/79,2,19,good,toward_good,False
above_good,above_good/79,3,19,good,toward_bad,False
above_good,above_good/79,4,19,good,toward_good,False
above_good,above_good/79,5,19,good,toward_bad,False
above_good,above_good/79,6,19,good,toward_good,False
above_good,above_good/79,7,19,good,toward_bad,False
above_good,above_good/79,8,19,good,toward_good,False
above_good,above_good/79,9,19,good,toward_good,False
above_good,above_good/79,10,19,good,toward_bad,False
above_good,above_good/79,11,19,good,toward_bad,False
above_good,above_good/79,12,19,good,toward_good,False
above_good,above_good/79,13,19,good,toward_bad,False
above_good,above_good/79,14,19,good,toward_bad,False
above_good,above_good/79,15,19,good,toward_bad,False
above_good,above_good/79,16,19,good,toward_bad,False
above_good,above_good/79,17,19,good,toward_good,False
above_good,above_good/79,18,19,good,,True
above_good,above_good/80,0,33,bad,toward_good,False
above_good,above_good/80,1,33,good,toward_bad,False
above_good,above_good/80,2,33,bad,toward_good,False
above_good,above_good/80,3,33,bad,toward_good,False
above_good,above_good/80,4,33,good,toward_bad,False
above_good,above_good/80,5,33,bad,toward_good,False
above_good,above_good/80,6,33,bad,toward_good,False
above_good,above_good/80,7,33,good,toward_bad,False
above_good,above_good/80,8,33,bad,toward_bad,False
above_good,above_good/80,9,33,bad,toward_good,False
above_good,above_good/80,10,33,good,toward_bad,False
above_good,above_good/80,11,33,bad,toward_good,False
above_good,above_good/80,12,33,bad,toward_good,False
above_good,above_good/80,13,33,bad,toward_good,False
above_good,above_good/80,14,33,good,toward_bad,False
above_good,above_good/80,15,33,bad,toward_good,False
above_good,above_good/80,16,33,bad,toward_good,False
above_good,above_good/80,17,33,good,toward_bad,False
above_good,above_good/80,18,33,bad,toward_good,False
above_good,above_good/80,19,33,bad,toward_good,False
above_good,above_good/80,20,33,bad,toward_good,False
above_good,above_good/80,21,33,good,toward_bad,False
above_good,above_good/80,22,33,bad,toward_good,False
above_good,above_good/80,23,33,bad,toward_good,False
above_good,above_good/80,24,33,bad,toward_good,False
above_good,above_good/80,25,33,bad,toward_bad,False
above_good,above_good/80,26,33,bad,toward_bad,False
above_good,above_good/80,27,33,bad,toward_good,False
above_good,above_good/80,28,33,bad,toward_bad,False
above_good,above_good/80,29,33,bad,toward_good,False
above_good,above_good/80,30,33,bad,toward_bad,False
above_good,above_good/80,31,33,bad,toward_good,False
above_good,above_good/80,32,33,bad,,True
above_good,above_good/81,0,21,good,toward_bad,False
above_good,above_good/81,1,21,bad,toward_good,False
above_good,above_good/81,2,21,good,toward_bad,False
above_good,above_good/81,3,21,bad,toward_good,False
above_good,above_good/81,4,21,good,toward_good,False
above_good,above_good/81,5,21,good,toward_bad,False
above_good,above_good/81,6,21,bad,toward_bad,False
above_good,above_good/81,7,21,bad,toward_good,False
above_good,above_good/81,8,21,good,toward_good,False
above_good,above_good/81,9,21,good,toward_bad,False
above_good,above_good/81,10,21,bad,toward_good,False
above_good,above_good/81,11,21,good,toward_good,False
above_good,above_good/81,12,21,good,toward_good,False
above_good,above_good/81,13,21,good,toward_bad,False
above_good,above_good/81,14,21,good,toward_good,False
above_good,above_good/81,15,21,good,toward_good,False
above_good,above_good/81,16,21,good,toward_bad,False
above_good,above_good/81,17,21,good,toward_bad,False
above_good,above_good/81,18,21,good,toward_good,False
above_good,above_good/81,19,21,good,toward_good,False
above_good,above_good/81,20,21,good,,True
above_good,above_good/82,0,13,good,toward_bad,False
above_good,above_good/82,1,13,good,toward_good,False
above_good,above_good/82,2,13,good,toward_bad,False
above_good,above_good/82,3,13,good,toward_good,False
above_good,above_good/82,4,13,good,toward_bad,False
above_good,above_good/82,5,13,good,toward_good,False
above_good,above_good/82,6,13,good,toward_good,False
above_good,above_good/82,7,13,good,toward_bad,False
above_good,above_good/82,8,13,good,toward_good,False
above_good,above_good/82,9,13,good,toward_good,False
above_good,above_good/82,10,13,good,toward_bad,False
above_good,above_good/82,11,13,good,toward_good,False
above_good,above_good/82,12,13,good,,True
above_good,above_good/83,0,24,good,toward_good,False
above_good,above_good/83,1,24,good,toward_bad,False
above_good,above_good/83,2,24,good,toward_bad,False
above_good,above_good/83,3,24,bad,toward_good,False
above_good,above_good/83,4,24,good,toward_good,False
above_good,above_good/83,5,24,good,toward_good,False
above_good,above_good/83,6,24,good,toward_bad,False
above_good,above_good/83,7,24,good,toward_good,False
above_good,above_good/83,8,24,good,toward_good,False
above_good,above_good/83,9,24,good,toward_good,False
above_good,above_good/83,10,24,good,toward_bad,False
above_good,above_good/83,11,24,good,toward_good,False
above_good,above_good/83,12,24,good,toward_good,False
above_good,above_good/83,13,24,good,toward_bad,False
above_good,above_good/83,14,24,good,toward_bad,False
above_good,above_good/83,15,24,good,toward_good,False
above_good,above_good/83,16,24,good,toward_good,False
above_good,above_good/83,17,24,good,toward_bad,False
above_good,above_good/83,18,24,good,toward_good,False
above_good,above_good/83,19,24,good,toward_bad,False
above_good,above_good/83,20,24,good,toward_good,False
above_good,above_good/83,21,24,good,toward_bad,False
above_good,above_good/83,22,24,good,toward_bad,False
above_good,above_good/83,23,24,good,,True
above_good,above_good/84,0,23,good,toward_bad,False
above_good,above_good/84,1,23,bad,toward_good,False
above_good,above_good/84,2,23,bad,toward_good,False
above_good,above_good/84,3,23,good,toward_bad,False
above_good,above_good/84,4,23,bad,toward_bad,False
above_good,above_good/84,5,23,bad,toward_bad,False
above_good,above_good/84,6,23,bad,toward_bad,False
above_good,above_good/84,7,23,bad,toward_bad,False
above_good,above_good/84,8,23,bad,toward_good,False
above_good,above_good/84,9,23,bad,toward_good,False
above_good,above_good/84,10,23,bad,toward_good,False
above_good,above_good/84,11,23,bad,toward_bad,False
above_good,above_good/84,12,23,bad,toward_bad,False
above_good,above_good/84,13,23,bad,toward_bad,False
above_good,above_good/84,14,23,bad,toward_good,False
above_good,above_good/84,15,23,bad,toward_bad,False
above_good,above_good/84,16,23,bad,toward_bad,False
above_good,above_good/84,17,23,bad,toward_good,False
above_good,above_good/84,18,23,bad,toward_good,False
above_good,above_good/84,19,23,bad,toward_bad,False
above_good,above_good/84,20,23,bad,toward_good,False
above_good,above_good/84,21,23,bad,toward_good,False
above_good,above_good/84,22,23,bad,,True
above_good,above_good/85,0,21,good,toward_good,False
above_good,above_good/85,1,21,good,toward_bad,False
above_good,above_good/85,2,21,bad,toward_good,False
above_good,above_good/85,3,21,good,toward_bad,False
above_good,above_good/85,4,21,bad,toward_good,False
above_good,above_good/85,5,21,good,toward_good,False
above_good,above_good/85,6,21,good,toward_bad,False
above_good,above_good/85,7,21,bad,toward_good,False
above_good,above_good/85,8,21,good,toward_bad,False
above_good,above_good/85,9,21,good,toward_bad,False
above_good,above_good/85,10,21,bad,toward_good,False
above_good,above_good/85,11,21,good,toward_good,False
above_good,above_good/85,12,21,good,toward_bad,False
above_good,above_good/85,13,21,good,toward_bad,False
above_good,above_good/85,14,21,good,toward_good,False
above_good,above_good/85,15,21,good,toward_bad,False
above_good,above_good/85,16,21,bad,toward_good,False
above_good,above_good/85,17,21,good,toward_good,False
above_good,above_good/85,18,21,good,toward_bad,False
above_good,above_good/85,19,21,good,toward_good,False
above_good,above_good/85,20,21,good,,True
above_good,above_good/86,0,7,bad,toward_bad,False
above_good,above_good/86,1,7,bad,toward_bad,False
above_good,above_good/86,2,7,bad,toward_good,False
above_good,above_good/86,3,7,bad,toward_bad,False
above_good,above_good/86,4,7,bad,toward_good,False
above_good,above_good/86,5,7,bad,toward_bad,False
above_good,above_good/86,6,7,bad,,True
above_good,above_good/87,0,39,good,toward_bad,False
above_good,above_good/87,1,39,bad,toward_good,False
above_good,above_good/87,2,39,good,toward_good,False
above_good,above_good/87,3,39,good,toward_bad,False
above_good,above_good/87,4,39,good,toward_bad,False
above_good,above_good/87,5,39,bad,toward_good,False
above_good,above_good/87,6,39,good,toward_good,False
above_good,above_good/87,7,39,good,toward_bad,False
above_good,above_good/87,8,39,good,toward_bad,False
above_good,above_good/87,9,39,bad,toward_good,False
above_good,above_good/87,10,39,good,toward_bad,False
above_good,above_good/87,11,39,bad,toward_good,False
above_good,above_good/87,12,39,good,toward_bad,False
above_good,above_good/87,13,39,bad,toward_good,False
above_good,above_good/87,14,39,good,toward_bad,False
above_good,above_good/87,15,39,good,toward_bad,False
above_good,above_good/87,16,39,good,toward_bad,False
above_good,above_good/87,17,39,bad,toward_good,False
above_good,above_good/87,18,39,good,toward_good,False
above_good,above_good/87,19,39,good,toward_bad,False
above_good,above_good/87,20,39,good,toward_good,False
above_good,above_good/87,21,39,good,toward_good,False
above_good,above_good/87,22,39,good,toward_bad,False
above_good,above_good/87,23,39,good,toward_bad,False
above_good,above_good/87,24,39,good,toward_bad,False
above_good,above_good/87,25,39,good,toward_bad,False
above_good,above_good/87,26,39,good,toward_bad,False
above_good,above_good/87,27,39,good,toward_good,False
above_good,above_good/87,28,39,good,toward_good,False
above_good,above_good/87,29,39,good,toward_bad,False
above_good,above_good/87,30,39,good,toward_bad,False
above_good,above_good/87,31,39,good,toward_bad,False
above_good,above_good/87,32,39,bad,toward_good,False
above_good,above_good/87,33,39,good,toward_bad,False
above_good,above_good/87,34,39,good,toward_bad,False
above_good,above_good/87,35,39,good,toward_good,False
above_good,above_good/87,36,39,good,toward_good,False
above_good,above_good/87,37,39,good,toward_bad,False
above_good,above_good/87,38,39,good,,True
above_good,above_good/88,0,34,good,toward_good,False
above_good,above_good/88,1,34,good,toward_bad,False
above_good,above_good/88,2,34,bad,toward_good,False
above_good,above_good/88,3,34,bad,toward_good,False
above_good,above_good/88,4,34,good,toward_bad,False
above_good,above_good/88,5,34,good,toward_bad,False
above_good,above_good/88,6,34,bad,toward_good,False
above_good,above_good/88,7,34,good,toward_bad,False
above_good,above_good/88,8,34,bad,toward_good,False
above_good,above_good/88,9,34,good,toward_good,False
above_good,above_good/88,10,34,good,toward_good,False
above_good,above_good/88,11,34,good,toward_bad,False
above_good,above_good/88,12,34,bad,toward_good,False
above_good,above_good/88,13,34,good,toward_good,False
above_good,above_good/88,14,34,good,toward_bad,False
above_good,above_good/88,15,34,bad,toward_good,False
above_good,above_good/88,16,34,good,toward_bad,False
above_good,above_good/88,17,34,bad,toward_good,False
above_good,above_good/88,18,34,good,toward_bad,False
above_good,above_good/88,19,34,bad,toward_good,False
above_good,above_good/88,20,34,good,toward_bad,False
above_good,above_good/88,21,34,bad,toward_good,False
above_good,above_good/88,22,34,good,toward_bad,False
above_good,above_good/88,23,34,bad,toward_bad,False
above_good,above_good/88,24,34,bad,toward_good,False
above_good,above_good/88,25,34,good,toward_bad,False
above_good,above_good/88,26,34,good,toward_good,False
above_good,above_good/88,27,34,good,toward_good,False
above_good,above_good/88,28,34,good,toward_bad,False
above_good,above_good/88,29,34,good,toward_bad,False
above_good,above_good/88,30,34,good,toward_good,False
above_good,above_good/88,31,34,good,toward_good,False
above_good,above_good/88,32,34,good,toward_bad,False
above_good,above_good/88,33,34,good,,True
above_good,above_good/89,0,39,bad,toward_bad,False
above_good,above_good/89,1,39,bad,toward_good,False
above_good,above_good/89,2,39,good,toward_bad,False
above_good,above_good/89,3,39,bad,toward_good,False
above_good,above_good/89,4,39,bad,toward_good,False
above_good,above_good/89,5,39,bad,toward_good,False
above_good,above_good/89,6,39,good,toward_bad,False
above_good,above_good/89,7,39,bad,toward_good,False
above_good,above_good/89,8,39,good,toward_bad,False
above_good,above_good/89,9,39,good,toward_bad,False
above_good,above_good/89,10,39,bad,toward_good,False
above_good,above_good/89,11,39,good,toward_bad,False
above_good,above_good/89,12,39,bad,toward_good,False
above_good,above_good/89,13,39,good,toward_good,False
above_good,above_good/89,14,39,good,toward_bad,False
above_good,above_good/89,15,39,good,toward_bad,False
above_good,above_good/89,16,39,good,toward_bad,False
above_good,above_good/89,17,39,good,toward_bad,False
above_good,above_good/89,18,39,good,toward_bad,False
above_good,above_good/89,19,39,good,toward_good,False
above_good,above_good/89,20,39,good,toward_good,False
above_good,above_good/89,21,39,good,toward_bad,False
above_good,above_good/89,22,39,good,toward_good,False
above_good,above_good/89,23,39,good,toward_good,False
above_good,above_good/89,24,39,good,toward_good,False
above_good,above_good/89,25,39,good,toward_bad,False
above_good,above_good/89,26,39,bad,toward_good,False
above_good,above_good/89,27,39,good,toward_good,False
above_good,above_good/89,28,39,good,toward_bad,False
above_good,above_good/89,29,39,good,toward_good,False
above_good,above_good/89,30,39,good,toward_bad,False
above_good,above_good/89,31,39,bad,toward_good,False
above_good,above_good/89,32,39,good,toward_bad,False
above_good,above_good/89,33,39,bad,toward_bad,False
above_good,above_good/89,34,39,bad,toward_good,False
above_good,above_good/89,35,39,good,toward_good,False
above_good,above_good/89,36,39,good,toward_good,False
above_good,above_good/89,37,39,good,toward_bad,False
above_good,above_good/89,38,39,good,,True
above_good,above_good/90,0,20,good,toward_bad,False
above_good,above_good/90,1,20,good,toward_good,False
above_good,above_good/90,2,20,good,toward_bad,False
above_good,above_good/90,3,20,good,toward_good,False
above_good,above_good/90,4,20,good,toward_bad,False
above_good,above_good/90,5,20,good,toward_bad,False
above_good,above_good/90,6,20,good,toward_good,False
above_good,above_good/90,7,20,good,toward_bad,False
above_good,above_good/90,8,20,good,toward_bad,False
above_good,above_good/90,9,20,good,toward_good,False
above_good,above_good/90,10,20,good,toward_good,False
above_good,above_good/90,11,20,good,toward_good,False
above_good,above_good/90,12,20,good,toward_bad,False
above_good,above_good/90,13,20,good,toward_good,False
above_good,above_good/90,14,20,good,toward_good,False
above_good,above_good/90,15,20,good,toward_good,False
above_good,above_good/90,16,20,good,toward_bad,False
above_good,above_good/90,17,20,good,toward_bad,False
above_good,above_good/90,18,20,bad,toward_good,False
above_good,above_good/90,19,20,good,,True
above_good,above_good/91,0,34,good,toward_good,False
above_good,above_good/91,1,34,good,toward_bad,False
above_good,above_good/91,2,34,bad,toward_good,False
above_good,above_good/91,3,34,bad,toward_good,False
above_good,above_good/91,4,34,bad,toward_bad,False
above_good,above_good/91,5,34,bad,toward_good,False
above_good,above_good/91,6,34,good,toward_good,False
above_good,above_good/91,7,34,good,toward_bad,False
above_good,above_good/91,8,34,good,toward_good,False
above_good,above_good/91,9,34,good,toward_bad,False
above_good,above_good/91,10,34,good,toward_bad,False
above_good,above_good/91,11,34,bad,toward_good,False
above_good,above_good/91,12,34,good,toward_good,False
above_good,above_good/91,13,34,good,toward_bad,False
above_good,above_good/91,14,34,good,toward_bad,False
above_good,above_good/91,15,34,good,toward_bad,False
above_good,above_good/91,16,34,bad,toward_good,False
above_good,above_good/91,17,34,good,toward_bad,False
above_good,above_good/91,18,34,good,toward_good,False
above_good,above_good/91,19,34,good,toward_good,False
above_good,above_good/91,20,34,good,toward_bad,False
above_good,above_good/91,21,34,good,toward_good,False
above_good,above_good/91,22,34,good,toward_bad,False
above_good,above_good/91,23,34,good,toward_good,False
above_good,above_good/91,24,34,good,toward_bad,False
above_good,above_good/91,25,34,good,toward_good,False
above_good,above_good/91,26,34,good,toward_good,False
above_good,above_good/91,27,34,good,toward_bad,False
above_good,above_good/91,28,34,good,toward_good,False
above_good,above_good/91,29,34,good,toward_bad,False
above_good,above_good/91,30,34,good,toward_good,False
above_good,above_good/91,31,34,good,toward_good,False
above_good,above_good/91,32,34,good,toward_bad,False
above_good,above_good/91,33,34,good,,True
above_good,above_good/92,0,1,good,,True
above_good,above_good/93,0,19,good,toward_bad,False
above_good,above_good/93,1,19,bad,toward_good,False
above_good,above_good/93,2,19,good,toward_bad,False
above_good,above_good/93,3,19,good,toward_bad,False
above_good,above_good/93,4,19,bad,toward_bad,False
above_good,above_good/93,5,19,bad,toward_good,False
above_good,above_good/93,6,19,good,toward_good,False
above_good,above_good/93,7,19,good,toward_good,False
above_good,above_good/93,8,19,good,toward_bad,False
above_good,above_good/93,9,19,good,toward_bad,False
above_good,above_good/93,10,19,good,toward_bad,False
above_good,above_good/93,11,19,good,toward_good,False
above_good,above_good/93,12,19,good,toward_good,False
above_good,above_good/93,13,19,good,toward_good,False
above_good,above_good/93,14,19,good,toward_good,False
above_good,above_good/93,15,19,good,toward_bad,False
above_good,above_good/93,16,19,good,toward_good,False
above_good,above_good/93,17,19,good,toward_bad,False
above_good,above_good/93,18,19,good,,True
above_good,above_good/94,0,6,good,toward_bad,False
above_good,above_good/94,1,6,good,toward_bad,False
above_good,above_good/94,2,6,good,toward_bad,False
above_good,above_good/94,3,6,good,toward_bad,False
above_good,above_good/94,4,6,good,toward_good,False
above_good,above_good/94,5,6,good,,True
above_good,above_good/95,0,21,bad,toward_bad,False
above_good,above_good/95,1,21,bad,toward_good,False
above_good,above_good/95,2,21,good,toward_bad,False
above_good,above_good/95,3,21,good,toward_bad,False
above_good,above_good/95,4,21,good,toward_good,False
above_good,above_good/95,5,21,good,toward_bad,False
above_good,above_good/95,6,21,good,toward_bad,False
above_good,above_good/95,7,21,bad,toward_good,False
above_good,above_good/95,8,21,good,toward_bad,False
above_good,above_good/95,9,21,good,toward_bad,False
above_good,above_good/95,10,21,good,toward_good,False
above_good,above_good/95,11,21,good,toward_good,False
above_good,above_good/95,12,21,good,toward_bad,False
above_good,above_good/95,13,21,good,toward_bad,False
above_good,above_good/95,14,21,bad,toward_good,False
above_good,above_good/95,15,21,bad,toward_bad,False
above_good,above_good/95,16,21,bad,toward_good,False
above_good,above_good/95,17,21,bad,toward_good,False
above_good,above_good/95,18,21,bad,toward_good,False
above_good,above_good/95,19,21,bad,toward_good,False
above_good,above_good/95,20,21,good,,True
above_good,above_good/96,0,24,good,toward_bad,False
above_good,above_good/96,1,24,good,toward_bad,False
above_good,above_good/96,2,24,good,toward_bad,False
above_good,above_good/96,3,24,good,toward_good,False
above_good,above_good/96,4,24,good,toward_bad,False
above_good,above_good/96,5,24,good,toward_bad,False
above_good,above_good/96,6,24,good,toward_good,False
above_good,above_good/96,7,24,good,toward_bad,False
above_good,above_good/96,8,24,good,toward_good,False
above_good,above_good/96,9,24,good,toward_bad,False
above_good,above_good/96,10,24,good,toward_good,False
above_good,above_good/96,11,24,good,toward_bad,False
above_good,above_good/96,12,24,good,toward_bad,False
above_good,above_good/96,13,24,good,toward_bad,False
above_good,above_good/96,14,24,good,toward_good,False
above_good,above_good/96,15,24,good,toward_good,False
above_good,above_good/96,16,24,good,toward_bad,False
above_good,above_good/96,17,24,good,toward_bad,False
above_good,above_good/96,18,24,good,toward_good,False
above_good,above_good/96,19,24,good,toward_good,False
above_good,above_good/96,20,24,good,toward_bad,False
above_good,above_good/96,21,24,good,toward_bad,False
above_good,above_good/96,22,24,good,toward_bad,False
above_good,above_good/96,23,24,good,,True
above_good,above_good/97,0,29,bad,toward_good,False
above_good,above_good/97,1,29,good,toward_bad,False
above_good,above_good/97,2,29,bad,toward_good,False
above_good,above_good/97,3,29,bad,toward_good,False
above_good,above_good/97,4,29,good,toward_bad,False
above_good,above_good/97,5,29,bad,toward_bad,False
above_good,above_good/97,6,29,bad,toward_good,False
above_good,above_good/97,7,29,good,toward_bad,False
above_good,above_good/97,8,29,good,toward_bad,False
above_good,above_good/97,9,29,bad,toward_good,False
above_good,above_good/97,10,29,bad,toward_good,False
above_good,above_good/97,11,29,good,toward_good,False
above_good,above_good/97,12,29,good,toward_bad,False
above_good,above_good/97,13,29,bad,toward_bad,False
above_good,above_good/97,14,29,bad,toward_good,False
above_good,above_good/97,15,29,good,toward_bad,False
above_good,above_good/97,16,29,good,toward_bad,False
above_good,above_good/97,17,29,bad,toward_bad,False
above_good,above_good/97,18,29,bad,toward_bad,False
above_good,above_good/97,19,29,bad,toward_bad,False
above_good,above_good/97,20,29,bad,toward_good,False
above_good,above_good/97,21,29,bad,toward_good,False
above_good,above_good/97,22,29,bad,toward_good,False
above_good,above_good/97,23,29,bad,toward_bad,False
above_good,above_good/97,24,29,bad,toward_bad,False
above_good,above_good/97,25,29,bad,toward_good,False
above_good,above_good/97,26,29,bad,toward_good,False
above_good,above_good/97,27,29,bad,toward_bad,False
above_good,above_good/97,28,29,bad,,True
above_good,above_good/98,0,17,bad,toward_good,False
above_good,above_good/98,1,17,good,toward_bad,False
above_good,above_good/98,2,17,bad,toward_good,False
above_good,above_good/98,3,17,good,toward_bad,False
above_good,above_good/98,4,17,bad,toward_good,False
above_good,above_good/98,5,17,bad,toward_bad,False
above_good,above_good/98,6,17,bad,toward_bad,False
above_good,above_good/98,7,17,bad,toward_good,False
above_good,above_good/98,8,17,bad,toward_good,False
above_good,above_good/98,9,17,bad,toward_bad,False
above_good,above_good/98,10,17,bad,toward_good,False
above_good,above_good/98,11,17,bad,toward_bad,False
above_good,above_good/98,12,17,bad,toward_bad,False
above_good,above_good/98,13,17,bad,toward_bad,False
above_good,above_good/98,14,17,bad,toward_bad,False
above_good,above_good/98,15,17,bad,toward_good,False
above_good,above_good/98,16,17,bad,,True
above_good,above_good/99,0,28,good,toward_bad,False
above_good,above_good/99,1,28,bad,toward_good,False
above_good,above_good/99,2,28,good,toward_bad,False
above_good,above_good/99,3,28,good,toward_bad,False
above_good,above_good/99,4,28,bad,toward_bad,False
above_good,above_good/99,5,28,bad,toward_good,False
above_good,above_good/99,6,28,good,toward_bad,False
above_good,above_good/99,7,28,bad,toward_good,False
above_good,above_good/99,8,28,bad,toward_bad,False
above_good,above_good/99,9,28,bad,toward_bad,False
above_good,above_good/99,10,28,bad,toward_good,False
above_good,above_good/99,11,28,good,toward_bad,False
above_good,above_good/99,12,28,bad,toward_bad,False
above_good,above_good/99,13,28,bad,toward_good,False
above_good,above_good/99,14,28,bad,toward_good,False
above_good,above_good/99,15,28,bad,toward_good,False
above_good,above_good/99,16,28,good,toward_bad,False
above_good,above_good/99,17,28,good,toward_bad,False
above_good,above_good/99,18,28,bad,toward_bad,False
above_good,above_good/99,19,28,bad,toward_good,False
above_good,above_good/99,20,28,bad,toward_good,False
above_good,above_good/99,21,28,bad,toward_good,False
above_good,above_good/99,22,28,bad,toward_good,False
above_good,above_good/99,23,28,good,toward_bad,False
above_good,above_good/99,24,28,bad,toward_good,False
above_good,above_good/99,25,28,bad,toward_bad,False
above_good,above_good/99,26,28,bad,toward_good,False
above_good,above_good/99,27,28,bad,,True
