group,rollout,t,K,side,move,is_last
baseline[good=above],baseline/1,0,7,good,toward_good,False
baseline[good=above],baseline/1,1,7,good,toward_good,False
baseline[good=above],baseline/1,2,7,good,toward_good,False
baseline[good=above],baseline/1,3,7,good,toward_good,False
baseline[good=above],baseline/1,4,7,good,toward_bad,False
baseline[good=above],baseline/1,5,7,good,toward_good,False
baseline[good=above],baseline/1,6,7,good,,True
baseline[good=below],baseline/1,0,7,bad,toward_bad,False
baseline[good=below],baseline/1,1,7,bad,toward_bad,False
baseline[good=below],baseline/1,2,7,bad,toward_bad,False
baseline[good=below],baseline/1,3,7,bad,toward_bad,False
baseline[good=below],baseline/1,4,7,bad,toward_good,False
baseline[good=below],baseline/1,5,7,bad,toward_bad,False
baseline[good=below],baseline/1,6,7,bad,,True
baseline[good=above],baseline/2,0,9,good,toward_good,False
baseline[good=above],baseline/2,1,9,good,toward_bad,False
baseline[good=above],baseline/2,2,9,good,toward_good,False
baseline[good=above],baseline/2,3,9,good,toward_bad,False
baseline[good=above],baseline/2,4,9,good,toward_bad,False
baseline[good=above],baseline/2,5,9,good,toward_bad,False
baseline[good=above],baseline/2,6,9,good,toward_bad,False
baseline[good=above],baseline/2,7,9,good,toward_good,False
baseline[good=above],baseline/2,8,9,good,,True
baseline[good=below],baseline/2,0,9,bad,toward_bad,False
baseline[good=below],baseline/2,1,9,bad,toward_good,False
baseline[good=below],baseline/2,2,9,bad,toward_bad,False
baseline[good=below],baseline/2,3,9,bad,toward_good,False
baseline[good=below],baseline/2,4,9,bad,toward_good,False
baseline[good=below],baseline/2,5,9,bad,toward_good,False
baseline[good=below],baseline/2,6,9,bad,toward_good,False
baseline[good=below],baseline/2,7,9,bad,toward_bad,False
baseline[good=below],baseline/2,8,9,bad,,True
baseline[good=above],baseline/3,0,5,bad,toward_good,False
baseline[good=above],baseline/3,1,5,bad,toward_bad,False
baseline[good=above],baseline/3,2,5,bad,toward_good,False
baseline[good=above],baseline/3,3,5,bad,toward_good,False
baseline[good=above],baseline/3,4,5,bad,,True
baseline[good=below],baseline/3,0,5,good,toward_bad,False
baseline[good=below],baseline/3,1,5,good,toward_good,False
baseline[good=below],baseline/3,2,5,good,toward_bad,False
baseline[good=below],baseline/3,3,5,good,toward_bad,False
baseline[good=below],baseline/3,4,5,good,,True
baseline[good=above],baseline/6,0,4,good,toward_bad,False
baseline[good=above],baseline/6,1,4,good,toward_bad,False
baseline[good=above],baseline/6,2,4,good,toward_good,False
baseline[good=above],baseline/6,3,4,good,,True
baseline[good=below],baseline/6,0,4,bad,toward_good,False
baseline[good=below],baseline/6,1,4,bad,toward_good,False
baseline[good=below],baseline/6,2,4,bad,toward_bad,False
baseline[good=below],baseline/6,3,4,bad,,True
baseline[good=above],baseline/7,0,1,good,,True
baseline[good=below],baseline/7,0,1,bad,,True
baseline[good=above],baseline/9,0,17,good,toward_bad,False
baseline[good=above],baseline/9,1,17,good,toward_bad,False
baseline[good=above],baseline/9,2,17,good,toward_good,False
baseline[good=above],baseline/9,3,17,good,toward_bad,False
baseline[good=above],baseline/9,4,17,good,toward_bad,False
baseline[good=above],baseline/9,5,17,good,toward_bad,False
baseline[good=above],baseline/9,6,17,good,toward_good,False
baseline[good=above],baseline/9,7,17,good,toward_bad,False
baseline[good=above],baseline/9,8,17,good,toward_good,False
baseline[good=above],baseline/9,9,17,good,toward_bad,False
baseline[good=above],baseline/9,10,17,good,toward_good,False
baseline[good=above],baseline/9,11,17,good,toward_good,False
baseline[good=above],baseline/9,12,17,good,toward_good,False
baseline[good=above],baseline/9,13,17,good,toward_bad,False
baseline[good=above],baseline/9,14,17,good,toward_good,False
baseline[good=above],baseline/9,15,17,good,toward_good,False
baseline[good=above],baseline/9,16,17,good,,True
baseline[good=below],baseline/9,0,17,bad,toward_good,False
baseline[good=below],baseline/9,1,17,bad,toward_good,False
baseline[good=below],baseline/9,2,17,bad,toward_bad,False
baseline[good=below],baseline/9,3,17,bad,toward_good,False
baseline[good=below],baseline/9,4,17,bad,toward_good,False
baseline[good=below],baseline/9,5,17,bad,toward_good,False
baseline[good=below],baseline/9,6,17,bad,toward_bad,False
baseline[good=below],baseline/9,7,17,bad,toward_good,False
baseline[good=below],baseline/9,8,17,bad,toward_bad,False
baseline[good=below],baseline/9,9,17,bad,toward_good,False
baseline[good=below],baseline/9,10,17,bad,toward_bad,False
baseline[good=below],baseline/9,11,17,bad,toward_bad,False
baseline[good=below],baseline/9,12,17,bad,toward_bad,False
baseline[good=below],baseline/9,13,17,bad,toward_good,False
baseline[good=below],baseline/9,14,17,bad,toward_bad,False
baseline[good=below],baseline/9,15,17,bad,toward_bad,False
baseline[good=below],baseline/9,16,17,bad,,True
baseline[good=above],baseline/10,0,13,good,toward_bad,False
baseline[good=above],baseline/10,1,13,good,toward_good,False
baseline[good=above],baseline/10,2,13,good,toward_bad,False
baseline[good=above],baseline/10,3,13,good,toward_good,False
baseline[good=above],baseline/10,4,13,good,toward_good,False
baseline[good=above],baseline/10,5,13,good,toward_bad,False
baseline[good=above],baseline/10,6,13,good,toward_good,False
baseline[good=above],baseline/10,7,13,good,toward_bad,False
baseline[good=above],baseline/10,8,13,good,toward_good,False
baseline[good=above],baseline/10,9,13,good,toward_bad,False
baseline[good=above],baseline/10,10,13,good,toward_bad,False
baseline[good=above],baseline/10,11,13,good,toward_good,False
baseline[good=above],baseline/10,12,13,good,,True
baseline[good=below],baseline/10,0,13,bad,toward_good,False
baseline[good=below],baseline/10,1,13,bad,toward_bad,False
baseline[good=below],baseline/10,2,13,bad,toward_good,False
baseline[good=below],baseline/10,3,13,bad,toward_bad,False
baseline[good=below],baseline/10,4,13,bad,toward_bad,False
baseline[good=below],baseline/10,5,13,bad,toward_good,False
baseline[good=below],baseline/10,6,13,bad,toward_bad,False
baseline[good=below],baseline/10,7,13,bad,toward_good,False
baseline[good=below],baseline/10,8,13,bad,toward_bad,False
baseline[good=below],baseline/10,9,13,bad,toward_good,False
baseline[good=below],baseline/10,10,13,bad,toward_good,False
baseline[good=below],baseline/10,11,13,bad,toward_bad,False
baseline[good=below],baseline/10,12,13,bad,,True
baseline[good=above],baseline/11,0,20,good,toward_bad,False
baseline[good=above],baseline/11,1,20,good,toward_good,False
baseline[good=above],baseline/11,2,20,good,toward_good,False
baseline[good=above],baseline/11,3,20,good,toward_bad,False
baseline[good=above],baseline/11,4,20,good,toward_bad,False
baseline[good=above],baseline/11,5,20,good,toward_good,False
baseline[good=above],baseline/11,6,20,good,toward_good,False
baseline[good=above],baseline/11,7,20,good,toward_bad,False
baseline[good=above],baseline/11,8,20,good,toward_good,False
baseline[good=above],baseline/11,9,20,good,toward_bad,False
baseline[good=above],baseline/11,10,20,good,toward_bad,False
baseline[good=above],baseline/11,11,20,good,toward_good,False
baseline[good=above],baseline/11,12,20,good,toward_bad,False
baseline[good=above],baseline/11,13,20,good,toward_good,False
baseline[good=above],baseline/11,14,20,good,toward_bad,False
baseline[good=above],baseline/11,15,20,good,toward_bad,False
baseline[good=above],baseline/11,16,20,good,toward_good,False
baseline[good=above],baseline/11,17,20,good,toward_bad,False
baseline[good=above],baseline/11,18,20,good,toward_good,False
baseline[good=above],baseline/11,19,20,good,,True
baseline[good=below],baseline/11,0,20,bad,toward_good,False
baseline[good=below],baseline/11,1,20,bad,toward_bad,False
baseline[good=below],baseline/11,2,20,bad,toward_bad,False
baseline[good=below],baseline/11,3,20,bad,toward_good,False
baseline[good=below],baseline/11,4,20,bad,toward_good,False
baseline[good=below],baseline/11,5,20,bad,toward_bad,False
baseline[good=below],baseline/11,6,20,bad,toward_bad,False
baseline[good=below],baseline/11,7,20,bad,toward_good,False
baseline[good=below],baseline/11,8,20,bad,toward_bad,False
baseline[good=below],baseline/11,9,20,bad,toward_good,False
baseline[good=below],baseline/11,10,20,bad,toward_good,False
baseline[good=below],baseline/11,11,20,bad,toward_bad,False
baseline[good=below],baseline/11,12,20,bad,toward_good,False
baseline[good=below],baseline/11,13,20,bad,toward_bad,False
baseline[good=below],baseline/11,14,20,bad,toward_good,False
baseline[good=below],baseline/11,15,20,bad,toward_good,False
baseline[good=below],baseline/11,16,20,bad,toward_bad,False
baseline[good=below],baseline/11,17,20,bad,toward_good,False
baseline[good=below],baseline/11,18,20,bad,toward_bad,False
baseline[good=below],baseline/11,19,20,bad,,True
baseline[good=above],baseline/12,0,1,good,,True
baseline[good=below],baseline/12,0,1,bad,,True
baseline[good=above],baseline/14,0,4,bad,toward_good,False
baseline[good=above],baseline/14,1,4,bad,toward_good,False
baseline[good=above],baseline/14,2,4,bad,toward_bad,False
baseline[good=above],baseline/14,3,4,bad,,True
baseline[good=below],baseline/14,0,4,good,toward_bad,False
baseline[good=below],baseline/14,1,4,good,toward_bad,False
baseline[good=below],baseline/14,2,4,good,toward_good,False
baseline[good=below],baseline/14,3,4,good,,True
baseline[good=above],baseline/15,0,4,good,toward_good,False
baseline[good=above],baseline/15,1,4,good,toward_bad,False
baseline[good=above],baseline/15,2,4,good,toward_good,False
baseline[good=above],baseline/15,3,4,good,,True
baseline[good=below],baseline/15,0,4,bad,toward_bad,False
baseline[good=below],baseline/15,1,4,bad,toward_good,False
baseline[good=below],baseline/15,2,4,bad,toward_bad,False
baseline[good=below],baseline/15,3,4,bad,,True
baseline[good=above],baseline/16,0,10,bad,toward_good,False
baseline[good=above],baseline/16,1,10,bad,toward_good,False
baseline[good=above],baseline/16,2,10,bad,toward_good,False
baseline[good=above],baseline/16,3,10,bad,toward_bad,False
baseline[good=above],baseline/16,4,10,bad,toward_good,False
baseline[good=above],baseline/16,5,10,bad,toward_bad,False
baseline[good=above],baseline/16,6,10,bad,toward_bad,False
baseline[good=above],baseline/16,7,10,bad,toward_good,False
baseline[good=above],baseline/16,8,10,bad,toward_good,False
baseline[good=above],baseline/16,9,10,bad,,True
baseline[good=below],baseline/16,0,10,good,toward_bad,False
baseline[good=below],baseline/16,1,10,good,toward_bad,False
baseline[good=below],baseline/16,2,10,good,toward_bad,False
baseline[good=below],baseline/16,3,10,good,toward_good,False
baseline[good=below],baseline/16,4,10,good,toward_bad,False
baseline[good=below],baseline/16,5,10,good,toward_good,False
baseline[good=below],baseline/16,6,10,good,toward_good,False
baseline[good=below],baseline/16,7,10,good,toward_bad,False
baseline[good=below],baseline/16,8,10,good,toward_bad,False
baseline[good=below],baseline/16,9,10,good,,True
baseline[good=above],baseline/18,0,12,good,toward_bad,False
baseline[good=above],baseline/18,1,12,good,toward_good,False
baseline[good=above],baseline/18,2,12,good,toward_bad,False
baseline[good=above],baseline/18,3,12,good,toward_bad,False
baseline[good=above],baseline/18,4,12,good,toward_good,False
baseline[good=above],baseline/18,5,12,good,toward_bad,False
baseline[good=above],baseline/18,6,12,good,toward_good,False
baseline[good=above],baseline/18,7,12,good,toward_bad,False
baseline[good=above],baseline/18,8,12,bad,toward_good,False
baseline[good=above],baseline/18,9,12,good,toward_bad,False
baseline[good=above],baseline/18,10,12,good,toward_good,False
baseline[good=above],baseline/18,11,12,good,,True
baseline[good=below],baseline/18,0,12,bad,toward_good,False
baseline[good=below],baseline/18,1,12,bad,toward_bad,False
baseline[good=below],baseline/18,2,12,bad,toward_good,False
baseline[good=below],baseline/18,3,12,bad,toward_good,False
baseline[good=below],baseline/18,4,12,bad,toward_bad,False
baseline[good=below],baseline/18,5,12,bad,toward_good,False
baseline[good=below],baseline/18,6,12,bad,toward_bad,False
baseline[good=below],baseline/18,7,12,bad,toward_good,False
baseline[good=below],baseline/18,8,12,good,toward_bad,False
baseline[good=below],baseline/18,9,12,bad,toward_good,False
baseline[good=below],baseline/18,10,12,bad,toward_bad,False
baseline[good=below],baseline/18,11,12,bad,,True
baseline[good=above],baseline/19,0,14,good,toward_bad,False
baseline[good=above],baseline/19,1,14,good,toward_bad,False
baseline[good=above],baseline/19,2,14,good,toward_good,False
baseline[good=above],baseline/19,3,14,good,toward_bad,False
baseline[good=above],baseline/19,4,14,good,toward_good,False
baseline[good=above],baseline/19,5,14,good,toward_bad,False
baseline[good=above],baseline/19,6,14,good,toward_good,False
baseline[good=above],baseline/19,7,14,good,toward_bad,False
baseline[good=above],baseline/19,8,14,good,toward_bad,False
baseline[good=above],baseline/19,9,14,good,toward_good,False
baseline[good=above],baseline/19,10,14,good,toward_good,False
baseline[good=above],baseline/19,11,14,good,toward_bad,False
baseline[good=above],baseline/19,12,14,good,toward_bad,False
baseline[good=above],baseline/19,13,14,good,,True
baseline[good=below],baseline/19,0,14,bad,toward_good,False
baseline[good=below],baseline/19,1,14,bad,toward_good,False
baseline[good=below],baseline/19,2,14,bad,toward_bad,False
baseline[good=below],baseline/19,3,14,bad,toward_good,False
baseline[good=below],baseline/19,4,14,bad,toward_bad,False
baseline[good=below],baseline/19,5,14,bad,toward_good,False
baseline[good=below],baseline/19,6,14,bad,toward_bad,False
baseline[good=below],baseline/19,7,14,bad,toward_good,False
baseline[good=below],baseline/19,8,14,bad,toward_good,False
baseline[good=below],baseline/19,9,14,bad,toward_bad,False
baseline[good=below],baseline/19,10,14,bad,toward_bad,False
baseline[good=below],baseline/19,11,14,bad,toward_good,False
baseline[good=below],baseline/19,12,14,bad,toward_good,False
baseline[good=below],baseline/19,13,14,bad,,True
baseline[good=above],baseline/20,0,9,bad,toward_good,False
baseline[good=above],baseline/20,1,9,bad,toward_good,False
baseline[good=above],baseline/20,2,9,bad,toward_good,False
baseline[good=above],baseline/20,3,9,bad,toward_bad,False
baseline[good=above],baseline/20,4,9,bad,toward_bad,False
baseline[good=above],baseline/20,5,9,bad,toward_good,False
baseline[good=above],baseline/20,6,9,bad,toward_bad,False
baseline[good=above],baseline/20,7,9,bad,toward_good,False
baseline[good=above],baseline/20,8,9,bad,,True
baseline[good=below],baseline/20,0,9,good,toward_bad,False
baseline[good=below],baseline/20,1,9,good,toward_bad,False
baseline[good=below],baseline/20,2,9,good,toward_bad,False
baseline[good=below],baseline/20,3,9,good,toward_good,False
baseline[good=below],baseline/20,4,9,good,toward_good,False
baseline[good=below],baseline/20,5,9,good,toward_bad,False
baseline[good=below],baseline/20,6,9,good,toward_good,False
baseline[good=below],baseline/20,7,9,good,toward_bad,False
baseline[good=below],baseline/20,8,9,good,,True
baseline[good=above],baseline/22,0,1,bad,,True
baseline[good=below],baseline/22,0,1,good,,True
baseline[good=above],baseline/23,0,3,good,toward_bad,False
baseline[good=above],baseline/23,1,3,good,toward_good,False
baseline[good=above],baseline/23,2,3,good,,True
baseline[good=below],baseline/23,0,3,bad,toward_good,False
baseline[good=below],baseline/23,1,3,bad,toward_bad,False
baseline[good=below],baseline/23,2,3,bad,,True
baseline[good=above],baseline/25,0,2,bad,toward_good,False
baseline[good=above],baseline/25,1,2,bad,,True
baseline[good=below],baseline/25,0,2,good,toward_bad,False
baseline[good=below],baseline/25,1,2,good,,True
baseline[good=above],baseline/26,0,18,bad,toward_bad,False
baseline[good=above],baseline/26,1,18,bad,toward_good,False
baseline[good=above],baseline/26,2,18,bad,toward_good,False
baseline[good=above],baseline/26,3,18,bad,toward_bad,False
baseline[good=above],baseline/26,4,18,bad,toward_good,False
baseline[good=above],baseline/26,5,18,bad,toward_good,False
baseline[good=above],baseline/26,6,18,bad,toward_bad,False
baseline[good=above],baseline/26,7,18,bad,toward_good,False
baseline[good=above],baseline/26,8,18,bad,toward_bad,False
baseline[good=above],baseline/26,9,18,bad,toward_bad,False
baseline[good=above],baseline/26,10,18,bad,toward_good,False
baseline[good=above],baseline/26,11,18,bad,toward_good,False
baseline[good=above],baseline/26,12,18,bad,toward_bad,False
baseline[good=above],baseline/26,13,18,bad,toward_good,False
baseline[good=above],baseline/26,14,18,bad,toward_good,False
baseline[good=above],baseline/26,15,18,bad,toward_bad,False
baseline[good=above],baseline/26,16,18,bad,toward_good,False
baseline[good=above],baseline/26,17,18,bad,,True
baseline[good=below],baseline/26,0,18,good,toward_good,False
baseline[good=below],baseline/26,1,18,good,toward_bad,False
baseline[good=below],baseline/26,2,18,good,toward_bad,False
baseline[good=below],baseline/26,3,18,good,toward_good,False
baseline[good=below],baseline/26,4,18,good,toward_bad,False
baseline[good=below],baseline/26,5,18,good,toward_bad,False
baseline[good=below],baseline/26,6,18,good,toward_good,False
baseline[good=below],baseline/26,7,18,good,toward_bad,False
baseline[good=below],baseline/26,8,18,good,toward_good,False
baseline[good=below],baseline/26,9,18,good,toward_good,False
baseline[good=below],baseline/26,10,18,good,toward_bad,False
baseline[good=below],baseline/26,11,18,good,toward_bad,False
baseline[good=below],baseline/26,12,18,good,toward_good,False
baseline[good=below],baseline/26,13,18,good,toward_bad,False
baseline[good=below],baseline/26,14,18,good,toward_bad,False
baseline[good=below],baseline/26,15,18,good,toward_good,False
baseline[good=below],baseline/26,16,18,good,toward_bad,False
baseline[good=below],baseline/26,17,18,good,,True
baseline[good=above],baseline/27,0,22,bad,toward_good,False
baseline[good=above],baseline/27,1,22,bad,toward_bad,False
baseline[good=above],baseline/27,2,22,bad,toward_good,False
baseline[good=above],baseline/27,3,22,bad,toward_good,False
baseline[good=above],baseline/27,4,22,bad,toward_bad,False
baseline[good=above],baseline/27,5,22,bad,toward_bad,False
baseline[good=above],baseline/27,6,22,bad,toward_good,False
baseline[good=above],baseline/27,7,22,bad,toward_bad,False
baseline[good=above],baseline/27,8,22,bad,toward_bad,False
baseline[good=above],baseline/27,9,22,bad,toward_bad,False
baseline[good=above],baseline/27,10,22,bad,toward_bad,False
baseline[good=above],baseline/27,11,22,bad,toward_good,False
baseline[good=above],baseline/27,12,22,bad,toward_bad,False
baseline[good=above],baseline/27,13,22,bad,toward_bad,False
baseline[good=above],baseline/27,14,22,bad,toward_bad,False
baseline[good=above],baseline/27,15,22,bad,toward_good,False
baseline[good=above],baseline/27,16,22,bad,toward_good,False
baseline[good=above],baseline/27,17,22,bad,toward_bad,False
baseline[good=above],baseline/27,18,22,bad,toward_good,False
baseline[good=above],baseline/27,19,22,bad,toward_bad,False
baseline[good=above],baseline/27,20,22,bad,toward_bad,False
baseline[good=above],baseline/27,21,22,bad,,True
baseline[good=below],baseline/27,0,22,good,toward_bad,False
baseline[good=below],baseline/27,1,22,good,toward_good,False
baseline[good=below],baseline/27,2,22,good,toward_bad,False
baseline[good=below],baseline/27,3,22,good,toward_bad,False
baseline[good=below],baseline/27,4,22,good,toward_good,False
baseline[good=below],baseline/27,5,22,good,toward_good,False
baseline[good=below],baseline/27,6,22,good,toward_bad,False
baseline[good=below],baseline/27,7,22,good,toward_good,False
baseline[good=below],baseline/27,8,22,good,toward_good,False
baseline[good=below],baseline/27,9,22,good,toward_good,False
baseline[good=below],baseline/27,10,22,good,toward_good,False
baseline[good=below],baseline/27,11,22,good,toward_bad,False
baseline[good=below],baseline/27,12,22,good,toward_good,False
baseline[good=below],baseline/27,13,22,good,toward_good,False
baseline[good=below],baseline/27,14,22,good,toward_good,False
baseline[good=below],baseline/27,15,22,good,toward_bad,False
baseline[good=below],baseline/27,16,22,good,toward_bad,False
baseline[good=below],baseline/27,17,22,good,toward_good,False
baseline[good=below],baseline/27,18,22,good,toward_bad,False
baseline[good=below],baseline/27,19,22,good,toward_good,False
baseline[good=below],baseline/27,20,22,good,toward_good,False
baseline[good=below],baseline/27,21,22,good,,True
baseline[good=above],baseline/29,0,1,bad,,True
baseline[good=below],baseline/29,0,1,good,,True
baseline[good=above],baseline/30,0,4,bad,toward_good,False
baseline[good=above],baseline/30,1,4,bad,toward_bad,False
baseline[good=above],baseline/30,2,4,bad,toward_bad,False
baseline[good=above],baseline/30,3,4,bad,,True
baseline[good=below],baseline/30,0,4,good,toward_bad,False
baseline[good=below],baseline/30,1,4,good,toward_good,False
baseline[good=below],baseline/30,2,4,good,toward_good,False
baseline[good=below],baseline/30,3,4,good,,True
baseline[good=above],baseline/31,0,10,good,toward_bad,False
baseline[good=above],baseline/31,1,10,good,toward_bad,False
baseline[good=above],baseline/31,2,10,good,toward_good,False
baseline[good=above],baseline/31,3,10,good,toward_good,False
baseline[good=above],baseline/31,4,10,good,toward_good,False
baseline[good=above],baseline/31,5,10,good,toward_bad,False
baseline[good=above],baseline/31,6,10,good,toward_bad,False
baseline[good=above],baseline/31,7,10,good,toward_bad,False
baseline[good=above],baseline/31,8,10,good,toward_good,False
baseline[good=above],baseline/31,9,10,good,,True
baseline[good=below],baseline/31,0,10,bad,toward_good,False
baseline[good=below],baseline/31,1,10,bad,toward_good,False
baseline[good=below],baseline/31,2,10,bad,toward_bad,False
baseline[good=below],baseline/31,3,10,bad,toward_bad,False
baseline[good=below],baseline/31,4,10,bad,toward_bad,False
baseline[good=below],baseline/31,5,10,bad,toward_good,False
baseline[good=below],baseline/31,6,10,bad,toward_good,False
baseline[good=below],baseline/31,7,10,bad,toward_good,False
baseline[good=below],baseline/31,8,10,bad,toward_bad,False
baseline[good=below],baseline/31,9,10,bad,,True
baseline[good=above],baseline/32,0,26,good,toward_bad,False
baseline[good=above],baseline/32,1,26,bad,toward_good,False
baseline[good=above],baseline/32,2,26,good,toward_bad,False
baseline[good=above],baseline/32,3,26,bad,toward_good,False
baseline[good=above],baseline/32,4,26,bad,toward_good,False
baseline[good=above],baseline/32,5,26,good,toward_bad,False
baseline[good=above],baseline/32,6,26,bad,toward_bad,False
baseline[good=above],baseline/32,7,26,bad,toward_good,False
baseline[good=above],baseline/32,8,26,bad,toward_good,False
baseline[good=above],baseline/32,9,26,good,toward_bad,False
baseline[good=above],baseline/32,10,26,bad,toward_good,False
baseline[good=above],baseline/32,11,26,good,toward_good,False
baseline[good=above],baseline/32,12,26,good,toward_bad,False
baseline[good=above],baseline/32,13,26,bad,toward_bad,False
baseline[good=above],baseline/32,14,26,bad,toward_good,False
baseline[good=above],baseline/32,15,26,bad,toward_good,False
baseline[good=above],baseline/32,16,26,bad,toward_bad,False
baseline[good=above],baseline/32,17,26,bad,toward_good,False
baseline[good=above],baseline/32,18,26,bad,toward_good,False
baseline[good=above],baseline/32,19,26,good,toward_bad,False
baseline[good=above],baseline/32,20,26,bad,toward_bad,False
baseline[good=above],baseline/32,21,26,bad,toward_good,False
baseline[good=above],baseline/32,22,26,bad,toward_bad,False
baseline[good=above],baseline/32,23,26,bad,toward_bad,False
baseline[good=above],baseline/32,24,26,bad,toward_good,False
baseline[good=above],baseline/32,25,26,bad,,True
baseline[good=below],baseline/32,0,26,bad,toward_good,False
baseline[good=below],baseline/32,1,26,good,toward_bad,False
baseline[good=below],baseline/32,2,26,bad,toward_good,False
baseline[good=below],baseline/32,3,26,good,toward_bad,False
baseline[good=below],baseline/32,4,26,good,toward_bad,False
baseline[good=below],baseline/32,5,26,bad,toward_good,False
baseline[good=below],baseline/32,6,26,good,toward_good,False
baseline[good=below],baseline/32,7,26,good,toward_bad,False
baseline[good=below],baseline/32,8,26,good,toward_bad,False
baseline[good=below],baseline/32,9,26,bad,toward_good,False
baseline[good=below],baseline/32,10,26,good,toward_bad,False
baseline[good=below],baseline/32,11,26,bad,toward_bad,False
baseline[good=below],baseline/32,12,26,bad,toward_good,False
baseline[good=below],baseline/32,13,26,good,toward_good,False
baseline[good=below],baseline/32,14,26,good,toward_bad,False
baseline[good=below],baseline/32,15,26,good,toward_bad,False
baseline[good=below],baseline/32,16,26,good,toward_good,False
baseline[good=below],baseline/32,17,26,good,toward_bad,False
baseline[good=below],baseline/32,18,26,good,toward_bad,False
baseline[good=below],baseline/32,19,26,bad,toward_good,False
baseline[good=below],baseline/32,20,26,good,toward_good,False
baseline[good=below],baseline/32,21,26,good,toward_bad,False
baseline[good=below],baseline/32,22,26,good,toward_good,False
baseline[good=below],baseline/32,23,26,good,toward_good,False
baseline[good=below],baseline/32,24,26,good,toward_bad,False
baseline[good=below],baseline/32,25,26,good,,True
baseline[good=above],baseline/33,0,5,good,toward_bad,False
baseline[good=above],baseline/33,1,5,good,toward_good,False
baseline[good=above],baseline/33,2,5,good,toward_good,False
baseline[good=above],baseline/33,3,5,good,toward_bad,False
baseline[good=above],baseline/33,4,5,good,,True
baseline[good=below],baseline/33,0,5,bad,toward_good,False
baseline[good=below],baseline/33,1,5,bad,toward_bad,False
baseline[good=below],baseline/33,2,5,bad,toward_bad,False
baseline[good=below],baseline/33,3,5,bad,toward_good,False
baseline[good=below],baseline/33,4,5,bad,,True
baseline[good=above],baseline/34,0,19,bad,toward_good,False
baseline[good=above],baseline/34,1,19,bad,toward_bad,False
baseline[good=above],baseline/34,2,19,bad,toward_good,False
baseline[good=above],baseline/34,3,19,bad,toward_good,False
baseline[good=above],baseline/34,4,19,bad,toward_bad,False
baseline[good=above],baseline/34,5,19,bad,toward_good,False
baseline[good=above],baseline/34,6,19,bad,toward_good,False
baseline[good=above],baseline/34,7,19,bad,toward_bad,False
baseline[good=above],baseline/34,8,19,bad,toward_good,False
baseline[good=above],baseline/34,9,19,bad,toward_good,False
baseline[good=above],baseline/34,10,19,bad,toward_good,False
baseline[good=above],baseline/34,11,19,bad,toward_good,False
baseline[good=above],baseline/34,12,19,bad,toward_bad,False
baseline[good=above],baseline/34,13,19,bad,toward_bad,False
baseline[good=above],baseline/34,14,19,bad,toward_good,False
baseline[good=above],baseline/34,15,19,bad,toward_bad,False
baseline[good=above],baseline/34,16,19,bad,toward_good,False
baseline[good=above],baseline/34,17,19,bad,toward_good,False
baseline[good=above],baseline/34,18,19,bad,,True
baseline[good=below],baseline/34,0,19,good,toward_bad,False
baseline[good=below],baseline/34,1,19,good,toward_good,False
baseline[good=below],baseline/34,2,19,good,toward_bad,False
baseline[good=below],baseline/34,3,19,good,toward_bad,False
baseline[good=below],baseline/34,4,19,good,toward_good,False
baseline[good=below],baseline/34,5,19,good,toward_bad,False
baseline[good=below],baseline/34,6,19,good,toward_bad,False
baseline[good=below],baseline/34,7,19,good,toward_good,False
baseline[good=below],baseline/34,8,19,good,toward_bad,False
baseline[good=below],baseline/34,9,19,good,toward_bad,False
baseline[good=below],baseline/34,10,19,good,toward_bad,False
baseline[good=below],baseline/34,11,19,good,toward_bad,False
baseline[good=below],baseline/34,12,19,good,toward_good,False
baseline[good=below],baseline/34,13,19,good,toward_good,False
baseline[good=below],baseline/34,14,19,good,toward_bad,False
baseline[good=below],baseline/34,15,19,good,toward_good,False
baseline[good=below],baseline/34,16,19,good,toward_bad,False
baseline[good=below],baseline/34,17,19,good,toward_bad,False
baseline[good=below],baseline/34,18,19,good,,True
baseline[good=above],baseline/35,0,1,good,,True
baseline[good=below],baseline/35,0,1,bad,,True
baseline[good=above],baseline/37,0,3,good,toward_good,False
baseline[good=above],baseline/37,1,3,good,toward_good,False
baseline[good=above],baseline/37,2,3,good,,True
baseline[good=below],baseline/37,0,3,bad,toward_bad,False
baseline[good=below],baseline/37,1,3,bad,toward_bad,False
baseline[good=below],baseline/37,2,3,bad,,True
baseline[good=above],baseline/38,0,6,good,toward_good,False
baseline[good=above],baseline/38,1,6,good,toward_bad,False
baseline[good=above],baseline/38,2,6,good,toward_bad,False
baseline[good=above],baseline/38,3,6,good,toward_good,False
baseline[good=above],baseline/38,4,6,good,toward_bad,False
baseline[good=above],baseline/38,5,6,good,,True
baseline[good=below],baseline/38,0,6,bad,toward_bad,False
baseline[good=below],baseline/38,1,6,bad,toward_good,False
baseline[good=below],baseline/38,2,6,bad,toward_good,False
baseline[good=below],baseline/38,3,6,bad,toward_bad,False
baseline[good=below],baseline/38,4,6,bad,toward_good,False
baseline[good=below],baseline/38,5,6,bad,,True
baseline[good=above],baseline/39,0,20,bad,toward_good,False
baseline[good=above],baseline/39,1,20,good,toward_good,False
baseline[good=above],baseline/39,2,20,good,toward_good,False
baseline[good=above],baseline/39,3,20,good,toward_bad,False
baseline[good=above],baseline/39,4,20,good,toward_bad,False
baseline[good=above],baseline/39,5,20,good,toward_good,False
baseline[good=above],baseline/39,6,20,good,toward_good,False
baseline[good=above],baseline/39,7,20,good,toward_bad,False
baseline[good=above],baseline/39,8,20,good,toward_bad,False
baseline[good=above],baseline/39,9,20,good,toward_bad,False
baseline[good=above],baseline/39,10,20,good,toward_good,False
baseline[good=above],baseline/39,11,20,good,toward_good,False
baseline[good=above],baseline/39,12,20,good,toward_good,False
baseline[good=above],baseline/39,13,20,good,toward_bad,False
baseline[good=above],baseline/39,14,20,good,toward_bad,False
baseline[good=above],baseline/39,15,20,good,toward_good,False
baseline[good=above],baseline/39,16,20,good,toward_good,False
baseline[good=above],baseline/39,17,20,good,toward_bad,False
baseline[good=above],baseline/39,18,20,good,toward_bad,False
baseline[good=above],baseline/39,19,20,good,,True
baseline[good=below],baseline/39,0,20,good,toward_bad,False
baseline[good=below],baseline/39,1,20,bad,toward_bad,False
baseline[good=below],baseline/39,2,20,bad,toward_bad,False
baseline[good=below],baseline/39,3,20,bad,toward_good,False
baseline[good=below],baseline/39,4,20,bad,toward_good,False
baseline[good=below],baseline/39,5,20,bad,toward_bad,False
baseline[good=below],baseline/39,6,20,bad,toward_bad,False
baseline[good=below],baseline/39,7,20,bad,toward_good,False
baseline[good=below],baseline/39,8,20,bad,toward_good,False
baseline[good=below],baseline/39,9,20,bad,toward_good,False
baseline[good=below],baseline/39,10,20,bad,toward_bad,False
baseline[good=below],baseline/39,11,20,bad,toward_bad,False
baseline[good=below],baseline/39,12,20,bad,toward_bad,False
baseline[good=below],baseline/39,13,20,bad,toward_good,False
baseline[good=below],baseline/39,14,20,bad,toward_good,False
baseline[good=below],baseline/39,15,20,bad,toward_bad,False
baseline[good=below],baseline/39,16,20,bad,toward_bad,False
baseline[good=below],baseline/39,17,20,bad,toward_good,False
baseline[good=below],baseline/39,18,20,bad,toward_good,False
baseline[good=below],baseline/39,19,20,bad,,True
baseline[good=above],baseline/40,0,5,good,toward_good,False
baseline[good=above],baseline/40,1,5,good,toward_bad,False
baseline[good=above],baseline/40,2,5,good,toward_good,False
baseline[good=above],baseline/40,3,5,good,toward_good,False
baseline[good=above],baseline/40,4,5,good,,True
baseline[good=below],baseline/40,0,5,bad,toward_bad,False
baseline[good=below],baseline/40,1,5,bad,toward_good,False
baseline[good=below],baseline/40,2,5,bad,toward_bad,False
baseline[good=below],baseline/40,3,5,bad,toward_bad,False
baseline[good=below],baseline/40,4,5,bad,,True
baseline[good=above],baseline/41,0,6,bad,toward_bad,False
baseline[good=above],baseline/41,1,6,bad,toward_good,False
baseline[good=above],baseline/41,2,6,bad,toward_bad,False
baseline[good=above],baseline/41,3,6,bad,toward_bad,False
baseline[good=above],baseline/41,4,6,bad,toward_good,False
baseline[good=above],baseline/41,5,6,bad,,True
baseline[good=below],baseline/41,0,6,good,toward_good,False
baseline[good=below],baseline/41,1,6,good,toward_bad,False
baseline[good=below],baseline/41,2,6,good,toward_good,False
baseline[good=below],baseline/41,3,6,good,toward_good,False
baseline[good=below],baseline/41,4,6,good,toward_bad,False
baseline[good=below],baseline/41,5,6,good,,True
baseline[good=above],baseline/42,0,3,good,toward_good,False
baseline[good=above],baseline/42,1,3,good,toward_bad,False
baseline[good=above],baseline/42,2,3,good,,True
baseline[good=below],baseline/42,0,3,bad,toward_bad,False
baseline[good=below],baseline/42,1,3,bad,toward_good,False
baseline[good=below],baseline/42,2,3,bad,,True
baseline[good=above],baseline/43,0,1,bad,,True
baseline[good=below],baseline/43,0,1,good,,True
baseline[good=above],baseline/44,0,12,good,toward_good,False
baseline[good=above],baseline/44,1,12,good,toward_good,False
baseline[good=above],baseline/44,2,12,good,toward_bad,False
baseline[good=above],baseline/44,3,12,good,toward_good,False
baseline[good=above],baseline/44,4,12,good,toward_good,False
baseline[good=above],baseline/44,5,12,good,toward_bad,False
baseline[good=above],baseline/44,6,12,good,toward_good,False
baseline[good=above],baseline/44,7,12,good,toward_bad,False
baseline[good=above],baseline/44,8,12,good,toward_good,False
baseline[good=above],baseline/44,9,12,good,toward_good,False
baseline[good=above],baseline/44,10,12,good,toward_bad,False
baseline[good=above],baseline/44,11,12,good,,True
baseline[good=below],baseline/44,0,12,bad,toward_bad,False
baseline[good=below],baseline/44,1,12,bad,toward_bad,False
baseline[good=below],baseline/44,2,12,bad,toward_good,False
baseline[good=below],baseline/44,3,12,bad,toward_bad,False
baseline[good=below],baseline/44,4,12,bad,toward_bad,False
baseline[good=below],baseline/44,5,12,bad,toward_good,False
baseline[good=below],baseline/44,6,12,bad,toward_bad,False
baseline[good=below],baseline/44,7,12,bad,toward_good,False
baseline[good=below],baseline/44,8,12,bad,toward_bad,False
baseline[good=below],baseline/44,9,12,bad,toward_bad,False
baseline[good=below],baseline/44,10,12,bad,toward_good,False
baseline[good=below],baseline/44,11,12,bad,,True
baseline[good=above],baseline/45,0,1,bad,,True
baseline[good=below],baseline/45,0,1,good,,True
baseline[good=above],baseline/46,0,2,good,toward_bad,False
baseline[good=above],baseline/46,1,2,good,,True
baseline[good=below],baseline/46,0,2,bad,toward_good,False
baseline[good=below],baseline/46,1,2,bad,,True
baseline[good=above],baseline/47,0,1,good,,True
baseline[good=below],baseline/47,0,1,bad,,True
baseline[good=above],baseline/49,0,13,bad,toward_good,False
baseline[good=above],baseline/49,1,13,good,toward_bad,False
baseline[good=above],baseline/49,2,13,bad,toward_good,False
baseline[good=above],baseline/49,3,13,bad,toward_good,False
baseline[good=above],baseline/49,4,13,bad,toward_good,False
baseline[good=above],baseline/49,5,13,bad,toward_bad,False
baseline[good=above],baseline/49,6,13,bad,toward_good,False
baseline[good=above],baseline/49,7,13,bad,toward_bad,False
baseline[good=above],baseline/49,8,13,bad,toward_good,False
baseline[good=above],baseline/49,9,13,bad,toward_good,False
baseline[good=above],baseline/49,10,13,bad,toward_bad,False
baseline[good=above],baseline/49,11,13,bad,toward_bad,False
baseline[good=above],baseline/49,12,13,bad,,True
baseline[good=below],baseline/49,0,13,good,toward_bad,False
baseline[good=below],baseline/49,1,13,bad,toward_good,False
baseline[good=below],baseline/49,2,13,good,toward_bad,False
baseline[good=below],baseline/49,3,13,good,toward_bad,False
baseline[good=below],baseline/49,4,13,good,toward_bad,False
baseline[good=below],baseline/49,5,13,good,toward_good,False
baseline[good=below],baseline/49,6,13,good,toward_bad,False
baseline[good=below],baseline/49,7,13,good,toward_good,False
baseline[good=below],baseline/49,8,13,good,toward_bad,False
baseline[good=below],baseline/49,9,13,good,toward_bad,False
baseline[good=below],baseline/49,10,13,good,toward_good,False
baseline[good=below],baseline/49,11,13,good,toward_good,False
baseline[good=below],baseline/49,12,13,good,,True
baseline[good=above],baseline/50,0,8,good,toward_good,False
baseline[good=above],baseline/50,1,8,good,toward_bad,False
baseline[good=above],baseline/50,2,8,good,toward_good,False
baseline[good=above],baseline/50,3,8,good,toward_bad,False
baseline[good=above],baseline/50,4,8,good,toward_bad,False
baseline[good=above],baseline/50,5,8,good,toward_good,False
baseline[good=above],baseline/50,6,8,good,toward_bad,False
baseline[good=above],baseline/50,7,8,good,,True
baseline[good=below],baseline/50,0,8,bad,toward_bad,False
baseline[good=below],baseline/50,1,8,bad,toward_good,False
baseline[good=below],baseline/50,2,8,bad,toward_bad,False
baseline[good=below],baseline/50,3,8,bad,toward_good,False
baseline[good=below],baseline/50,4,8,bad,toward_good,False
baseline[good=below],baseline/50,5,8,bad,toward_bad,False
baseline[good=below],baseline/50,6,8,bad,toward_good,False
baseline[good=below],baseline/50,7,8,bad,,True
baseline[good=above],baseline/51,0,2,bad,toward_good,False
baseline[good=above],baseline/51,1,2,bad,,True
baseline[good=below],baseline/51,0,2,good,toward_bad,False
baseline[good=below],baseline/51,1,2,good,,True
baseline[good=above],baseline/52,0,11,good,toward_good,False
baseline[good=above],baseline/52,1,11,good,toward_bad,False
baseline[good=above],baseline/52,2,11,good,toward_bad,False
baseline[good=above],baseline/52,3,11,good,toward_good,False
baseline[good=above],baseline/52,4,11,good,toward_good,False
baseline[good=above],baseline/52,5,11,good,toward_bad,False
baseline[good=above],baseline/52,6,11,good,toward_good,False
baseline[good=above],baseline/52,7,11,good,toward_good,False
baseline[good=above],baseline/52,8,11,good,toward_bad,False
baseline[good=above],baseline/52,9,11,good,toward_good,False
baseline[good=above],baseline/52,10,11,good,,True
baseline[good=below],baseline/52,0,11,bad,toward_bad,False
baseline[good=below],baseline/52,1,11,bad,toward_good,False
baseline[good=below],baseline/52,2,11,bad,toward_good,False
baseline[good=below],baseline/52,3,11,bad,toward_bad,False
baseline[good=below],baseline/52,4,11,bad,toward_bad,False
baseline[good=below],baseline/52,5,11,bad,toward_good,False
baseline[good=below],baseline/52,6,11,bad,toward_bad,False
baseline[good=below],baseline/52,7,11,bad,toward_bad,False
baseline[good=below],baseline/52,8,11,bad,toward_good,False
baseline[good=below],baseline/52,9,11,bad,toward_bad,False
baseline[good=below],baseline/52,10,11,bad,,True
baseline[good=above],baseline/53,0,10,bad,toward_good,False
baseline[good=above],baseline/53,1,10,good,toward_good,False
baseline[good=above],baseline/53,2,10,good,toward_good,False
baseline[good=above],baseline/53,3,10,good,toward_bad,False
baseline[good=above],baseline/53,4,10,good,toward_good,False
baseline[good=above],baseline/53,5,10,good,toward_good,False
baseline[good=above],baseline/53,6,10,good,toward_bad,False
baseline[good=above],baseline/53,7,10,good,toward_good,False
baseline[good=above],baseline/53,8,10,good,toward_good,False
baseline[good=above],baseline/53,9,10,good,,True
baseline[good=below],baseline/53,0,10,good,toward_bad,False
baseline[good=below],baseline/53,1,10,bad,toward_bad,False
baseline[good=below],baseline/53,2,10,bad,toward_bad,False
baseline[good=below],baseline/53,3,10,bad,toward_good,False
baseline[good=below],baseline/53,4,10,bad,toward_bad,False
baseline[good=below],baseline/53,5,10,bad,toward_bad,False
baseline[good=below],baseline/53,6,10,bad,toward_good,False
baseline[good=below],baseline/53,7,10,bad,toward_bad,False
baseline[good=below],baseline/53,8,10,bad,toward_bad,False
baseline[good=below],baseline/53,9,10,bad,,True
baseline[good=above],baseline/54,0,33,bad,toward_good,False
baseline[good=above],baseline/54,1,33,bad,toward_bad,False
baseline[good=above],baseline/54,2,33,bad,toward_good,False
baseline[good=above],baseline/54,3,33,bad,toward_bad,False
baseline[good=above],baseline/54,4,33,bad,toward_bad,False
baseline[good=above],baseline/54,5,33,bad,toward_good,False
baseline[good=above],baseline/54,6,33,bad,toward_good,False
baseline[good=above],baseline/54,7,33,bad,toward_bad,False
baseline[good=above],baseline/54,8,33,bad,toward_bad,False
baseline[good=above],baseline/54,9,33,bad,toward_bad,False
baseline[good=above],baseline/54,10,33,bad,toward_bad,False
baseline[good=above],baseline/54,11,33,bad,toward_good,False
baseline[good=above],baseline/54,12,33,bad,toward_good,False
baseline[good=above],baseline/54,13,33,bad,toward_bad,False
baseline[good=above],baseline/54,14,33,bad,toward_bad,False
baseline[good=above],baseline/54,15,33,bad,toward_bad,False
baseline[good=above],baseline/54,16,33,bad,toward_good,False
baseline[good=above],baseline/54,17,33,bad,toward_good,False
baseline[good=above],baseline/54,18,33,bad,toward_bad,False
baseline[good=above],baseline/54,19,33,bad,toward_bad,False
baseline[good=above],baseline/54,20,33,bad,toward_good,False
baseline[good=above],baseline/54,21,33,bad,toward_bad,False
baseline[good=above],baseline/54,22,33,bad,toward_bad,False
baseline[good=above],baseline/54,23,33,bad,toward_good,False
baseline[good=above],baseline/54,24,33,bad,toward_bad,False
baseline[good=above],baseline/54,25,33,bad,toward_good,False
baseline[good=above],baseline/54,26,33,bad,toward_bad,False
baseline[good=above],baseline/54,27,33,bad,toward_good,False
baseline[good=above],baseline/54,28,33,bad,toward_bad,False
baseline[good=above],baseline/54,29,33,bad,toward_good,False
baseline[good=above],baseline/54,30,33,bad,toward_good,False
baseline[good=above],baseline/54,31,33,bad,toward_bad,False
baseline[good=above],baseline/54,32,33,bad,,True
baseline[good=below],baseline/54,0,33,good,toward_bad,False
baseline[good=below],baseline/54,1,33,good,toward_good,False
baseline[good=below],baseline/54,2,33,good,toward_bad,False
baseline[good=below],baseline/54,3,33,good,toward_good,False
baseline[good=below],baseline/54,4,33,good,toward_good,False
baseline[good=below],baseline/54,5,33,good,toward_bad,False
baseline[good=below],baseline/54,6,33,good,toward_bad,False
baseline[good=below],baseline/54,7,33,good,toward_good,False
baseline[good=below],baseline/54,8,33,good,toward_good,False
baseline[good=below],baseline/54,9,33,good,toward_good,False
baseline[good=below],baseline/54,10,33,good,toward_good,False
baseline[good=below],baseline/54,11,33,good,toward_bad,False
baseline[good=below],baseline/54,12,33,good,toward_bad,False
baseline[good=below],baseline/54,13,33,good,toward_good,False
baseline[good=below],baseline/54,14,33,good,toward_good,False
baseline[good=below],baseline/54,15,33,good,toward_good,False
baseline[good=below],baseline/54,16,33,good,toward_bad,False
baseline[good=below],baseline/54,17,33,good,toward_bad,False
baseline[good=below],baseline/54,18,33,good,toward_good,False
baseline[good=below],baseline/54,19,33,good,toward_good,False
baseline[good=below],baseline/54,20,33,good,toward_bad,False
baseline[good=below],baseline/54,21,33,good,toward_good,False
baseline[good=below],baseline/54,22,33,good,toward_good,False
baseline[good=below],baseline/54,23,33,good,toward_bad,False
baseline[good=below],baseline/54,24,33,good,toward_good,False
baseline[good=below],baseline/54,25,33,good,toward_bad,False
baseline[good=below],baseline/54,26,33,good,toward_good,False
baseline[good=below],baseline/54,27,33,good,toward_bad,False
baseline[good=below],baseline/54,28,33,good,toward_good,False
baseline[good=below],baseline/54,29,33,good,toward_bad,False
baseline[good=below],baseline/54,30,33,good,toward_bad,False
baseline[good=below],baseline/54,31,33,good,toward_good,False
baseline[good=below],baseline/54,32,33,good,,True
baseline[good=above],baseline/55,0,2,good,toward_bad,False
baseline[good=above],baseline/55,1,2,good,,True
baseline[good=below],baseline/55,0,2,bad,toward_good,False
baseline[good=below],baseline/55,1,2,bad,,True
baseline[good=above],baseline/56,0,24,good,toward_bad,False
baseline[good=above],baseline/56,1,24,good,toward_bad,False
baseline[good=above],baseline/56,2,24,good,toward_good,False
baseline[good=above],baseline/56,3,24,good,toward_good,False
baseline[good=above],baseline/56,4,24,good,toward_good,False
baseline[good=above],baseline/56,5,24,good,toward_good,False
baseline[good=above],baseline/56,6,24,good,toward_bad,False
baseline[good=above],baseline/56,7,24,good,toward_good,False
baseline[good=above],baseline/56,8,24,good,toward_good,False
baseline[good=above],baseline/56,9,24,good,toward_bad,False
baseline[good=above],baseline/56,10,24,good,toward_bad,False
baseline[good=above],baseline/56,11,24,good,toward_good,False
baseline[good=above],baseline/56,12,24,good,toward_good,False
baseline[good=above],baseline/56,13,24,good,toward_bad,False
baseline[good=above],baseline/56,14,24,good,toward_bad,False
baseline[good=above],baseline/56,15,24,good,toward_good,False
baseline[good=above],baseline/56,16,24,good,toward_bad,False
baseline[good=above],baseline/56,17,24,good,toward_good,False
baseline[good=above],baseline/56,18,24,good,toward_good,False
baseline[good=above],baseline/56,19,24,good,toward_bad,False
baseline[good=above],baseline/56,20,24,good,toward_bad,False
baseline[good=above],baseline/56,21,24,good,toward_good,False
baseline[good=above],baseline/56,22,24,good,toward_good,False
baseline[good=above],baseline/56,23,24,good,,True
baseline[good=below],baseline/56,0,24,bad,toward_good,False
baseline[good=below],baseline/56,1,24,bad,toward_good,False
baseline[good=below],baseline/56,2,24,bad,toward_bad,False
baseline[good=below],baseline/56,3,24,bad,toward_bad,False
baseline[good=below],baseline/56,4,24,bad,toward_bad,False
baseline[good=below],baseline/56,5,24,bad,toward_bad,False
baseline[good=below],baseline/56,6,24,bad,toward_good,False
baseline[good=below],baseline/56,7,24,bad,toward_bad,False
baseline[good=below],baseline/56,8,24,bad,toward_bad,False
baseline[good=below],baseline/56,9,24,bad,toward_good,False
baseline[good=below],baseline/56,10,24,bad,toward_good,False
baseline[good=below],baseline/56,11,24,bad,toward_bad,False
baseline[good=below],baseline/56,12,24,bad,toward_bad,False
baseline[good=below],baseline/56,13,24,bad,toward_good,False
baseline[good=below],baseline/56,14,24,bad,toward_good,False
baseline[good=below],baseline/56,15,24,bad,toward_bad,False
baseline[good=below],baseline/56,16,24,bad,toward_good,False
baseline[good=below],baseline/56,17,24,bad,toward_bad,False
baseline[good=below],baseline/56,18,24,bad,toward_bad,False
baseline[good=below],baseline/56,19,24,bad,toward_good,False
baseline[good=below],baseline/56,20,24,bad,toward_good,False
baseline[good=below],baseline/56,21,24,bad,toward_bad,False
baseline[good=below],baseline/56,22,24,bad,toward_bad,False
baseline[good=below],baseline/56,23,24,bad,,True
baseline[good=above],baseline/57,0,1,good,,True
baseline[good=below],baseline/57,0,1,bad,,True
baseline[good=above],baseline/58,0,12,good,toward_bad,False
baseline[good=above],baseline/58,1,12,good,toward_good,False
baseline[good=above],baseline/58,2,12,good,toward_good,False
baseline[good=above],baseline/58,3,12,good,toward_bad,False
baseline[good=above],baseline/58,4,12,good,toward_good,False
baseline[good=above],baseline/58,5,12,good,toward_bad,False
baseline[good=above],baseline/58,6,12,good,toward_good,False
baseline[good=above],baseline/58,7,12,good,toward_good,False
baseline[good=above],baseline/58,8,12,good,toward_good,False
baseline[good=above],baseline/58,9,12,good,toward_bad,False
baseline[good=above],baseline/58,10,12,good,toward_good,False
baseline[good=above],baseline/58,11,12,good,,True
baseline[good=below],baseline/58,0,12,bad,toward_good,False
baseline[good=below],baseline/58,1,12,bad,toward_bad,False
baseline[good=below],baseline/58,2,12,bad,toward_bad,False
baseline[good=below],baseline/58,3,12,bad,toward_good,False
baseline[good=below],baseline/58,4,12,bad,toward_bad,False
baseline[good=below],baseline/58,5,12,bad,toward_good,False
baseline[good=below],baseline/58,6,12,bad,toward_bad,False
baseline[good=below],baseline/58,7,12,bad,toward_bad,False
baseline[good=below],baseline/58,8,12,bad,toward_bad,False
baseline[good=below],baseline/58,9,12,bad,toward_good,False
baseline[good=below],baseline/58,10,12,bad,toward_bad,False
baseline[good=below],baseline/58,11,12,bad,,True
baseline[good=above],baseline/59,0,9,good,toward_good,False
baseline[good=above],baseline/59,1,9,good,toward_bad,False
baseline[good=above],baseline/59,2,9,good,toward_bad,False
baseline[good=above],baseline/59,3,9,good,toward_bad,False
baseline[good=above],baseline/59,4,9,good,toward_good,False
baseline[good=above],baseline/59,5,9,good,toward_bad,False
baseline[good=above],baseline/59,6,9,good,toward_good,False
baseline[good=above],baseline/59,7,9,good,toward_good,False
baseline[good=above],baseline/59,8,9,good,,True
baseline[good=below],baseline/59,0,9,bad,toward_bad,False
baseline[good=below],baseline/59,1,9,bad,toward_good,False
baseline[good=below],baseline/59,2,9,bad,toward_good,False
baseline[good=below],baseline/59,3,9,bad,toward_good,False
baseline[good=below],baseline/59,4,9,bad,toward_bad,False
baseline[good=below],baseline/59,5,9,bad,toward_good,False
baseline[good=below],baseline/59,6,9,bad,toward_bad,False
baseline[good=below],baseline/59,7,9,bad,toward_bad,False
baseline[good=below],baseline/59,8,9,bad,,True
baseline[good=above],baseline/60,0,37,bad,toward_good,False
baseline[good=above],baseline/60,1,37,bad,toward_good,False
baseline[good=above],baseline/60,2,37,bad,toward_good,False
baseline[good=above],baseline/60,3,37,bad,toward_good,False
baseline[good=above],baseline/60,4,37,good,toward_bad,False
baseline[good=above],baseline/60,5,37,bad,toward_good,False
baseline[good=above],baseline/60,6,37,good,toward_bad,False
baseline[good=above],baseline/60,7,37,good,toward_bad,False
baseline[good=above],baseline/60,8,37,good,toward_good,False
baseline[good=above],baseline/60,9,37,good,toward_good,False
baseline[good=above],baseline/60,10,37,good,toward_bad,False
baseline[good=above],baseline/60,11,37,good,toward_bad,False
baseline[good=above],baseline/60,12,37,good,toward_bad,False
baseline[good=above],baseline/60,13,37,bad,toward_good,False
baseline[good=above],baseline/60,14,37,bad,toward_good,False
baseline[good=above],baseline/60,15,37,good,toward_bad,False
baseline[good=above],baseline/60,16,37,bad,toward_bad,False
baseline[good=above],baseline/60,17,37,bad,toward_good,False
baseline[good=above],baseline/60,18,37,good,toward_good,False
baseline[good=above],baseline/60,19,37,good,toward_bad,False
baseline[good=above],baseline/60,20,37,good,toward_bad,False
baseline[good=above],baseline/60,21,37,good,toward_bad,False
baseline[good=above],baseline/60,22,37,good,toward_good,False
baseline[good=above],baseline/60,23,37,good,toward_bad,False
baseline[good=above],baseline/60,24,37,bad,toward_good,False
baseline[good=above],baseline/60,25,37,good,toward_bad,False
baseline[good=above],baseline/60,26,37,good,toward_bad,False
baseline[good=above],baseline/60,27,37,good,toward_bad,False
baseline[good=above],baseline/60,28,37,good,toward_good,False
baseline[good=above],baseline/60,29,37,good,toward_good,False
baseline[good=above],baseline/60,30,37,good,toward_bad,False
baseline[good=above],baseline/60,31,37,good,toward_good,False
baseline[good=above],baseline/60,32,37,good,toward_good,False
baseline[good=above],baseline/60,33,37,good,toward_bad,False
baseline[good=above],baseline/60,34,37,good,toward_good,False
baseline[good=above],baseline/60,35,37,good,toward_bad,False
baseline[good=above],baseline/60,36,37,good,,True
baseline[good=below],baseline/60,0,37,good,toward_bad,False
baseline[good=below],baseline/60,1,37,good,toward_bad,False
baseline[good=below],baseline/60,2,37,good,toward_bad,False
baseline[good=below],baseline/60,3,37,good,toward_bad,False
baseline[good=below],baseline/60,4,37,bad,toward_good,False
baseline[good=below],baseline/60,5,37,good,toward_bad,False
baseline[good=below],baseline/60,6,37,bad,toward_good,False
baseline[good=below],baseline/60,7,37,bad,toward_good,False
baseline[good=below],baseline/60,8,37,bad,toward_bad,False
baseline[good=below],baseline/60,9,37,bad,toward_bad,False
baseline[good=below],baseline/60,10,37,bad,toward_good,False
baseline[good=below],baseline/60,11,37,bad,toward_good,False
baseline[good=below],baseline/60,12,37,bad,toward_good,False
baseline[good=below],baseline/60,13,37,good,toward_bad,False
baseline[good=below],baseline/60,14,37,good,toward_bad,False
baseline[good=below],baseline/60,15,37,bad,toward_good,False
baseline[good=below],baseline/60,16,37,good,toward_good,False
baseline[good=below],baseline/60,17,37,good,toward_bad,False
baseline[good=below],baseline/60,18,37,bad,toward_bad,False
baseline[good=below],baseline/60,19,37,bad,toward_good,False
baseline[good=below],baseline/60,20,37,bad,toward_good,False
baseline[good=below],baseline/60,21,37,bad,toward_good,False
baseline[good=below],baseline/60,22,37,bad,toward_bad,False
baseline[good=below],baseline/60,23,37,bad,toward_good,False
baseline[good=below],baseline/60,24,37,good,toward_bad,False
baseline[good=below],baseline/60,25,37,bad,toward_good,False
baseline[good=below],baseline/60,26,37,bad,toward_good,False
baseline[good=below],baseline/60,27,37,bad,toward_good,False
baseline[good=below],baseline/60,28,37,bad,toward_bad,False
baseline[good=below],baseline/60,29,37,bad,toward_bad,False
baseline[good=below],baseline/60,30,37,bad,toward_good,False
baseline[good=below],baseline/60,31,37,bad,toward_bad,False
baseline[good=below],baseline/60,32,37,bad,toward_bad,False
baseline[good=below],baseline/60,33,37,bad,toward_good,False
baseline[good=below],baseline/60,34,37,bad,toward_bad,False
baseline[good=below],baseline/60,35,37,bad,toward_good,False
baseline[good=below],baseline/60,36,37,bad,,True
baseline[good=above],baseline/61,0,1,good,,True
baseline[good=below],baseline/61,0,1,bad,,True
baseline[good=above],baseline/62,0,7,bad,toward_good,False
baseline[good=above],baseline/62,1,7,bad,toward_bad,False
baseline[good=above],baseline/62,2,7,bad,toward_bad,False
baseline[good=above],baseline/62,3,7,bad,toward_good,False
baseline[good=above],baseline/62,4,7,bad,toward_good,False
baseline[good=above],baseline/62,5,7,bad,toward_bad,False
baseline[good=above],baseline/62,6,7,bad,,True
baseline[good=below],baseline/62,0,7,good,toward_bad,False
baseline[good=below],baseline/62,1,7,good,toward_good,False
baseline[good=below],baseline/62,2,7,good,toward_good,False
baseline[good=below],baseline/62,3,7,good,toward_bad,False
baseline[good=below],baseline/62,4,7,good,toward_bad,False
baseline[good=below],baseline/62,5,7,good,toward_good,False
baseline[good=below],baseline/62,6,7,good,,True
baseline[good=above],baseline/66,0,2,bad,toward_good,False
baseline[good=above],baseline/66,1,2,bad,,True
baseline[good=below],baseline/66,0,2,good,toward_bad,False
baseline[good=below],baseline/66,1,2,good,,True
baseline[good=above],baseline/68,0,24,bad,toward_good,False
baseline[good=above],baseline/68,1,24,bad,toward_good,False
baseline[good=above],baseline/68,2,24,good,toward_bad,False
baseline[good=above],baseline/68,3,24,bad,toward_good,False
baseline[good=above],baseline/68,4,24,bad,toward_good,False
baseline[good=above],baseline/68,5,24,good,toward_good,False
baseline[good=above],baseline/68,6,24,good,toward_bad,False
baseline[good=above],baseline/68,7,24,good,toward_good,False
baseline[good=above],baseline/68,8,24,good,toward_bad,False
baseline[good=above],baseline/68,9,24,bad,toward_good,False
baseline[good=above],baseline/68,10,24,good,toward_good,False
baseline[good=above],baseline/68,11,24,good,toward_bad,False
baseline[good=above],baseline/68,12,24,bad,toward_good,False
baseline[good=above],baseline/68,13,24,bad,toward_good,False
baseline[good=above],baseline/68,14,24,good,toward_bad,False
baseline[good=above],baseline/68,15,24,bad,toward_good,False
baseline[good=above],baseline/68,16,24,bad,toward_good,False
baseline[good=above],baseline/68,17,24,good,toward_bad,False
baseline[good=above],baseline/68,18,24,bad,toward_good,False
baseline[good=above],baseline/68,19,24,good,toward_good,False
baseline[good=above],baseline/68,20,24,good,toward_bad,False
baseline[good=above],baseline/68,21,24,good,toward_bad,False
baseline[good=above],baseline/68,22,24,bad,toward_good,False
baseline[good=above],baseline/68,23,24,good,,True
baseline[good=below],baseline/68,0,24,good,toward_bad,False
baseline[good=below],baseline/68,1,24,good,toward_bad,False
baseline[good=below],baseline/68,2,24,bad,toward_good,False
baseline[good=below],baseline/68,3,24,good,toward_bad,False
baseline[good=below],baseline/68,4,24,good,toward_bad,False
baseline[good=below],baseline/68,5,24,bad,toward_bad,False
baseline[good=below],baseline/68,6,24,bad,toward_good,False
baseline[good=below],baseline/68,7,24,bad,toward_bad,False
baseline[good=below],baseline/68,8,24,bad,toward_good,False
baseline[good=below],baseline/68,9,24,good,toward_bad,False
baseline[good=below],baseline/68,10,24,bad,toward_bad,False
baseline[good=below],baseline/68,11,24,bad,toward_good,False
baseline[good=below],baseline/68,12,24,good,toward_bad,False
baseline[good=below],baseline/68,13,24,good,toward_bad,False
baseline[good=below],baseline/68,14,24,bad,toward_good,False
baseline[good=below],baseline/68,15,24,good,toward_bad,False
baseline[good=below],baseline/68,16,24,good,toward_bad,False
baseline[good=below],baseline/68,17,24,bad,toward_good,False
baseline[good=below],baseline/68,18,24,good,toward_bad,False
baseline[good=below],baseline/68,19,24,bad,toward_bad,False
baseline[good=below],baseline/68,20,24,bad,toward_good,False
baseline[good=below],baseline/68,21,24,bad,toward_good,False
baseline[good=below],baseline/68,22,24,good,toward_bad,False
baseline[good=below],baseline/68,23,24,bad,,True
baseline[good=above],baseline/69,0,7,bad,toward_bad,False
baseline[good=above],baseline/69,1,7,bad,toward_good,False
baseline[good=above],baseline/69,2,7,bad,toward_good,False
baseline[good=above],baseline/69,3,7,bad,toward_bad,False
baseline[good=above],baseline/69,4,7,bad,toward_bad,False
baseline[good=above],baseline/69,5,7,bad,toward_good,False
baseline[good=above],baseline/69,6,7,bad,,True
baseline[good=below],baseline/69,0,7,good,toward_good,False
baseline[good=below],baseline/69,1,7,good,toward_bad,False
baseline[good=below],baseline/69,2,7,good,toward_bad,False
baseline[good=below],baseline/69,3,7,good,toward_good,False
baseline[good=below],baseline/69,4,7,good,toward_good,False
baseline[good=below],baseline/69,5,7,good,toward_bad,False
baseline[good=below],baseline/69,6,7,good,,True
baseline[good=above],baseline/70,0,12,good,toward_good,False
baseline[good=above],baseline/70,1,12,good,toward_bad,False
baseline[good=above],baseline/70,2,12,good,toward_good,False
baseline[good=above],baseline/70,3,12,good,toward_good,False
baseline[good=above],baseline/70,4,12,good,toward_good,False
baseline[good=above],baseline/70,5,12,good,toward_good,False
baseline[good=above],baseline/70,6,12,good,toward_bad,False
baseline[good=above],baseline/70,7,12,good,toward_good,False
baseline[good=above],baseline/70,8,12,good,toward_bad,False
baseline[good=above],baseline/70,9,12,good,toward_good,False
baseline[good=above],baseline/70,10,12,good,toward_good,False
baseline[good=above],baseline/70,11,12,good,,True
baseline[good=below],baseline/70,0,12,bad,toward_bad,False
baseline[good=below],baseline/70,1,12,bad,toward_good,False
baseline[good=below],baseline/70,2,12,bad,toward_bad,False
baseline[good=below],baseline/70,3,12,bad,toward_bad,False
baseline[good=below],baseline/70,4,12,bad,toward_bad,False
baseline[good=below],baseline/70,5,12,bad,toward_bad,False
baseline[good=below],baseline/70,6,12,bad,toward_good,False
baseline[good=below],baseline/70,7,12,bad,toward_bad,False
baseline[good=below],baseline/70,8,12,bad,toward_good,False
baseline[good=below],baseline/70,9,12,bad,toward_bad,False
baseline[good=below],baseline/70,10,12,bad,toward_bad,False
baseline[good=below],baseline/70,11,12,bad,,True
baseline[good=above],baseline/71,0,20,bad,toward_bad,False
baseline[good=above],baseline/71,1,20,bad,toward_good,False
baseline[good=above],baseline/71,2,20,bad,toward_bad,False
baseline[good=above],baseline/71,3,20,bad,toward_good,False
baseline[good=above],baseline/71,4,20,bad,toward_good,False
baseline[good=above],baseline/71,5,20,bad,toward_bad,False
baseline[good=above],baseline/71,6,20,bad,toward_good,False
baseline[good=above],baseline/71,7,20,bad,toward_bad,False
baseline[good=above],baseline/71,8,20,bad,toward_bad,False
baseline[good=above],baseline/71,9,20,bad,toward_good,False
baseline[good=above],baseline/71,10,20,bad,toward_bad,False
baseline[good=above],baseline/71,11,20,bad,toward_good,False
baseline[good=above],baseline/71,12,20,bad,toward_good,False
baseline[good=above],baseline/71,13,20,bad,toward_good,False
baseline[good=above],baseline/71,14,20,bad,toward_bad,False
baseline[good=above],baseline/71,15,20,bad,toward_good,False
baseline[good=above],baseline/71,16,20,bad,toward_good,False
baseline[good=above],baseline/71,17,20,bad,toward_bad,False
baseline[good=above],baseline/71,18,20,bad,toward_good,False
baseline[good=above],baseline/71,19,20,bad,,True
baseline[good=below],baseline/71,0,20,good,toward_good,False
baseline[good=below],baseline/71,1,20,good,toward_bad,False
baseline[good=below],baseline/71,2,20,good,toward_good,False
baseline[good=below],baseline/71,3,20,good,toward_bad,False
baseline[good=below],baseline/71,4,20,good,toward_bad,False
baseline[good=below],baseline/71,5,20,good,toward_good,False
baseline[good=below],baseline/71,6,20,good,toward_bad,False
baseline[good=below],baseline/71,7,20,good,toward_good,False
baseline[good=below],baseline/71,8,20,good,toward_good,False
baseline[good=below],baseline/71,9,20,good,toward_bad,False
baseline[good=below],baseline/71,10,20,good,toward_good,False
baseline[good=below],baseline/71,11,20,good,toward_bad,False
baseline[good=below],baseline/71,12,20,good,toward_bad,False
baseline[good=below],baseline/71,13,20,good,toward_bad,False
baseline[good=below],baseline/71,14,20,good,toward_good,False
baseline[good=below],baseline/71,15,20,good,toward_bad,False
baseline[good=below],baseline/71,16,20,good,toward_bad,False
baseline[good=below],baseline/71,17,20,good,toward_good,False
baseline[good=below],baseline/71,18,20,good,toward_bad,False
baseline[good=below],baseline/71,19,20,good,,True
baseline[good=above],baseline/72,0,6,bad,toward_good,False
baseline[good=above],baseline/72,1,6,bad,toward_good,False
baseline[good=above],baseline/72,2,6,bad,toward_bad,False
baseline[good=above],baseline/72,3,6,bad,toward_bad,False
baseline[good=above],baseline/72,4,6,bad,toward_bad,False
baseline[good=above],baseline/72,5,6,bad,,True
baseline[good=below],baseline/72,0,6,good,toward_bad,False
baseline[good=below],baseline/72,1,6,good,toward_bad,False
baseline[good=below],baseline/72,2,6,good,toward_good,False
baseline[good=below],baseline/72,3,6,good,toward_good,False
baseline[good=below],baseline/72,4,6,good,toward_good,False
baseline[good=below],baseline/72,5,6,good,,True
baseline[good=above],baseline/73,0,7,bad,toward_good,False
baseline[good=above],baseline/73,1,7,bad,toward_bad,False
baseline[good=above],baseline/73,2,7,bad,toward_good,False
baseline[good=above],baseline/73,3,7,bad,toward_bad,False
baseline[good=above],baseline/73,4,7,bad,toward_good,False
baseline[good=above],baseline/73,5,7,bad,toward_bad,False
baseline[good=above],baseline/73,6,7,bad,,True
baseline[good=below],baseline/73,0,7,good,toward_bad,False
baseline[good=below],baseline/73,1,7,good,toward_good,False
baseline[good=below],baseline/73,2,7,good,toward_bad,False
baseline[good=below],baseline/73,3,7,good,toward_good,False
baseline[good=below],baseline/73,4,7,good,toward_bad,False
baseline[good=below],baseline/73,5,7,good,toward_good,False
baseline[good=below],baseline/73,6,7,good,,True
baseline[good=above],baseline/74,0,7,good,toward_bad,False
baseline[good=above],baseline/74,1,7,good,toward_bad,False
baseline[good=above],baseline/74,2,7,good,toward_good,False
baseline[good=above],baseline/74,3,7,good,toward_good,False
baseline[good=above],baseline/74,4,7,good,toward_bad,False
baseline[good=above],baseline/74,5,7,good,toward_bad,False
baseline[good=above],baseline/74,6,7,good,,True
baseline[good=below],baseline/74,0,7,bad,toward_good,False
baseline[good=below],baseline/74,1,7,bad,toward_good,False
baseline[good=below],baseline/74,2,7,bad,toward_bad,False
baseline[good=below],baseline/74,3,7,bad,toward_bad,False
baseline[good=below],baseline/74,4,7,bad,toward_good,False
baseline[good=below],baseline/74,5,7,bad,toward_good,False
baseline[good=below],baseline/74,6,7,bad,,True
baseline[good=above],baseline/75,0,12,bad,toward_good,False
baseline[good=above],baseline/75,1,12,bad,toward_good,False
baseline[good=above],baseline/75,2,12,bad,toward_good,False
baseline[good=above],baseline/75,3,12,bad,toward_bad,False
baseline[good=above],baseline/75,4,12,bad,toward_bad,False
baseline[good=above],baseline/75,5,12,bad,toward_good,False
baseline[good=above],baseline/75,6,12,bad,toward_good,False
baseline[good=above],baseline/75,7,12,bad,toward_good,False
baseline[good=above],baseline/75,8,12,bad,toward_bad,False
baseline[good=above],baseline/75,9,12,bad,toward_good,False
baseline[good=above],baseline/75,10,12,bad,toward_good,False
baseline[good=above],baseline/75,11,12,bad,,True
baseline[good=below],baseline/75,0,12,good,toward_bad,False
baseline[good=below],baseline/75,1,12,good,toward_bad,False
baseline[good=below],baseline/75,2,12,good,toward_bad,False
baseline[good=below],baseline/75,3,12,good,toward_good,False
baseline[good=below],baseline/75,4,12,good,toward_good,False
baseline[good=below],baseline/75,5,12,good,toward_bad,False
baseline[good=below],baseline/75,6,12,good,toward_bad,False
baseline[good=below],baseline/75,7,12,good,toward_bad,False
baseline[good=below],baseline/75,8,12,good,toward_good,False
baseline[good=below],baseline/75,9,12,good,toward_bad,False
baseline[good=below],baseline/75,10,12,good,toward_bad,False
baseline[good=below],baseline/75,11,12,good,,True
baseline[good=above],baseline/76,0,13,good,toward_bad,False
baseline[good=above],baseline/76,1,13,good,toward_good,False
baseline[good=above],baseline/76,2,13,good,toward_good,False
baseline[good=above],baseline/76,3,13,good,toward_bad,False
baseline[good=above],baseline/76,4,13,good,toward_bad,False
baseline[good=above],baseline/76,5,13,good,toward_good,False
baseline[good=above],baseline/76,6,13,good,toward_bad,False
baseline[good=above],baseline/76,7,13,good,toward_bad,False
baseline[good=above],baseline/76,8,13,good,toward_bad,False
baseline[good=above],baseline/76,9,13,good,toward_good,False
baseline[good=above],baseline/76,10,13,good,toward_good,False
baseline[good=above],baseline/76,11,13,good,toward_bad,False
baseline[good=above],baseline/76,12,13,good,,True
baseline[good=below],baseline/76,0,13,bad,toward_good,False
baseline[good=below],baseline/76,1,13,bad,toward_bad,False
baseline[good=below],baseline/76,2,13,bad,toward_bad,False
baseline[good=below],baseline/76,3,13,bad,toward_good,False
baseline[good=below],baseline/76,4,13,bad,toward_good,False
baseline[good=below],baseline/76,5,13,bad,toward_bad,False
baseline[good=below],baseline/76,6,13,bad,toward_good,False
baseline[good=below],baseline/76,7,13,bad,toward_good,False
baseline[good=below],baseline/76,8,13,bad,toward_good,False
baseline[good=below],baseline/76,9,13,bad,toward_bad,False
baseline[good=below],baseline/76,10,13,bad,toward_bad,False
baseline[good=below],baseline/76,11,13,bad,toward_good,False
baseline[good=below],baseline/76,12,13,bad,,True
baseline[good=above],baseline/78,0,12,bad,toward_bad,False
baseline[good=above],baseline/78,1,12,bad,toward_bad,False
baseline[good=above],baseline/78,2,12,bad,toward_good,False
baseline[good=above],baseline/78,3,12,bad,toward_good,False
baseline[good=above],baseline/78,4,12,bad,toward_bad,False
baseline[good=above],baseline/78,5,12,bad,toward_good,False
baseline[good=above],baseline/78,6,12,bad,toward_good,False
baseline[good=above],baseline/78,7,12,bad,toward_bad,False
baseline[good=above],baseline/78,8,12,bad,toward_good,False
baseline[good=above],baseline/78,9,12,bad,toward_good,False
baseline[good=above],baseline/78,10,12,bad,toward_good,False
baseline[good=above],baseline/78,11,12,bad,,True
baseline[good=below],baseline/78,0,12,good,toward_good,False
baseline[good=below],baseline/78,1,12,good,toward_good,False
baseline[good=below],baseline/78,2,12,good,toward_bad,False
baseline[good=below],baseline/78,3,12,good,toward_bad,False
baseline[good=below],baseline/78,4,12,good,toward_good,False
baseline[good=below],baseline/78,5,12,good,toward_bad,False
baseline[good=below],baseline/78,6,12,good,toward_bad,False
baseline[good=below],baseline/78,7,12,good,toward_good,False
baseline[good=below],baseline/78,8,12,good,toward_bad,False
baseline[good=below],baseline/78,9,12,good,toward_bad,False
baseline[good=below],baseline/78,10,12,good,toward_bad,False
baseline[good=below],baseline/78,11,12,good,,True
baseline[good=above],baseline/80,0,14,good,toward_bad,False
baseline[good=above],baseline/80,1,14,bad,toward_good,False
baseline[good=above],baseline/80,2,14,bad,toward_good,False
baseline[good=above],baseline/80,3,14,bad,toward_good,False
baseline[good=above],baseline/80,4,14,good,toward_bad,False
baseline[good=above],baseline/80,5,14,good,toward_bad,False
baseline[good=above],baseline/80,6,14,bad,toward_good,False
baseline[good=above],baseline/80,7,14,good,toward_good,False
baseline[good=above],baseline/80,8,14,good,toward_bad,False
baseline[good=above],baseline/80,9,14,good,toward_good,False
baseline[good=above],baseline/80,10,14,good,toward_good,False
baseline[good=above],baseline/80,11,14,good,toward_good,False
baseline[good=above],baseline/80,12,14,good,toward_bad,False
baseline[good=above],baseline/80,13,14,good,,True
baseline[good=below],baseline/80,0,14,bad,toward_good,False
baseline[good=below],baseline/80,1,14,good,toward_bad,False
baseline[good=below],baseline/80,2,14,good,toward_bad,False
baseline[good=below],baseline/80,3,14,good,toward_bad,False
baseline[good=below],baseline/80,4,14,bad,toward_good,False
baseline[good=below],baseline/80,5,14,bad,toward_good,False
baseline[good=below],baseline/80,6,14,good,toward_bad,False
baseline[good=below],baseline/80,7,14,bad,toward_bad,False
baseline[good=below],baseline/80,8,14,bad,toward_good,False
baseline[good=below],baseline/80,9,14,bad,toward_bad,False
baseline[good=below],baseline/80,10,14,bad,toward_bad,False
baseline[good=below],baseline/80,11,14,bad,toward_bad,False
baseline[good=below],baseline/80,12,14,bad,toward_good,False
baseline[good=below],baseline/80,13,14,bad,,True
baseline[good=above],baseline/81,0,1,good,,True
baseline[good=below],baseline/81,0,1,bad,,True
baseline[good=above],baseline/83,0,7,bad,toward_good,False
baseline[good=above],baseline/83,1,7,bad,toward_good,False
baseline[good=above],baseline/83,2,7,good,toward_bad,False
baseline[good=above],baseline/83,3,7,bad,toward_good,False
baseline[good=above],baseline/83,4,7,bad,toward_bad,False
baseline[good=above],baseline/83,5,7,bad,toward_good,False
baseline[good=above],baseline/83,6,7,bad,,True
baseline[good=below],baseline/83,0,7,good,toward_bad,False
baseline[good=below],baseline/83,1,7,good,toward_bad,False
baseline[good=below],baseline/83,2,7,bad,toward_good,False
baseline[good=below],baseline/83,3,7,good,toward_bad,False
baseline[good=below],baseline/83,4,7,good,toward_good,False
baseline[good=below],baseline/83,5,7,good,toward_bad,False
baseline[good=below],baseline/83,6,7,good,,True
baseline[good=above],baseline/84,0,21,good,toward_good,False
baseline[good=above],baseline/84,1,21,good,toward_good,False
baseline[good=above],baseline/84,2,21,good,toward_bad,False
baseline[good=above],baseline/84,3,21,good,toward_good,False
baseline[good=above],baseline/84,4,21,good,toward_good,False
baseline[good=above],baseline/84,5,21,good,toward_good,False
baseline[good=above],baseline/84,6,21,good,toward_bad,False
baseline[good=above],baseline/84,7,21,good,toward_good,False
baseline[good=above],baseline/84,8,21,good,toward_bad,False
baseline[good=above],baseline/84,9,21,good,toward_bad,False
baseline[good=above],baseline/84,10,21,good,toward_good,False
baseline[good=above],baseline/84,11,21,good,toward_bad,False
baseline[good=above],baseline/84,12,21,good,toward_good,False
baseline[good=above],baseline/84,13,21,good,toward_good,False
baseline[good=above],baseline/84,14,21,good,toward_bad,False
baseline[good=above],baseline/84,15,21,good,toward_good,False
baseline[good=above],baseline/84,16,21,good,toward_bad,False
baseline[good=above],baseline/84,17,21,good,toward_good,False
baseline[good=above],baseline/84,18,21,good,toward_bad,False
baseline[good=above],baseline/84,19,21,good,toward_good,False
baseline[good=above],baseline/84,20,21,good,,True
baseline[good=below],baseline/84,0,21,bad,toward_bad,False
baseline[good=below],baseline/84,1,21,bad,toward_bad,False
baseline[good=below],baseline/84,2,21,bad,toward_good,False
baseline[good=below],baseline/84,3,21,bad,toward_bad,False
baseline[good=below],baseline/84,4,21,bad,toward_bad,False
baseline[good=below],baseline/84,5,21,bad,toward_bad,False
baseline[good=below],baseline/84,6,21,bad,toward_good,False
baseline[good=below],baseline/84,7,21,bad,toward_bad,False
baseline[good=below],baseline/84,8,21,bad,toward_good,False
baseline[good=below],baseline/84,9,21,bad,toward_good,False
baseline[good=below],baseline/84,10,21,bad,toward_bad,False
baseline[good=below],baseline/84,11,21,bad,toward_good,False
baseline[good=below],baseline/84,12,21,bad,toward_bad,False
baseline[good=below],baseline/84,13,21,bad,toward_bad,False
baseline[good=below],baseline/84,14,21,bad,toward_good,False
baseline[good=below],baseline/84,15,21,bad,toward_bad,False
baseline[good=below],baseline/84,16,21,bad,toward_good,False
baseline[good=below],baseline/84,17,21,bad,toward_bad,False
baseline[good=below],baseline/84,18,21,bad,toward_good,False
baseline[good=below],baseline/84,19,21,bad,toward_bad,False
baseline[good=below],baseline/84,20,21,bad,,True
baseline[good=above],baseline/85,0,5,good,toward_bad,False
baseline[good=above],baseline/85,1,5,good,toward_good,False
baseline[good=above],baseline/85,2,5,good,toward_bad,False
baseline[good=above],baseline/85,3,5,good,toward_good,False
baseline[good=above],baseline/85,4,5,good,,True
baseline[good=below],baseline/85,0,5,bad,toward_good,False
baseline[good=below],baseline/85,1,5,bad,toward_bad,False
baseline[good=below],baseline/85,2,5,bad,toward_good,False
baseline[good=below],baseline/85,3,5,bad,toward_bad,False
baseline[good=below],baseline/85,4,5,bad,,True
baseline[good=above],baseline/86,0,12,good,toward_good,False
baseline[good=above],baseline/86,1,12,good,toward_good,False
baseline[good=above],baseline/86,2,12,good,toward_bad,False
baseline[good=above],baseline/86,3,12,good,toward_good,False
baseline[good=above],baseline/86,4,12,good,toward_bad,False
baseline[good=above],baseline/86,5,12,good,toward_good,False
baseline[good=above],baseline/86,6,12,good,toward_good,False
baseline[good=above],baseline/86,7,12,good,toward_bad,False
baseline[good=above],baseline/86,8,12,good,toward_good,False
baseline[good=above],baseline/86,9,12,good,toward_bad,False
baseline[good=above],baseline/86,10,12,good,toward_good,False
baseline[good=above],baseline/86,11,12,good,,True
baseline[good=below],baseline/86,0,12,bad,toward_bad,False
baseline[good=below],baseline/86,1,12,bad,toward_bad,False
baseline[good=below],baseline/86,2,12,bad,toward_good,False
baseline[good=below],baseline/86,3,12,bad,toward_bad,False
baseline[good=below],baseline/86,4,12,bad,toward_good,False
baseline[good=below],baseline/86,5,12,bad,toward_bad,False
baseline[good=below],baseline/86,6,12,bad,toward_bad,False
baseline[good=below],baseline/86,7,12,bad,toward_good,False
baseline[good=below],baseline/86,8,12,bad,toward_bad,False
baseline[good=below],baseline/86,9,12,bad,toward_good,False
baseline[good=below],baseline/86,10,12,bad,toward_bad,False
baseline[good=below],baseline/86,11,12,bad,,True
baseline[good=above],baseline/87,0,4,good,toward_good,False
baseline[good=above],baseline/87,1,4,good,toward_bad,False
baseline[good=above],baseline/87,2,4,good,toward_good,False
baseline[good=above],baseline/87,3,4,good,,True
baseline[good=below],baseline/87,0,4,bad,toward_bad,False
baseline[good=below],baseline/87,1,4,bad,toward_good,False
baseline[good=below],baseline/87,2,4,bad,toward_bad,False
baseline[good=below],baseline/87,3,4,bad,,True
baseline[good=above],baseline/88,0,48,bad,toward_good,False
baseline[good=above],baseline/88,1,48,bad,toward_good,False
baseline[good=above],baseline/88,2,48,bad,toward_bad,False
baseline[good=above],baseline/88,3,48,bad,toward_bad,False
baseline[good=above],baseline/88,4,48,bad,toward_bad,False
baseline[good=above],baseline/88,5,48,bad,toward_good,False
baseline[good=above],baseline/88,6,48,bad,toward_bad,False
baseline[good=above],baseline/88,7,48,bad,toward_bad,False
baseline[good=above],baseline/88,8,48,bad,toward_good,False
baseline[good=above],baseline/88,9,48,bad,toward_good,False
baseline[good=above],baseline/88,10,48,bad,toward_bad,False
baseline[good=above],baseline/88,11,48,bad,toward_good,False
baseline[good=above],baseline/88,12,48,bad,toward_good,False
baseline[good=above],baseline/88,13,48,bad,toward_bad,False
baseline[good=above],baseline/88,14,48,bad,toward_bad,False
baseline[good=above],baseline/88,15,48,bad,toward_good,False
baseline[good=above],baseline/88,16,48,bad,toward_good,False
baseline[good=above],baseline/88,17,48,bad,toward_bad,False
baseline[good=above],baseline/88,18,48,bad,toward_good,False
baseline[good=above],baseline/88,19,48,bad,toward_bad,False
baseline[good=above],baseline/88,20,48,bad,toward_bad,False
baseline[good=above],baseline/88,21,48,bad,toward_bad,False
baseline[good=above],baseline/88,22,48,bad,toward_good,False
baseline[good=above],baseline/88,23,48,bad,toward_good,False
baseline[good=above],baseline/88,24,48,bad,toward_bad,False
baseline[good=above],baseline/88,25,48,bad,toward_good,False
baseline[good=above],baseline/88,26,48,bad,toward_bad,False
baseline[good=above],baseline/88,27,48,bad,toward_good,False
baseline[good=above],baseline/88,28,48,bad,toward_bad,False
baseline[good=above],baseline/88,29,48,bad,toward_good,False
baseline[good=above],baseline/88,30,48,bad,toward_bad,False
baseline[good=above],baseline/88,31,48,bad,toward_bad,False
baseline[good=above],baseline/88,32,48,bad,toward_bad,False
baseline[good=above],baseline/88,33,48,bad,toward_good,False
baseline[good=above],baseline/88,34,48,bad,toward_good,False
baseline[good=above],baseline/88,35,48,bad,toward_good,False
baseline[good=above],baseline/88,36,48,bad,toward_bad,False
baseline[good=above],baseline/88,37,48,bad,toward_bad,False
baseline[good=above],baseline/88,38,48,bad,toward_bad,False
baseline[good=above],baseline/88,39,48,bad,toward_bad,False
baseline[good=above],baseline/88,40,48,bad,toward_good,False
baseline[good=above],baseline/88,41,48,bad,toward_bad,False
baseline[good=above],baseline/88,42,48,bad,toward_good,False
baseline[good=above],baseline/88,43,48,bad,toward_bad,False
baseline[good=above],baseline/88,44,48,bad,same,False
baseline[good=above],baseline/88,45,48,bad,toward_good,False
baseline[good=above],baseline/88,46,48,bad,toward_bad,False
baseline[good=above],baseline/88,47,48,bad,,True
baseline[good=below],baseline/88,0,48,good,toward_bad,False
baseline[good=below],baseline/88,1,48,good,toward_bad,False
baseline[good=below],baseline/88,2,48,good,toward_good,False
baseline[good=below],baseline/88,3,48,good,toward_good,False
baseline[good=below],baseline/88,4,48,good,toward_good,False
baseline[good=below],baseline/88,5,48,good,toward_bad,False
baseline[good=below],baseline/88,6,48,good,toward_good,False
baseline[good=below],baseline/88,7,48,good,toward_good,False
baseline[good=below],baseline/88,8,48,good,toward_bad,False
baseline[good=below],baseline/88,9,48,good,toward_bad,False
baseline[good=below],baseline/88,10,48,good,toward_good,False
baseline[good=below],baseline/88,11,48,good,toward_bad,False
baseline[good=below],baseline/88,12,48,good,toward_bad,False
baseline[good=below],baseline/88,13,48,good,toward_good,False
baseline[good=below],baseline/88,14,48,good,toward_good,False
baseline[good=below],baseline/88,15,48,good,toward_bad,False
baseline[good=below],baseline/88,16,48,good,toward_bad,False
baseline[good=below],baseline/88,17,48,good,toward_good,False
baseline[good=below],baseline/88,18,48,good,toward_bad,False
baseline[good=below],baseline/88,19,48,good,toward_good,False
baseline[good=below],baseline/88,20,48,good,toward_good,False
baseline[good=below],baseline/88,21,48,good,toward_good,False
baseline[good=below],baseline/88,22,48,good,toward_bad,False
baseline[good=below],baseline/88,23,48,good,toward_bad,False
baseline[good=below],baseline/88,24,48,good,toward_good,False
baseline[good=below],baseline/88,25,48,good,toward_bad,False
baseline[good=below],baseline/88,26,48,good,toward_good,False
baseline[good=below],baseline/88,27,48,good,toward_bad,False
baseline[good=below],baseline/88,28,48,good,toward_good,False
baseline[good=below],baseline/88,29,48,good,toward_bad,False
baseline[good=below],baseline/88,30,48,good,toward_good,False
baseline[good=below],baseline/88,31,48,good,toward_good,False
baseline[good=below],baseline/88,32,48,good,toward_good,False
baseline[good=below],baseline/88,33,48,good,toward_bad,False
baseline[good=below],baseline/88,34,48,good,toward_bad,False
baseline[good=below],baseline/88,35,48,good,toward_bad,False
baseline[good=below],baseline/88,36,48,good,toward_good,False
baseline[good=below],baseline/88,37,48,good,toward_good,False
baseline[good=below],baseline/88,38,48,good,toward_good,False
baseline[good=below],baseline/88,39,48,good,toward_good,False
baseline[good=below],baseline/88,40,48,good,toward_bad,False
baseline[good=below],baseline/88,41,48,good,toward_good,False
baseline[good=below],baseline/88,42,48,good,toward_bad,False
baseline[good=below],baseline/88,43,48,good,toward_good,False
baseline[good=below],baseline/88,44,48,good,same,False
baseline[good=below],baseline/88,45,48,good,toward_bad,False
baseline[good=below],baseline/88,46,48,good,toward_good,False
baseline[good=below],baseline/88,47,48,good,,True
baseline[good=above],baseline/89,0,1,good,,True
baseline[good=below],baseline/89,0,1,bad,,True
baseline[good=above],baseline/91,0,8,bad,toward_good,False
baseline[good=above],baseline/91,1,8,bad,toward_bad,False
baseline[good=above],baseline/91,2,8,bad,toward_good,False
baseline[good=above],baseline/91,3,8,bad,toward_bad,False
baseline[good=above],baseline/91,4,8,bad,toward_bad,False
baseline[good=above],baseline/91,5,8,bad,toward_good,False
baseline[good=above],baseline/91,6,8,bad,toward_good,False
baseline[good=above],baseline/91,7,8,bad,,True
baseline[good=below],baseline/91,0,8,good,toward_bad,False
baseline[good=below],baseline/91,1,8,good,toward_good,False
baseline[good=below],baseline/91,2,8,good,toward_bad,False
baseline[good=below],baseline/91,3,8,good,toward_good,False
baseline[good=below],baseline/91,4,8,good,toward_good,False
baseline[good=below],baseline/91,5,8,good,toward_bad,False
baseline[good=below],baseline/91,6,8,good,toward_bad,False
baseline[good=below],baseline/91,7,8,good,,True
baseline[good=above],baseline/92,0,1,bad,,True
baseline[good=below],baseline/92,0,1,good,,True
baseline[good=above],baseline/93,0,2,good,toward_good,False
baseline[good=above],baseline/93,1,2,good,,True
baseline[good=below],baseline/93,0,2,bad,toward_bad,False
baseline[good=below],baseline/93,1,2,bad,,True
baseline[good=above],baseline/94,0,15,good,toward_good,False
baseline[good=above],baseline/94,1,15,good,toward_bad,False
baseline[good=above],baseline/94,2,15,good,toward_good,False
baseline[good=above],baseline/94,3,15,good,toward_good,False
baseline[good=above],baseline/94,4,15,good,toward_bad,False
baseline[good=above],baseline/94,5,15,good,toward_good,False
baseline[good=above],baseline/94,6,15,good,toward_bad,False
baseline[good=above],baseline/94,7,15,good,toward_good,False
baseline[good=above],baseline/94,8,15,good,toward_bad,False
baseline[good=above],baseline/94,9,15,good,toward_good,False
baseline[good=above],baseline/94,10,15,good,toward_bad,False
baseline[good=above],baseline/94,11,15,good,toward_good,False
baseline[good=above],baseline/94,12,15,good,toward_good,False
baseline[good=above],baseline/94,13,15,good,toward_bad,False
baseline[good=above],baseline/94,14,15,good,,True
baseline[good=below],baseline/94,0,15,bad,toward_bad,False
baseline[good=below],baseline/94,1,15,bad,toward_good,False
baseline[good=below],baseline/94,2,15,bad,toward_bad,False
baseline[good=below],baseline/94,3,15,bad,toward_bad,False
baseline[good=below],baseline/94,4,15,bad,toward_good,False
baseline[good=below],baseline/94,5,15,bad,toward_bad,False
baseline[good=below],baseline/94,6,15,bad,toward_good,False
baseline[good=below],baseline/94,7,15,bad,toward_bad,False
baseline[good=below],baseline/94,8,15,bad,toward_good,False
baseline[good=below],baseline/94,9,15,bad,toward_bad,False
baseline[good=below],baseline/94,10,15,bad,toward_good,False
baseline[good=below],baseline/94,11,15,bad,toward_bad,False
baseline[good=below],baseline/94,12,15,bad,toward_bad,False
baseline[good=below],baseline/94,13,15,bad,toward_good,False
baseline[good=below],baseline/94,14,15,bad,,True
baseline[good=above],baseline/96,0,1,good,,True
baseline[good=below],baseline/96,0,1,bad,,True
baseline[good=above],baseline/97,0,1,good,,True
baseline[good=below],baseline/97,0,1,bad,,True
baseline[good=above],baseline/98,0,1,bad,,True
baseline[good=below],baseline/98,0,1,good,,True
baseline[good=above],baseline/99,0,2,bad,toward_good,False
baseline[good=above],baseline/99,1,2,bad,,True
baseline[good=below],baseline/99,0,2,good,toward_bad,False
baseline[good=below],baseline/99,1,2,good,,True
below_good,below_good/0,0,1,good,,True
below_good,below_good/1,0,14,bad,toward_good,False
below_good,below_good/1,1,14,bad,toward_good,False
below_good,below_good/1,2,14,bad,toward_good,False
below_good,below_good/1,3,14,bad,toward_bad,False
below_good,below_good/1,4,14,bad,toward_good,False
below_good,below_good/1,5,14,bad,toward_bad,False
below_good,below_good/1,6,14,bad,toward_good,False
below_good,below_good/1,7,14,bad,toward_good,False
below_good,below_good/1,8,14,good,toward_bad,False
below_good,below_good/1,9,14,bad,toward_good,False
below_good,below_good/1,10,14,bad,toward_good,False
below_good,below_good/1,11,14,good,toward_good,False
below_good,below_good/1,12,14,good,toward_bad,False
below_good,below_good/1,13,14,bad,,True
below_good,below_good/2,0,5,bad,toward_bad,False
below_good,below_good/2,1,5,bad,toward_good,False
below_good,below_good/2,2,5,bad,toward_good,False
below_good,below_good/2,3,5,bad,toward_good,False
below_good,below_good/2,4,5,bad,,True
below_good,below_good/3,0,2,good,toward_good,False
below_good,below_good/3,1,2,good,,True
below_good,below_good/4,0,1,bad,,True
below_good,below_good/5,0,23,good,toward_bad,False
below_good,below_good/5,1,23,good,toward_bad,False
below_good,below_good/5,2,23,good,toward_good,False
below_good,below_good/5,3,23,good,toward_bad,False
below_good,below_good/5,4,23,good,toward_good,False
below_good,below_good/5,5,23,good,toward_bad,False
below_good,below_good/5,6,23,good,toward_good,False
below_good,below_good/5,7,23,good,toward_bad,False
below_good,below_good/5,8,23,good,toward_bad,False
below_good,below_good/5,9,23,good,toward_good,False
below_good,below_good/5,10,23,good,toward_good,False
below_good,below_good/5,11,23,good,toward_bad,False
below_good,below_good/5,12,23,good,toward_good,False
below_good,below_good/5,13,23,good,toward_good,False
below_good,below_good/5,14,23,good,toward_bad,False
below_good,below_good/5,15,23,good,toward_good,False
below_good,below_good/5,16,23,good,toward_bad,False
below_good,below_good/5,17,23,good,toward_good,False
below_good,below_good/5,18,23,good,toward_bad,False
below_good,below_good/5,19,23,good,toward_good,False
below_good,below_good/5,20,23,good,toward_bad,False
below_good,below_good/5,21,23,good,toward_bad,False
below_good,below_good/5,22,23,good,,True
below_good,below_good/6,0,1,good,,True
below_good,below_good/7,0,1,good,,True
below_good,below_good/8,0,1,good,,True
below_good,below_good/10,0,1,good,,True
below_good,below_good/11,0,4,bad,toward_good,False
below_good,below_good/11,1,4,bad,toward_good,False
below_good,below_good/11,2,4,good,toward_bad,False
below_good,below_good/11,3,4,good,,True
below_good,below_good/12,0,1,good,,True
below_good,below_good/13,0,3,good,toward_bad,False
below_good,below_good/13,1,3,good,toward_bad,False
below_good,below_good/13,2,3,good,,True
below_good,below_good/14,0,19,bad,toward_bad,False
below_good,below_good/14,1,19,bad,toward_good,False
below_good,below_good/14,2,19,bad,toward_bad,False
below_good,below_good/14,3,19,bad,toward_bad,False
below_good,below_good/14,4,19,bad,toward_bad,False
below_good,below_good/14,5,19,bad,toward_bad,False
below_good,below_good/14,6,19,bad,toward_good,False
below_good,below_good/14,7,19,bad,toward_bad,False
below_good,below_good/14,8,19,bad,toward_good,False
below_good,below_good/14,9,19,bad,toward_bad,False
below_good,below_good/14,10,19,bad,toward_bad,False
below_good,below_good/14,11,19,bad,toward_good,False
below_good,below_good/14,12,19,bad,toward_good,False
below_good,below_good/14,13,19,bad,toward_bad,False
below_good,below_good/14,14,19,bad,toward_good,False
below_good,below_good/14,15,19,bad,toward_good,False
below_good,below_good/14,16,19,bad,toward_good,False
below_good,below_good/14,17,19,bad,toward_good,False
below_good,below_good/14,18,19,bad,,True
below_good,below_good/15,0,6,good,toward_good,False
below_good,below_good/15,1,6,good,toward_bad,False
below_good,below_good/15,2,6,good,toward_good,False
below_good,below_good/15,3,6,good,toward_good,False
below_good,below_good/15,4,6,good,toward_bad,False
below_good,below_good/15,5,6,good,,True
below_good,below_good/16,0,1,good,,True
below_good,below_good/17,0,1,good,,True
below_good,below_good/18,0,1,bad,,True
below_good,below_good/19,0,1,good,,True
below_good,below_good/20,0,31,good,toward_bad,False
below_good,below_good/20,1,31,good,toward_good,False
below_good,below_good/20,2,31,good,toward_bad,False
below_good,below_good/20,3,31,good,toward_good,False
below_good,below_good/20,4,31,good,toward_bad,False
below_good,below_good/20,5,31,good,toward_bad,False
below_good,below_good/20,6,31,bad,toward_good,False
below_good,below_good/20,7,31,good,toward_bad,False
below_good,below_good/20,8,31,good,toward_good,False
below_good,below_good/20,9,31,good,toward_good,False
below_good,below_good/20,10,31,good,toward_good,False
below_good,below_good/20,11,31,good,toward_good,False
below_good,below_good/20,12,31,good,toward_bad,False
below_good,below_good/20,13,31,good,toward_bad,False
below_good,below_good/20,14,31,good,toward_bad,False
below_good,below_good/20,15,31,good,toward_good,False
below_good,below_good/20,16,31,good,toward_good,False
below_good,below_good/20,17,31,good,toward_bad,False
below_good,below_good/20,18,31,good,toward_bad,False
below_good,below_good/20,19,31,good,toward_good,False
below_good,below_good/20,20,31,good,toward_bad,False
below_good,below_good/20,21,31,good,toward_good,False
below_good,below_good/20,22,31,good,toward_good,False
below_good,below_good/20,23,31,good,toward_bad,False
below_good,below_good/20,24,31,good,toward_bad,False
below_good,below_good/20,25,31,good,toward_bad,False
below_good,below_good/20,26,31,good,toward_good,False
below_good,below_good/20,27,31,good,toward_good,False
below_good,below_good/20,28,31,good,toward_good,False
below_good,below_good/20,29,31,good,toward_bad,False
below_good,below_good/20,30,31,good,,True
below_good,below_good/21,0,6,good,toward_bad,False
below_good,below_good/21,1,6,good,toward_bad,False
below_good,below_good/21,2,6,good,toward_bad,False
below_good,below_good/21,3,6,good,toward_bad,False
below_good,below_good/21,4,6,good,toward_good,False
below_good,below_good/21,5,6,good,,True
below_good,below_good/22,0,6,good,toward_good,False
below_good,below_good/22,1,6,good,toward_bad,False
below_good,below_good/22,2,6,good,toward_good,False
below_good,below_good/22,3,6,good,toward_good,False
below_good,below_good/22,4,6,good,toward_good,False
below_good,below_good/22,5,6,good,,True
below_good,below_good/23,0,1,bad,,True
below_good,below_good/24,0,11,good,toward_bad,False
below_good,below_good/24,1,11,good,toward_bad,False
below_good,below_good/24,2,11,good,toward_good,False
below_good,below_good/24,3,11,good,toward_good,False
below_good,below_good/24,4,11,good,toward_bad,False
below_good,below_good/24,5,11,good,toward_good,False
below_good,below_good/24,6,11,good,toward_good,False
below_good,below_good/24,7,11,good,toward_bad,False
below_good,below_good/24,8,11,good,toward_good,False
below_good,below_good/24,9,11,good,toward_good,False
below_good,below_good/24,10,11,good,,True
below_good,below_good/25,0,5,good,toward_bad,False
below_good,below_good/25,1,5,good,toward_good,False
below_good,below_good/25,2,5,good,toward_good,False
below_good,below_good/25,3,5,good,toward_bad,False
below_good,below_good/25,4,5,good,,True
below_good,below_good/26,0,1,bad,,True
below_good,below_good/27,0,16,good,toward_good,False
below_good,below_good/27,1,16,good,toward_bad,False
below_good,below_good/27,2,16,good,toward_bad,False
below_good,below_good/27,3,16,good,toward_good,False
below_good,below_good/27,4,16,good,toward_bad,False
below_good,below_good/27,5,16,good,toward_good,False
below_good,below_good/27,6,16,good,toward_bad,False
below_good,below_good/27,7,16,good,toward_good,False
below_good,below_good/27,8,16,good,toward_bad,False
below_good,below_good/27,9,16,good,toward_bad,False
below_good,below_good/27,10,16,good,toward_good,False
below_good,below_good/27,11,16,good,toward_bad,False
below_good,below_good/27,12,16,good,toward_good,False
below_good,below_good/27,13,16,good,toward_good,False
below_good,below_good/27,14,16,good,toward_bad,False
below_good,below_good/27,15,16,good,,True
below_good,below_good/28,0,1,bad,,True
below_good,below_good/29,0,15,good,toward_bad,False
below_good,below_good/29,1,15,good,toward_good,False
below_good,below_good/29,2,15,good,toward_bad,False
below_good,below_good/29,3,15,good,toward_good,False
below_good,below_good/29,4,15,good,toward_bad,False
below_good,below_good/29,5,15,good,toward_good,False
below_good,below_good/29,6,15,good,toward_good,False
below_good,below_good/29,7,15,good,toward_bad,False
below_good,below_good/29,8,15,good,toward_good,False
below_good,below_good/29,9,15,good,toward_bad,False
below_good,below_good/29,10,15,good,toward_bad,False
below_good,below_good/29,11,15,good,toward_bad,False
below_good,below_good/29,12,15,good,toward_good,False
below_good,below_good/29,13,15,good,toward_bad,False
below_good,below_good/29,14,15,good,,True
below_good,below_good/30,0,3,bad,toward_bad,False
below_good,below_good/30,1,3,bad,toward_good,False
below_good,below_good/30,2,3,good,,True
below_good,below_good/31,0,18,good,toward_bad,False
below_good,below_good/31,1,18,good,toward_good,False
below_good,below_good/31,2,18,good,toward_good,False
below_good,below_good/31,3,18,good,toward_bad,False
below_good,below_good/31,4,18,good,toward_good,False
below_good,below_good/31,5,18,good,toward_bad,False
below_good,below_good/31,6,18,good,toward_bad,False
below_good,below_good/31,7,18,good,toward_good,False
below_good,below_good/31,8,18,good,toward_good,False
below_good,below_good/31,9,18,good,toward_bad,False
below_good,below_good/31,10,18,good,toward_bad,False
below_good,below_good/31,11,18,good,toward_good,False
below_good,below_good/31,12,18,good,toward_bad,False
below_good,below_good/31,13,18,good,toward_good,False
below_good,below_good/31,14,18,good,toward_good,False
below_good,below_good/31,15,18,good,toward_bad,False
below_good,below_good/31,16,18,good,toward_good,False
below_good,below_good/31,17,18,good,,True
below_good,below_good/32,0,1,good,,True
below_good,below_good/33,0,5,bad,toward_good,False
below_good,below_good/33,1,5,bad,toward_bad,False
below_good,below_good/33,2,5,bad,toward_bad,False
below_good,below_good/33,3,5,bad,toward_good,False
below_good,below_good/33,4,5,bad,,True
below_good,below_good/34,0,2,bad,toward_good,False
below_good,below_good/34,1,2,bad,,True
below_good,below_good/35,0,3,good,toward_bad,False
below_good,below_good/35,1,3,good,toward_good,False
below_good,below_good/35,2,3,good,,True
below_good,below_good/36,0,4,bad,toward_good,False
below_good,below_good/36,1,4,bad,toward_bad,False
below_good,below_good/36,2,4,bad,toward_good,False
below_good,below_good/36,3,4,bad,,True
below_good,below_good/38,0,1,good,,True
below_good,below_good/39,0,6,good,toward_bad,False
below_good,below_good/39,1,6,good,toward_good,False
below_good,below_good/39,2,6,good,toward_bad,False
below_good,below_good/39,3,6,good,toward_good,False
below_good,below_good/39,4,6,good,toward_good,False
below_good,below_good/39,5,6,good,,True
below_good,below_good/40,0,7,good,toward_bad,False
below_good,below_good/40,1,7,bad,toward_good,False
below_good,below_good/40,2,7,good,toward_good,False
below_good,below_good/40,3,7,good,toward_good,False
below_good,below_good/40,4,7,good,toward_good,False
below_good,below_good/40,5,7,good,toward_bad,False
below_good,below_good/40,6,7,good,,True
below_good,below_good/41,0,1,good,,True
below_good,below_good/42,0,1,good,,True
below_good,below_good/43,0,22,good,toward_good,False
below_good,below_good/43,1,22,good,toward_bad,False
below_good,below_good/43,2,22,good,toward_good,False
below_good,below_good/43,3,22,good,toward_bad,False
below_good,below_good/43,4,22,bad,toward_good,False
below_good,below_good/43,5,22,good,toward_bad,False
below_good,below_good/43,6,22,good,toward_good,False
below_good,below_good/43,7,22,good,toward_bad,False
below_good,below_good/43,8,22,good,toward_good,False
below_good,below_good/43,9,22,good,toward_bad,False
below_good,below_good/43,10,22,good,toward_good,False
below_good,below_good/43,11,22,good,toward_bad,False
below_good,below_good/43,12,22,good,toward_good,False
below_good,below_good/43,13,22,good,toward_good,False
below_good,below_good/43,14,22,good,toward_bad,False
below_good,below_good/43,15,22,good,toward_good,False
below_good,below_good/43,16,22,good,toward_bad,False
below_good,below_good/43,17,22,good,toward_good,False
below_good,below_good/43,18,22,good,toward_good,False
below_good,below_good/43,19,22,good,toward_bad,False
below_good,below_good/43,20,22,good,toward_bad,False
below_good,below_good/43,21,22,good,,True
below_good,below_good/45,0,8,bad,toward_good,False
below_good,below_good/45,1,8,bad,toward_good,False
below_good,below_good/45,2,8,bad,toward_good,False
below_good,below_good/45,3,8,bad,toward_good,False
below_good,below_good/45,4,8,bad,toward_good,False
below_good,below_good/45,5,8,good,toward_bad,False
below_good,below_good/45,6,8,bad,toward_bad,False
below_good,below_good/45,7,8,bad,,True
below_good,below_good/46,0,1,bad,,True
below_good,below_good/47,0,12,bad,toward_good,False
below_good,below_good/47,1,12,bad,toward_good,False
below_good,below_good/47,2,12,bad,toward_good,False
below_good,below_good/47,3,12,bad,toward_good,False
below_good,below_good/47,4,12,bad,toward_good,False
below_good,below_good/47,5,12,bad,toward_good,False
below_good,below_good/47,6,12,bad,toward_good,False
below_good,below_good/47,7,12,bad,toward_good,False
below_good,below_good/47,8,12,bad,toward_bad,False
below_good,below_good/47,9,12,bad,toward_good,False
below_good,below_good/47,10,12,bad,toward_bad,False
below_good,below_good/47,11,12,bad,,True
below_good,below_good/48,0,5,good,toward_bad,False
below_good,below_good/48,1,5,good,toward_bad,False
below_good,below_good/48,2,5,bad,toward_bad,False
below_good,below_good/48,3,5,bad,toward_good,False
below_good,below_good/48,4,5,bad,,True
below_good,below_good/49,0,1,good,,True
below_good,below_good/50,0,1,bad,,True
below_good,below_good/51,0,1,bad,,True
below_good,below_good/52,0,9,good,toward_bad,False
below_good,below_good/52,1,9,bad,toward_good,False
below_good,below_good/52,2,9,good,toward_bad,False
below_good,below_good/52,3,9,bad,toward_good,False
below_good,below_good/52,4,9,good,toward_bad,False
below_good,below_good/52,5,9,good,toward_good,False
below_good,below_good/52,6,9,good,toward_bad,False
below_good,below_good/52,7,9,good,toward_good,False
below_good,below_good/52,8,9,good,,True
below_good,below_good/53,0,1,good,,True
below_good,below_good/54,0,29,bad,toward_good,False
below_good,below_good/54,1,29,bad,toward_good,False
below_good,below_good/54,2,29,bad,toward_good,False
below_good,below_good/54,3,29,good,toward_bad,False
below_good,below_good/54,4,29,bad,toward_bad,False
below_good,below_good/54,5,29,bad,toward_good,False
below_good,below_good/54,6,29,good,toward_bad,False
below_good,below_good/54,7,29,bad,toward_good,False
below_good,below_good/54,8,29,good,toward_bad,False
below_good,below_good/54,9,29,bad,toward_good,False
below_good,below_good/54,10,29,good,toward_bad,False
below_good,below_good/54,11,29,good,toward_bad,False
below_good,below_good/54,12,29,bad,toward_bad,False
below_good,below_good/54,13,29,bad,toward_good,False
below_good,below_good/54,14,29,bad,toward_good,False
below_good,below_good/54,15,29,good,toward_bad,False
below_good,below_good/54,16,29,bad,toward_bad,False
below_good,below_good/54,17,29,bad,toward_good,False
below_good,below_good/54,18,29,bad,toward_bad,False
below_good,below_good/54,19,29,bad,toward_good,False
below_good,below_good/54,20,29,bad,toward_bad,False
below_good,below_good/54,21,29,bad,toward_good,False
below_good,below_good/54,22,29,bad,toward_good,False
below_good,below_good/54,23,29,good,toward_bad,False
below_good,below_good/54,24,29,bad,toward_bad,False
below_good,below_good/54,25,29,bad,toward_bad,False
below_good,below_good/54,26,29,bad,toward_bad,False
below_good,below_good/54,27,29,bad,toward_good,False
below_good,below_good/54,28,29,bad,,True
below_good,below_good/55,0,17,bad,toward_bad,False
below_good,below_good/55,1,17,bad,toward_good,False
below_good,below_good/55,2,17,good,toward_good,False
below_good,below_good/55,3,17,good,toward_bad,False
below_good,below_good/55,4,17,bad,toward_good,False
below_good,below_good/55,5,17,good,toward_bad,False
below_good,below_good/55,6,17,bad,toward_good,False
below_good,below_good/55,7,17,good,toward_good,False
below_good,below_good/55,8,17,good,toward_bad,False
below_good,below_good/55,9,17,good,toward_bad,False
below_good,below_good/55,10,17,good,toward_good,False
below_good,below_good/55,11,17,good,toward_good,False
below_good,below_good/55,12,17,good,toward_bad,False
below_good,below_good/55,13,17,good,toward_good,False
below_good,below_good/55,14,17,good,toward_good,False
below_good,below_good/55,15,17,good,toward_bad,False
below_good,below_good/55,16,17,good,,True
below_good,below_good/56,0,5,bad,toward_bad,False
below_good,below_good/56,1,5,bad,toward_good,False
below_good,below_good/56,2,5,bad,toward_good,False
below_good,below_good/56,3,5,good,toward_bad,False
below_good,below_good/56,4,5,good,,True
below_good,below_good/57,0,2,good,toward_bad,False
below_good,below_good/57,1,2,good,,True
below_good,below_good/58,0,5,good,toward_bad,False
below_good,below_good/58,1,5,good,toward_bad,False
below_good,below_good/58,2,5,good,toward_good,False
below_good,below_good/58,3,5,good,toward_good,False
below_good,below_good/58,4,5,good,,True
below_good,below_good/60,0,1,bad,,True
below_good,below_good/61,0,5,good,toward_bad,False
below_good,below_good/61,1,5,good,toward_bad,False
below_good,below_good/61,2,5,good,toward_bad,False
below_good,below_good/61,3,5,good,toward_good,False
below_good,below_good/61,4,5,good,,True
below_good,below_good/62,0,1,good,,True
below_good,below_good/63,0,3,good,toward_bad,False
below_good,below_good/63,1,3,good,toward_bad,False
below_good,below_good/63,2,3,good,,True
below_good,below_good/64,0,1,good,,True
below_good,below_good/65,0,10,good,toward_bad,False
below_good,below_good/65,1,10,good,toward_good,False
below_good,below_good/65,2,10,good,toward_bad,False
below_good,below_good/65,3,10,good,toward_bad,False
below_good,below_good/65,4,10,good,toward_good,False
below_good,below_good/65,5,10,good,toward_good,False
below_good,below_good/65,6,10,good,toward_bad,False
below_good,below_good/65,7,10,good,toward_good,False
below_good,below_good/65,8,10,good,toward_bad,False
below_good,below_good/65,9,10,good,,True
below_good,below_good/66,0,10,good,toward_bad,False
below_good,below_good/66,1,10,good,toward_bad,False
below_good,below_good/66,2,10,good,toward_bad,False
below_good,below_good/66,3,10,good,toward_bad,False
below_good,below_good/66,4,10,bad,toward_good,False
below_good,below_good/66,5,10,good,toward_good,False
below_good,below_good/66,6,10,good,toward_bad,False
below_good,below_good/66,7,10,good,toward_bad,False
below_good,below_good/66,8,10,bad,toward_good,False
below_good,below_good/66,9,10,good,,True
below_good,below_good/67,0,6,good,toward_bad,False
below_good,below_good/67,1,6,bad,toward_good,False
below_good,below_good/67,2,6,bad,toward_good,False
below_good,below_good/67,3,6,bad,toward_good,False
below_good,below_good/67,4,6,good,toward_good,False
below_good,below_good/67,5,6,good,,True
below_good,below_good/68,0,1,good,,True
below_good,below_good/69,0,1,good,,True
below_good,below_good/70,0,1,good,,True
below_good,below_good/71,0,2,bad,toward_bad,False
below_good,below_good/71,1,2,bad,,True
below_good,below_good/72,0,1,good,,True
below_good,below_good/73,0,4,bad,toward_good,False
below_good,below_good/73,1,4,bad,toward_good,False
below_good,below_good/73,2,4,bad,toward_bad,False
below_good,below_good/73,3,4,bad,,True
below_good,below_good/74,0,1,good,,True
below_good,below_good/75,0,1,good,,True
below_good,below_good/76,0,4,bad,toward_good,False
below_good,below_good/76,1,4,bad,toward_good,False
below_good,below_good/76,2,4,good,toward_good,False
below_good,below_good/76,3,4,good,,True
below_good,below_good/77,0,1,good,,True
below_good,below_good/79,0,8,good,toward_bad,False
below_good,below_good/79,1,8,good,toward_good,False
below_good,below_good/79,2,8,good,toward_bad,False
below_good,below_good/79,3,8,good,toward_good,False
below_good,below_good/79,4,8,good,toward_good,False
below_good,below_good/79,5,8,good,toward_bad,False
below_good,below_good/79,6,8,good,toward_good,False
below_good,below_good/79,7,8,good,,True
below_good,below_good/80,0,1,good,,True
below_good,below_good/81,0,5,bad,toward_good,False
below_good,below_good/81,1,5,bad,toward_good,False
below_good,below_good/81,2,5,bad,toward_good,False
below_good,below_good/81,3,5,good,toward_bad,False
below_good,below_good/81,4,5,good,,True
below_good,below_good/82,0,1,good,,True
below_good,below_good/83,0,1,good,,True
below_good,below_good/84,0,1,good,,True
below_good,below_good/85,0,1,bad,,True
below_good,below_good/86,0,1,good,,True
below_good,below_good/87,0,2,good,toward_bad,False
below_good,below_good/87,1,2,good,,True
below_good,below_good/88,0,1,bad,,True
below_good,below_good/89,0,6,bad,toward_good,False
below_good,below_good/89,1,6,bad,toward_good,False
below_good,below_good/89,2,6,good,toward_bad,False
below_good,below_good/89,3,6,bad,toward_bad,False
below_good,below_good/89,4,6,bad,toward_bad,False
below_good,below_good/89,5,6,bad,,True
below_good,below_good/91,0,29,bad,toward_bad,False
below_good,below_good/91,1,29,bad,toward_good,False
below_good,below_good/91,2,29,bad,toward_bad,False
below_good,below_good/91,3,29,bad,toward_bad,False
below_good,below_good/91,4,29,bad,toward_good,False
below_good,below_good/91,5,29,good,toward_bad,False
below_good,below_good/91,6,29,bad,toward_good,False
below_good,below_good/91,7,29,bad,toward_bad,False
below_good,below_good/91,8,29,bad,toward_good,False
below_good,below_good/91,9,29,bad,toward_bad,False
below_good,below_good/91,10,29,bad,toward_good,False
below_good,below_good/91,11,29,bad,toward_good,False
below_good,below_good/91,12,29,bad,toward_bad,False
below_good,below_good/91,13,29,bad,toward_bad,False
below_good,below_good/91,14,29,bad,toward_good,False
below_good,below_good/91,15,29,bad,toward_bad,False
below_good,below_good/91,16,29,bad,toward_bad,False
below_good,below_good/91,17,29,bad,toward_good,False
below_good,below_good/91,18,29,bad,toward_good,False
below_good,below_good/91,19,29,bad,toward_good,False
below_good,below_good/91,20,29,bad,toward_good,False
below_good,below_good/91,21,29,bad,toward_good,False
below_good,below_good/91,22,29,bad,toward_good,False
below_good,below_good/91,23,29,good,toward_bad,False
below_good,below_good/91,24,29,bad,toward_bad,False
below_good,below_good/91,25,29,bad,toward_good,False
below_good,below_good/91,26,29,bad,toward_good,False
below_good,below_good/91,27,29,bad,toward_bad,False
below_good,below_good/91,28,29,bad,,True
below_good,below_good/93,0,1,good,,True
below_good,below_good/94,0,1,good,,True
below_good,below_good/95,0,1,bad,,True
below_good,below_good/96,0,37,good,toward_bad,False
below_good,below_good/96,1,37,bad,toward_good,False
below_good,below_good/96,2,37,good,toward_bad,False
below_good,below_good/96,3,37,bad,toward_good,False
below_good,below_good/96,4,37,bad,toward_bad,False
below_good,below_good/96,5,37,bad,toward_good,False
below_good,below_good/96,6,37,good,toward_bad,False
below_good,below_good/96,7,37,bad,toward_bad,False
below_good,below_good/96,8,37,bad,toward_good,False
below_good,below_good/96,9,37,bad,toward_good,False
below_good,below_good/96,10,37,good,toward_bad,False
below_good,below_good/96,11,37,bad,toward_bad,False
below_good,below_good/96,12,37,bad,toward_bad,False
below_good,below_good/96,13,37,bad,toward_good,False
below_good,below_good/96,14,37,bad,toward_good,False
below_good,below_good/96,15,37,good,toward_bad,False
below_good,below_good/96,16,37,bad,toward_bad,False
below_good,below_good/96,17,37,bad,toward_good,False
below_good,below_good/96,18,37,good,toward_good,False
below_good,below_good/96,19,37,good,toward_bad,False
below_good,below_good/96,20,37,good,toward_good,False
below_good,below_good/96,21,37,good,toward_bad,False
below_good,below_good/96,22,37,good,toward_bad,False
below_good,below_good/96,23,37,bad,toward_good,False
below_good,below_good/96,24,37,good,toward_bad,False
below_good,below_good/96,25,37,good,toward_bad,False
below_good,below_good/96,26,37,good,toward_good,False
below_good,below_good/96,27,37,good,toward_bad,False
below_good,below_good/96,28,37,bad,toward_good,False
below_good,below_good/96,29,37,bad,toward_good,False
below_good,below_good/96,30,37,good,toward_bad,False
below_good,below_good/96,31,37,good,toward_good,False
below_good,below_good/96,32,37,good,toward_good,False
below_good,below_good/96,33,37,good,toward_bad,False
below_good,below_good/96,34,37,good,toward_good,False
below_good,below_good/96,35,37,good,toward_bad,False
below_good,below_good/96,36,37,good,,True
below_good,below_good/97,0,3,bad,toward_good,False
below_good,below_good/97,1,3,bad,toward_bad,False
below_good,below_good/97,2,3,bad,,True
below_good,below_good/98,0,2,bad,toward_good,False
below_good,below_good/98,1,2,bad,,True
below_good,below_good/99,0,32,good,toward_bad,False
below_good,below_good/99,1,32,good,toward_good,False
below_good,below_good/99,2,32,good,toward_bad,False
below_good,below_good/99,3,32,good,toward_good,False
below_good,below_good/99,4,32,good,toward_bad,False
below_good,below_good/99,5,32,good,toward_bad,False
below_good,below_good/99,6,32,good,toward_bad,False
below_good,below_good/99,7,32,good,toward_good,False
below_good,below_good/99,8,32,good,toward_bad,False
below_good,below_good/99,9,32,good,toward_good,False
below_good,below_good/99,10,32,good,toward_good,False
below_good,below_good/99,11,32,good,toward_bad,False
below_good,below_good/99,12,32,good,toward_bad,False
below_good,below_good/99,13,32,good,toward_good,False
below_good,below_good/99,14,32,good,toward_bad,False
below_good,below_good/99,15,32,good,toward_bad,False
below_good,below_good/99,16,32,good,toward_bad,False
below_good,below_good/99,17,32,good,toward_good,False
below_good,below_good/99,18,32,good,toward_bad,False
below_good,below_good/99,19,32,good,toward_bad,False
below_good,below_good/99,20,32,good,toward_bad,False
below_good,below_good/99,21,32,good,toward_good,False
below_good,below_good/99,22,32,good,toward_bad,False
below_good,below_good/99,23,32,good,toward_bad,False
below_good,below_good/99,24,32,good,toward_good,False
below_good,below_good/99,25,32,good,toward_bad,False
below_good,below_good/99,26,32,good,toward_bad,False
below_good,below_good/99,27,32,good,toward_good,False
below_good,below_good/99,28,32,good,toward_bad,False
below_good,below_good/99,29,32,good,toward_good,False
below_good,below_good/99,30,32,good,toward_good,False
below_good,below_good/99,31,32,good,,True
above_good,above_good/0,0,4,good,toward_good,False
above_good,above_good/0,1,4,good,toward_bad,False
above_good,above_good/0,2,4,good,toward_bad,False
above_good,above_good/0,3,4,good,,True
above_good,above_good/2,0,5,good,toward_bad,False
above_good,above_good/2,1,5,good,toward_good,False
above_good,above_good/2,2,5,good,toward_bad,False
above_good,above_good/2,3,5,good,toward_good,False
above_good,above_good/2,4,5,good,,True
above_good,above_good/3,0,4,good,toward_bad,False
above_good,above_good/3,1,4,good,toward_good,False
above_good,above_good/3,2,4,good,toward_good,False
above_good,above_good/3,3,4,good,,True
above_good,above_good/4,0,1,good,,True
above_good,above_good/5,0,1,good,,True
above_good,above_good/6,0,6,bad,toward_bad,False
above_good,above_good/6,1,6,bad,toward_good,False
above_good,above_good/6,2,6,good,toward_good,False
above_good,above_good/6,3,6,good,toward_bad,False
above_good,above_good/6,4,6,good,toward_bad,False
above_good,above_good/6,5,6,good,,True
above_good,above_good/7,0,8,bad,toward_bad,False
above_good,above_good/7,1,8,bad,toward_good,False
above_good,above_good/7,2,8,bad,toward_good,False
above_good,above_good/7,3,8,good,toward_bad,False
above_good,above_good/7,4,8,good,toward_good,False
above_good,above_good/7,5,8,good,toward_bad,False
above_good,above_good/7,6,8,good,toward_good,False
above_good,above_good/7,7,8,good,,True
above_good,above_good/9,0,14,bad,toward_good,False
above_good,above_good/9,1,14,bad,toward_good,False
above_good,above_good/9,2,14,bad,toward_bad,False
above_good,above_good/9,3,14,bad,toward_bad,False
above_good,above_good/9,4,14,bad,toward_bad,False
above_good,above_good/9,5,14,bad,toward_good,False
above_good,above_good/9,6,14,bad,toward_good,False
above_good,above_good/9,7,14,bad,toward_bad,False
above_good,above_good/9,8,14,bad,toward_bad,False
above_good,above_good/9,9,14,bad,toward_good,False
above_good,above_good/9,10,14,bad,toward_good,False
above_good,above_good/9,11,14,bad,toward_good,False
above_good,above_good/9,12,14,bad,toward_bad,False
above_good,above_good/9,13,14,bad,,True
above_good,above_good/10,0,1,good,,True
above_good,above_good/11,0,6,good,toward_bad,False
above_good,above_good/11,1,6,good,toward_good,False
above_good,above_good/11,2,6,good,toward_good,False
above_good,above_good/11,3,6,good,toward_bad,False
above_good,above_good/11,4,6,good,toward_good,False
above_good,above_good/11,5,6,good,,True
above_good,above_good/12,0,1,good,,True
above_good,above_good/14,0,1,good,,True
above_good,above_good/16,0,1,good,,True
above_good,above_good/17,0,3,good,toward_bad,False
above_good,above_good/17,1,3,bad,toward_good,False
above_good,above_good/17,2,3,good,,True
above_good,above_good/18,0,1,good,,True
above_good,above_good/19,0,1,good,,True
above_good,above_good/20,0,33,good,toward_bad,False
above_good,above_good/20,1,33,good,toward_bad,False
above_good,above_good/20,2,33,bad,toward_good,False
above_good,above_good/20,3,33,good,toward_bad,False
above_good,above_good/20,4,33,good,toward_good,False
above_good,above_good/20,5,33,good,toward_bad,False
above_good,above_good/20,6,33,good,toward_bad,False
above_good,above_good/20,7,33,good,toward_good,False
above_good,above_good/20,8,33,good,toward_bad,False
above_good,above_good/20,9,33,good,toward_good,False
above_good,above_good/20,10,33,good,toward_good,False
above_good,above_good/20,11,33,good,toward_good,False
above_good,above_good/20,12,33,good,toward_bad,False
above_good,above_good/20,13,33,good,toward_good,False
above_good,above_good/20,14,33,good,toward_bad,False
above_good,above_good/20,15,33,good,toward_good,False
above_good,above_good/20,16,33,good,toward_bad,False
above_good,above_good/20,17,33,good,toward_good,False
above_good,above_good/20,18,33,good,toward_good,False
above_good,above_good/20,19,33,good,toward_good,False
above_good,above_good/20,20,33,good,toward_good,False
above_good,above_good/20,21,33,good,toward_bad,False
above_good,above_good/20,22,33,good,toward_bad,False
above_good,above_good/20,23,33,good,toward_bad,False
above_good,above_good/20,24,33,good,toward_good,False
above_good,above_good/20,25,33,good,toward_bad,False
above_good,above_good/20,26,33,good,toward_good,False
above_good,above_good/20,27,33,good,toward_good,False
above_good,above_good/20,28,33,good,toward_good,False
above_good,above_good/20,29,33,good,toward_bad,False
above_good,above_good/20,30,33,good,toward_bad,False
above_good,above_good/20,31,33,good,toward_good,False
above_good,above_good/20,32,33,good,,True
above_good,above_good/21,0,2,good,toward_good,False
above_good,above_good/21,1,2,good,,True
above_good,above_good/22,0,5,good,toward_bad,False
above_good,above_good/22,1,5,good,toward_good,False
above_good,above_good/22,2,5,good,toward_bad,False
above_good,above_good/22,3,5,good,toward_bad,False
above_good,above_good/22,4,5,good,,True
above_good,above_good/23,0,14,bad,toward_good,False
above_good,above_good/23,1,14,bad,toward_bad,False
above_good,above_good/23,2,14,bad,toward_bad,False
above_good,above_good/23,3,14,bad,toward_bad,False
above_good,above_good/23,4,14,bad,toward_bad,False
above_good,above_good/23,5,14,bad,toward_good,False
above_good,above_good/23,6,14,bad,toward_bad,False
above_good,above_good/23,7,14,bad,toward_good,False
above_good,above_good/23,8,14,bad,toward_bad,False
above_good,above_good/23,9,14,bad,toward_good,False
above_good,above_good/23,10,14,bad,toward_good,False
above_good,above_good/23,11,14,bad,toward_bad,False
above_good,above_good/23,12,14,bad,toward_good,False
above_good,above_good/23,13,14,bad,,True
above_good,above_good/24,0,1,good,,True
above_good,above_good/25,0,7,good,toward_bad,False
above_good,above_good/25,1,7,bad,toward_good,False
above_good,above_good/25,2,7,good,toward_good,False
above_good,above_good/25,3,7,good,toward_good,False
above_good,above_good/25,4,7,good,toward_good,False
above_good,above_good/25,5,7,good,toward_bad,False
above_good,above_good/25,6,7,good,,True
above_good,above_good/26,0,14,bad,toward_good,False
above_good,above_good/26,1,14,bad,toward_bad,False
above_good,above_good/26,2,14,bad,toward_good,False
above_good,above_good/26,3,14,bad,toward_good,False
above_good,above_good/26,4,14,bad,toward_good,False
above_good,above_good/26,5,14,bad,toward_good,False
above_good,above_good/26,6,14,bad,toward_good,False
above_good,above_good/26,7,14,bad,toward_good,False
above_good,above_good/26,8,14,good,toward_good,False
above_good,above_good/26,9,14,good,toward_bad,False
above_good,above_good/26,10,14,good,toward_bad,False
above_good,above_good/26,11,14,bad,toward_good,False
above_good,above_good/26,12,14,good,toward_good,False
above_good,above_good/26,13,14,good,,True
above_good,above_good/27,0,1,good,,True
above_good,above_good/28,0,1,good,,True
above_good,above_good/29,0,4,good,toward_bad,False
above_good,above_good/29,1,4,good,toward_bad,False
above_good,above_good/29,2,4,good,toward_good,False
above_good,above_good/29,3,4,good,,True
above_good,above_good/30,0,8,bad,toward_bad,False
above_good,above_good/30,1,8,bad,toward_good,False
above_good,above_good/30,2,8,bad,toward_bad,False
above_good,above_good/30,3,8,bad,toward_bad,False
above_good,above_good/30,4,8,bad,toward_good,False
above_good,above_good/30,5,8,bad,toward_good,False
above_good,above_good/30,6,8,bad,toward_bad,False
above_good,above_good/30,7,8,bad,,True
above_good,above_good/31,0,5,bad,toward_bad,False
above_good,above_good/31,1,5,bad,toward_bad,False
above_good,above_good/31,2,5,bad,toward_good,False
above_good,above_good/31,3,5,bad,toward_good,False
above_good,above_good/31,4,5,good,,True
above_good,above_good/32,0,4,bad,toward_good,False
above_good,above_good/32,1,4,bad,toward_bad,False
above_good,above_good/32,2,4,bad,toward_good,False
above_good,above_good/32,3,4,good,,True
above_good,above_good/33,0,8,bad,toward_good,False
above_good,above_good/33,1,8,bad,toward_good,False
above_good,above_good/33,2,8,good,toward_bad,False
above_good,above_good/33,3,8,bad,toward_good,False
above_good,above_good/33,4,8,bad,toward_good,False
above_good,above_good/33,5,8,bad,toward_bad,False
above_good,above_good/33,6,8,bad,toward_good,False
above_good,above_good/33,7,8,good,,True
above_good,above_good/34,0,1,good,,True
above_good,above_good/35,0,2,good,toward_bad,False
above_good,above_good/35,1,2,good,,True
above_good,above_good/36,0,1,good,,True
above_good,above_good/37,0,5,good,toward_bad,False
above_good,above_good/37,1,5,good,toward_good,False
above_good,above_good/37,2,5,good,toward_bad,False
above_good,above_good/37,3,5,good,toward_good,False
above_good,above_good/37,4,5,good,,True
above_good,above_good/38,0,1,good,,True
above_good,above_good/39,0,1,good,,True
above_good,above_good/40,0,4,good,toward_bad,False
above_good,above_good/40,1,4,good,toward_good,False
above_good,above_good/40,2,4,good,toward_good,False
above_good,above_good/40,3,4,good,,True
above_good,above_good/41,0,1,good,,True
above_good,above_good/42,0,1,good,,True
above_good,above_good/43,0,1,good,,True
above_good,above_good/44,0,8,good,toward_bad,False
above_good,above_good/44,1,8,good,toward_bad,False
above_good,above_good/44,2,8,good,same,False
above_good,above_good/44,3,8,good,toward_good,False
above_good,above_good/44,4,8,good,toward_bad,False
above_good,above_good/44,5,8,good,toward_bad,False
above_good,above_good/44,6,8,good,toward_good,False
above_good,above_good/44,7,8,good,,True
above_good,above_good/45,0,3,bad,toward_good,False
above_good,above_good/45,1,3,bad,toward_good,False
above_good,above_good/45,2,3,good,,True
above_good,above_good/46,0,4,good,toward_bad,False
above_good,above_good/46,1,4,good,toward_bad,False
above_good,above_good/46,2,4,good,toward_bad,False
above_good,above_good/46,3,4,good,,True
above_good,above_good/47,0,1,good,,True
above_good,above_good/48,0,8,good,toward_good,False
above_good,above_good/48,1,8,good,toward_good,False
above_good,above_good/48,2,8,good,toward_bad,False
above_good,above_good/48,3,8,good,toward_good,False
above_good,above_good/48,4,8,good,toward_good,False
above_good,above_good/48,5,8,good,toward_bad,False
above_good,above_good/48,6,8,good,toward_good,False
above_good,above_good/48,7,8,good,,True
above_good,above_good/49,0,1,good,,True
above_good,above_good/50,0,5,good,toward_bad,False
above_good,above_good/50,1,5,bad,toward_good,False
above_good,above_good/50,2,5,good,toward_good,False
above_good,above_good/50,3,5,good,toward_good,False
above_good,above_good/50,4,5,good,,True
above_good,above_good/52,0,1,good,,True
above_good,above_good/53,0,1,good,,True
above_good,above_good/54,0,1,good,,True
above_good,above_good/55,0,5,bad,toward_good,False
above_good,above_good/55,1,5,bad,toward_good,False
above_good,above_good/55,2,5,bad,toward_bad,False
above_good,above_good/55,3,5,bad,toward_bad,False
above_good,above_good/55,4,5,bad,,True
above_good,above_good/56,0,29,good,toward_bad,False
above_good,above_good/56,1,29,good,toward_bad,False
above_good,above_good/56,2,29,bad,toward_good,False
above_good,above_good/56,3,29,good,toward_good,False
above_good,above_good/56,4,29,good,toward_good,False
above_good,above_good/56,5,29,good,toward_bad,False
above_good,above_good/56,6,29,good,toward_bad,False
above_good,above_good/56,7,29,good,toward_bad,False
above_good,above_good/56,8,29,good,toward_good,False
above_good,above_good/56,9,29,good,toward_bad,False
above_good,above_good/56,10,29,good,toward_good,False
above_good,above_good/56,11,29,good,toward_good,False
above_good,above_good/56,12,29,good,toward_bad,False
above_good,above_good/56,13,29,good,toward_bad,False
above_good,above_good/56,14,29,good,toward_good,False
above_good,above_good/56,15,29,good,toward_bad,False
above_good,above_good/56,16,29,good,toward_good,False
above_good,above_good/56,17,29,good,toward_bad,False
above_good,above_good/56,18,29,good,toward_good,False
above_good,above_good/56,19,29,good,toward_good,False
above_good,above_good/56,20,29,good,toward_good,False
above_good,above_good/56,21,29,good,toward_good,False
above_good,above_good/56,22,29,good,toward_bad,False
above_good,above_good/56,23,29,good,toward_good,False
above_good,above_good/56,24,29,good,toward_good,False
above_good,above_good/56,25,29,good,toward_bad,False
above_good,above_good/56,26,29,good,toward_bad,False
above_good,above_good/56,27,29,good,toward_bad,False
above_good,above_good/56,28,29,good,,True
above_good,above_good/57,0,1,good,,True
above_good,above_good/58,0,10,good,toward_bad,False
above_good,above_good/58,1,10,good,toward_good,False
above_good,above_good/58,2,10,good,toward_good,False
above_good,above_good/58,3,10,good,toward_bad,False
above_good,above_good/58,4,10,good,toward_bad,False
above_good,above_good/58,5,10,good,toward_bad,False
above_good,above_good/58,6,10,good,toward_good,False
above_good,above_good/58,7,10,good,toward_good,False
above_good,above_good/58,8,10,good,toward_bad,False
above_good,above_good/58,9,10,good,,True
above_good,above_good/59,0,3,good,toward_bad,False
above_good,above_good/59,1,3,good,toward_good,False
above_good,above_good/59,2,3,good,,True
above_good,above_good/60,0,1,good,,True
above_good,above_good/61,0,1,good,,True
above_good,above_good/62,0,2,good,toward_bad,False
above_good,above_good/62,1,2,good,,True
above_good,above_good/63,0,1,good,,True
above_good,above_good/64,0,1,good,,True
above_good,above_good/65,0,2,bad,toward_good,False
above_good,above_good/65,1,2,good,,True
above_good,above_good/66,0,1,good,,True
above_good,above_good/67,0,27,good,toward_bad,False
above_good,above_good/67,1,27,bad,toward_good,False
above_good,above_good/67,2,27,good,toward_bad,False
above_good,above_good/67,3,27,good,toward_bad,False
above_good,above_good/67,4,27,good,toward_good,False
above_good,above_good/67,5,27,good,toward_bad,False
above_good,above_good/67,6,27,good,toward_bad,False
above_good,above_good/67,7,27,good,toward_good,False
above_good,above_good/67,8,27,good,toward_good,False
above_good,above_good/67,9,27,good,toward_good,False
above_good,above_good/67,10,27,good,toward_bad,False
above_good,above_good/67,11,27,good,toward_bad,False
above_good,above_good/67,12,27,good,toward_good,False
above_good,above_good/67,13,27,good,toward_good,False
above_good,above_good/67,14,27,good,toward_bad,False
above_good,above_good/67,15,27,good,toward_good,False
above_good,above_good/67,16,27,good,toward_bad,False
above_good,above_good/67,17,27,good,toward_good,False
above_good,above_good/67,18,27,good,toward_bad,False
above_good,above_good/67,19,27,good,toward_bad,False
above_good,above_good/67,20,27,good,toward_good,False
above_good,above_good/67,21,27,good,toward_good,False
above_good,above_good/67,22,27,good,toward_bad,False
above_good,above_good/67,23,27,good,toward_good,False
above_good,above_good/67,24,27,good,toward_bad,False
above_good,above_good/67,25,27,good,toward_good,False
above_good,above_good/67,26,27,good,,True
above_good,above_good/68,0,8,good,toward_bad,False
above_good,above_good/68,1,8,good,toward_good,False
above_good,above_good/68,2,8,good,toward_good,False
above_good,above_good/68,3,8,good,toward_bad,False
above_good,above_good/68,4,8,good,toward_good,False
above_good,above_good/68,5,8,good,toward_good,False
above_good,above_good/68,6,8,good,toward_bad,False
above_good,above_good/68,7,8,good,,True
above_good,above_good/69,0,20,bad,toward_good,False
above_good,above_good/69,1,20,good,toward_good,False
above_good,above_good/69,2,20,good,toward_good,False
above_good,above_good/69,3,20,good,toward_good,False
above_good,above_good/69,4,20,good,toward_good,False
above_good,above_good/69,5,20,good,toward_bad,False
above_good,above_good/69,6,20,good,toward_good,False
above_good,above_good/69,7,20,good,toward_bad,False
above_good,above_good/69,8,20,good,toward_good,False
above_good,above_good/69,9,20,good,toward_bad,False
above_good,above_good/69,10,20,bad,toward_good,False
above_good,above_good/69,11,20,good,toward_good,False
above_good,above_good/69,12,20,good,toward_bad,False
above_good,above_good/69,13,20,good,toward_bad,False
above_good,above_good/69,14,20,good,toward_bad,False
above_good,above_good/69,15,20,good,toward_good,False
above_good,above_good/69,16,20,good,toward_good,False
above_good,above_good/69,17,20,good,toward_bad,False
above_good,above_good/69,18,20,good,toward_good,False
above_good,above_good/69,19,20,good,,True
above_good,above_good/70,0,2,bad,toward_good,False
above_good,above_good/70,1,2,good,,True
above_good,above_good/71,0,1,good,,True
above_good,above_good/72,0,1,good,,True
above_good,above_good/73,0,1,good,,True
above_good,above_good/74,0,4,good,toward_bad,False
above_good,above_good/74,1,4,good,toward_good,False
above_good,above_good/74,2,4,good,toward_bad,False
above_good,above_good/74,3,4,good,,True
above_good,above_good/75,0,1,good,,True
above_good,above_good/76,0,1,good,,True
above_good,above_good/77,0,1,good,,True
above_good,above_good/78,0,20,good,toward_good,False
above_good,above_good/78,1,20,good,toward_bad,False
above_good,above_good/78,2,20,good,toward_bad,False
above_good,above_good/78,3,20,good,toward_good,False
above_good,above_good/78,4,20,good,toward_bad,False
above_good,above_good/78,5,20,good,toward_bad,False
above_good,above_good/78,6,20,bad,toward_good,False
above_good,above_good/78,7,20,good,toward_bad,False
above_good,above_good/78,8,20,good,toward_good,False
above_good,above_good/78,9,20,good,toward_bad,False
above_good,above_good/78,10,20,good,toward_bad,False
above_good,above_good/78,11,20,good,toward_good,False
above_good,above_good/78,12,20,good,toward_bad,False
above_good,above_good/78,13,20,good,toward_bad,False
above_good,above_good/78,14,20,good,toward_bad,False
above_good,above_good/78,15,20,good,toward_good,False
above_good,above_good/78,16,20,good,toward_good,False
above_good,above_good/78,17,20,good,toward_bad,False
above_good,above_good/78,18,20,good,toward_bad,False
above_good,above_good/78,19,20,good,,True
above_good,above_good/79,0,1,good,,True
above_good,above_good/80,0,1,bad,,True
above_good,above_good/81,0,2,bad,toward_good,False
above_good,above_good/81,1,2,good,,True
above_good,above_good/82,0,5,bad,toward_good,False
above_good,above_good/82,1,5,bad,toward_good,False
above_good,above_good/82,2,5,good,toward_bad,False
above_good,above_good/82,3,5,bad,toward_good,False
above_good,above_good/82,4,5,good,,True
above_good,above_good/83,0,2,bad,toward_good,False
above_good,above_good/83,1,2,good,,True
above_good,above_good/84,0,1,good,,True
above_good,above_good/86,0,1,good,,True
above_good,above_good/87,0,12,good,toward_good,False
above_good,above_good/87,1,12,good,toward_good,False
above_good,above_good/87,2,12,good,toward_good,False
above_good,above_good/87,3,12,good,toward_bad,False
above_good,above_good/87,4,12,good,toward_bad,False
above_good,above_good/87,5,12,good,toward_good,False
above_good,above_good/87,6,12,good,toward_bad,False
above_good,above_good/87,7,12,good,toward_bad,False
above_good,above_good/87,8,12,good,toward_good,False
above_good,above_good/87,9,12,good,toward_good,False
above_good,above_good/87,10,12,good,toward_good,False
above_good,above_good/87,11,12,good,,True
above_good,above_good/88,0,4,good,toward_good,False
above_good,above_good/88,1,4,good,toward_bad,False
above_good,above_good/88,2,4,good,toward_good,False
above_good,above_good/88,3,4,good,,True
above_good,above_good/89,0,9,bad,toward_good,False
above_good,above_good/89,1,9,bad,toward_good,False
above_good,above_good/89,2,9,bad,toward_good,False
above_good,above_good/89,3,9,bad,toward_good,False
above_good,above_good/89,4,9,bad,toward_good,False
above_good,above_good/89,5,9,bad,toward_good,False
above_good,above_good/89,6,9,bad,toward_good,False
above_good,above_good/89,7,9,good,toward_good,False
above_good,above_good/89,8,9,good,,True
above_good,above_good/90,0,1,good,,True
above_good,above_good/91,0,10,good,toward_good,False
above_good,above_good/91,1,10,good,toward_good,False
above_good,above_good/91,2,10,good,toward_bad,False
above_good,above_good/91,3,10,good,toward_bad,False
above_good,above_good/91,4,10,good,toward_good,False
above_good,above_good/91,5,10,good,toward_bad,False
above_good,above_good/91,6,10,good,toward_bad,False
above_good,above_good/91,7,10,good,toward_bad,False
above_good,above_good/91,8,10,good,toward_good,False
above_good,above_good/91,9,10,good,,True
above_good,above_good/92,0,1,good,,True
above_good,above_good/93,0,28,good,toward_good,False
above_good,above_good/93,1,28,good,toward_bad,False
above_good,above_good/93,2,28,good,toward_bad,False
above_good,above_good/93,3,28,good,toward_bad,False
above_good,above_good/93,4,28,bad,toward_good,False
above_good,above_good/93,5,28,good,toward_good,False
above_good,above_good/93,6,28,good,toward_bad,False
above_good,above_good/93,7,28,good,toward_bad,False
above_good,above_good/93,8,28,good,toward_good,False
above_good,above_good/93,9,28,good,toward_bad,False
above_good,above_good/93,10,28,good,toward_good,False
above_good,above_good/93,11,28,good,toward_bad,False
above_good,above_good/93,12,28,good,toward_good,False
above_good,above_good/93,13,28,good,toward_bad,False
above_good,above_good/93,14,28,good,toward_good,False
above_good,above_good/93,15,28,good,toward_good,False
above_good,above_good/93,16,28,good,toward_good,False
above_good,above_good/93,17,28,good,toward_bad,False
above_good,above_good/93,18,28,good,toward_bad,False
above_good,above_good/93,19,28,good,toward_good,False
above_good,above_good/93,20,28,good,toward_good,False
above_good,above_good/93,21,28,good,toward_bad,False
above_good,above_good/93,22,28,good,toward_good,False
above_good,above_good/93,23,28,good,toward_bad,False
above_good,above_good/93,24,28,good,toward_bad,False
above_good,above_good/93,25,28,good,toward_good,False
above_good,above_good/93,26,28,good,toward_good,False
above_good,above_good/93,27,28,good,,True
above_good,above_good/94,0,2,good,toward_bad,False
above_good,above_good/94,1,2,good,,True
above_good,above_good/95,0,1,good,,True
above_good,above_good/96,0,1,good,,True
above_good,above_good/97,0,6,good,toward_good,False
above_good,above_good/97,1,6,good,toward_good,False
above_good,above_good/97,2,6,good,toward_good,False
above_good,above_good/97,3,6,good,toward_bad,False
above_good,above_good/97,4,6,good,toward_good,False
above_good,above_good/97,5,6,good,,True
above_good,above_good/98,0,1,good,,True
above_good,above_good/99,0,11,good,toward_good,False
above_good,above_good/99,1,11,good,toward_bad,False
above_good,above_good/99,2,11,good,toward_bad,False
above_good,above_good/99,3,11,good,toward_good,False
above_good,above_good/99,4,11,good,toward_good,False
above_good,above_good/99,5,11,good,toward_bad,False
above_good,above_good/99,6,11,good,toward_bad,False
above_good,above_good/99,7,11,good,toward_good,False
above_good,above_good/99,8,11,good,toward_bad,False
above_good,above_good/99,9,11,good,toward_good,False
above_good,above_good/99,10,11,good,,True
