run,cond,i,layer,vector,at_prompt_end,mean_reasoning,mean_first200,mean_last200,n_reasoning_tokens
qwen3.5-27b_20260823_223518,baseline,0,32,value_axis,-0.9518296718597412,-4.257049560546875,-6.811975479125977,-3.2335479259490967,10825
qwen3.5-27b_20260823_223518,baseline,0,32,random_control,-0.3838728666305542,0.021845735609531403,0.06821199506521225,0.029234355315566063,10825
qwen3.5-27b_20260823_223518,baseline,0,24,value_axis,-6.816488265991211,-9.426101684570312,-11.97713851928711,-8.653389930725098,10825
qwen3.5-27b_20260823_223518,baseline,0,24,random_control,0.5659583210945129,0.4430917203426361,0.3711588382720947,0.4545101225376129,10825
qwen3.5-27b_20260823_223518,baseline,0,40,value_axis,15.288619995117188,12.777880668640137,9.031179428100586,14.675030708312988,10825
qwen3.5-27b_20260823_223518,baseline,0,40,random_control,-1.0482219457626343,-1.2199339866638184,-1.0453780889511108,-1.1585509777069092,10825
qwen3.5-27b_20260823_223518,baseline,1,32,value_axis,-0.9518280029296875,-4.04610013961792,-6.325316905975342,-3.239748001098633,9488
qwen3.5-27b_20260823_223518,baseline,1,32,random_control,-0.3838731050491333,-0.002694486640393734,0.012389594689011574,-0.0075713396072387695,9488
qwen3.5-27b_20260823_223518,baseline,1,24,value_axis,-6.816493034362793,-9.34482479095459,-11.744682312011719,-8.939931869506836,9488
qwen3.5-27b_20260823_223518,baseline,1,24,random_control,0.5659584403038025,0.4797159433364868,0.42265579104423523,0.4542226493358612,9488
qwen3.5-27b_20260823_223518,baseline,1,40,value_axis,15.288623809814453,13.194127082824707,9.375591278076172,14.622397422790527,9488
qwen3.5-27b_20260823_223518,baseline,1,40,random_control,-1.0482203960418701,-1.298812747001648,-1.0396968126296997,-1.3677423000335693,9488
qwen3.5-27b_20260823_223518,baseline,2,32,value_axis,-0.9518280029296875,-4.223030090332031,-6.207850933074951,-2.845982074737549,9303
qwen3.5-27b_20260823_223518,baseline,2,32,random_control,-0.3838731050491333,0.030462680384516716,0.08916252106428146,-0.03338904678821564,9303
qwen3.5-27b_20260823_223518,baseline,2,24,value_axis,-6.816493034362793,-9.516481399536133,-11.643230438232422,-8.564037322998047,9303
qwen3.5-27b_20260823_223518,baseline,2,24,random_control,0.5659584403038025,0.4466427266597748,0.3464220464229584,0.4677342474460602,9303
qwen3.5-27b_20260823_223518,baseline,2,40,value_axis,15.288623809814453,13.013775825500488,10.156843185424805,15.620321273803711,9303
qwen3.5-27b_20260823_223518,baseline,2,40,random_control,-1.0482203960418701,-1.247033715248108,-1.1139024496078491,-1.1884626150131226,9303
qwen3.5-27b_20260823_223518,baseline,3,32,value_axis,-0.9518304467201233,-4.300670623779297,-6.077749729156494,-4.292868614196777,7386
qwen3.5-27b_20260823_223518,baseline,3,32,random_control,-0.3838730454444885,-0.024448415264487267,0.03705675154924393,0.07754228264093399,7386
qwen3.5-27b_20260823_223518,baseline,3,24,value_axis,-6.816487789154053,-9.581674575805664,-11.418871879577637,-9.386013984680176,7386
qwen3.5-27b_20260823_223518,baseline,3,24,random_control,0.5659583210945129,0.49321696162223816,0.41371726989746094,0.4122408926486969,7386
qwen3.5-27b_20260823_223518,baseline,3,40,value_axis,15.288633346557617,12.758808135986328,9.597496032714844,13.683218955993652,7386
qwen3.5-27b_20260823_223518,baseline,3,40,random_control,-1.0482215881347656,-1.2681081295013428,-1.0126131772994995,-1.3580310344696045,7386
qwen3.5-27b_20260823_223518,baseline,4,32,value_axis,-0.9518304467201233,-4.226266860961914,-6.526747226715088,-4.591490268707275,7396
qwen3.5-27b_20260823_223518,baseline,4,32,random_control,-0.3838730454444885,-0.006726082880049944,0.030759084969758987,0.17159490287303925,7396
qwen3.5-27b_20260823_223518,baseline,4,24,value_axis,-6.816487789154053,-9.462403297424316,-11.726899147033691,-9.780628204345703,7396
qwen3.5-27b_20260823_223518,baseline,4,24,random_control,0.5659583210945129,0.4517833888530731,0.38597267866134644,0.383991539478302,7396
qwen3.5-27b_20260823_223518,baseline,4,40,value_axis,15.288633346557617,12.728316307067871,9.11047649383545,12.854623794555664,7396
qwen3.5-27b_20260823_223518,baseline,4,40,random_control,-1.0482215881347656,-1.1842923164367676,-1.0785239934921265,-1.3472540378570557,7396
qwen3.5-27b_20260823_223518,baseline,5,32,value_axis,-0.9518304467201233,-4.271815776824951,-5.12764835357666,-3.3688290119171143,7308
qwen3.5-27b_20260823_223518,baseline,5,32,random_control,-0.3838730454444885,-0.04097055271267891,-0.02222910337150097,-0.10724807530641556,7308
qwen3.5-27b_20260823_223518,baseline,5,24,value_axis,-6.816487789154053,-9.437202453613281,-11.17708969116211,-8.758042335510254,7308
qwen3.5-27b_20260823_223518,baseline,5,24,random_control,0.5659583210945129,0.462677538394928,0.45415741205215454,0.45275548100471497,7308
qwen3.5-27b_20260823_223518,baseline,5,40,value_axis,15.288633346557617,12.555912971496582,11.372631072998047,14.358677864074707,7308
qwen3.5-27b_20260823_223518,baseline,5,40,random_control,-1.0482215881347656,-1.2066802978515625,-1.2235609292984009,-1.2626824378967285,7308
qwen3.5-27b_20260823_223518,baseline,6,32,value_axis,-0.9518304467201233,-4.3233561515808105,-6.709904193878174,-2.3683648109436035,7149
qwen3.5-27b_20260823_223518,baseline,6,32,random_control,-0.3838730454444885,-0.0005204668850637972,-0.05079576373100281,-0.06176489219069481,7149
qwen3.5-27b_20260823_223518,baseline,6,24,value_axis,-6.816487789154053,-9.632512092590332,-12.045546531677246,-8.124000549316406,7149
qwen3.5-27b_20260823_223518,baseline,6,24,random_control,0.5659583210945129,0.476164311170578,0.4542936682701111,0.5008296370506287,7149
qwen3.5-27b_20260823_223518,baseline,6,40,value_axis,15.288633346557617,12.831014633178711,8.915465354919434,15.77481460571289,7149
qwen3.5-27b_20260823_223518,baseline,6,40,random_control,-1.0482215881347656,-1.2494251728057861,-1.200363039970398,-1.1341270208358765,7149
qwen3.5-27b_20260823_223518,baseline,7,32,value_axis,-0.9518304467201233,-4.198387145996094,-5.829855442047119,-2.8237645626068115,7856
qwen3.5-27b_20260823_223518,baseline,7,32,random_control,-0.3838730454444885,0.0056607890874147415,0.0051600695587694645,0.004542205482721329,7856
qwen3.5-27b_20260823_223518,baseline,7,24,value_axis,-6.816487789154053,-9.53304386138916,-11.71249771118164,-8.216530799865723,7856
qwen3.5-27b_20260823_223518,baseline,7,24,random_control,0.5659583210945129,0.4792901277542114,0.33841490745544434,0.4850536584854126,7856
qwen3.5-27b_20260823_223518,baseline,7,40,value_axis,15.288633346557617,12.991456985473633,10.676565170288086,14.095890998840332,7856
qwen3.5-27b_20260823_223518,baseline,7,40,random_control,-1.0482215881347656,-1.260158896446228,-1.186546802520752,-1.1374119520187378,7856
qwen3.5-27b_20260823_223518,baseline,8,32,value_axis,-0.9518280029296875,-4.1771321296691895,-6.417330265045166,-2.492140054702759,9259
qwen3.5-27b_20260823_223518,baseline,8,32,random_control,-0.3838731050491333,0.02178252674639225,0.04357999935746193,0.028605705127120018,9259
qwen3.5-27b_20260823_223518,baseline,8,24,value_axis,-6.816493034362793,-9.47391414642334,-11.729039192199707,-8.20875358581543,9259
qwen3.5-27b_20260823_223518,baseline,8,24,random_control,0.5659584403038025,0.4645571708679199,0.391764372587204,0.4860205054283142,9259
qwen3.5-27b_20260823_223518,baseline,8,40,value_axis,15.288623809814453,12.89205265045166,9.13721752166748,15.689072608947754,9259
qwen3.5-27b_20260823_223518,baseline,8,40,random_control,-1.0482203960418701,-1.2437747716903687,-1.112655520439148,-1.248757004737854,9259
qwen3.5-27b_20260823_223518,baseline,9,32,value_axis,-0.9518280029296875,-4.215460777282715,-5.91455078125,-2.3807361125946045,9708
qwen3.5-27b_20260823_223518,baseline,9,32,random_control,-0.3838731050491333,0.045146241784095764,0.06118251010775566,0.07949379086494446,9708
qwen3.5-27b_20260823_223518,baseline,9,24,value_axis,-6.816493034362793,-9.575126647949219,-11.508227348327637,-8.363533973693848,9708
qwen3.5-27b_20260823_223518,baseline,9,24,random_control,0.5659584403038025,0.4566049873828888,0.386474072933197,0.4803781509399414,9708
qwen3.5-27b_20260823_223518,baseline,9,40,value_axis,15.288623809814453,13.056052207946777,10.298935890197754,16.26849365234375,9708
qwen3.5-27b_20260823_223518,baseline,9,40,random_control,-1.0482203960418701,-1.260994791984558,-1.0252127647399902,-1.3698481321334839,9708
qwen3.5-27b_20260823_223518,baseline,10,32,value_axis,-0.9518304467201233,-4.0039472579956055,-6.001173496246338,-2.503939628601074,8103
qwen3.5-27b_20260823_223518,baseline,10,32,random_control,-0.3838730454444885,0.022587673738598824,-0.03398161008954048,0.03870178014039993,8103
qwen3.5-27b_20260823_223518,baseline,10,24,value_axis,-6.816487789154053,-9.492937088012695,-11.788159370422363,-8.368111610412598,8103
qwen3.5-27b_20260823_223518,baseline,10,24,random_control,0.5659583210945129,0.4711298644542694,0.40212318301200867,0.5367636680603027,8103
qwen3.5-27b_20260823_223518,baseline,10,40,value_axis,15.288633346557617,13.497429847717285,10.37854290008545,16.170650482177734,8103
qwen3.5-27b_20260823_223518,baseline,10,40,random_control,-1.0482215881347656,-1.2324138879776,-1.0776458978652954,-1.176902174949646,8103
qwen3.5-27b_20260823_223518,baseline,11,32,value_axis,-0.9518304467201233,-4.241913795471191,-6.108299732208252,-3.3134772777557373,8076
qwen3.5-27b_20260823_223518,baseline,11,32,random_control,-0.3838730454444885,-0.007014306727796793,-0.05930641293525696,0.05642690509557724,8076
qwen3.5-27b_20260823_223518,baseline,11,24,value_axis,-6.816487789154053,-9.620060920715332,-11.715932846069336,-9.223573684692383,8076
qwen3.5-27b_20260823_223518,baseline,11,24,random_control,0.5659583210945129,0.4795513153076172,0.44367316365242004,0.5650250315666199,8076
qwen3.5-27b_20260823_223518,baseline,11,40,value_axis,15.288633346557617,12.946436882019043,9.93234634399414,14.853729248046875,8076
qwen3.5-27b_20260823_223518,baseline,11,40,random_control,-1.0482215881347656,-1.2897239923477173,-0.9828709363937378,-1.3617675304412842,8076
qwen3.5-27b_20260823_223518,baseline,12,32,value_axis,-0.9518280029296875,-3.8611679077148438,-6.07990837097168,-2.3675320148468018,8349
qwen3.5-27b_20260823_223518,baseline,12,32,random_control,-0.3838730752468109,-0.020213836804032326,-0.031239543110132217,-0.07915820926427841,8349
qwen3.5-27b_20260823_223518,baseline,12,24,value_axis,-6.816493034362793,-9.332076072692871,-11.918661117553711,-8.199902534484863,8349
qwen3.5-27b_20260823_223518,baseline,12,24,random_control,0.5659584403038025,0.49081090092658997,0.38705241680145264,0.5220577120780945,8349
qwen3.5-27b_20260823_223518,baseline,12,40,value_axis,15.28862476348877,13.52639389038086,10.202178001403809,15.698053359985352,8349
qwen3.5-27b_20260823_223518,baseline,12,40,random_control,-1.0482203960418701,-1.2738847732543945,-1.109724998474121,-1.1700843572616577,8349
qwen3.5-27b_20260823_223518,baseline,13,32,value_axis,-0.9518296718597412,-4.363788604736328,-5.612357139587402,-2.6558709144592285,10338
qwen3.5-27b_20260823_223518,baseline,13,32,random_control,-0.3838728666305542,-0.004740308504551649,0.09239888936281204,0.08440376073122025,10338
qwen3.5-27b_20260823_223518,baseline,13,24,value_axis,-6.816488265991211,-9.49006175994873,-11.300854682922363,-8.254080772399902,10338
qwen3.5-27b_20260823_223518,baseline,13,24,random_control,0.5659583210945129,0.4702659547328949,0.4202369749546051,0.4566102921962738,10338
qwen3.5-27b_20260823_223518,baseline,13,40,value_axis,15.288619995117188,12.477583885192871,10.662487983703613,15.3599271774292,10338
qwen3.5-27b_20260823_223518,baseline,13,40,random_control,-1.0482219457626343,-1.2536052465438843,-1.1433284282684326,-1.4040292501449585,10338
qwen3.5-27b_20260823_223518,baseline,14,32,value_axis,-0.9518304467201233,-3.994140863418579,-5.772243499755859,-2.555858850479126,7595
qwen3.5-27b_20260823_223518,baseline,14,32,random_control,-0.3838730454444885,0.0025027431547641754,0.025926774367690086,-0.0040918076410889626,7595
qwen3.5-27b_20260823_223518,baseline,14,24,value_axis,-6.816487789154053,-9.433760643005371,-11.56781005859375,-8.532033920288086,7595
qwen3.5-27b_20260823_223518,baseline,14,24,random_control,0.5659583210945129,0.487710177898407,0.44710013270378113,0.47395774722099304,7595
qwen3.5-27b_20260823_223518,baseline,14,40,value_axis,15.288633346557617,13.32580852508545,10.91406536102295,15.907797813415527,7595
qwen3.5-27b_20260823_223518,baseline,14,40,random_control,-1.0482215881347656,-1.2953845262527466,-1.1015956401824951,-1.1863608360290527,7595
qwen3.5-27b_20260823_223518,baseline,15,32,value_axis,-0.9518280029296875,-4.045670509338379,-5.37384033203125,-3.717317581176758,8774
qwen3.5-27b_20260823_223518,baseline,15,32,random_control,-0.3838730752468109,0.016555702313780785,0.0027107237838208675,0.08642853796482086,8774
qwen3.5-27b_20260823_223518,baseline,15,24,value_axis,-6.816493034362793,-9.448311805725098,-11.398207664489746,-9.426517486572266,8774
qwen3.5-27b_20260823_223518,baseline,15,24,random_control,0.5659584403038025,0.4532199501991272,0.3799980580806732,0.5002286434173584,8774
qwen3.5-27b_20260823_223518,baseline,15,40,value_axis,15.28862476348877,13.285805702209473,11.363054275512695,14.476205825805664,8774
qwen3.5-27b_20260823_223518,baseline,15,40,random_control,-1.0482203960418701,-1.2502939701080322,-1.0996201038360596,-1.026258111000061,8774
qwen3.5-27b_20260823_223518,baseline,16,32,value_axis,-0.9518304467201233,-4.20855188369751,-4.954470157623291,-3.349879741668701,7280
qwen3.5-27b_20260823_223518,baseline,16,32,random_control,-0.3838730454444885,0.02461106888949871,-0.032511621713638306,0.0847800076007843,7280
qwen3.5-27b_20260823_223518,baseline,16,24,value_axis,-6.816487789154053,-9.59852123260498,-11.193861961364746,-8.925846099853516,7280
qwen3.5-27b_20260823_223518,baseline,16,24,random_control,0.5659583210945129,0.478694349527359,0.4763195812702179,0.46455642580986023,7280
qwen3.5-27b_20260823_223518,baseline,16,40,value_axis,15.288633346557617,13.206377029418945,12.172257423400879,15.070438385009766,7280
qwen3.5-27b_20260823_223518,baseline,16,40,random_control,-1.0482215881347656,-1.3484623432159424,-1.0818153619766235,-1.477176547050476,7280
qwen3.5-27b_20260823_223518,baseline,17,32,value_axis,-0.9736709594726562,-5.864375591278076,-6.977408409118652,-4.105424880981445,2413
qwen3.5-27b_20260823_223518,baseline,17,32,random_control,-0.37677305936813354,0.0035307221114635468,-0.010417675599455833,-0.041605569422245026,2413
qwen3.5-27b_20260823_223518,baseline,17,24,value_axis,-6.843349456787109,-10.74950122833252,-12.156254768371582,-9.570101737976074,2413
qwen3.5-27b_20260823_223518,baseline,17,24,random_control,0.5770305395126343,0.4573266804218292,0.4398861229419708,0.4693630337715149,2413
qwen3.5-27b_20260823_223518,baseline,17,40,value_axis,15.245105743408203,10.22788143157959,8.662734031677246,12.856893539428711,2413
qwen3.5-27b_20260823_223518,baseline,17,40,random_control,-1.036003828048706,-1.3242177963256836,-1.1460257768630981,-1.1253584623336792,2413
qwen3.5-27b_20260823_223518,baseline,18,32,value_axis,-0.9518280029296875,-3.8969998359680176,-6.272958755493164,-3.576416254043579,9308
qwen3.5-27b_20260823_223518,baseline,18,32,random_control,-0.3838731050491333,0.021951183676719666,-0.0617840476334095,0.014092708006501198,9308
qwen3.5-27b_20260823_223518,baseline,18,24,value_axis,-6.816493034362793,-9.369290351867676,-11.904324531555176,-8.445197105407715,9308
qwen3.5-27b_20260823_223518,baseline,18,24,random_control,0.5659584403038025,0.48210597038269043,0.42109519243240356,0.4646693468093872,9308
qwen3.5-27b_20260823_223518,baseline,18,40,value_axis,15.288623809814453,13.71844482421875,9.792084693908691,13.619965553283691,9308
qwen3.5-27b_20260823_223518,baseline,18,40,random_control,-1.0482203960418701,-1.3138940334320068,-1.1456336975097656,-1.440852403640747,9308
qwen3.5-27b_20260823_223518,baseline,19,32,value_axis,-0.9518296718597412,-4.238090515136719,-6.376177787780762,-2.6447556018829346,11716
qwen3.5-27b_20260823_223518,baseline,19,32,random_control,-0.3838728666305542,0.020972874015569687,0.1189352348446846,0.012601995840668678,11716
qwen3.5-27b_20260823_223518,baseline,19,24,value_axis,-6.816488265991211,-9.431010246276855,-11.684211730957031,-8.375728607177734,11716
qwen3.5-27b_20260823_223518,baseline,19,24,random_control,0.5659583210945129,0.46490177512168884,0.36028802394866943,0.4546477496623993,11716
qwen3.5-27b_20260823_223518,baseline,19,40,value_axis,15.288619995117188,12.960018157958984,9.77047061920166,15.599281311035156,11716
qwen3.5-27b_20260823_223518,baseline,19,40,random_control,-1.0482219457626343,-1.2761919498443604,-1.0181492567062378,-1.2636628150939941,11716
qwen3.5-27b_20260823_223518,baseline,20,32,value_axis,-0.9518304467201233,-4.183966636657715,-6.305305004119873,-3.3582522869110107,7619
qwen3.5-27b_20260823_223518,baseline,20,32,random_control,-0.3838730454444885,-0.05340149626135826,0.05049734190106392,-0.04824959114193916,7619
qwen3.5-27b_20260823_223518,baseline,20,24,value_axis,-6.816487789154053,-9.466459274291992,-11.70411491394043,-9.097628593444824,7619
qwen3.5-27b_20260823_223518,baseline,20,24,random_control,0.5659583210945129,0.48068395256996155,0.3872513473033905,0.48263609409332275,7619
qwen3.5-27b_20260823_223518,baseline,20,40,value_axis,15.288633346557617,12.776249885559082,9.611352920532227,14.872056007385254,7619
qwen3.5-27b_20260823_223518,baseline,20,40,random_control,-1.0482215881347656,-1.254469871520996,-1.0627156496047974,-1.4760544300079346,7619
qwen3.5-27b_20260823_223518,baseline,21,32,value_axis,-0.9518304467201233,-4.036257266998291,-5.379834175109863,-3.1899771690368652,8279
qwen3.5-27b_20260823_223518,baseline,21,32,random_control,-0.3838730454444885,-0.059083491563797,-0.06306350976228714,-0.054832082241773605,8279
qwen3.5-27b_20260823_223518,baseline,21,24,value_axis,-6.816487789154053,-9.335330963134766,-11.55272102355957,-8.860878944396973,8279
qwen3.5-27b_20260823_223518,baseline,21,24,random_control,0.5659583210945129,0.47634539008140564,0.43363648653030396,0.514657199382782,8279
qwen3.5-27b_20260823_223518,baseline,21,40,value_axis,15.288633346557617,12.974447250366211,11.086408615112305,15.238791465759277,8279
qwen3.5-27b_20260823_223518,baseline,21,40,random_control,-1.0482215881347656,-1.233513355255127,-1.0864230394363403,-1.4111945629119873,8279
qwen3.5-27b_20260823_223518,baseline,22,32,value_axis,-0.9518280029296875,-4.095162868499756,-7.190982818603516,-3.682790517807007,9290
qwen3.5-27b_20260823_223518,baseline,22,32,random_control,-0.3838731050491333,0.017914732918143272,-0.008630454540252686,-0.014376337639987469,9290
qwen3.5-27b_20260823_223518,baseline,22,24,value_axis,-6.816493034362793,-9.288031578063965,-12.2651948928833,-9.232824325561523,9290
qwen3.5-27b_20260823_223518,baseline,22,24,random_control,0.5659584403038025,0.4506656229496002,0.4267962574958801,0.5598518252372742,9290
qwen3.5-27b_20260823_223518,baseline,22,40,value_axis,15.288623809814453,13.031218528747559,8.719532012939453,14.566015243530273,9290
qwen3.5-27b_20260823_223518,baseline,22,40,random_control,-1.0482203960418701,-1.2588281631469727,-1.1114599704742432,-1.4396165609359741,9290
qwen3.5-27b_20260823_223518,baseline,23,32,value_axis,-0.9518280029296875,-3.971078395843506,-6.5377678871154785,-3.1088953018188477,9543
qwen3.5-27b_20260823_223518,baseline,23,32,random_control,-0.3838731050491333,0.025999896228313446,0.03494080528616905,0.06008962541818619,9543
qwen3.5-27b_20260823_223518,baseline,23,24,value_axis,-6.816493034362793,-9.280235290527344,-11.901557922363281,-8.88924789428711,9543
qwen3.5-27b_20260823_223518,baseline,23,24,random_control,0.5659584403038025,0.4769298732280731,0.33542895317077637,0.5236719250679016,9543
qwen3.5-27b_20260823_223518,baseline,23,40,value_axis,15.288623809814453,13.142073631286621,9.718453407287598,14.932687759399414,9543
qwen3.5-27b_20260823_223518,baseline,23,40,random_control,-1.0482203960418701,-1.2228869199752808,-1.1483708620071411,-1.32341730594635,9543
qwen3.5-27b_20260823_223518,baseline,24,32,value_axis,-0.9518280029296875,-4.127559661865234,-6.130552768707275,-2.9454240798950195,9379
qwen3.5-27b_20260823_223518,baseline,24,32,random_control,-0.3838731050491333,-0.006077904719859362,0.04584508016705513,0.036735232919454575,9379
qwen3.5-27b_20260823_223518,baseline,24,24,value_axis,-6.816493034362793,-9.341253280639648,-11.570984840393066,-8.207005500793457,9379
qwen3.5-27b_20260823_223518,baseline,24,24,random_control,0.5659584403038025,0.45508629083633423,0.37417906522750854,0.5012921690940857,9379
qwen3.5-27b_20260823_223518,baseline,24,40,value_axis,15.288623809814453,12.8264799118042,9.825504302978516,14.442270278930664,9379
qwen3.5-27b_20260823_223518,baseline,24,40,random_control,-1.0482203960418701,-1.197503685951233,-1.0757360458374023,-1.2249356508255005,9379
qwen3.5-27b_20260823_223518,baseline,25,32,value_axis,-0.9518304467201233,-4.207067966461182,-5.878326416015625,-2.5144169330596924,7063
qwen3.5-27b_20260823_223518,baseline,25,32,random_control,-0.3838730454444885,0.025613928213715553,0.03693218529224396,0.1513928472995758,7063
qwen3.5-27b_20260823_223518,baseline,25,24,value_axis,-6.816487789154053,-9.634955406188965,-11.542642593383789,-8.735674858093262,7063
qwen3.5-27b_20260823_223518,baseline,25,24,random_control,0.5659583210945129,0.4637134373188019,0.4276677072048187,0.5436205863952637,7063
qwen3.5-27b_20260823_223518,baseline,25,40,value_axis,15.288633346557617,13.087894439697266,10.169569969177246,16.10689353942871,7063
qwen3.5-27b_20260823_223518,baseline,25,40,random_control,-1.0482215881347656,-1.2744954824447632,-1.0669655799865723,-1.3600997924804688,7063
qwen3.5-27b_20260823_223518,baseline,26,32,value_axis,-0.9518280029296875,-4.273507118225098,-6.6289544105529785,-3.6142139434814453,9453
qwen3.5-27b_20260823_223518,baseline,26,32,random_control,-0.3838731050491333,0.023247728124260902,0.08966565132141113,0.0185816939920187,9453
qwen3.5-27b_20260823_223518,baseline,26,24,value_axis,-6.816493034362793,-9.56533432006836,-11.8749418258667,-9.529352188110352,9453
qwen3.5-27b_20260823_223518,baseline,26,24,random_control,0.5659584403038025,0.47076091170310974,0.3633594512939453,0.4423830509185791,9453
qwen3.5-27b_20260823_223518,baseline,26,40,value_axis,15.288623809814453,12.875874519348145,9.52473258972168,15.229043006896973,9453
qwen3.5-27b_20260823_223518,baseline,26,40,random_control,-1.0482203960418701,-1.2481178045272827,-1.0988404750823975,-1.4461746215820312,9453
qwen3.5-27b_20260823_223518,baseline,27,32,value_axis,-0.9518323540687561,-4.701244831085205,-6.357487678527832,-2.994382858276367,6173
qwen3.5-27b_20260823_223518,baseline,27,32,random_control,-0.3838728070259094,-0.020689064636826515,0.05905117094516754,-0.13797949254512787,6173
qwen3.5-27b_20260823_223518,baseline,27,24,value_axis,-6.816478252410889,-9.773324966430664,-11.731733322143555,-8.508831024169922,6173
qwen3.5-27b_20260823_223518,baseline,27,24,random_control,0.5659580230712891,0.447832852602005,0.3538452982902527,0.5532827377319336,6173
qwen3.5-27b_20260823_223518,baseline,27,40,value_axis,15.288622856140137,11.652276039123535,9.249458312988281,13.616833686828613,6173
qwen3.5-27b_20260823_223518,baseline,27,40,random_control,-1.048221468925476,-1.2053829431533813,-1.026383638381958,-1.0969314575195312,6173
qwen3.5-27b_20260823_223518,baseline,28,32,value_axis,-0.9518280029296875,-4.246811389923096,-6.070608615875244,-4.615734100341797,8547
qwen3.5-27b_20260823_223518,baseline,28,32,random_control,-0.3838730752468109,0.03558595851063728,0.02462123893201351,0.00612190505489707,8547
qwen3.5-27b_20260823_223518,baseline,28,24,value_axis,-6.816493034362793,-9.594110488891602,-11.582365989685059,-9.717325210571289,8547
qwen3.5-27b_20260823_223518,baseline,28,24,random_control,0.5659584403038025,0.4640073776245117,0.43294867873191833,0.5114243030548096,8547
qwen3.5-27b_20260823_223518,baseline,28,40,value_axis,15.28862476348877,12.924263000488281,10.298117637634277,12.411479949951172,8547
qwen3.5-27b_20260823_223518,baseline,28,40,random_control,-1.0482203960418701,-1.2377440929412842,-1.1267493963241577,-1.5230423212051392,8547
qwen3.5-27b_20260823_223518,baseline,29,32,value_axis,-0.9518296718597412,-4.239074230194092,-6.46108341217041,-3.1806774139404297,9971
qwen3.5-27b_20260823_223518,baseline,29,32,random_control,-0.3838728666305542,-0.019070584326982498,0.10719269514083862,-0.07581114768981934,9971
qwen3.5-27b_20260823_223518,baseline,29,24,value_axis,-6.816488265991211,-9.369473457336426,-11.669264793395996,-8.334013938903809,9971
qwen3.5-27b_20260823_223518,baseline,29,24,random_control,0.5659583210945129,0.46437323093414307,0.37761712074279785,0.4704773426055908,9971
qwen3.5-27b_20260823_223518,baseline,29,40,value_axis,15.288619995117188,12.625289916992188,9.58035659790039,13.921197891235352,9971
qwen3.5-27b_20260823_223518,baseline,29,40,random_control,-1.0482219457626343,-1.2325503826141357,-1.07865309715271,-1.1679338216781616,9971
qwen3.5-27b_20260823_223518,baseline,30,32,value_axis,-0.9518304467201233,-4.385599613189697,-5.953952789306641,-2.7850680351257324,8089
qwen3.5-27b_20260823_223518,baseline,30,32,random_control,-0.3838730454444885,0.036826908588409424,0.04221414402127266,0.025531496852636337,8089
qwen3.5-27b_20260823_223518,baseline,30,24,value_axis,-6.816487789154053,-9.589547157287598,-11.546648025512695,-8.51729965209961,8089
qwen3.5-27b_20260823_223518,baseline,30,24,random_control,0.5659583210945129,0.4522095024585724,0.35704970359802246,0.4796651005744934,8089
qwen3.5-27b_20260823_223518,baseline,30,40,value_axis,15.288633346557617,12.540868759155273,10.294391632080078,14.863791465759277,8089
qwen3.5-27b_20260823_223518,baseline,30,40,random_control,-1.0482215881347656,-1.2546977996826172,-1.1263710260391235,-1.2004574537277222,8089
qwen3.5-27b_20260823_223518,baseline,31,32,value_axis,-0.9518280029296875,-3.842177629470825,-5.803219795227051,-2.4745213985443115,8914
qwen3.5-27b_20260823_223518,baseline,31,32,random_control,-0.3838730752468109,-0.04507274553179741,0.0781073197722435,-0.15451553463935852,8914
qwen3.5-27b_20260823_223518,baseline,31,24,value_axis,-6.816493034362793,-9.202340126037598,-11.3031005859375,-8.397073745727539,8914
qwen3.5-27b_20260823_223518,baseline,31,24,random_control,0.5659584403038025,0.45946499705314636,0.37427452206611633,0.4743536412715912,8914
qwen3.5-27b_20260823_223518,baseline,31,40,value_axis,15.28862476348877,13.373309135437012,10.178322792053223,15.900527000427246,8914
qwen3.5-27b_20260823_223518,baseline,31,40,random_control,-1.0482203960418701,-1.2586357593536377,-1.1548454761505127,-1.2936277389526367,8914
qwen3.5-27b_20260823_223518,baseline,32,32,value_axis,-0.9518304467201233,-4.477130889892578,-5.0966668128967285,-2.0471014976501465,6869
qwen3.5-27b_20260823_223518,baseline,32,32,random_control,-0.3838730454444885,-0.014572358690202236,-0.021455302834510803,0.09145145118236542,6869
qwen3.5-27b_20260823_223518,baseline,32,24,value_axis,-6.816487789154053,-9.671241760253906,-11.349160194396973,-8.104636192321777,6869
qwen3.5-27b_20260823_223518,baseline,32,24,random_control,0.5659583210945129,0.460031121969223,0.4314727485179901,0.45055049657821655,6869
qwen3.5-27b_20260823_223518,baseline,32,40,value_axis,15.288633346557617,12.453445434570312,12.217573165893555,15.181057929992676,6869
qwen3.5-27b_20260823_223518,baseline,32,40,random_control,-1.0482215881347656,-1.263405680656433,-1.0845155715942383,-1.0768009424209595,6869
qwen3.5-27b_20260823_223518,baseline,33,32,value_axis,-0.9518304467201233,-4.069429874420166,-5.708410739898682,-2.797637939453125,7358
qwen3.5-27b_20260823_223518,baseline,33,32,random_control,-0.3838730454444885,-0.028385763987898827,-0.01564696989953518,0.08653075993061066,7358
qwen3.5-27b_20260823_223518,baseline,33,24,value_axis,-6.816487789154053,-9.414559364318848,-11.657099723815918,-8.648402214050293,7358
qwen3.5-27b_20260823_223518,baseline,33,24,random_control,0.5659583210945129,0.47769585251808167,0.3083283305168152,0.4904809892177582,7358
qwen3.5-27b_20260823_223518,baseline,33,40,value_axis,15.288633346557617,13.209885597229004,11.105876922607422,15.547950744628906,7358
qwen3.5-27b_20260823_223518,baseline,33,40,random_control,-1.0482215881347656,-1.2699822187423706,-1.1690977811813354,-1.25275456905365,7358
qwen3.5-27b_20260823_223518,baseline,34,32,value_axis,-0.9518280029296875,-4.005262851715088,-6.114232063293457,-2.1796789169311523,9721
qwen3.5-27b_20260823_223518,baseline,34,32,random_control,-0.3838731050491333,0.035969484597444534,0.07718805968761444,-0.0690845400094986,9721
qwen3.5-27b_20260823_223518,baseline,34,24,value_axis,-6.816493034362793,-9.464861869812012,-11.450300216674805,-8.040361404418945,9721
qwen3.5-27b_20260823_223518,baseline,34,24,random_control,0.5659584403038025,0.46317875385284424,0.33257415890693665,0.4571354389190674,9721
qwen3.5-27b_20260823_223518,baseline,34,40,value_axis,15.288623809814453,13.416646003723145,10.098194122314453,15.780617713928223,9721
qwen3.5-27b_20260823_223518,baseline,34,40,random_control,-1.0482203960418701,-1.2965317964553833,-1.0370336771011353,-1.216032862663269,9721
qwen3.5-27b_20260823_223518,baseline,35,32,value_axis,-0.9518304467201233,-4.211482524871826,-5.327908992767334,-2.5348007678985596,7045
qwen3.5-27b_20260823_223518,baseline,35,32,random_control,-0.3838730454444885,-0.010313344188034534,-0.010453376919031143,-0.005497829522937536,7045
qwen3.5-27b_20260823_223518,baseline,35,24,value_axis,-6.816487789154053,-9.564617156982422,-11.375785827636719,-8.732274055480957,7045
qwen3.5-27b_20260823_223518,baseline,35,24,random_control,0.5659583210945129,0.4655340015888214,0.39280328154563904,0.5067070722579956,7045
qwen3.5-27b_20260823_223518,baseline,35,40,value_axis,15.288633346557617,12.890249252319336,11.141347885131836,15.745741844177246,7045
qwen3.5-27b_20260823_223518,baseline,35,40,random_control,-1.0482215881347656,-1.24723482131958,-1.1091946363449097,-1.3710702657699585,7045
qwen3.5-27b_20260823_223518,baseline,36,32,value_axis,-0.9518296718597412,-3.924769639968872,-5.9737229347229,-2.5219244956970215,10179
qwen3.5-27b_20260823_223518,baseline,36,32,random_control,-0.3838728666305542,-0.002455003559589386,0.08313178271055222,-0.03556923195719719,10179
qwen3.5-27b_20260823_223518,baseline,36,24,value_axis,-6.816488265991211,-9.341378211975098,-11.459981918334961,-7.993314266204834,10179
qwen3.5-27b_20260823_223518,baseline,36,24,random_control,0.5659583210945129,0.48109763860702515,0.3606283664703369,0.4360208213329315,10179
qwen3.5-27b_20260823_223518,baseline,36,40,value_axis,15.288619995117188,13.404361724853516,9.752532005310059,15.131481170654297,10179
qwen3.5-27b_20260823_223518,baseline,36,40,random_control,-1.0482219457626343,-1.262121558189392,-1.03496515750885,-1.3069067001342773,10179
qwen3.5-27b_20260823_223518,baseline,37,32,value_axis,-0.9518304467201233,-4.5799241065979,-6.294970512390137,-3.5496914386749268,8041
qwen3.5-27b_20260823_223518,baseline,37,32,random_control,-0.3838730454444885,-0.03207586705684662,-0.04247067868709564,-0.07108018547296524,8041
qwen3.5-27b_20260823_223518,baseline,37,24,value_axis,-6.816487789154053,-9.624932289123535,-11.676687240600586,-8.75719928741455,8041
qwen3.5-27b_20260823_223518,baseline,37,24,random_control,0.5659583210945129,0.4503725469112396,0.4318166673183441,0.4940229654312134,8041
qwen3.5-27b_20260823_223518,baseline,37,40,value_axis,15.288633346557617,11.924962997436523,9.616889953613281,13.65954875946045,8041
qwen3.5-27b_20260823_223518,baseline,37,40,random_control,-1.0482215881347656,-1.236248254776001,-1.0574992895126343,-1.3925046920776367,8041
qwen3.5-27b_20260823_223518,baseline,38,32,value_axis,-0.9518280029296875,-4.436529159545898,-6.338736057281494,-3.0067620277404785,9059
qwen3.5-27b_20260823_223518,baseline,38,32,random_control,-0.3838730752468109,-0.01930704154074192,0.11826712638139725,0.12551403045654297,9059
qwen3.5-27b_20260823_223518,baseline,38,24,value_axis,-6.816493034362793,-9.668869972229004,-11.731144905090332,-8.6542387008667,9059
qwen3.5-27b_20260823_223518,baseline,38,24,random_control,0.5659584403038025,0.49149057269096375,0.34483757615089417,0.4885270595550537,9059
qwen3.5-27b_20260823_223518,baseline,38,40,value_axis,15.28862476348877,12.71087646484375,9.851808547973633,15.227522850036621,9059
qwen3.5-27b_20260823_223518,baseline,38,40,random_control,-1.0482203960418701,-1.2846611738204956,-1.1262633800506592,-1.2515143156051636,9059
qwen3.5-27b_20260823_223518,baseline,39,32,value_axis,-0.9518296718597412,-4.1579437255859375,-5.780673980712891,-3.3900716304779053,11250
qwen3.5-27b_20260823_223518,baseline,39,32,random_control,-0.3838728666305542,0.0023345202207565308,0.050665173679590225,0.12016832083463669,11250
qwen3.5-27b_20260823_223518,baseline,39,24,value_axis,-6.816488265991211,-9.379215240478516,-11.472922325134277,-9.196372985839844,11250
qwen3.5-27b_20260823_223518,baseline,39,24,random_control,0.5659583210945129,0.4650532901287079,0.39409342408180237,0.4913208782672882,11250
qwen3.5-27b_20260823_223518,baseline,39,40,value_axis,15.288619995117188,12.755006790161133,10.445080757141113,15.129351615905762,11250
qwen3.5-27b_20260823_223518,baseline,39,40,random_control,-1.0482219457626343,-1.2581162452697754,-1.0862879753112793,-1.4964364767074585,11250
qwen3.5-27b_20260823_223518,baseline,40,32,value_axis,-0.9518296718597412,-4.229714870452881,-4.979610443115234,-4.193749904632568,10578
qwen3.5-27b_20260823_223518,baseline,40,32,random_control,-0.3838728666305542,0.0255898404866457,-0.02368921972811222,0.2859068810939789,10578
qwen3.5-27b_20260823_223518,baseline,40,24,value_axis,-6.816488265991211,-9.430848121643066,-11.08836555480957,-9.895185470581055,10578
qwen3.5-27b_20260823_223518,baseline,40,24,random_control,0.5659583210945129,0.4659551978111267,0.4682420492172241,0.4072224497795105,10578
qwen3.5-27b_20260823_223518,baseline,40,40,value_axis,15.288619995117188,12.789820671081543,11.926800727844238,14.314409255981445,10578
qwen3.5-27b_20260823_223518,baseline,40,40,random_control,-1.0482219457626343,-1.2626981735229492,-1.1142678260803223,-1.4871712923049927,10578
qwen3.5-27b_20260823_223518,baseline,41,32,value_axis,-0.9518296718597412,-4.4566826820373535,-6.0944061279296875,-3.2225821018218994,10685
qwen3.5-27b_20260823_223518,baseline,41,32,random_control,-0.3838728666305542,0.06365698575973511,0.06077044457197189,0.02123136818408966,10685
qwen3.5-27b_20260823_223518,baseline,41,24,value_axis,-6.816488265991211,-9.610386848449707,-11.51439094543457,-8.960474014282227,10685
qwen3.5-27b_20260823_223518,baseline,41,24,random_control,0.5659583210945129,0.4426632225513458,0.32826846837997437,0.4837597608566284,10685
qwen3.5-27b_20260823_223518,baseline,41,40,value_axis,15.288619995117188,12.522135734558105,10.034914016723633,15.44540023803711,10685
qwen3.5-27b_20260823_223518,baseline,41,40,random_control,-1.0482219457626343,-1.2370926141738892,-1.211617112159729,-1.2160794734954834,10685
qwen3.5-27b_20260823_223518,baseline,42,32,value_axis,-0.9518304467201233,-4.43205451965332,-6.537586688995361,-1.9148516654968262,7720
qwen3.5-27b_20260823_223518,baseline,42,32,random_control,-0.3838730454444885,0.01736895926296711,0.06132860109210014,0.1145620346069336,7720
qwen3.5-27b_20260823_223518,baseline,42,24,value_axis,-6.816487789154053,-9.60091495513916,-11.778467178344727,-7.8843994140625,7720
qwen3.5-27b_20260823_223518,baseline,42,24,random_control,0.5659583210945129,0.45526358485221863,0.39106476306915283,0.49888062477111816,7720
qwen3.5-27b_20260823_223518,baseline,42,40,value_axis,15.288633346557617,12.522435188293457,9.198833465576172,16.079065322875977,7720
qwen3.5-27b_20260823_223518,baseline,42,40,random_control,-1.0482215881347656,-1.2121485471725464,-1.0547086000442505,-1.1802706718444824,7720
qwen3.5-27b_20260823_223518,baseline,43,32,value_axis,-0.9518304467201233,-4.530343055725098,-6.114297866821289,-3.4185335636138916,7560
qwen3.5-27b_20260823_223518,baseline,43,32,random_control,-0.3838730454444885,-0.027053920552134514,0.023562271147966385,-0.03286971524357796,7560
qwen3.5-27b_20260823_223518,baseline,43,24,value_axis,-6.816487789154053,-9.69196605682373,-11.529528617858887,-8.613656997680664,7560
qwen3.5-27b_20260823_223518,baseline,43,24,random_control,0.5659583210945129,0.46534261107444763,0.40231332182884216,0.40749770402908325,7560
qwen3.5-27b_20260823_223518,baseline,43,40,value_axis,15.288633346557617,12.23275375366211,9.713180541992188,13.733747482299805,7560
qwen3.5-27b_20260823_223518,baseline,43,40,random_control,-1.0482215881347656,-1.2299307584762573,-1.001473069190979,-1.280043601989746,7560
qwen3.5-27b_20260823_223518,baseline,44,32,value_axis,-0.9518280029296875,-4.353445529937744,-5.702072620391846,-3.0447864532470703,9054
qwen3.5-27b_20260823_223518,baseline,44,32,random_control,-0.3838730752468109,-0.020721232518553734,0.00505120400339365,0.03224731981754303,9054
qwen3.5-27b_20260823_223518,baseline,44,24,value_axis,-6.816493034362793,-9.502421379089355,-11.257556915283203,-8.38573932647705,9054
qwen3.5-27b_20260823_223518,baseline,44,24,random_control,0.5659584403038025,0.48203518986701965,0.37810635566711426,0.5306701064109802,9054
qwen3.5-27b_20260823_223518,baseline,44,40,value_axis,15.28862476348877,12.567999839782715,10.249001502990723,14.86414909362793,9054
qwen3.5-27b_20260823_223518,baseline,44,40,random_control,-1.0482203960418701,-1.2380177974700928,-1.1216577291488647,-1.4250537157058716,9054
qwen3.5-27b_20260823_223518,baseline,45,32,value_axis,-0.9518280029296875,-4.224241256713867,-5.924349784851074,-2.0160934925079346,9034
qwen3.5-27b_20260823_223518,baseline,45,32,random_control,-0.3838730752468109,0.01382717676460743,-0.0014685761416330934,-0.050703372806310654,9034
qwen3.5-27b_20260823_223518,baseline,45,24,value_axis,-6.816493034362793,-9.491700172424316,-11.757477760314941,-8.026745796203613,9034
qwen3.5-27b_20260823_223518,baseline,45,24,random_control,0.5659584403038025,0.46410655975341797,0.40094003081321716,0.48197463154792786,9034
qwen3.5-27b_20260823_223518,baseline,45,40,value_axis,15.28862476348877,12.88321590423584,10.551295280456543,16.235525131225586,9034
qwen3.5-27b_20260823_223518,baseline,45,40,random_control,-1.0482203960418701,-1.2297637462615967,-1.1124321222305298,-1.1239560842514038,9034
qwen3.5-27b_20260823_223518,baseline,46,32,value_axis,-0.9518280029296875,-4.492560386657715,-6.560303211212158,-2.871490478515625,8947
qwen3.5-27b_20260823_223518,baseline,46,32,random_control,-0.3838730752468109,0.012009773403406143,0.0335438996553421,0.0455767922103405,8947
qwen3.5-27b_20260823_223518,baseline,46,24,value_axis,-6.816493034362793,-9.548434257507324,-11.827228546142578,-8.444622039794922,8947
qwen3.5-27b_20260823_223518,baseline,46,24,random_control,0.5659584403038025,0.45544499158859253,0.33980125188827515,0.43343138694763184,8947
qwen3.5-27b_20260823_223518,baseline,46,40,value_axis,15.28862476348877,12.14835262298584,9.429902076721191,14.68646240234375,8947
qwen3.5-27b_20260823_223518,baseline,46,40,random_control,-1.0482203960418701,-1.154861330986023,-1.165848731994629,-1.043776035308838,8947
qwen3.5-27b_20260823_223518,baseline,47,32,value_axis,-0.9518304467201233,-4.590734958648682,-6.4114179611206055,-2.508528709411621,6924
qwen3.5-27b_20260823_223518,baseline,47,32,random_control,-0.3838730454444885,0.005445912480354309,0.006806890945881605,0.017122924327850342,6924
qwen3.5-27b_20260823_223518,baseline,47,24,value_axis,-6.816487789154053,-9.8743896484375,-11.830561637878418,-8.868393898010254,6924
qwen3.5-27b_20260823_223518,baseline,47,24,random_control,0.5659583210945129,0.4587400257587433,0.36578720808029175,0.4841421842575073,6924
qwen3.5-27b_20260823_223518,baseline,47,40,value_axis,15.288633346557617,12.557594299316406,9.959563255310059,16.281251907348633,6924
qwen3.5-27b_20260823_223518,baseline,47,40,random_control,-1.0482215881347656,-1.2904235124588013,-1.1442755460739136,-1.239130973815918,6924
qwen3.5-27b_20260823_223518,baseline,48,32,value_axis,-0.9518296718597412,-4.14312744140625,-6.709272384643555,-3.3203084468841553,10330
qwen3.5-27b_20260823_223518,baseline,48,32,random_control,-0.3838728666305542,0.012426096014678478,0.047433119267225266,0.0032736945431679487,10330
qwen3.5-27b_20260823_223518,baseline,48,24,value_axis,-6.816488265991211,-9.374556541442871,-11.87409782409668,-8.805636405944824,10330
qwen3.5-27b_20260823_223518,baseline,48,24,random_control,0.5659583210945129,0.46349120140075684,0.3743651509284973,0.42800796031951904,10330
qwen3.5-27b_20260823_223518,baseline,48,40,value_axis,15.288619995117188,12.903522491455078,9.353759765625,14.49752426147461,10330
qwen3.5-27b_20260823_223518,baseline,48,40,random_control,-1.0482219457626343,-1.19496488571167,-1.20684015750885,-1.3332182168960571,10330
qwen3.5-27b_20260823_223518,baseline,49,32,value_axis,-0.9518296718597412,-4.1989288330078125,-6.086238861083984,-3.0035324096679688,10245
qwen3.5-27b_20260823_223518,baseline,49,32,random_control,-0.3838728666305542,0.025972098112106323,0.04328912869095802,-0.0006577468011528254,10245
qwen3.5-27b_20260823_223518,baseline,49,24,value_axis,-6.816488265991211,-9.47318172454834,-11.563584327697754,-9.055688858032227,10245
qwen3.5-27b_20260823_223518,baseline,49,24,random_control,0.5659583210945129,0.45323577523231506,0.3567471206188202,0.4721856415271759,10245
qwen3.5-27b_20260823_223518,baseline,49,40,value_axis,15.288619995117188,12.948469161987305,9.895179748535156,15.215751647949219,10245
qwen3.5-27b_20260823_223518,baseline,49,40,random_control,-1.0482219457626343,-1.2401337623596191,-1.1281030178070068,-1.288712978363037,10245
qwen3.5-27b_20260823_223518,baseline,50,32,value_axis,-0.9518304467201233,-4.049633979797363,-6.088446140289307,-2.636409282684326,7674
qwen3.5-27b_20260823_223518,baseline,50,32,random_control,-0.3838730454444885,-0.0069974870420992374,-0.004949903581291437,0.025726865977048874,7674
qwen3.5-27b_20260823_223518,baseline,50,24,value_axis,-6.816487789154053,-9.453112602233887,-11.803519248962402,-8.310745239257812,7674
qwen3.5-27b_20260823_223518,baseline,50,24,random_control,0.5659583210945129,0.4763336181640625,0.3589707911014557,0.4547921419143677,7674
qwen3.5-27b_20260823_223518,baseline,50,40,value_axis,15.288633346557617,13.260218620300293,10.088833808898926,15.03394889831543,7674
qwen3.5-27b_20260823_223518,baseline,50,40,random_control,-1.0482215881347656,-1.3172247409820557,-1.0891027450561523,-1.410645604133606,7674
qwen3.5-27b_20260823_223518,baseline,51,32,value_axis,-0.9518280029296875,-4.363155841827393,-6.051419734954834,-2.8794097900390625,9674
qwen3.5-27b_20260823_223518,baseline,51,32,random_control,-0.3838731050491333,0.04812690243124962,0.09639526158571243,0.008740260265767574,9674
qwen3.5-27b_20260823_223518,baseline,51,24,value_axis,-6.816493034362793,-9.57351303100586,-11.489392280578613,-8.456744194030762,9674
qwen3.5-27b_20260823_223518,baseline,51,24,random_control,0.5659584403038025,0.4739804267883301,0.3642972707748413,0.5316973924636841,9674
qwen3.5-27b_20260823_223518,baseline,51,40,value_axis,15.288623809814453,12.576547622680664,9.916999816894531,15.090031623840332,9674
qwen3.5-27b_20260823_223518,baseline,51,40,random_control,-1.0482203960418701,-1.2407723665237427,-1.1007992029190063,-1.3258248567581177,9674
qwen3.5-27b_20260823_223518,baseline,52,32,value_axis,-0.9518304467201233,-4.383250713348389,-7.1047163009643555,-2.2904012203216553,8326
qwen3.5-27b_20260823_223518,baseline,52,32,random_control,-0.3838730454444885,0.016315946355462074,0.02959877997636795,-0.012699267826974392,8326
qwen3.5-27b_20260823_223518,baseline,52,24,value_axis,-6.816487789154053,-9.632372856140137,-12.280370712280273,-7.970419883728027,8326
qwen3.5-27b_20260823_223518,baseline,52,24,random_control,0.5659583210945129,0.46315014362335205,0.4556650221347809,0.49042555689811707,8326
qwen3.5-27b_20260823_223518,baseline,52,40,value_axis,15.288633346557617,12.671992301940918,8.501784324645996,15.234506607055664,8326
qwen3.5-27b_20260823_223518,baseline,52,40,random_control,-1.0482215881347656,-1.2843520641326904,-1.123852252960205,-1.281888723373413,8326
qwen3.5-27b_20260823_223518,baseline,53,32,value_axis,-0.9518280029296875,-4.146880149841309,-6.424994468688965,-3.0175998210906982,9612
qwen3.5-27b_20260823_223518,baseline,53,32,random_control,-0.3838731050491333,0.013275009579956532,0.047595929354429245,-0.003413374535739422,9612
qwen3.5-27b_20260823_223518,baseline,53,24,value_axis,-6.816493034362793,-9.477890968322754,-11.767568588256836,-8.812203407287598,9612
qwen3.5-27b_20260823_223518,baseline,53,24,random_control,0.5659584403038025,0.45571738481521606,0.3592131733894348,0.45945608615875244,9612
qwen3.5-27b_20260823_223518,baseline,53,40,value_axis,15.288623809814453,13.123738288879395,9.646710395812988,15.4818696975708,9612
qwen3.5-27b_20260823_223518,baseline,53,40,random_control,-1.0482203960418701,-1.2345021963119507,-1.1209993362426758,-1.2056645154953003,9612
qwen3.5-27b_20260823_223518,baseline,54,32,value_axis,-0.9518296718597412,-4.463888168334961,-5.23244571685791,-3.876944065093994,10319
qwen3.5-27b_20260823_223518,baseline,54,32,random_control,-0.3838728666305542,0.006552484817802906,-0.05407337844371796,0.11085166782140732,10319
qwen3.5-27b_20260823_223518,baseline,54,24,value_axis,-6.816488265991211,-9.52191162109375,-11.27834701538086,-9.30298137664795,10319
qwen3.5-27b_20260823_223518,baseline,54,24,random_control,0.5659583210945129,0.45127686858177185,0.4380650222301483,0.3832458555698395,10319
qwen3.5-27b_20260823_223518,baseline,54,40,value_axis,15.288619995117188,12.390875816345215,11.106744766235352,14.239272117614746,10319
qwen3.5-27b_20260823_223518,baseline,54,40,random_control,-1.0482219457626343,-1.2164618968963623,-1.022141695022583,-1.4623864889144897,10319
qwen3.5-27b_20260823_223518,baseline,55,32,value_axis,-0.9518280029296875,-3.9110443592071533,-5.536605358123779,-2.1022346019744873,8472
qwen3.5-27b_20260823_223518,baseline,55,32,random_control,-0.3838730752468109,0.03201356530189514,0.017287859693169594,0.07254374772310257,8472
qwen3.5-27b_20260823_223518,baseline,55,24,value_axis,-6.816493034362793,-9.343729019165039,-11.461365699768066,-8.164743423461914,8472
qwen3.5-27b_20260823_223518,baseline,55,24,random_control,0.5659584403038025,0.4688732624053955,0.40607738494873047,0.5474780797958374,8472
qwen3.5-27b_20260823_223518,baseline,55,40,value_axis,15.28862476348877,13.527114868164062,11.17284870147705,16.342832565307617,8472
qwen3.5-27b_20260823_223518,baseline,55,40,random_control,-1.0482203960418701,-1.2916189432144165,-1.068779468536377,-1.2751171588897705,8472
qwen3.5-27b_20260823_223518,baseline,56,32,value_axis,-0.9518304467201233,-4.34419584274292,-5.635656356811523,-2.522569179534912,7604
qwen3.5-27b_20260823_223518,baseline,56,32,random_control,-0.3838730454444885,-0.01896282657980919,0.08266298472881317,-0.028105974197387695,7604
qwen3.5-27b_20260823_223518,baseline,56,24,value_axis,-6.816487789154053,-9.651626586914062,-11.295463562011719,-8.259958267211914,7604
qwen3.5-27b_20260823_223518,baseline,56,24,random_control,0.5659583210945129,0.4804968237876892,0.36239898204803467,0.49893859028816223,7604
qwen3.5-27b_20260823_223518,baseline,56,40,value_axis,15.288633346557617,12.65157699584961,10.845317840576172,15.57426643371582,7604
qwen3.5-27b_20260823_223518,baseline,56,40,random_control,-1.0482215881347656,-1.2214387655258179,-1.104987621307373,-1.4203195571899414,7604
qwen3.5-27b_20260823_223518,baseline,57,32,value_axis,-0.9518280029296875,-4.110036849975586,-5.988357067108154,-3.015942335128784,9483
qwen3.5-27b_20260823_223518,baseline,57,32,random_control,-0.3838731050491333,0.04481042921543121,0.02944856695830822,0.08949708938598633,9483
qwen3.5-27b_20260823_223518,baseline,57,24,value_axis,-6.816493034362793,-9.466873168945312,-11.803343772888184,-8.955028533935547,9483
qwen3.5-27b_20260823_223518,baseline,57,24,random_control,0.5659584403038025,0.45955008268356323,0.3858954906463623,0.42692962288856506,9483
qwen3.5-27b_20260823_223518,baseline,57,40,value_axis,15.288623809814453,13.13530445098877,10.618500709533691,15.5118408203125,9483
qwen3.5-27b_20260823_223518,baseline,57,40,random_control,-1.0482203960418701,-1.2868891954421997,-1.101609230041504,-1.401982069015503,9483
qwen3.5-27b_20260823_223518,baseline,58,32,value_axis,-0.9518304467201233,-4.443072319030762,-6.848065376281738,-3.094698905944824,8161
qwen3.5-27b_20260823_223518,baseline,58,32,random_control,-0.3838730454444885,-0.00837567076086998,0.03101198747754097,-0.04859725013375282,8161
qwen3.5-27b_20260823_223518,baseline,58,24,value_axis,-6.816487789154053,-9.661248207092285,-12.030879020690918,-8.310216903686523,8161
qwen3.5-27b_20260823_223518,baseline,58,24,random_control,0.5659583210945129,0.46647799015045166,0.40234658122062683,0.5119949579238892,8161
qwen3.5-27b_20260823_223518,baseline,58,40,value_axis,15.288633346557617,12.656280517578125,8.94063663482666,14.40198040008545,8161
qwen3.5-27b_20260823_223518,baseline,58,40,random_control,-1.0482215881347656,-1.2825819253921509,-1.081076741218567,-1.3863158226013184,8161
qwen3.5-27b_20260823_223518,baseline,59,32,value_axis,-0.9518280029296875,-4.0218186378479,-6.240462779998779,-3.044656753540039,9368
qwen3.5-27b_20260823_223518,baseline,59,32,random_control,-0.3838731050491333,0.029504237696528435,0.06274585425853729,-0.017451243475079536,9368
qwen3.5-27b_20260823_223518,baseline,59,24,value_axis,-6.816493034362793,-9.32894515991211,-11.62781047821045,-8.520535469055176,9368
qwen3.5-27b_20260823_223518,baseline,59,24,random_control,0.5659584403038025,0.4747307300567627,0.3449632227420807,0.5035370588302612,9368
qwen3.5-27b_20260823_223518,baseline,59,40,value_axis,15.288623809814453,13.095175743103027,9.922640800476074,13.899508476257324,9368
qwen3.5-27b_20260823_223518,baseline,59,40,random_control,-1.0482203960418701,-1.215457797050476,-1.1724430322647095,-1.1311540603637695,9368
qwen3.5-27b_20260823_223518,baseline,60,32,value_axis,-0.9518296718597412,-4.414173126220703,-7.160853385925293,-2.709991693496704,10927
qwen3.5-27b_20260823_223518,baseline,60,32,random_control,-0.3838728666305542,0.03181513398885727,0.019736669957637787,-0.008900961838662624,10927
qwen3.5-27b_20260823_223518,baseline,60,24,value_axis,-6.816488265991211,-9.568188667297363,-12.239492416381836,-8.181964874267578,10927
qwen3.5-27b_20260823_223518,baseline,60,24,random_control,0.5659583210945129,0.46482977271080017,0.3854650855064392,0.4909397065639496,10927
qwen3.5-27b_20260823_223518,baseline,60,40,value_axis,15.288619995117188,12.608810424804688,8.469781875610352,14.557656288146973,10927
qwen3.5-27b_20260823_223518,baseline,60,40,random_control,-1.0482219457626343,-1.2966448068618774,-1.0489460229873657,-1.1179063320159912,10927
qwen3.5-27b_20260823_223518,baseline,61,32,value_axis,-0.9518280029296875,-4.097641944885254,-5.675229549407959,-2.361680030822754,8641
qwen3.5-27b_20260823_223518,baseline,61,32,random_control,-0.3838730752468109,0.023874545469880104,0.11603197455406189,0.0997910127043724,8641
qwen3.5-27b_20260823_223518,baseline,61,24,value_axis,-6.816493034362793,-9.423272132873535,-11.26954460144043,-8.226994514465332,8641
qwen3.5-27b_20260823_223518,baseline,61,24,random_control,0.5659584403038025,0.46656399965286255,0.3926376402378082,0.4528887867927551,8641
qwen3.5-27b_20260823_223518,baseline,61,40,value_axis,15.28862476348877,13.094321250915527,11.047342300415039,16.108654022216797,8641
qwen3.5-27b_20260823_223518,baseline,61,40,random_control,-1.0482203960418701,-1.2808598279953003,-1.1566916704177856,-1.215430498123169,8641
qwen3.5-27b_20260823_223518,baseline,62,32,value_axis,-0.9518280029296875,-4.412686824798584,-5.925113677978516,-3.3695082664489746,8991
qwen3.5-27b_20260823_223518,baseline,62,32,random_control,-0.3838730752468109,0.033082831650972366,0.04770950227975845,0.07157710939645767,8991
qwen3.5-27b_20260823_223518,baseline,62,24,value_axis,-6.816493034362793,-9.64022159576416,-11.412309646606445,-9.25164794921875,8991
qwen3.5-27b_20260823_223518,baseline,62,24,random_control,0.5659584403038025,0.44605302810668945,0.37617748975753784,0.44482994079589844,8991
qwen3.5-27b_20260823_223518,baseline,62,40,value_axis,15.28862476348877,12.62033748626709,10.265488624572754,14.879103660583496,8991
qwen3.5-27b_20260823_223518,baseline,62,40,random_control,-1.0482203960418701,-1.2455281019210815,-1.0795488357543945,-1.3285678625106812,8991
qwen3.5-27b_20260823_223518,baseline,63,32,value_axis,-0.9518296718597412,-4.449989318847656,-6.128502368927002,-4.222630500793457,10134
qwen3.5-27b_20260823_223518,baseline,63,32,random_control,-0.3838728666305542,-0.0496252216398716,0.06810202449560165,0.11324438452720642,10134
qwen3.5-27b_20260823_223518,baseline,63,24,value_axis,-6.816488265991211,-9.617691040039062,-11.585400581359863,-9.310135841369629,10134
qwen3.5-27b_20260823_223518,baseline,63,24,random_control,0.5659583210945129,0.4961662292480469,0.3763960897922516,0.36898162961006165,10134
qwen3.5-27b_20260823_223518,baseline,63,40,value_axis,15.288619995117188,12.45666790008545,9.722773551940918,13.53268814086914,10134
qwen3.5-27b_20260823_223518,baseline,63,40,random_control,-1.0482219457626343,-1.2414661645889282,-1.0861005783081055,-1.3535370826721191,10134
qwen3.5-27b_20260823_223518,baseline,64,32,value_axis,-0.9518296718597412,-4.326079368591309,-5.876883506774902,-3.7819159030914307,10305
qwen3.5-27b_20260823_223518,baseline,64,32,random_control,-0.3838728666305542,-0.054366592317819595,0.10234000533819199,0.11691398918628693,10305
qwen3.5-27b_20260823_223518,baseline,64,24,value_axis,-6.816488265991211,-9.46567440032959,-11.385886192321777,-9.464213371276855,10305
qwen3.5-27b_20260823_223518,baseline,64,24,random_control,0.5659583210945129,0.472005695104599,0.3666963279247284,0.378269225358963,10305
qwen3.5-27b_20260823_223518,baseline,64,40,value_axis,15.288619995117188,12.61262035369873,10.102163314819336,14.810810089111328,10305
qwen3.5-27b_20260823_223518,baseline,64,40,random_control,-1.0482219457626343,-1.256630778312683,-0.9975123405456543,-1.2611796855926514,10305
qwen3.5-27b_20260823_223518,baseline,65,32,value_axis,-0.9518296718597412,-4.392429351806641,-6.3684210777282715,-3.581070899963379,11297
qwen3.5-27b_20260823_223518,baseline,65,32,random_control,-0.3838728666305542,-0.0009764100541360676,0.051427211612463,-0.054891619831323624,11297
qwen3.5-27b_20260823_223518,baseline,65,24,value_axis,-6.816488265991211,-9.518717765808105,-11.670490264892578,-8.807877540588379,11297
qwen3.5-27b_20260823_223518,baseline,65,24,random_control,0.5659583210945129,0.47040480375289917,0.40349066257476807,0.4928339123725891,11297
qwen3.5-27b_20260823_223518,baseline,65,40,value_axis,15.288619995117188,12.509897232055664,9.31344223022461,13.270934104919434,11297
qwen3.5-27b_20260823_223518,baseline,65,40,random_control,-1.0482219457626343,-1.2745351791381836,-1.119136095046997,-1.3479331731796265,11297
qwen3.5-27b_20260823_223518,baseline,66,32,value_axis,-0.9518280029296875,-4.343591213226318,-6.0516533851623535,-2.3100383281707764,9386
qwen3.5-27b_20260823_223518,baseline,66,32,random_control,-0.3838731050491333,0.015313840471208096,0.04944576323032379,0.06930044293403625,9386
qwen3.5-27b_20260823_223518,baseline,66,24,value_axis,-6.816493034362793,-9.620140075683594,-11.399483680725098,-8.480566024780273,9386
qwen3.5-27b_20260823_223518,baseline,66,24,random_control,0.5659584403038025,0.4697381258010864,0.3743681013584137,0.578829824924469,9386
qwen3.5-27b_20260823_223518,baseline,66,40,value_axis,15.288623809814453,12.744322776794434,10.004049301147461,16.570993423461914,9386
qwen3.5-27b_20260823_223518,baseline,66,40,random_control,-1.0482203960418701,-1.2593315839767456,-1.1418017148971558,-1.2773114442825317,9386
qwen3.5-27b_20260823_223518,baseline,67,32,value_axis,-0.9518304467201233,-4.190550804138184,-6.261703014373779,-2.122650384902954,7240
qwen3.5-27b_20260823_223518,baseline,67,32,random_control,-0.3838730454444885,-0.02078627049922943,0.046182140707969666,-0.09165853261947632,7240
qwen3.5-27b_20260823_223518,baseline,67,24,value_axis,-6.816487789154053,-9.532835960388184,-12.128857612609863,-8.125842094421387,7240
qwen3.5-27b_20260823_223518,baseline,67,24,random_control,0.5659583210945129,0.49864107370376587,0.36858439445495605,0.5428532361984253,7240
qwen3.5-27b_20260823_223518,baseline,67,40,value_axis,15.288633346557617,13.077878952026367,9.987039566040039,16.437894821166992,7240
qwen3.5-27b_20260823_223518,baseline,67,40,random_control,-1.0482215881347656,-1.3373935222625732,-1.1001858711242676,-1.185326099395752,7240
qwen3.5-27b_20260823_223518,baseline,68,32,value_axis,-0.9518304467201233,-4.226637363433838,-6.164454460144043,-3.9181296825408936,7006
qwen3.5-27b_20260823_223518,baseline,68,32,random_control,-0.3838730454444885,-0.008449346758425236,-0.004261935129761696,0.04109428822994232,7006
qwen3.5-27b_20260823_223518,baseline,68,24,value_axis,-6.816487789154053,-9.557439804077148,-11.769878387451172,-8.872478485107422,7006
qwen3.5-27b_20260823_223518,baseline,68,24,random_control,0.5659583210945129,0.4572778046131134,0.35482048988342285,0.46082770824432373,7006
qwen3.5-27b_20260823_223518,baseline,68,40,value_axis,15.288633346557617,12.96842098236084,10.070037841796875,13.36903190612793,7006
qwen3.5-27b_20260823_223518,baseline,68,40,random_control,-1.0482215881347656,-1.2468793392181396,-1.1618890762329102,-1.3397787809371948,7006
qwen3.5-27b_20260823_223518,baseline,69,32,value_axis,-0.9518304467201233,-3.975446939468384,-6.248627185821533,-2.954551935195923,8175
qwen3.5-27b_20260823_223518,baseline,69,32,random_control,-0.3838730454444885,0.009736328385770321,0.004163083154708147,-0.01545390859246254,8175
qwen3.5-27b_20260823_223518,baseline,69,24,value_axis,-6.816487789154053,-9.222414016723633,-11.656166076660156,-8.98544692993164,8175
qwen3.5-27b_20260823_223518,baseline,69,24,random_control,0.5659583210945129,0.46306490898132324,0.44678202271461487,0.45843687653541565,8175
qwen3.5-27b_20260823_223518,baseline,69,40,value_axis,15.288633346557617,13.082716941833496,9.864116668701172,15.317216873168945,8175
qwen3.5-27b_20260823_223518,baseline,69,40,random_control,-1.0482215881347656,-1.2045680284500122,-1.1031955480575562,-1.229337215423584,8175
qwen3.5-27b_20260823_223518,baseline,70,32,value_axis,-0.9518304467201233,-4.021864891052246,-6.336909770965576,-3.2200560569763184,6877
qwen3.5-27b_20260823_223518,baseline,70,32,random_control,-0.3838730454444885,-0.022049760445952415,0.004664178937673569,-0.013257770799100399,6877
qwen3.5-27b_20260823_223518,baseline,70,24,value_axis,-6.816487789154053,-9.511054992675781,-12.045318603515625,-8.856074333190918,6877
qwen3.5-27b_20260823_223518,baseline,70,24,random_control,0.5659583210945129,0.4780775308609009,0.35483241081237793,0.48093315958976746,6877
qwen3.5-27b_20260823_223518,baseline,70,40,value_axis,15.288633346557617,13.33650016784668,9.94666862487793,14.759382247924805,6877
qwen3.5-27b_20260823_223518,baseline,70,40,random_control,-1.0482215881347656,-1.249422311782837,-1.0563701391220093,-1.1687874794006348,6877
qwen3.5-27b_20260823_223518,baseline,71,32,value_axis,-0.9518304467201233,-4.463085174560547,-6.154401779174805,-3.171276330947876,8250
qwen3.5-27b_20260823_223518,baseline,71,32,random_control,-0.3838730454444885,-0.015060598962008953,0.12222961336374283,-0.005764603149145842,8250
qwen3.5-27b_20260823_223518,baseline,71,24,value_axis,-6.816487789154053,-9.804940223693848,-11.496411323547363,-8.959083557128906,8250
qwen3.5-27b_20260823_223518,baseline,71,24,random_control,0.5659583210945129,0.47681963443756104,0.35101163387298584,0.489482045173645,8250
qwen3.5-27b_20260823_223518,baseline,71,40,value_axis,15.288633346557617,12.76041316986084,9.530778884887695,15.061213493347168,8250
qwen3.5-27b_20260823_223518,baseline,71,40,random_control,-1.0482215881347656,-1.2297427654266357,-1.063757061958313,-1.3755929470062256,8250
qwen3.5-27b_20260823_223518,baseline,72,32,value_axis,-0.9518280029296875,-4.261710166931152,-6.203281402587891,-2.8553247451782227,9359
qwen3.5-27b_20260823_223518,baseline,72,32,random_control,-0.3838731050491333,0.01984943076968193,0.06968437880277634,0.01140469778329134,9359
qwen3.5-27b_20260823_223518,baseline,72,24,value_axis,-6.816493034362793,-9.497900009155273,-11.605923652648926,-8.656214714050293,9359
qwen3.5-27b_20260823_223518,baseline,72,24,random_control,0.5659584403038025,0.4579935669898987,0.3311542272567749,0.41017571091651917,9359
qwen3.5-27b_20260823_223518,baseline,72,40,value_axis,15.288623809814453,12.75382137298584,9.717007637023926,15.258928298950195,9359
qwen3.5-27b_20260823_223518,baseline,72,40,random_control,-1.0482203960418701,-1.2567403316497803,-1.1237672567367554,-1.341578722000122,9359
qwen3.5-27b_20260823_223518,baseline,73,32,value_axis,-0.9518280029296875,-4.315485954284668,-6.626535415649414,-3.2241742610931396,9370
qwen3.5-27b_20260823_223518,baseline,73,32,random_control,-0.3838731050491333,0.008473080582916737,0.059809040278196335,-0.0024239157792180777,9370
qwen3.5-27b_20260823_223518,baseline,73,24,value_axis,-6.816493034362793,-9.594533920288086,-11.885445594787598,-8.813974380493164,9370
qwen3.5-27b_20260823_223518,baseline,73,24,random_control,0.5659584403038025,0.4780946671962738,0.3905581533908844,0.4667164981365204,9370
qwen3.5-27b_20260823_223518,baseline,73,40,value_axis,15.288623809814453,12.831910133361816,9.165124893188477,14.840239524841309,9370
qwen3.5-27b_20260823_223518,baseline,73,40,random_control,-1.0482203960418701,-1.2688473463058472,-1.006669044494629,-1.2261168956756592,9370
qwen3.5-27b_20260823_223518,baseline,74,32,value_axis,-0.9518304467201233,-4.45422887802124,-6.901388168334961,-3.1251909732818604,8317
qwen3.5-27b_20260823_223518,baseline,74,32,random_control,-0.3838730454444885,0.023896019905805588,-0.019611388444900513,-0.023892784491181374,8317
qwen3.5-27b_20260823_223518,baseline,74,24,value_axis,-6.816487789154053,-9.704364776611328,-12.066215515136719,-8.504454612731934,8317
qwen3.5-27b_20260823_223518,baseline,74,24,random_control,0.5659583210945129,0.48605236411094666,0.36948493123054504,0.5022168159484863,8317
qwen3.5-27b_20260823_223518,baseline,74,40,value_axis,15.288633346557617,12.671334266662598,8.798810005187988,14.821186065673828,8317
qwen3.5-27b_20260823_223518,baseline,74,40,random_control,-1.0482215881347656,-1.3023710250854492,-1.1317721605300903,-1.394747257232666,8317
qwen3.5-27b_20260823_223518,baseline,75,32,value_axis,-0.9518323540687561,-5.300369739532471,-7.130267143249512,-3.3558759689331055,5623
qwen3.5-27b_20260823_223518,baseline,75,32,random_control,-0.3838728070259094,0.02958001010119915,-0.011777553707361221,0.04504283517599106,5623
qwen3.5-27b_20260823_223518,baseline,75,24,value_axis,-6.816478252410889,-10.265376091003418,-12.300678253173828,-8.728992462158203,5623
qwen3.5-27b_20260823_223518,baseline,75,24,random_control,0.5659580230712891,0.4440804719924927,0.3214530944824219,0.503612756729126,5623
qwen3.5-27b_20260823_223518,baseline,75,40,value_axis,15.288622856140137,11.231829643249512,8.748739242553711,13.855493545532227,5623
qwen3.5-27b_20260823_223518,baseline,75,40,random_control,-1.048221468925476,-1.2135673761367798,-1.0546212196350098,-1.1608346700668335,5623
qwen3.5-27b_20260823_223518,baseline,76,32,value_axis,-0.9518280029296875,-4.6167378425598145,-5.824789047241211,-4.018064022064209,8551
qwen3.5-27b_20260823_223518,baseline,76,32,random_control,-0.3838730752468109,0.0065914965234696865,0.06372116506099701,0.0907595157623291,8551
qwen3.5-27b_20260823_223518,baseline,76,24,value_axis,-6.816493034362793,-9.769241333007812,-11.503321647644043,-9.179483413696289,8551
qwen3.5-27b_20260823_223518,baseline,76,24,random_control,0.5659584403038025,0.4723678231239319,0.39878392219543457,0.40686362981796265,8551
qwen3.5-27b_20260823_223518,baseline,76,40,value_axis,15.28862476348877,12.382516860961914,10.707629203796387,13.494709014892578,8551
qwen3.5-27b_20260823_223518,baseline,76,40,random_control,-1.0482203960418701,-1.2277778387069702,-1.032180905342102,-1.288446307182312,8551
qwen3.5-27b_20260823_223518,baseline,77,32,value_axis,-0.9518296718597412,-4.223835468292236,-6.024052619934082,-2.808387041091919,10563
qwen3.5-27b_20260823_223518,baseline,77,32,random_control,-0.3838728666305542,-0.022661328315734863,0.06450789421796799,0.017819685861468315,10563
qwen3.5-27b_20260823_223518,baseline,77,24,value_axis,-6.816488265991211,-9.400411605834961,-11.5046968460083,-8.403594017028809,10563
qwen3.5-27b_20260823_223518,baseline,77,24,random_control,0.5659583210945129,0.4803309142589569,0.4168694317340851,0.4838261902332306,10563
qwen3.5-27b_20260823_223518,baseline,77,40,value_axis,15.288619995117188,12.720293045043945,9.739606857299805,15.54849624633789,10563
qwen3.5-27b_20260823_223518,baseline,77,40,random_control,-1.0482219457626343,-1.2179664373397827,-1.0430041551589966,-1.3844228982925415,10563
qwen3.5-27b_20260823_223518,baseline,78,32,value_axis,-0.9518304467201233,-4.152636528015137,-6.646017074584961,-2.572610378265381,8042
qwen3.5-27b_20260823_223518,baseline,78,32,random_control,-0.3838730454444885,-0.008833964355289936,-0.025945644825696945,-0.004374031908810139,8042
qwen3.5-27b_20260823_223518,baseline,78,24,value_axis,-6.816487789154053,-9.4177827835083,-11.793517112731934,-8.374528884887695,8042
qwen3.5-27b_20260823_223518,baseline,78,24,random_control,0.5659583210945129,0.4583451449871063,0.41119271516799927,0.4892462193965912,8042
qwen3.5-27b_20260823_223518,baseline,78,40,value_axis,15.288633346557617,12.818643569946289,8.891312599182129,15.329401969909668,8042
qwen3.5-27b_20260823_223518,baseline,78,40,random_control,-1.0482215881347656,-1.1942729949951172,-1.0906169414520264,-1.27938711643219,8042
qwen3.5-27b_20260823_223518,baseline,79,32,value_axis,-0.9518304467201233,-4.292178153991699,-5.937075138092041,-3.19352650642395,7888
qwen3.5-27b_20260823_223518,baseline,79,32,random_control,-0.3838730454444885,-0.013182230293750763,0.003854383248835802,-0.09416660666465759,7888
qwen3.5-27b_20260823_223518,baseline,79,24,value_axis,-6.816487789154053,-9.534374237060547,-11.457304954528809,-8.72062873840332,7888
qwen3.5-27b_20260823_223518,baseline,79,24,random_control,0.5659583210945129,0.4687763750553131,0.4299671947956085,0.5388105511665344,7888
qwen3.5-27b_20260823_223518,baseline,79,40,value_axis,15.288633346557617,12.600482940673828,10.01650619506836,14.855216979980469,7888
qwen3.5-27b_20260823_223518,baseline,79,40,random_control,-1.0482215881347656,-1.1803483963012695,-1.1284836530685425,-1.3962482213974,7888
qwen3.5-27b_20260823_223518,baseline,80,32,value_axis,-0.9518280029296875,-3.9460792541503906,-6.5556321144104,-2.1539223194122314,8853
qwen3.5-27b_20260823_223518,baseline,80,32,random_control,-0.3838730752468109,-0.01081150770187378,-0.0768776684999466,-0.10356611013412476,8853
qwen3.5-27b_20260823_223518,baseline,80,24,value_axis,-6.816493034362793,-9.343424797058105,-12.0325927734375,-7.771678447723389,8853
qwen3.5-27b_20260823_223518,baseline,80,24,random_control,0.5659584403038025,0.47851380705833435,0.3913482427597046,0.507144033908844,8853
qwen3.5-27b_20260823_223518,baseline,80,40,value_axis,15.28862476348877,13.420754432678223,9.269925117492676,15.654411315917969,8853
qwen3.5-27b_20260823_223518,baseline,80,40,random_control,-1.0482203960418701,-1.277101755142212,-1.1647508144378662,-1.2024154663085938,8853
qwen3.5-27b_20260823_223518,baseline,81,32,value_axis,-0.9518296718597412,-4.179657459259033,-6.717093467712402,-2.5545341968536377,10661
qwen3.5-27b_20260823_223518,baseline,81,32,random_control,-0.3838728666305542,0.03301922604441643,-0.016098983585834503,-0.067378930747509,10661
qwen3.5-27b_20260823_223518,baseline,81,24,value_axis,-6.816488265991211,-9.446220397949219,-11.86509895324707,-8.266940116882324,10661
qwen3.5-27b_20260823_223518,baseline,81,24,random_control,0.5659583210945129,0.4353945553302765,0.3817022740840912,0.4253181219100952,10661
qwen3.5-27b_20260823_223518,baseline,81,40,value_axis,15.288619995117188,12.96345043182373,9.247588157653809,15.298527717590332,10661
qwen3.5-27b_20260823_223518,baseline,81,40,random_control,-1.0482219457626343,-1.1914550065994263,-1.1080336570739746,-1.1855489015579224,10661
qwen3.5-27b_20260823_223518,baseline,82,32,value_axis,-0.9518280029296875,-3.890972137451172,-6.141968250274658,-2.4518702030181885,9475
qwen3.5-27b_20260823_223518,baseline,82,32,random_control,-0.3838731050491333,-0.0006673127645626664,0.07730621844530106,0.12214253097772598,9475
qwen3.5-27b_20260823_223518,baseline,82,24,value_axis,-6.816493034362793,-9.284025192260742,-11.706350326538086,-8.185264587402344,9475
qwen3.5-27b_20260823_223518,baseline,82,24,random_control,0.5659584403038025,0.4710063636302948,0.41479697823524475,0.4226260483264923,9475
qwen3.5-27b_20260823_223518,baseline,82,40,value_axis,15.288623809814453,13.473024368286133,10.332945823669434,15.842602729797363,9475
qwen3.5-27b_20260823_223518,baseline,82,40,random_control,-1.0482203960418701,-1.2439906597137451,-1.167446255683899,-1.2546226978302002,9475
qwen3.5-27b_20260823_223518,baseline,83,32,value_axis,-0.9518296718597412,-4.773475170135498,-5.96042013168335,-4.896066188812256,10116
qwen3.5-27b_20260823_223518,baseline,83,32,random_control,-0.3838728666305542,0.05462060496211052,0.0005234450218267739,0.081568144261837,10116
qwen3.5-27b_20260823_223518,baseline,83,24,value_axis,-6.816488265991211,-9.948169708251953,-11.407631874084473,-10.06283187866211,10116
qwen3.5-27b_20260823_223518,baseline,83,24,random_control,0.5659583210945129,0.48190680146217346,0.41701850295066833,0.3383480906486511,10116
qwen3.5-27b_20260823_223518,baseline,83,40,value_axis,15.288619995117188,12.227831840515137,10.359692573547363,12.845417022705078,10116
qwen3.5-27b_20260823_223518,baseline,83,40,random_control,-1.0482219457626343,-1.2881568670272827,-1.127152442932129,-1.299685001373291,10116
qwen3.5-27b_20260823_223518,baseline,84,32,value_axis,-0.9518304467201233,-4.344210147857666,-5.707772731781006,-2.49226713180542,7544
qwen3.5-27b_20260823_223518,baseline,84,32,random_control,-0.3838730454444885,0.041329871863126755,0.016258440911769867,0.022039351984858513,7544
qwen3.5-27b_20260823_223518,baseline,84,24,value_axis,-6.816487789154053,-9.742659568786621,-11.368674278259277,-8.567604064941406,7544
qwen3.5-27b_20260823_223518,baseline,84,24,random_control,0.5659583210945129,0.46794235706329346,0.410481721162796,0.440532386302948,7544
qwen3.5-27b_20260823_223518,baseline,84,40,value_axis,15.288633346557617,12.97146224975586,10.709089279174805,16.131790161132812,7544
qwen3.5-27b_20260823_223518,baseline,84,40,random_control,-1.0482215881347656,-1.2562283277511597,-1.1362106800079346,-1.2094660997390747,7544
qwen3.5-27b_20260823_223518,baseline,85,32,value_axis,-0.9518296718597412,-3.966580390930176,-6.1872687339782715,-2.6269423961639404,10760
qwen3.5-27b_20260823_223518,baseline,85,32,random_control,-0.3838728666305542,-0.03203200176358223,0.06889387965202332,-0.08147261291742325,10760
qwen3.5-27b_20260823_223518,baseline,85,24,value_axis,-6.816488265991211,-9.308955192565918,-11.585419654846191,-8.450456619262695,10760
qwen3.5-27b_20260823_223518,baseline,85,24,random_control,0.5659583210945129,0.47395744919776917,0.35099250078201294,0.5037150382995605,10760
qwen3.5-27b_20260823_223518,baseline,85,40,value_axis,15.288619995117188,13.159984588623047,9.624828338623047,15.643903732299805,10760
qwen3.5-27b_20260823_223518,baseline,85,40,random_control,-1.0482219457626343,-1.1635215282440186,-1.1631600856781006,-1.3403695821762085,10760
qwen3.5-27b_20260823_223518,baseline,86,32,value_axis,-0.9518280029296875,-4.124366283416748,-6.262148380279541,-2.4305667877197266,8514
qwen3.5-27b_20260823_223518,baseline,86,32,random_control,-0.3838730752468109,0.018320880830287933,0.05339385196566582,-0.04821743816137314,8514
qwen3.5-27b_20260823_223518,baseline,86,24,value_axis,-6.816493034362793,-9.469151496887207,-11.707193374633789,-7.993412971496582,8514
qwen3.5-27b_20260823_223518,baseline,86,24,random_control,0.5659584403038025,0.46793556213378906,0.35306572914123535,0.48928412795066833,8514
qwen3.5-27b_20260823_223518,baseline,86,40,value_axis,15.28862476348877,13.075738906860352,9.980603218078613,15.551741600036621,8514
qwen3.5-27b_20260823_223518,baseline,86,40,random_control,-1.0482203960418701,-1.2252779006958008,-1.143710732460022,-1.239129900932312,8514
qwen3.5-27b_20260823_223518,baseline,87,32,value_axis,-0.9518304467201233,-4.446066379547119,-6.201525688171387,-2.964071750640869,8135
qwen3.5-27b_20260823_223518,baseline,87,32,random_control,-0.3838730454444885,-0.00722733698785305,0.012987690977752209,0.13494873046875,8135
qwen3.5-27b_20260823_223518,baseline,87,24,value_axis,-6.816487789154053,-9.706084251403809,-11.606252670288086,-8.738486289978027,8135
qwen3.5-27b_20260823_223518,baseline,87,24,random_control,0.5659583210945129,0.4594654440879822,0.4015766978263855,0.3672153353691101,8135
qwen3.5-27b_20260823_223518,baseline,87,40,value_axis,15.288633346557617,12.660602569580078,9.514156341552734,15.086874961853027,8135
qwen3.5-27b_20260823_223518,baseline,87,40,random_control,-1.0482215881347656,-1.2384804487228394,-1.0689326524734497,-1.3216454982757568,8135
qwen3.5-27b_20260823_223518,baseline,88,32,value_axis,-0.9518296718597412,-4.371230125427246,-5.6733574867248535,-2.9891207218170166,10002
qwen3.5-27b_20260823_223518,baseline,88,32,random_control,-0.3838728666305542,0.019866211339831352,-0.009519705548882484,0.09613233804702759,10002
qwen3.5-27b_20260823_223518,baseline,88,24,value_axis,-6.816488265991211,-9.631439208984375,-11.571603775024414,-8.268502235412598,10002
qwen3.5-27b_20260823_223518,baseline,88,24,random_control,0.5659583210945129,0.47167685627937317,0.43396395444869995,0.4520653188228607,10002
qwen3.5-27b_20260823_223518,baseline,88,40,value_axis,15.288619995117188,12.984061241149902,10.941686630249023,14.864374160766602,10002
qwen3.5-27b_20260823_223518,baseline,88,40,random_control,-1.0482219457626343,-1.308739423751831,-1.0910367965698242,-1.2888283729553223,10002
qwen3.5-27b_20260823_223518,baseline,89,32,value_axis,-0.9518304467201233,-4.640231132507324,-6.428674221038818,-5.177189826965332,7925
qwen3.5-27b_20260823_223518,baseline,89,32,random_control,-0.3838730454444885,0.026451297104358673,0.020475061610341072,0.16366201639175415,7925
qwen3.5-27b_20260823_223518,baseline,89,24,value_axis,-6.816487789154053,-9.74972152709961,-11.810412406921387,-10.347441673278809,7925
qwen3.5-27b_20260823_223518,baseline,89,24,random_control,0.5659583210945129,0.45374444127082825,0.3562600612640381,0.36154669523239136,7925
qwen3.5-27b_20260823_223518,baseline,89,40,value_axis,15.288633346557617,12.164196014404297,9.382110595703125,12.464138984680176,7925
qwen3.5-27b_20260823_223518,baseline,89,40,random_control,-1.0482215881347656,-1.2059710025787354,-1.1195461750030518,-1.45037043094635,7925
qwen3.5-27b_20260823_223518,baseline,90,32,value_axis,-0.9518296718597412,-4.192208290100098,-5.9928812980651855,-2.7318549156188965,10746
qwen3.5-27b_20260823_223518,baseline,90,32,random_control,-0.3838728666305542,0.06807395070791245,0.10690293461084366,0.02876124158501625,10746
qwen3.5-27b_20260823_223518,baseline,90,24,value_axis,-6.816488265991211,-9.511152267456055,-11.514984130859375,-8.585504531860352,10746
qwen3.5-27b_20260823_223518,baseline,90,24,random_control,0.5659583210945129,0.47849908471107483,0.35763266682624817,0.4373904764652252,10746
qwen3.5-27b_20260823_223518,baseline,90,40,value_axis,15.288619995117188,13.012004852294922,10.333930969238281,15.416987419128418,10746
qwen3.5-27b_20260823_223518,baseline,90,40,random_control,-1.0482219457626343,-1.274971842765808,-1.1515891551971436,-1.3825573921203613,10746
qwen3.5-27b_20260823_223518,baseline,91,32,value_axis,-0.9518304467201233,-4.247063636779785,-5.5633225440979,-2.49539852142334,7476
qwen3.5-27b_20260823_223518,baseline,91,32,random_control,-0.3838730454444885,0.006790569517761469,0.009210322052240372,-0.10479476302862167,7476
qwen3.5-27b_20260823_223518,baseline,91,24,value_axis,-6.816487789154053,-9.579564094543457,-11.462136268615723,-7.918399810791016,7476
qwen3.5-27b_20260823_223518,baseline,91,24,random_control,0.5659583210945129,0.4335857927799225,0.37625277042388916,0.4260796010494232,7476
qwen3.5-27b_20260823_223518,baseline,91,40,value_axis,15.288633346557617,12.948966026306152,11.254377365112305,14.792784690856934,7476
qwen3.5-27b_20260823_223518,baseline,91,40,random_control,-1.0482215881347656,-1.2719649076461792,-1.134810209274292,-1.1892505884170532,7476
qwen3.5-27b_20260823_223518,baseline,92,32,value_axis,-0.9518304467201233,-4.36924409866333,-6.239492416381836,-3.0915093421936035,7415
qwen3.5-27b_20260823_223518,baseline,92,32,random_control,-0.3838730454444885,0.005447580013424158,0.12563376128673553,0.08203523606061935,7415
qwen3.5-27b_20260823_223518,baseline,92,24,value_axis,-6.816487789154053,-9.695012092590332,-11.559640884399414,-8.647161483764648,7415
qwen3.5-27b_20260823_223518,baseline,92,24,random_control,0.5659583210945129,0.46618854999542236,0.34164002537727356,0.47749343514442444,7415
qwen3.5-27b_20260823_223518,baseline,92,40,value_axis,15.288633346557617,12.740582466125488,9.445852279663086,15.147326469421387,7415
qwen3.5-27b_20260823_223518,baseline,92,40,random_control,-1.0482215881347656,-1.1938836574554443,-1.1090483665466309,-1.2229509353637695,7415
qwen3.5-27b_20260823_223518,baseline,93,32,value_axis,-0.9518280029296875,-4.040438175201416,-6.212552547454834,-3.506826877593994,9119
qwen3.5-27b_20260823_223518,baseline,93,32,random_control,-0.3838731050491333,-0.02202574908733368,0.02824980765581131,-0.0822966992855072,9119
qwen3.5-27b_20260823_223518,baseline,93,24,value_axis,-6.816493034362793,-9.342103004455566,-11.614418029785156,-9.24968433380127,9119
qwen3.5-27b_20260823_223518,baseline,93,24,random_control,0.5659584403038025,0.4844379723072052,0.44279250502586365,0.47719207406044006,9119
qwen3.5-27b_20260823_223518,baseline,93,40,value_axis,15.288623809814453,12.963203430175781,9.623984336853027,14.551047325134277,9119
qwen3.5-27b_20260823_223518,baseline,93,40,random_control,-1.0482203960418701,-1.2871499061584473,-1.1469019651412964,-1.4948070049285889,9119
qwen3.5-27b_20260823_223518,baseline,94,32,value_axis,-0.9518296718597412,-4.175548553466797,-5.054835319519043,-2.5281004905700684,12459
qwen3.5-27b_20260823_223518,baseline,94,32,random_control,-0.3838728666305542,0.04220700263977051,0.003458936233073473,-0.016815386712551117,12459
qwen3.5-27b_20260823_223518,baseline,94,24,value_axis,-6.816488265991211,-9.357391357421875,-11.189704895019531,-8.082777976989746,12459
qwen3.5-27b_20260823_223518,baseline,94,24,random_control,0.5659583210945129,0.4411913752555847,0.4167291224002838,0.4809468984603882,12459
qwen3.5-27b_20260823_223518,baseline,94,40,value_axis,15.288619995117188,12.915696144104004,11.978776931762695,15.521257400512695,12459
qwen3.5-27b_20260823_223518,baseline,94,40,random_control,-1.0482219457626343,-1.212467074394226,-1.1163055896759033,-1.1726982593536377,12459
qwen3.5-27b_20260823_223518,baseline,95,32,value_axis,-0.9518280029296875,-4.459952354431152,-6.526890754699707,-3.338653802871704,8780
qwen3.5-27b_20260823_223518,baseline,95,32,random_control,-0.3838730752468109,0.04583713412284851,-0.012341919355094433,-0.017393101006746292,8780
qwen3.5-27b_20260823_223518,baseline,95,24,value_axis,-6.816493034362793,-9.661173820495605,-11.995004653930664,-8.94057846069336,8780
qwen3.5-27b_20260823_223518,baseline,95,24,random_control,0.5659584403038025,0.4570116400718689,0.34103965759277344,0.5423082113265991,8780
qwen3.5-27b_20260823_223518,baseline,95,40,value_axis,15.28862476348877,12.831689834594727,9.709249496459961,14.943150520324707,8780
qwen3.5-27b_20260823_223518,baseline,95,40,random_control,-1.0482203960418701,-1.311059594154358,-1.1159054040908813,-1.3351507186889648,8780
qwen3.5-27b_20260823_223518,baseline,96,32,value_axis,-0.9518280029296875,-4.680120468139648,-6.223471164703369,-2.865344762802124,9252
qwen3.5-27b_20260823_223518,baseline,96,32,random_control,-0.3838731050491333,0.023090874776244164,0.05802076309919357,-0.05607759952545166,9252
qwen3.5-27b_20260823_223518,baseline,96,24,value_axis,-6.816493034362793,-9.880853652954102,-11.54178237915039,-8.858062744140625,9252
qwen3.5-27b_20260823_223518,baseline,96,24,random_control,0.5659584403038025,0.4633016288280487,0.33087652921676636,0.5281935334205627,9252
qwen3.5-27b_20260823_223518,baseline,96,40,value_axis,15.288623809814453,12.19973087310791,9.506168365478516,15.136002540588379,9252
qwen3.5-27b_20260823_223518,baseline,96,40,random_control,-1.0482203960418701,-1.2540851831436157,-1.1482150554656982,-1.11850106716156,9252
qwen3.5-27b_20260823_223518,baseline,97,32,value_axis,-0.9518304467201233,-4.136218547821045,-5.332717418670654,-2.562150478363037,7595
qwen3.5-27b_20260823_223518,baseline,97,32,random_control,-0.3838730454444885,-0.005853836890310049,-0.038441408425569534,-0.044604454189538956,7595
qwen3.5-27b_20260823_223518,baseline,97,24,value_axis,-6.816487789154053,-9.485838890075684,-11.3404541015625,-8.423087120056152,7595
qwen3.5-27b_20260823_223518,baseline,97,24,random_control,0.5659583210945129,0.4627944529056549,0.3314126133918762,0.4666001796722412,7595
qwen3.5-27b_20260823_223518,baseline,97,40,value_axis,15.288633346557617,13.310693740844727,11.32596206665039,15.767403602600098,7595
qwen3.5-27b_20260823_223518,baseline,97,40,random_control,-1.0482215881347656,-1.273645281791687,-1.1630427837371826,-1.1854448318481445,7595
qwen3.5-27b_20260823_223518,baseline,98,32,value_axis,-0.9518296718597412,-4.101109981536865,-6.336774826049805,-2.9767518043518066,12529
qwen3.5-27b_20260823_223518,baseline,98,32,random_control,-0.3838728666305542,0.03556569665670395,0.0238181184977293,0.03410737216472626,12529
qwen3.5-27b_20260823_223518,baseline,98,24,value_axis,-6.816488265991211,-9.513321876525879,-11.735712051391602,-8.470978736877441,12529
qwen3.5-27b_20260823_223518,baseline,98,24,random_control,0.5659583210945129,0.4583423435688019,0.3762701451778412,0.5268129110336304,12529
qwen3.5-27b_20260823_223518,baseline,98,40,value_axis,15.288619995117188,13.235411643981934,9.893930435180664,14.523395538330078,12529
qwen3.5-27b_20260823_223518,baseline,98,40,random_control,-1.0482219457626343,-1.3018583059310913,-1.178685188293457,-1.4178671836853027,12529
qwen3.5-27b_20260823_223518,baseline,99,32,value_axis,-0.9518280029296875,-4.382624626159668,-6.210894584655762,-3.518131732940674,8907
qwen3.5-27b_20260823_223518,baseline,99,32,random_control,-0.3838730752468109,-0.034948334097862244,0.06191087141633034,-0.072145476937294,8907
qwen3.5-27b_20260823_223518,baseline,99,24,value_axis,-6.816493034362793,-9.65572738647461,-11.654592514038086,-8.798425674438477,8907
qwen3.5-27b_20260823_223518,baseline,99,24,random_control,0.5659584403038025,0.463379830121994,0.41097772121429443,0.5660430788993835,8907
qwen3.5-27b_20260823_223518,baseline,99,40,value_axis,15.28862476348877,12.63653564453125,9.88043212890625,14.021733283996582,8907
qwen3.5-27b_20260823_223518,baseline,99,40,random_control,-1.0482203960418701,-1.2225112915039062,-1.1008877754211426,-1.3102056980133057,8907
qwen3.5-27b_20260823_223518,above_good,0,32,value_axis,-0.49128806591033936,-4.097897529602051,-4.676078796386719,-2.5954482555389404,13837
qwen3.5-27b_20260823_223518,above_good,0,32,random_control,-0.13059335947036743,0.1334710568189621,0.11616140604019165,0.25544604659080505,13837
qwen3.5-27b_20260823_223518,above_good,0,24,value_axis,-6.642701148986816,-9.51634407043457,-10.779350280761719,-8.877941131591797,13837
qwen3.5-27b_20260823_223518,above_good,0,24,random_control,0.45877575874328613,0.4318537712097168,0.3886372745037079,0.47984275221824646,13837
qwen3.5-27b_20260823_223518,above_good,0,40,value_axis,16.490217208862305,13.588205337524414,12.044841766357422,16.670677185058594,13837
qwen3.5-27b_20260823_223518,above_good,0,40,random_control,-1.4096479415893555,-1.3647743463516235,-1.2648729085922241,-1.4064266681671143,13837
qwen3.5-27b_20260823_223518,above_good,1,32,value_axis,-0.4912905693054199,-4.150559902191162,-3.7361199855804443,-2.5341179370880127,11804
qwen3.5-27b_20260823_223518,above_good,1,32,random_control,-0.13059355318546295,0.1379191279411316,0.132613405585289,0.218256413936615,11804
qwen3.5-27b_20260823_223518,above_good,1,24,value_axis,-6.6427001953125,-9.525140762329102,-10.279943466186523,-8.704190254211426,11804
qwen3.5-27b_20260823_223518,above_good,1,24,random_control,0.45877569913864136,0.4150417447090149,0.4342518746852875,0.3342796266078949,11804
qwen3.5-27b_20260823_223518,above_good,1,40,value_axis,16.490224838256836,13.495711326599121,13.675091743469238,16.897676467895508,11804
qwen3.5-27b_20260823_223518,above_good,1,40,random_control,-1.4096479415893555,-1.3833563327789307,-1.3414360284805298,-1.6015450954437256,11804
qwen3.5-27b_20260823_223518,above_good,2,32,value_axis,-0.49128854274749756,-4.122184753417969,-5.549368858337402,-4.7483296394348145,8762
qwen3.5-27b_20260823_223518,above_good,2,32,random_control,-0.13059398531913757,0.07738391309976578,0.15264716744422913,0.10349054634571075,8762
qwen3.5-27b_20260823_223518,above_good,2,24,value_axis,-6.642701148986816,-9.469400405883789,-11.193412780761719,-9.305015563964844,8762
qwen3.5-27b_20260823_223518,above_good,2,24,random_control,0.45877546072006226,0.45743656158447266,0.3538011908531189,0.4259693920612335,8762
qwen3.5-27b_20260823_223518,above_good,2,40,value_axis,16.490230560302734,13.107807159423828,10.67494010925293,11.61345100402832,8762
qwen3.5-27b_20260823_223518,above_good,2,40,random_control,-1.4096482992172241,-1.293875813484192,-1.183007001876831,-1.2329210042953491,8762
qwen3.5-27b_20260823_223518,above_good,3,32,value_axis,-0.49128854274749756,-3.9139621257781982,-3.8127005100250244,-2.0973823070526123,8493
qwen3.5-27b_20260823_223518,above_good,3,32,random_control,-0.13059398531913757,0.07839321345090866,0.09014265984296799,-0.00492553785443306,8493
qwen3.5-27b_20260823_223518,above_good,3,24,value_axis,-6.642701148986816,-9.381114959716797,-10.213478088378906,-7.831567287445068,8493
qwen3.5-27b_20260823_223518,above_good,3,24,random_control,0.45877546072006226,0.445451945066452,0.39315879344940186,0.524563729763031,8493
qwen3.5-27b_20260823_223518,above_good,3,40,value_axis,16.490230560302734,13.759414672851562,13.693720817565918,16.198244094848633,8493
qwen3.5-27b_20260823_223518,above_good,3,40,random_control,-1.4096482992172241,-1.367614984512329,-1.418317437171936,-1.3702551126480103,8493
qwen3.5-27b_20260823_223518,above_good,4,32,value_axis,-0.4912905693054199,-4.173140525817871,-3.3486363887786865,-3.9572653770446777,12083
qwen3.5-27b_20260823_223518,above_good,4,32,random_control,-0.13059355318546295,0.1077529564499855,0.18956123292446136,-0.031162839382886887,12083
qwen3.5-27b_20260823_223518,above_good,4,24,value_axis,-6.6427001953125,-9.355669021606445,-9.996162414550781,-8.867756843566895,12083
qwen3.5-27b_20260823_223518,above_good,4,24,random_control,0.45877569913864136,0.39509862661361694,0.3631955087184906,0.37461426854133606,12083
qwen3.5-27b_20260823_223518,above_good,4,40,value_axis,16.490224838256836,13.301427841186523,14.549823760986328,14.035613059997559,12083
qwen3.5-27b_20260823_223518,above_good,4,40,random_control,-1.4096479415893555,-1.3458784818649292,-1.3837417364120483,-1.3650331497192383,12083
qwen3.5-27b_20260823_223518,above_good,5,32,value_axis,-0.4912905693054199,-4.131163120269775,-4.7112135887146,-2.25337815284729,13144
qwen3.5-27b_20260823_223518,above_good,5,32,random_control,-0.13059355318546295,0.13176976144313812,0.12215698510408401,0.12889426946640015,13144
qwen3.5-27b_20260823_223518,above_good,5,24,value_axis,-6.6427001953125,-9.3655424118042,-10.910492897033691,-8.245074272155762,13144
qwen3.5-27b_20260823_223518,above_good,5,24,random_control,0.45877569913864136,0.4201415777206421,0.3799249231815338,0.47288548946380615,13144
qwen3.5-27b_20260823_223518,above_good,5,40,value_axis,16.490224838256836,13.201981544494629,12.515506744384766,16.233612060546875,13144
qwen3.5-27b_20260823_223518,above_good,5,40,random_control,-1.4096479415893555,-1.2584494352340698,-1.2873812913894653,-1.2320367097854614,13144
qwen3.5-27b_20260823_223518,above_good,6,32,value_axis,-0.49128857254981995,-4.050466060638428,-3.9342315196990967,-2.716700553894043,9499
qwen3.5-27b_20260823_223518,above_good,6,32,random_control,-0.13059398531913757,0.11317064613103867,0.12618257105350494,0.14380481839179993,9499
qwen3.5-27b_20260823_223518,above_good,6,24,value_axis,-6.642701148986816,-9.412286758422852,-10.30096435546875,-8.273918151855469,9499
qwen3.5-27b_20260823_223518,above_good,6,24,random_control,0.45877546072006226,0.41984954476356506,0.4111931622028351,0.443803071975708,9499
qwen3.5-27b_20260823_223518,above_good,6,40,value_axis,16.490230560302734,13.481419563293457,13.494826316833496,15.49184799194336,9499
qwen3.5-27b_20260823_223518,above_good,6,40,random_control,-1.4096482992172241,-1.2935699224472046,-1.3749996423721313,-1.1650596857070923,9499
qwen3.5-27b_20260823_223518,above_good,7,32,value_axis,-0.4912893772125244,-3.9745821952819824,-3.9623665809631348,-2.8296008110046387,7806
qwen3.5-27b_20260823_223518,above_good,7,32,random_control,-0.13059252500534058,0.03587993234395981,0.15250319242477417,-0.07024496048688889,7806
qwen3.5-27b_20260823_223518,above_good,7,24,value_axis,-6.642691135406494,-9.3921537399292,-10.509624481201172,-8.182276725769043,7806
qwen3.5-27b_20260823_223518,above_good,7,24,random_control,0.458776593208313,0.4356403946876526,0.49396300315856934,0.45221245288848877,7806
qwen3.5-27b_20260823_223518,above_good,7,40,value_axis,16.490211486816406,13.425735473632812,13.197270393371582,15.026213645935059,7806
qwen3.5-27b_20260823_223518,above_good,7,40,random_control,-1.4096484184265137,-1.3267351388931274,-1.3430061340332031,-1.3437761068344116,7806
qwen3.5-27b_20260823_223518,above_good,8,32,value_axis,-0.4912905693054199,-4.075978755950928,-3.740964889526367,-3.9532248973846436,10184
qwen3.5-27b_20260823_223518,above_good,8,32,random_control,-0.13059355318546295,0.08107338845729828,0.10677284002304077,0.018693389371037483,10184
qwen3.5-27b_20260823_223518,above_good,8,24,value_axis,-6.6427001953125,-9.284394264221191,-10.357368469238281,-9.19173812866211,10184
qwen3.5-27b_20260823_223518,above_good,8,24,random_control,0.45877569913864136,0.4148261845111847,0.35117650032043457,0.42354270815849304,10184
qwen3.5-27b_20260823_223518,above_good,8,40,value_axis,16.490224838256836,13.164982795715332,13.703930854797363,14.25121784210205,10184
qwen3.5-27b_20260823_223518,above_good,8,40,random_control,-1.4096479415893555,-1.3089646100997925,-1.3096747398376465,-1.3133065700531006,10184
qwen3.5-27b_20260823_223518,above_good,9,32,value_axis,-0.4912905693054199,-4.117573261260986,-4.07607364654541,-3.666092872619629,11427
qwen3.5-27b_20260823_223518,above_good,9,32,random_control,-0.13059355318546295,0.1263449639081955,0.18553708493709564,0.2348865121603012,11427
qwen3.5-27b_20260823_223518,above_good,9,24,value_axis,-6.6427001953125,-9.354009628295898,-10.472512245178223,-8.635161399841309,11427
qwen3.5-27b_20260823_223518,above_good,9,24,random_control,0.45877569913864136,0.3927179276943207,0.42829376459121704,0.4072686433792114,11427
qwen3.5-27b_20260823_223518,above_good,9,40,value_axis,16.490224838256836,13.148347854614258,13.454314231872559,12.965526580810547,11427
qwen3.5-27b_20260823_223518,above_good,9,40,random_control,-1.4096479415893555,-1.2809008359909058,-1.3424757719039917,-1.2201974391937256,11427
qwen3.5-27b_20260823_223518,above_good,10,32,value_axis,-0.4912905693054199,-4.007208347320557,-4.502041339874268,-3.1135590076446533,10729
qwen3.5-27b_20260823_223518,above_good,10,32,random_control,-0.13059355318546295,0.08958601206541061,0.05547790229320526,0.11017222702503204,10729
qwen3.5-27b_20260823_223518,above_good,10,24,value_axis,-6.6427001953125,-9.27839183807373,-10.843574523925781,-8.419631004333496,10729
qwen3.5-27b_20260823_223518,above_good,10,24,random_control,0.45877569913864136,0.3938724398612976,0.42868462204933167,0.39943236112594604,10729
qwen3.5-27b_20260823_223518,above_good,10,40,value_axis,16.490224838256836,13.238306045532227,12.397790908813477,14.725752830505371,10729
qwen3.5-27b_20260823_223518,above_good,10,40,random_control,-1.4096479415893555,-1.2631248235702515,-1.1660269498825073,-1.361979365348816,10729
qwen3.5-27b_20260823_223518,above_good,11,32,value_axis,-0.4912905693054199,-4.364926338195801,-4.110764980316162,-4.8123979568481445,10364
qwen3.5-27b_20260823_223518,above_good,11,32,random_control,-0.13059355318546295,0.11419732123613358,0.1391945332288742,0.00845075212419033,10364
qwen3.5-27b_20260823_223518,above_good,11,24,value_axis,-6.6427001953125,-9.659245491027832,-10.418787956237793,-9.942140579223633,10364
qwen3.5-27b_20260823_223518,above_good,11,24,random_control,0.45877569913864136,0.4245731830596924,0.4818917214870453,0.5071580410003662,10364
qwen3.5-27b_20260823_223518,above_good,11,40,value_axis,16.490224838256836,13.059592247009277,13.059026718139648,12.718262672424316,10364
qwen3.5-27b_20260823_223518,above_good,11,40,random_control,-1.4096479415893555,-1.330561637878418,-1.3075488805770874,-1.3961763381958008,10364
qwen3.5-27b_20260823_223518,above_good,12,32,value_axis,-0.4912894070148468,-4.032105922698975,-3.742114782333374,-3.8711137771606445,6281
qwen3.5-27b_20260823_223518,above_good,12,32,random_control,-0.1305931806564331,0.07648755609989166,0.13130399584770203,0.04172850027680397,6281
qwen3.5-27b_20260823_223518,above_good,12,24,value_axis,-6.642702102661133,-9.576190948486328,-10.179908752441406,-9.021236419677734,6281
qwen3.5-27b_20260823_223518,above_good,12,24,random_control,0.4587758183479309,0.447689414024353,0.4646095931529999,0.4875939190387726,6281
qwen3.5-27b_20260823_223518,above_good,12,40,value_axis,16.490217208862305,13.320014953613281,12.989113807678223,13.829946517944336,6281
qwen3.5-27b_20260823_223518,above_good,12,40,random_control,-1.4096479415893555,-1.3694978952407837,-1.3147920370101929,-1.4593899250030518,6281
qwen3.5-27b_20260823_223518,above_good,13,32,value_axis,-0.4912893772125244,-3.8672990798950195,-3.866711378097534,-4.160946369171143,6778
qwen3.5-27b_20260823_223518,above_good,13,32,random_control,-0.13059252500534058,0.09908393025398254,0.18176738917827606,0.10452543944120407,6778
qwen3.5-27b_20260823_223518,above_good,13,24,value_axis,-6.642691135406494,-9.44775390625,-10.14487361907959,-9.786149024963379,6778
qwen3.5-27b_20260823_223518,above_good,13,24,random_control,0.458776593208313,0.43002018332481384,0.31982746720314026,0.505121648311615,6778
qwen3.5-27b_20260823_223518,above_good,13,40,value_axis,16.490211486816406,14.07283878326416,12.964616775512695,13.938645362854004,6778
qwen3.5-27b_20260823_223518,above_good,13,40,random_control,-1.4096484184265137,-1.4318130016326904,-1.3063933849334717,-1.2651197910308838,6778
qwen3.5-27b_20260823_223518,above_good,14,32,value_axis,-0.4912905693054199,-3.864027976989746,-5.899601459503174,-2.0995407104492188,11562
qwen3.5-27b_20260823_223518,above_good,14,32,random_control,-0.13059355318546295,0.10795017331838608,0.236393541097641,0.1847078651189804,11562
qwen3.5-27b_20260823_223518,above_good,14,24,value_axis,-6.6427001953125,-9.27804183959961,-11.317030906677246,-8.29714584350586,11562
qwen3.5-27b_20260823_223518,above_good,14,24,random_control,0.45877569913864136,0.40715688467025757,0.32151851058006287,0.4247100055217743,11562
qwen3.5-27b_20260823_223518,above_good,14,40,value_axis,16.490224838256836,13.824472427368164,10.557647705078125,16.792705535888672,11562
qwen3.5-27b_20260823_223518,above_good,14,40,random_control,-1.4096479415893555,-1.3659415245056152,-1.1729549169540405,-1.6455011367797852,11562
qwen3.5-27b_20260823_223518,above_good,15,32,value_axis,-0.4912905693054199,-3.9094038009643555,-3.7242422103881836,-3.2818796634674072,10886
qwen3.5-27b_20260823_223518,above_good,15,32,random_control,-0.13059355318546295,0.14184467494487762,0.1893690824508667,0.0405208058655262,10886
qwen3.5-27b_20260823_223518,above_good,15,24,value_axis,-6.6427001953125,-9.324522972106934,-10.303020477294922,-9.142843246459961,10886
qwen3.5-27b_20260823_223518,above_good,15,24,random_control,0.45877569913864136,0.39673924446105957,0.43870338797569275,0.5428777933120728,10886
qwen3.5-27b_20260823_223518,above_good,15,40,value_axis,16.490224838256836,13.901277542114258,13.878000259399414,15.81810188293457,10886
qwen3.5-27b_20260823_223518,above_good,15,40,random_control,-1.4096479415893555,-1.3767880201339722,-1.3753008842468262,-1.5006412267684937,10886
qwen3.5-27b_20260823_223518,above_good,16,32,value_axis,-0.4912905693054199,-4.329555034637451,-3.6406478881835938,-2.8541359901428223,10537
qwen3.5-27b_20260823_223518,above_good,16,32,random_control,-0.13059355318546295,0.08533146232366562,0.13881705701351166,0.1351131945848465,10537
qwen3.5-27b_20260823_223518,above_good,16,24,value_axis,-6.6427001953125,-9.560056686401367,-10.13876724243164,-8.56518268585205,10537
qwen3.5-27b_20260823_223518,above_good,16,24,random_control,0.45877569913864136,0.4157206118106842,0.42571941018104553,0.44102799892425537,10537
qwen3.5-27b_20260823_223518,above_good,16,40,value_axis,16.490224838256836,13.096433639526367,13.636431694030762,15.557971000671387,10537
qwen3.5-27b_20260823_223518,above_good,16,40,random_control,-1.4096479415893555,-1.4024319648742676,-1.2860107421875,-1.4189095497131348,10537
qwen3.5-27b_20260823_223518,above_good,17,32,value_axis,-0.4912905693054199,-3.9297664165496826,-3.817009210586548,-3.501152276992798,11773
qwen3.5-27b_20260823_223518,above_good,17,32,random_control,-0.13059355318546295,0.14129556715488434,0.13580290973186493,0.10405565053224564,11773
qwen3.5-27b_20260823_223518,above_good,17,24,value_axis,-6.6427001953125,-9.273143768310547,-10.394270896911621,-8.810708045959473,11773
qwen3.5-27b_20260823_223518,above_good,17,24,random_control,0.45877569913864136,0.4283536374568939,0.48657652735710144,0.4396781921386719,11773
qwen3.5-27b_20260823_223518,above_good,17,40,value_axis,16.490224838256836,13.582609176635742,13.965763092041016,14.509543418884277,11773
qwen3.5-27b_20260823_223518,above_good,17,40,random_control,-1.4096479415893555,-1.3547409772872925,-1.4350826740264893,-1.3018574714660645,11773
qwen3.5-27b_20260823_223518,above_good,18,32,value_axis,-0.4912905693054199,-4.171388626098633,-3.5639727115631104,-3.732450246810913,10260
qwen3.5-27b_20260823_223518,above_good,18,32,random_control,-0.13059355318546295,0.09838796406984329,0.1869962513446808,0.13818363845348358,10260
qwen3.5-27b_20260823_223518,above_good,18,24,value_axis,-6.6427001953125,-9.44016170501709,-10.109283447265625,-9.122038841247559,10260
qwen3.5-27b_20260823_223518,above_good,18,24,random_control,0.45877569913864136,0.39511218667030334,0.4058576226234436,0.3890002369880676,10260
qwen3.5-27b_20260823_223518,above_good,18,40,value_axis,16.490224838256836,13.378250122070312,14.022856712341309,14.42538070678711,10260
qwen3.5-27b_20260823_223518,above_good,18,40,random_control,-1.4096479415893555,-1.3608975410461426,-1.4526137113571167,-1.4463986158370972,10260
qwen3.5-27b_20260823_223518,above_good,19,32,value_axis,-0.4912905693054199,-4.131075859069824,-5.196235179901123,-3.04664945602417,12749
qwen3.5-27b_20260823_223518,above_good,19,32,random_control,-0.13059355318546295,0.12745784223079681,0.15410737693309784,0.10688942670822144,12749
qwen3.5-27b_20260823_223518,above_good,19,24,value_axis,-6.6427001953125,-9.517086029052734,-10.991031646728516,-8.901397705078125,12749
qwen3.5-27b_20260823_223518,above_good,19,24,random_control,0.45877569913864136,0.41739341616630554,0.3149741291999817,0.4731023907661438,12749
qwen3.5-27b_20260823_223518,above_good,19,40,value_axis,16.490224838256836,13.566105842590332,11.112360954284668,15.444955825805664,12749
qwen3.5-27b_20260823_223518,above_good,19,40,random_control,-1.4096479415893555,-1.3666154146194458,-1.0960830450057983,-1.321040391921997,12749
qwen3.5-27b_20260823_223518,above_good,20,32,value_axis,-0.49128854274749756,-4.191131591796875,-3.799720525741577,-3.9612739086151123,8424
qwen3.5-27b_20260823_223518,above_good,20,32,random_control,-0.13059398531913757,0.06968595087528229,0.21619658172130585,0.0050170328468084335,8424
qwen3.5-27b_20260823_223518,above_good,20,24,value_axis,-6.642701148986816,-9.72702407836914,-10.335444450378418,-9.856554985046387,8424
qwen3.5-27b_20260823_223518,above_good,20,24,random_control,0.45877546072006226,0.39872175455093384,0.44095084071159363,0.4792131781578064,8424
qwen3.5-27b_20260823_223518,above_good,20,40,value_axis,16.490230560302734,13.670198440551758,13.69448471069336,14.992165565490723,8424
qwen3.5-27b_20260823_223518,above_good,20,40,random_control,-1.4096482992172241,-1.439259648323059,-1.473447322845459,-1.4026269912719727,8424
qwen3.5-27b_20260823_223518,above_good,21,32,value_axis,-0.49128854274749756,-3.960249423980713,-3.964087724685669,-2.9216363430023193,8551
qwen3.5-27b_20260823_223518,above_good,21,32,random_control,-0.13059398531913757,0.08420481532812119,0.23641300201416016,-0.056109171360731125,8551
qwen3.5-27b_20260823_223518,above_good,21,24,value_axis,-6.642701148986816,-9.538394927978516,-10.356698989868164,-8.868051528930664,8551
qwen3.5-27b_20260823_223518,above_good,21,24,random_control,0.45877546072006226,0.4409128725528717,0.3404403030872345,0.4625469446182251,8551
qwen3.5-27b_20260823_223518,above_good,21,40,value_axis,16.490230560302734,13.944025039672852,13.517563819885254,15.917529106140137,8551
qwen3.5-27b_20260823_223518,above_good,21,40,random_control,-1.4096482992172241,-1.4363071918487549,-1.412742257118225,-1.447443962097168,8551
qwen3.5-27b_20260823_223518,above_good,22,32,value_axis,-0.49128857254981995,-4.044299125671387,-4.5197882652282715,-2.7135632038116455,9321
qwen3.5-27b_20260823_223518,above_good,22,32,random_control,-0.13059398531913757,0.07956434041261673,0.09747373312711716,0.13180921971797943,9321
qwen3.5-27b_20260823_223518,above_good,22,24,value_axis,-6.642701148986816,-9.282769203186035,-10.708649635314941,-8.317209243774414,9321
qwen3.5-27b_20260823_223518,above_good,22,24,random_control,0.45877546072006226,0.4385581314563751,0.3983823359012604,0.44888922572135925,9321
qwen3.5-27b_20260823_223518,above_good,22,40,value_axis,16.490230560302734,13.255698204040527,12.705060005187988,15.5535888671875,9321
qwen3.5-27b_20260823_223518,above_good,22,40,random_control,-1.4096482992172241,-1.2843999862670898,-1.3372687101364136,-1.2573533058166504,9321
qwen3.5-27b_20260823_223518,above_good,23,32,value_axis,-0.4912893772125244,-4.0370612144470215,-3.8705835342407227,-2.8046605587005615,8118
qwen3.5-27b_20260823_223518,above_good,23,32,random_control,-0.13059252500534058,0.10452689230442047,0.17983552813529968,0.21386046707630157,8118
qwen3.5-27b_20260823_223518,above_good,23,24,value_axis,-6.642691135406494,-9.486882209777832,-10.22032356262207,-8.52160930633545,8118
qwen3.5-27b_20260823_223518,above_good,23,24,random_control,0.458776593208313,0.38755059242248535,0.4194002151489258,0.39538466930389404,8118
qwen3.5-27b_20260823_223518,above_good,23,40,value_axis,16.490211486816406,13.694693565368652,13.003605842590332,15.983450889587402,8118
qwen3.5-27b_20260823_223518,above_good,23,40,random_control,-1.4096484184265137,-1.3788416385650635,-1.290751338005066,-1.5397361516952515,8118
qwen3.5-27b_20260823_223518,above_good,24,32,value_axis,-0.4912905693054199,-4.120810508728027,-3.6394569873809814,-3.774379014968872,10336
qwen3.5-27b_20260823_223518,above_good,24,32,random_control,-0.13059355318546295,0.06395404785871506,0.07416127622127533,-0.15564651787281036,10336
qwen3.5-27b_20260823_223518,above_good,24,24,value_axis,-6.6427001953125,-9.292571067810059,-10.247864723205566,-8.756834983825684,10336
qwen3.5-27b_20260823_223518,above_good,24,24,random_control,0.45877569913864136,0.4221242368221283,0.4637775421142578,0.5099960565567017,10336
qwen3.5-27b_20260823_223518,above_good,24,40,value_axis,16.490224838256836,12.959634780883789,13.778223037719727,13.630602836608887,10336
qwen3.5-27b_20260823_223518,above_good,24,40,random_control,-1.4096479415893555,-1.2896395921707153,-1.262426495552063,-1.2523587942123413,10336
qwen3.5-27b_20260823_223518,above_good,25,32,value_axis,-0.49128857254981995,-4.118781566619873,-3.540919542312622,-3.9015772342681885,9704
qwen3.5-27b_20260823_223518,above_good,25,32,random_control,-0.13059398531913757,0.06868964433670044,0.05397428572177887,0.18444062769412994,9704
qwen3.5-27b_20260823_223518,above_good,25,24,value_axis,-6.642701148986816,-9.4317045211792,-10.249175071716309,-9.487922668457031,9704
qwen3.5-27b_20260823_223518,above_good,25,24,random_control,0.45877546072006226,0.42484626173973083,0.44261711835861206,0.3720967769622803,9704
qwen3.5-27b_20260823_223518,above_good,25,40,value_axis,16.490230560302734,13.175538063049316,14.129009246826172,14.352680206298828,9704
qwen3.5-27b_20260823_223518,above_good,25,40,random_control,-1.4096482992172241,-1.3258562088012695,-1.2707277536392212,-1.364221453666687,9704
qwen3.5-27b_20260823_223518,above_good,26,32,value_axis,-0.4912905693054199,-4.185384273529053,-4.300430774688721,-3.2232186794281006,11696
qwen3.5-27b_20260823_223518,above_good,26,32,random_control,-0.13059355318546295,0.14388786256313324,0.18807706236839294,0.28838416934013367,11696
qwen3.5-27b_20260823_223518,above_good,26,24,value_axis,-6.6427001953125,-9.603484153747559,-10.754883766174316,-9.028868675231934,11696
qwen3.5-27b_20260823_223518,above_good,26,24,random_control,0.45877569913864136,0.3982284963130951,0.40678104758262634,0.3624173700809479,11696
qwen3.5-27b_20260823_223518,above_good,26,40,value_axis,16.490224838256836,13.470735549926758,12.593851089477539,15.738973617553711,11696
qwen3.5-27b_20260823_223518,above_good,26,40,random_control,-1.4096479415893555,-1.4070429801940918,-1.2252212762832642,-1.4584343433380127,11696
qwen3.5-27b_20260823_223518,above_good,27,32,value_axis,-0.4912905693054199,-4.328618049621582,-3.9099814891815186,-3.728278160095215,10488
qwen3.5-27b_20260823_223518,above_good,27,32,random_control,-0.13059355318546295,0.09462631493806839,0.12089159339666367,0.09274131059646606,10488
qwen3.5-27b_20260823_223518,above_good,27,24,value_axis,-6.6427001953125,-9.48835563659668,-10.363390922546387,-9.046295166015625,10488
qwen3.5-27b_20260823_223518,above_good,27,24,random_control,0.45877569913864136,0.40440475940704346,0.33141952753067017,0.44292542338371277,10488
qwen3.5-27b_20260823_223518,above_good,27,40,value_axis,16.490224838256836,12.730942726135254,13.313477516174316,14.17424201965332,10488
qwen3.5-27b_20260823_223518,above_good,27,40,random_control,-1.4096479415893555,-1.3008142709732056,-1.2356888055801392,-1.2483752965927124,10488
qwen3.5-27b_20260823_223518,above_good,28,32,value_axis,-0.4912905693054199,-4.079505443572998,-3.8114724159240723,-2.5422818660736084,9948
qwen3.5-27b_20260823_223518,above_good,28,32,random_control,-0.13059355318546295,0.1159997209906578,0.18108801543712616,0.1116611510515213,9948
qwen3.5-27b_20260823_223518,above_good,28,24,value_axis,-6.6427001953125,-9.374650001525879,-10.396112442016602,-8.21640396118164,9948
qwen3.5-27b_20260823_223518,above_good,28,24,random_control,0.45877569913864136,0.410778284072876,0.4584423005580902,0.38391104340553284,9948
qwen3.5-27b_20260823_223518,above_good,28,40,value_axis,16.490224838256836,13.303315162658691,13.789201736450195,15.412535667419434,9948
qwen3.5-27b_20260823_223518,above_good,28,40,random_control,-1.4096479415893555,-1.2882039546966553,-1.3606871366500854,-1.2961126565933228,9948
qwen3.5-27b_20260823_223518,above_good,29,32,value_axis,-0.4912905693054199,-4.0037336349487305,-4.282476902008057,-3.3222885131835938,11500
qwen3.5-27b_20260823_223518,above_good,29,32,random_control,-0.13059355318546295,0.08050333708524704,0.16663381457328796,0.0254376120865345,11500
qwen3.5-27b_20260823_223518,above_good,29,24,value_axis,-6.6427001953125,-9.304327964782715,-10.755480766296387,-8.788666725158691,11500
qwen3.5-27b_20260823_223518,above_good,29,24,random_control,0.45877569913864136,0.4201503098011017,0.43105247616767883,0.4713253676891327,11500
qwen3.5-27b_20260823_223518,above_good,29,40,value_axis,16.490224838256836,13.446081161499023,12.874785423278809,15.14395523071289,11500
qwen3.5-27b_20260823_223518,above_good,29,40,random_control,-1.4096479415893555,-1.3302913904190063,-1.3513617515563965,-1.5255845785140991,11500
qwen3.5-27b_20260823_223518,above_good,30,32,value_axis,-0.4912905693054199,-3.923351287841797,-3.896787166595459,-2.081873893737793,12354
qwen3.5-27b_20260823_223518,above_good,30,32,random_control,-0.13059355318546295,0.14289593696594238,0.1472717821598053,0.037913981825113297,12354
qwen3.5-27b_20260823_223518,above_good,30,24,value_axis,-6.6427001953125,-9.264469146728516,-10.374580383300781,-8.61645793914795,12354
qwen3.5-27b_20260823_223518,above_good,30,24,random_control,0.45877569913864136,0.38374415040016174,0.4245172441005707,0.4570099711418152,12354
qwen3.5-27b_20260823_223518,above_good,30,40,value_axis,16.490224838256836,13.623682022094727,13.652563095092773,17.111061096191406,12354
qwen3.5-27b_20260823_223518,above_good,30,40,random_control,-1.4096479415893555,-1.328539490699768,-1.4203288555145264,-1.562247633934021,12354
qwen3.5-27b_20260823_223518,above_good,31,32,value_axis,-0.49128857254981995,-3.911553382873535,-3.8462347984313965,-3.8857581615448,9067
qwen3.5-27b_20260823_223518,above_good,31,32,random_control,-0.13059398531913757,0.07034977525472641,0.06474094092845917,-0.11662247031927109,9067
qwen3.5-27b_20260823_223518,above_good,31,24,value_axis,-6.642701148986816,-9.255400657653809,-10.311278343200684,-9.334665298461914,9067
qwen3.5-27b_20260823_223518,above_good,31,24,random_control,0.45877546072006226,0.432073175907135,0.5185028910636902,0.4700029492378235,9067
qwen3.5-27b_20260823_223518,above_good,31,40,value_axis,16.490230560302734,13.45372200012207,13.384815216064453,14.091723442077637,9067
qwen3.5-27b_20260823_223518,above_good,31,40,random_control,-1.4096482992172241,-1.3204270601272583,-1.2949069738388062,-1.3356519937515259,9067
qwen3.5-27b_20260823_223518,above_good,32,32,value_axis,-0.4912905693054199,-4.126518249511719,-3.5126514434814453,-3.4322211742401123,11923
qwen3.5-27b_20260823_223518,above_good,32,32,random_control,-0.13059355318546295,0.1384972780942917,0.18335887789726257,0.20040035247802734,11923
qwen3.5-27b_20260823_223518,above_good,32,24,value_axis,-6.6427001953125,-9.365806579589844,-10.147228240966797,-9.21962833404541,11923
qwen3.5-27b_20260823_223518,above_good,32,24,random_control,0.45877569913864136,0.40149548649787903,0.26494064927101135,0.31412264704704285,11923
qwen3.5-27b_20260823_223518,above_good,32,40,value_axis,16.490224838256836,13.205904960632324,14.000114440917969,15.318737983703613,11923
qwen3.5-27b_20260823_223518,above_good,32,40,random_control,-1.4096479415893555,-1.2893379926681519,-1.335780143737793,-1.2996786832809448,11923
qwen3.5-27b_20260823_223518,above_good,33,32,value_axis,-0.49128857254981995,-4.058263778686523,-5.261804103851318,-2.4712085723876953,9370
qwen3.5-27b_20260823_223518,above_good,33,32,random_control,-0.13059398531913757,0.0842374637722969,0.152247354388237,0.08494269102811813,9370
qwen3.5-27b_20260823_223518,above_good,33,24,value_axis,-6.642701148986816,-9.329541206359863,-10.923430442810059,-8.49276351928711,9370
qwen3.5-27b_20260823_223518,above_good,33,24,random_control,0.45877546072006226,0.4008895456790924,0.34298500418663025,0.38872337341308594,9370
qwen3.5-27b_20260823_223518,above_good,33,40,value_axis,16.490230560302734,13.196776390075684,10.966952323913574,16.4833984375,9370
qwen3.5-27b_20260823_223518,above_good,33,40,random_control,-1.4096482992172241,-1.3196206092834473,-1.1009279489517212,-1.4510231018066406,9370
qwen3.5-27b_20260823_223518,above_good,34,32,value_axis,-0.4912905693054199,-3.7826266288757324,-3.568328857421875,-2.389000654220581,11951
qwen3.5-27b_20260823_223518,above_good,34,32,random_control,-0.13059355318546295,0.08997441828250885,0.1405417025089264,0.25489506125450134,11951
qwen3.5-27b_20260823_223518,above_good,34,24,value_axis,-6.6427001953125,-9.115331649780273,-10.033149719238281,-8.143510818481445,11951
qwen3.5-27b_20260823_223518,above_good,34,24,random_control,0.45877569913864136,0.4180247187614441,0.3348536789417267,0.3117893934249878,11951
qwen3.5-27b_20260823_223518,above_good,34,40,value_axis,16.490224838256836,13.750556945800781,13.55444622039795,16.040742874145508,11951
qwen3.5-27b_20260823_223518,above_good,34,40,random_control,-1.4096479415893555,-1.346740961074829,-1.288893222808838,-1.2609137296676636,11951
qwen3.5-27b_20260823_223518,above_good,35,32,value_axis,-0.4912905693054199,-3.963329553604126,-3.6253509521484375,-2.2090134620666504,11176
qwen3.5-27b_20260823_223518,above_good,35,32,random_control,-0.13059355318546295,0.09408843517303467,0.11905929446220398,0.3393745422363281,11176
qwen3.5-27b_20260823_223518,above_good,35,24,value_axis,-6.6427001953125,-9.413949012756348,-10.158010482788086,-8.323909759521484,11176
qwen3.5-27b_20260823_223518,above_good,35,24,random_control,0.45877569913864136,0.4190184473991394,0.40984413027763367,0.3894425332546234,11176
qwen3.5-27b_20260823_223518,above_good,35,40,value_axis,16.490224838256836,13.833970069885254,14.181077003479004,16.846426010131836,11176
qwen3.5-27b_20260823_223518,above_good,35,40,random_control,-1.4096479415893555,-1.4117728471755981,-1.2255843877792358,-1.5927373170852661,11176
qwen3.5-27b_20260823_223518,above_good,36,32,value_axis,-0.4912905693054199,-4.020914554595947,-5.231503486633301,-2.4136245250701904,10559
qwen3.5-27b_20260823_223518,above_good,36,32,random_control,-0.13059355318546295,0.08305279910564423,0.18388435244560242,0.35180526971817017,10559
qwen3.5-27b_20260823_223518,above_good,36,24,value_axis,-6.6427001953125,-9.413166046142578,-10.99186897277832,-8.716364860534668,10559
qwen3.5-27b_20260823_223518,above_good,36,24,random_control,0.45877569913864136,0.4084744453430176,0.33904603123664856,0.4102315902709961,10559
qwen3.5-27b_20260823_223518,above_good,36,40,value_axis,16.490224838256836,13.57763957977295,11.089482307434082,16.286710739135742,10559
qwen3.5-27b_20260823_223518,above_good,36,40,random_control,-1.4096479415893555,-1.380273699760437,-1.1016526222229004,-1.64851975440979,10559
qwen3.5-27b_20260823_223518,above_good,37,32,value_axis,-0.4912905693054199,-4.471505641937256,-3.539640426635742,-2.7765326499938965,10151
qwen3.5-27b_20260823_223518,above_good,37,32,random_control,-0.13059355318546295,0.05938095226883888,0.08194085210561752,0.13689884543418884,10151
qwen3.5-27b_20260823_223518,above_good,37,24,value_axis,-6.6427001953125,-9.561655044555664,-10.195609092712402,-8.347379684448242,10151
qwen3.5-27b_20260823_223518,above_good,37,24,random_control,0.45877569913864136,0.39716601371765137,0.42329227924346924,0.4635017514228821,10151
qwen3.5-27b_20260823_223518,above_good,37,40,value_axis,16.490224838256836,12.568330764770508,13.9225492477417,15.131425857543945,10151
qwen3.5-27b_20260823_223518,above_good,37,40,random_control,-1.4096479415893555,-1.2613089084625244,-1.2627476453781128,-1.1186484098434448,10151
qwen3.5-27b_20260823_223518,above_good,38,32,value_axis,-0.4912905693054199,-4.319174289703369,-3.8220043182373047,-4.268798351287842,12560
qwen3.5-27b_20260823_223518,above_good,38,32,random_control,-0.13059355318546295,0.111575648188591,0.16967210173606873,-0.008265828713774681,12560
qwen3.5-27b_20260823_223518,above_good,38,24,value_axis,-6.6427001953125,-9.511970520019531,-10.3776216506958,-9.317401885986328,12560
qwen3.5-27b_20260823_223518,above_good,38,24,random_control,0.45877569913864136,0.40758487582206726,0.4506860673427582,0.4425758421421051,12560
qwen3.5-27b_20260823_223518,above_good,38,40,value_axis,16.490224838256836,12.991083145141602,13.62076187133789,13.581511497497559,12560
qwen3.5-27b_20260823_223518,above_good,38,40,random_control,-1.4096479415893555,-1.3324356079101562,-1.4032727479934692,-1.2951858043670654,12560
qwen3.5-27b_20260823_223518,above_good,39,32,value_axis,-0.4912905693054199,-4.1351847648620605,-3.6809918880462646,-3.339414119720459,10884
qwen3.5-27b_20260823_223518,above_good,39,32,random_control,-0.13059355318546295,0.08811543136835098,0.21335245668888092,0.19068992137908936,10884
qwen3.5-27b_20260823_223518,above_good,39,24,value_axis,-6.6427001953125,-9.471299171447754,-10.267282485961914,-9.37353801727295,10884
qwen3.5-27b_20260823_223518,above_good,39,24,random_control,0.45877569913864136,0.4045931398868561,0.45491042733192444,0.4718826413154602,10884
qwen3.5-27b_20260823_223518,above_good,39,40,value_axis,16.490224838256836,13.438375473022461,14.086485862731934,15.769787788391113,10884
qwen3.5-27b_20260823_223518,above_good,39,40,random_control,-1.4096479415893555,-1.372122049331665,-1.4771023988723755,-1.353057861328125,10884
qwen3.5-27b_20260823_223518,above_good,40,32,value_axis,-0.4912905693054199,-4.031662464141846,-4.482348442077637,-3.241286039352417,12375
qwen3.5-27b_20260823_223518,above_good,40,32,random_control,-0.13059355318546295,0.12090145796537399,0.156901553273201,-0.05386568233370781,12375
qwen3.5-27b_20260823_223518,above_good,40,24,value_axis,-6.6427001953125,-9.283799171447754,-10.711709022521973,-8.749807357788086,12375
qwen3.5-27b_20260823_223518,above_good,40,24,random_control,0.45877569913864136,0.39654287695884705,0.3782747685909271,0.4914673864841461,12375
qwen3.5-27b_20260823_223518,above_good,40,40,value_axis,16.490224838256836,13.348858833312988,12.801369667053223,14.52661418914795,12375
qwen3.5-27b_20260823_223518,above_good,40,40,random_control,-1.4096479415893555,-1.3030507564544678,-1.2492846250534058,-1.359248399734497,12375
qwen3.5-27b_20260823_223518,above_good,41,32,value_axis,-0.4912905693054199,-3.874344825744629,-3.786328077316284,-2.647437334060669,10887
qwen3.5-27b_20260823_223518,above_good,41,32,random_control,-0.13059355318546295,0.12143315374851227,0.18248142302036285,0.25455644726753235,10887
qwen3.5-27b_20260823_223518,above_good,41,24,value_axis,-6.6427001953125,-9.300682067871094,-10.373804092407227,-8.434757232666016,10887
qwen3.5-27b_20260823_223518,above_good,41,24,random_control,0.45877569913864136,0.4000142812728882,0.42859214544296265,0.4273463487625122,10887
qwen3.5-27b_20260823_223518,above_good,41,40,value_axis,16.490224838256836,13.883103370666504,14.156567573547363,16.43792152404785,10887
qwen3.5-27b_20260823_223518,above_good,41,40,random_control,-1.4096479415893555,-1.324239730834961,-1.4487521648406982,-1.3352932929992676,10887
qwen3.5-27b_20260823_223518,above_good,42,32,value_axis,-0.4912905693054199,-4.02762508392334,-3.956921339035034,-2.9527475833892822,12645
qwen3.5-27b_20260823_223518,above_good,42,32,random_control,-0.13059355318546295,0.1127559021115303,0.20314747095108032,0.10572151094675064,12645
qwen3.5-27b_20260823_223518,above_good,42,24,value_axis,-6.6427001953125,-9.280460357666016,-10.481383323669434,-8.521410942077637,12645
qwen3.5-27b_20260823_223518,above_good,42,24,random_control,0.45877569913864136,0.3950149416923523,0.4787735044956207,0.4175008535385132,12645
qwen3.5-27b_20260823_223518,above_good,42,40,value_axis,16.490224838256836,13.418660163879395,12.954418182373047,15.95300006866455,12645
qwen3.5-27b_20260823_223518,above_good,42,40,random_control,-1.4096479415893555,-1.3721216917037964,-1.2876296043395996,-1.4100719690322876,12645
qwen3.5-27b_20260823_223518,above_good,43,32,value_axis,-0.49128854274749756,-4.320496082305908,-3.8636786937713623,-3.2254748344421387,8342
qwen3.5-27b_20260823_223518,above_good,43,32,random_control,-0.13059398531913757,0.08773168176412582,0.1550525724887848,0.22498048841953278,8342
qwen3.5-27b_20260823_223518,above_good,43,24,value_axis,-6.642701148986816,-9.575363159179688,-10.283957481384277,-8.88266372680664,8342
qwen3.5-27b_20260823_223518,above_good,43,24,random_control,0.45877546072006226,0.41318222880363464,0.43579649925231934,0.4508950710296631,8342
qwen3.5-27b_20260823_223518,above_good,43,40,value_axis,16.490230560302734,12.885040283203125,13.538865089416504,14.492108345031738,8342
qwen3.5-27b_20260823_223518,above_good,43,40,random_control,-1.4096482992172241,-1.3396333456039429,-1.3372753858566284,-1.3183813095092773,8342
qwen3.5-27b_20260823_223518,above_good,44,32,value_axis,-0.4912905693054199,-4.188706398010254,-3.83219051361084,-3.4937384128570557,15012
qwen3.5-27b_20260823_223518,above_good,44,32,random_control,-0.13059355318546295,0.09552454203367233,0.1341923475265503,-0.009587512351572514,15012
qwen3.5-27b_20260823_223518,above_good,44,24,value_axis,-6.6427001953125,-9.36532974243164,-10.255683898925781,-8.904807090759277,15012
qwen3.5-27b_20260823_223518,above_good,44,24,random_control,0.45877569913864136,0.4200773537158966,0.44398558139801025,0.3902680277824402,15012
qwen3.5-27b_20260823_223518,above_good,44,40,value_axis,16.490224838256836,13.10421085357666,13.0580472946167,14.567673683166504,15012
qwen3.5-27b_20260823_223518,above_good,44,40,random_control,-1.4096479415893555,-1.3215622901916504,-1.3133431673049927,-1.2275891304016113,15012
qwen3.5-27b_20260823_223518,above_good,45,32,value_axis,-0.4912905693054199,-4.119097709655762,-4.578482627868652,-3.8299005031585693,12446
qwen3.5-27b_20260823_223518,above_good,45,32,random_control,-0.13059355318546295,0.10681623220443726,0.07031753659248352,0.0109941391274333,12446
qwen3.5-27b_20260823_223518,above_good,45,24,value_axis,-6.6427001953125,-9.286532402038574,-10.702167510986328,-8.775816917419434,12446
qwen3.5-27b_20260823_223518,above_good,45,24,random_control,0.45877569913864136,0.4010089933872223,0.4300433397293091,0.4050237238407135,12446
qwen3.5-27b_20260823_223518,above_good,45,40,value_axis,16.490224838256836,13.098494529724121,12.195640563964844,13.652702331542969,12446
qwen3.5-27b_20260823_223518,above_good,45,40,random_control,-1.4096479415893555,-1.2810155153274536,-1.2176856994628906,-1.3512600660324097,12446
qwen3.5-27b_20260823_223518,above_good,46,32,value_axis,-0.4912905693054199,-3.8550493717193604,-3.709519624710083,-2.7241034507751465,11354
qwen3.5-27b_20260823_223518,above_good,46,32,random_control,-0.13059355318546295,0.10788773000240326,0.1992490440607071,0.11641375720500946,11354
qwen3.5-27b_20260823_223518,above_good,46,24,value_axis,-6.6427001953125,-9.203548431396484,-10.18329906463623,-8.959245681762695,11354
qwen3.5-27b_20260823_223518,above_good,46,24,random_control,0.45877569913864136,0.3916057050228119,0.41421154141426086,0.46600764989852905,11354
qwen3.5-27b_20260823_223518,above_good,46,40,value_axis,16.490224838256836,13.681257247924805,13.237239837646484,16.32883071899414,11354
qwen3.5-27b_20260823_223518,above_good,46,40,random_control,-1.4096479415893555,-1.3371660709381104,-1.352588176727295,-1.5474032163619995,11354
qwen3.5-27b_20260823_223518,above_good,47,32,value_axis,-0.4912893772125244,-4.119145393371582,-3.7826101779937744,-2.594015121459961,7174
qwen3.5-27b_20260823_223518,above_good,47,32,random_control,-0.13059252500534058,0.12541890144348145,0.19349944591522217,0.15261322259902954,7174
qwen3.5-27b_20260823_223518,above_good,47,24,value_axis,-6.642691135406494,-9.498456001281738,-10.342759132385254,-8.986303329467773,7174
qwen3.5-27b_20260823_223518,above_good,47,24,random_control,0.458776593208313,0.38249656558036804,0.44170504808425903,0.42995280027389526,7174
qwen3.5-27b_20260823_223518,above_good,47,40,value_axis,16.490211486816406,13.237974166870117,13.756159782409668,16.697568893432617,7174
qwen3.5-27b_20260823_223518,above_good,47,40,random_control,-1.4096484184265137,-1.3304040431976318,-1.4061678647994995,-1.48044753074646,7174
qwen3.5-27b_20260823_223518,above_good,48,32,value_axis,-0.49128857254981995,-4.012592792510986,-3.614971399307251,-3.3830249309539795,9074
qwen3.5-27b_20260823_223518,above_good,48,32,random_control,-0.13059398531913757,0.11671073734760284,0.17577344179153442,0.008087494410574436,9074
qwen3.5-27b_20260823_223518,above_good,48,24,value_axis,-6.642701148986816,-9.422553062438965,-9.942887306213379,-9.081948280334473,9074
qwen3.5-27b_20260823_223518,above_good,48,24,random_control,0.45877546072006226,0.40889647603034973,0.3646671772003174,0.4584750235080719,9074
qwen3.5-27b_20260823_223518,above_good,48,40,value_axis,16.490230560302734,13.525507926940918,13.268804550170898,15.3155517578125,9074
qwen3.5-27b_20260823_223518,above_good,48,40,random_control,-1.4096482992172241,-1.3389286994934082,-1.2546042203903198,-1.251488208770752,9074
qwen3.5-27b_20260823_223518,above_good,49,32,value_axis,-0.49128857254981995,-4.334177494049072,-3.773430824279785,-2.21138072013855,9414
qwen3.5-27b_20260823_223518,above_good,49,32,random_control,-0.13059398531913757,0.09819161891937256,0.16879284381866455,0.09932050108909607,9414
qwen3.5-27b_20260823_223518,above_good,49,24,value_axis,-6.642701148986816,-9.510300636291504,-10.215177536010742,-8.3080472946167,9414
qwen3.5-27b_20260823_223518,above_good,49,24,random_control,0.45877546072006226,0.39636310935020447,0.4210927486419678,0.5202832221984863,9414
qwen3.5-27b_20260823_223518,above_good,49,40,value_axis,16.490230560302734,13.00499153137207,13.620168685913086,16.3386287689209,9414
qwen3.5-27b_20260823_223518,above_good,49,40,random_control,-1.4096482992172241,-1.3316081762313843,-1.4456714391708374,-1.338158369064331,9414
qwen3.5-27b_20260823_223518,above_good,50,32,value_axis,-0.4912905693054199,-3.9630250930786133,-4.078678607940674,-2.3282763957977295,13241
qwen3.5-27b_20260823_223518,above_good,50,32,random_control,-0.13059355318546295,0.14192968606948853,0.2134951949119568,0.11919635534286499,13241
qwen3.5-27b_20260823_223518,above_good,50,24,value_axis,-6.6427001953125,-9.389448165893555,-10.335710525512695,-8.217458724975586,13241
qwen3.5-27b_20260823_223518,above_good,50,24,random_control,0.45877569913864136,0.40271657705307007,0.38916274905204773,0.3360353112220764,13241
qwen3.5-27b_20260823_223518,above_good,50,40,value_axis,16.490224838256836,13.75311279296875,13.130815505981445,15.978337287902832,13241
qwen3.5-27b_20260823_223518,above_good,50,40,random_control,-1.4096479415893555,-1.3570150136947632,-1.4390960931777954,-1.179137110710144,13241
qwen3.5-27b_20260823_223518,above_good,51,32,value_axis,-0.4912905693054199,-4.168473720550537,-5.702949047088623,-2.9880728721618652,11374
qwen3.5-27b_20260823_223518,above_good,51,32,random_control,-0.13059355318546295,0.09974516928195953,0.12257926911115646,0.07237124443054199,11374
qwen3.5-27b_20260823_223518,above_good,51,24,value_axis,-6.6427001953125,-9.459637641906738,-11.302084922790527,-8.526006698608398,11374
qwen3.5-27b_20260823_223518,above_good,51,24,random_control,0.45877569913864136,0.402319997549057,0.3748425543308258,0.4498107433319092,11374
qwen3.5-27b_20260823_223518,above_good,51,40,value_axis,16.490224838256836,13.179699897766113,10.585701942443848,15.479867935180664,11374
qwen3.5-27b_20260823_223518,above_good,51,40,random_control,-1.4096479415893555,-1.312008261680603,-1.1985760927200317,-1.3480584621429443,11374
qwen3.5-27b_20260823_223518,above_good,52,32,value_axis,-0.4912905693054199,-4.05751895904541,-3.9178555011749268,-2.9322316646575928,11161
qwen3.5-27b_20260823_223518,above_good,52,32,random_control,-0.13059355318546295,0.09329406172037125,0.21160927414894104,0.11600647121667862,11161
qwen3.5-27b_20260823_223518,above_good,52,24,value_axis,-6.6427001953125,-9.522970199584961,-10.218852996826172,-8.38123893737793,11161
qwen3.5-27b_20260823_223518,above_good,52,24,random_control,0.45877569913864136,0.424517959356308,0.37409165501594543,0.5418586134910583,11161
qwen3.5-27b_20260823_223518,above_good,52,40,value_axis,16.490224838256836,13.878561973571777,13.128518104553223,15.458965301513672,11161
qwen3.5-27b_20260823_223518,above_good,52,40,random_control,-1.4096479415893555,-1.4171736240386963,-1.2457013130187988,-1.2708179950714111,11161
qwen3.5-27b_20260823_223518,above_good,53,32,value_axis,-0.4912905693054199,-4.00789737701416,-3.699173927307129,-3.415454149246216,11994
qwen3.5-27b_20260823_223518,above_good,53,32,random_control,-0.13059355318546295,0.12798579037189484,0.192316934466362,0.13153763115406036,11994
qwen3.5-27b_20260823_223518,above_good,53,24,value_axis,-6.6427001953125,-9.412384986877441,-10.34298324584961,-8.723633766174316,11994
qwen3.5-27b_20260823_223518,above_good,53,24,random_control,0.45877569913864136,0.3791004419326782,0.3258725702762604,0.5243778824806213,11994
qwen3.5-27b_20260823_223518,above_good,53,40,value_axis,16.490224838256836,13.61382007598877,13.338554382324219,14.567340850830078,11994
qwen3.5-27b_20260823_223518,above_good,53,40,random_control,-1.4096479415893555,-1.319612979888916,-1.266371250152588,-1.2624967098236084,11994
qwen3.5-27b_20260823_223518,above_good,54,32,value_axis,-0.4912905693054199,-4.022424697875977,-3.8228516578674316,-2.625326633453369,11060
qwen3.5-27b_20260823_223518,above_good,54,32,random_control,-0.13059355318546295,0.07917241752147675,0.1344951093196869,0.23112201690673828,11060
qwen3.5-27b_20260823_223518,above_good,54,24,value_axis,-6.6427001953125,-9.335417747497559,-10.341801643371582,-9.153179168701172,11060
qwen3.5-27b_20260823_223518,above_good,54,24,random_control,0.45877569913864136,0.42332756519317627,0.42199134826660156,0.3554529547691345,11060
qwen3.5-27b_20260823_223518,above_good,54,40,value_axis,16.490224838256836,13.324112892150879,13.520317077636719,16.49101448059082,11060
qwen3.5-27b_20260823_223518,above_good,54,40,random_control,-1.4096479415893555,-1.273641586303711,-1.3339779376983643,-1.6752922534942627,11060
qwen3.5-27b_20260823_223518,above_good,55,32,value_axis,-0.49128857254981995,-4.028305530548096,-4.039702892303467,-2.934788465499878,9122
qwen3.5-27b_20260823_223518,above_good,55,32,random_control,-0.13059398531913757,0.11192638427019119,0.19521167874336243,0.18788009881973267,9122
qwen3.5-27b_20260823_223518,above_good,55,24,value_axis,-6.642701148986816,-9.40373420715332,-10.366580963134766,-8.787984848022461,9122
qwen3.5-27b_20260823_223518,above_good,55,24,random_control,0.45877546072006226,0.3997955024242401,0.4183429777622223,0.32295867800712585,9122
qwen3.5-27b_20260823_223518,above_good,55,40,value_axis,16.490230560302734,13.743114471435547,13.0775146484375,15.873617172241211,9122
qwen3.5-27b_20260823_223518,above_good,55,40,random_control,-1.4096482992172241,-1.3586539030075073,-1.3273733854293823,-1.402854561805725,9122
qwen3.5-27b_20260823_223518,above_good,56,32,value_axis,-0.4912905693054199,-4.155875205993652,-3.807964563369751,-2.504411458969116,10155
qwen3.5-27b_20260823_223518,above_good,56,32,random_control,-0.13059355318546295,0.1177414059638977,0.1443001627922058,0.18670761585235596,10155
qwen3.5-27b_20260823_223518,above_good,56,24,value_axis,-6.6427001953125,-9.547401428222656,-10.371862411499023,-8.723955154418945,10155
qwen3.5-27b_20260823_223518,above_good,56,24,random_control,0.45877569913864136,0.39212632179260254,0.431408166885376,0.3961436152458191,10155
qwen3.5-27b_20260823_223518,above_good,56,40,value_axis,16.490224838256836,13.435038566589355,13.533726692199707,16.8104305267334,10155
qwen3.5-27b_20260823_223518,above_good,56,40,random_control,-1.4096479415893555,-1.3972389698028564,-1.4410452842712402,-1.4593150615692139,10155
qwen3.5-27b_20260823_223518,above_good,57,32,value_axis,-0.49128854274749756,-4.389288902282715,-4.061789035797119,-4.797412872314453,8379
qwen3.5-27b_20260823_223518,above_good,57,32,random_control,-0.13059398531913757,0.03535422682762146,0.144531711935997,0.04832274094223976,8379
qwen3.5-27b_20260823_223518,above_good,57,24,value_axis,-6.642701148986816,-9.743672370910645,-10.441719055175781,-9.976336479187012,8379
qwen3.5-27b_20260823_223518,above_good,57,24,random_control,0.45877546072006226,0.42693451046943665,0.4828091859817505,0.38361507654190063,8379
qwen3.5-27b_20260823_223518,above_good,57,40,value_axis,16.490230560302734,13.080146789550781,12.938501358032227,13.228034973144531,8379
qwen3.5-27b_20260823_223518,above_good,57,40,random_control,-1.4096482992172241,-1.3965293169021606,-1.3358899354934692,-1.4410513639450073,8379
qwen3.5-27b_20260823_223518,above_good,58,32,value_axis,-0.4912905693054199,-3.9978742599487305,-3.7142140865325928,-2.796828031539917,13621
qwen3.5-27b_20260823_223518,above_good,58,32,random_control,-0.13059355318546295,0.07254789769649506,0.1465023010969162,0.020149152725934982,13621
qwen3.5-27b_20260823_223518,above_good,58,24,value_axis,-6.6427001953125,-9.23108196258545,-10.218672752380371,-8.306452751159668,13621
qwen3.5-27b_20260823_223518,above_good,58,24,random_control,0.45877569913864136,0.4344612658023834,0.29091736674308777,0.5344417691230774,13621
qwen3.5-27b_20260823_223518,above_good,58,40,value_axis,16.490224838256836,13.320144653320312,13.382404327392578,15.359816551208496,13621
qwen3.5-27b_20260823_223518,above_good,58,40,random_control,-1.4096479415893555,-1.2947660684585571,-1.2068616151809692,-1.3267979621887207,13621
qwen3.5-27b_20260823_223518,above_good,59,32,value_axis,-0.4912905693054199,-4.1554694175720215,-3.7721402645111084,-3.076714515686035,9811
qwen3.5-27b_20260823_223518,above_good,59,32,random_control,-0.13059355318546295,0.14165247976779938,0.1598723977804184,0.12126339226961136,9811
qwen3.5-27b_20260823_223518,above_good,59,24,value_axis,-6.6427001953125,-9.436563491821289,-10.189042091369629,-8.457951545715332,9811
qwen3.5-27b_20260823_223518,above_good,59,24,random_control,0.45877569913864136,0.3901062607765198,0.3567543923854828,0.366514652967453,9811
qwen3.5-27b_20260823_223518,above_good,59,40,value_axis,16.490224838256836,13.176960945129395,13.73127555847168,14.782995223999023,9811
qwen3.5-27b_20260823_223518,above_good,59,40,random_control,-1.4096479415893555,-1.3345272541046143,-1.433763027191162,-1.4092471599578857,9811
qwen3.5-27b_20260823_223518,above_good,60,32,value_axis,-0.49128854274749756,-4.405416965484619,-3.9326462745666504,-2.9268453121185303,8271
qwen3.5-27b_20260823_223518,above_good,60,32,random_control,-0.13059398531913757,0.039760224521160126,0.1518118977546692,0.1650974601507187,8271
qwen3.5-27b_20260823_223518,above_good,60,24,value_axis,-6.642701148986816,-9.619441032409668,-10.431601524353027,-8.638513565063477,8271
qwen3.5-27b_20260823_223518,above_good,60,24,random_control,0.45877546072006226,0.4168132543563843,0.41399946808815,0.31253790855407715,8271
qwen3.5-27b_20260823_223518,above_good,60,40,value_axis,16.490230560302734,12.739312171936035,13.12228775024414,15.720646858215332,8271
qwen3.5-27b_20260823_223518,above_good,60,40,random_control,-1.4096482992172241,-1.2923810482025146,-1.2732272148132324,-1.4653277397155762,8271
qwen3.5-27b_20260823_223518,above_good,61,32,value_axis,-0.49128854274749756,-4.16554069519043,-4.388401985168457,-3.3357152938842773,8988
qwen3.5-27b_20260823_223518,above_good,61,32,random_control,-0.13059398531913757,0.052390456199645996,0.12786249816417694,-0.015970347449183464,8988
qwen3.5-27b_20260823_223518,above_good,61,24,value_axis,-6.642701148986816,-9.408500671386719,-10.603523254394531,-8.474482536315918,8988
qwen3.5-27b_20260823_223518,above_good,61,24,random_control,0.45877546072006226,0.4274784028530121,0.34726983308792114,0.47611767053604126,8988
qwen3.5-27b_20260823_223518,above_good,61,40,value_axis,16.490230560302734,13.003243446350098,12.612773895263672,14.547510147094727,8988
qwen3.5-27b_20260823_223518,above_good,61,40,random_control,-1.4096482992172241,-1.281840443611145,-1.3031244277954102,-1.2789578437805176,8988
qwen3.5-27b_20260823_223518,above_good,62,32,value_axis,-0.49128857254981995,-3.908834457397461,-3.3605356216430664,-2.882911443710327,9206
qwen3.5-27b_20260823_223518,above_good,62,32,random_control,-0.13059398531913757,0.1202300563454628,0.12686362862586975,0.2559734582901001,9206
qwen3.5-27b_20260823_223518,above_good,62,24,value_axis,-6.642701148986816,-9.39326000213623,-10.097613334655762,-8.995806694030762,9206
qwen3.5-27b_20260823_223518,above_good,62,24,random_control,0.45877546072006226,0.3484000861644745,0.3767758309841156,0.4105651080608368,9206
qwen3.5-27b_20260823_223518,above_good,62,40,value_axis,16.490230560302734,13.764852523803711,14.566171646118164,16.287046432495117,9206
qwen3.5-27b_20260823_223518,above_good,62,40,random_control,-1.4096482992172241,-1.3435864448547363,-1.3965476751327515,-1.624290108680725,9206
qwen3.5-27b_20260823_223518,above_good,63,32,value_axis,-0.4912905693054199,-4.477740287780762,-3.7808403968811035,-3.717869281768799,10023
qwen3.5-27b_20260823_223518,above_good,63,32,random_control,-0.13059355318546295,0.12588006258010864,0.06921426206827164,0.11907488107681274,10023
qwen3.5-27b_20260823_223518,above_good,63,24,value_axis,-6.6427001953125,-9.62160587310791,-10.165262222290039,-8.73629379272461,10023
qwen3.5-27b_20260823_223518,above_good,63,24,random_control,0.45877569913864136,0.40428128838539124,0.38497626781463623,0.47299546003341675,10023
qwen3.5-27b_20260823_223518,above_good,63,40,value_axis,16.490224838256836,12.691675186157227,13.515130996704102,13.67449951171875,10023
qwen3.5-27b_20260823_223518,above_good,63,40,random_control,-1.4096479415893555,-1.3084094524383545,-1.2270567417144775,-1.3835049867630005,10023
qwen3.5-27b_20260823_223518,above_good,64,32,value_axis,-0.4912893772125244,-4.230699062347412,-5.651789665222168,-2.9720752239227295,8180
qwen3.5-27b_20260823_223518,above_good,64,32,random_control,-0.13059252500534058,0.12798169255256653,0.1861480325460434,-0.03236188367009163,8180
qwen3.5-27b_20260823_223518,above_good,64,24,value_axis,-6.642691135406494,-9.544042587280273,-11.338173866271973,-8.835041999816895,8180
qwen3.5-27b_20260823_223518,above_good,64,24,random_control,0.458776593208313,0.4105283319950104,0.391602486371994,0.5360589027404785,8180
qwen3.5-27b_20260823_223518,above_good,64,40,value_axis,16.490211486816406,13.024650573730469,10.993289947509766,15.259103775024414,8180
qwen3.5-27b_20260823_223518,above_good,64,40,random_control,-1.4096484184265137,-1.2938449382781982,-1.2364416122436523,-1.391370415687561,8180
qwen3.5-27b_20260823_223518,above_good,65,32,value_axis,-0.4912905693054199,-4.077977657318115,-4.793260097503662,-2.6100106239318848,11618
qwen3.5-27b_20260823_223518,above_good,65,32,random_control,-0.13059355318546295,0.13593637943267822,0.13507133722305298,-0.0074094682931900024,11618
qwen3.5-27b_20260823_223518,above_good,65,24,value_axis,-6.6427001953125,-9.326799392700195,-10.807168006896973,-8.359842300415039,11618
qwen3.5-27b_20260823_223518,above_good,65,24,random_control,0.45877569913864136,0.39291661977767944,0.331931471824646,0.47242385149002075,11618
qwen3.5-27b_20260823_223518,above_good,65,40,value_axis,16.490224838256836,13.258849143981934,12.044541358947754,16.06538963317871,11618
qwen3.5-27b_20260823_223518,above_good,65,40,random_control,-1.4096479415893555,-1.2334959506988525,-1.1376363039016724,-1.2852014303207397,11618
qwen3.5-27b_20260823_223518,above_good,66,32,value_axis,-0.49128857254981995,-4.015506744384766,-4.123517036437988,-3.840191602706909,9398
qwen3.5-27b_20260823_223518,above_good,66,32,random_control,-0.13059398531913757,0.044397369027137756,0.16328254342079163,0.02063235267996788,9398
qwen3.5-27b_20260823_223518,above_good,66,24,value_axis,-6.642701148986816,-9.325143814086914,-10.377660751342773,-9.598428726196289,9398
qwen3.5-27b_20260823_223518,above_good,66,24,random_control,0.45877546072006226,0.4096158444881439,0.3816031515598297,0.5211448669433594,9398
qwen3.5-27b_20260823_223518,above_good,66,40,value_axis,16.490230560302734,13.265954971313477,12.654012680053711,14.212779998779297,9398
qwen3.5-27b_20260823_223518,above_good,66,40,random_control,-1.4096482992172241,-1.3392457962036133,-1.3985092639923096,-1.3141593933105469,9398
qwen3.5-27b_20260823_223518,above_good,67,32,value_axis,-0.4912893772125244,-4.236589431762695,-3.9535629749298096,-4.581027030944824,8160
qwen3.5-27b_20260823_223518,above_good,67,32,random_control,-0.13059252500534058,0.10746416449546814,0.16833728551864624,0.08653569221496582,8160
qwen3.5-27b_20260823_223518,above_good,67,24,value_axis,-6.642691135406494,-9.667515754699707,-10.566581726074219,-9.829599380493164,8160
qwen3.5-27b_20260823_223518,above_good,67,24,random_control,0.458776593208313,0.426188200712204,0.4837625026702881,0.4003147482872009,8160
qwen3.5-27b_20260823_223518,above_good,67,40,value_axis,16.490211486816406,13.337079048156738,13.587124824523926,13.751630783081055,8160
qwen3.5-27b_20260823_223518,above_good,67,40,random_control,-1.4096484184265137,-1.3756908178329468,-1.333308458328247,-1.3506757020950317,8160
qwen3.5-27b_20260823_223518,above_good,68,32,value_axis,-0.4912905693054199,-3.786886215209961,-3.765024185180664,-3.018916130065918,13394
qwen3.5-27b_20260823_223518,above_good,68,32,random_control,-0.13059355318546295,0.1342584490776062,0.15569038689136505,0.24016337096691132,13394
qwen3.5-27b_20260823_223518,above_good,68,24,value_axis,-6.6427001953125,-9.186487197875977,-10.208656311035156,-8.553340911865234,13394
qwen3.5-27b_20260823_223518,above_good,68,24,random_control,0.45877569913864136,0.4173904359340668,0.4226721227169037,0.3552153408527374,13394
qwen3.5-27b_20260823_223518,above_good,68,40,value_axis,16.490224838256836,14.083470344543457,13.768845558166504,15.835382461547852,13394
qwen3.5-27b_20260823_223518,above_good,68,40,random_control,-1.4096479415893555,-1.3784300088882446,-1.4812453985214233,-1.547572374343872,13394
qwen3.5-27b_20260823_223518,above_good,69,32,value_axis,-0.4912905693054199,-4.172433853149414,-3.6499297618865967,-2.9627060890197754,10184
qwen3.5-27b_20260823_223518,above_good,69,32,random_control,-0.13059355318546295,0.1315566599369049,0.16829273104667664,0.28786030411720276,10184
qwen3.5-27b_20260823_223518,above_good,69,24,value_axis,-6.6427001953125,-9.416718482971191,-10.172080993652344,-9.07441520690918,10184
qwen3.5-27b_20260823_223518,above_good,69,24,random_control,0.45877569913864136,0.39919793605804443,0.4554521441459656,0.3839326798915863,10184
qwen3.5-27b_20260823_223518,above_good,69,40,value_axis,16.490224838256836,13.165817260742188,13.947320938110352,15.90478801727295,10184
qwen3.5-27b_20260823_223518,above_good,69,40,random_control,-1.4096479415893555,-1.2808823585510254,-1.2920200824737549,-1.332849383354187,10184
qwen3.5-27b_20260823_223518,above_good,70,32,value_axis,-0.4912905693054199,-4.0089850425720215,-3.739842414855957,-3.924483299255371,10175
qwen3.5-27b_20260823_223518,above_good,70,32,random_control,-0.13059355318546295,0.0973101481795311,0.22516658902168274,0.09266333281993866,10175
qwen3.5-27b_20260823_223518,above_good,70,24,value_axis,-6.6427001953125,-9.516828536987305,-10.362710952758789,-9.254627227783203,10175
qwen3.5-27b_20260823_223518,above_good,70,24,random_control,0.45877569913864136,0.4177708029747009,0.4913288354873657,0.47119244933128357,10175
qwen3.5-27b_20260823_223518,above_good,70,40,value_axis,16.490224838256836,14.057662963867188,13.782837867736816,14.130881309509277,10175
qwen3.5-27b_20260823_223518,above_good,70,40,random_control,-1.4096479415893555,-1.387948751449585,-1.4286816120147705,-1.5873390436172485,10175
qwen3.5-27b_20260823_223518,above_good,71,32,value_axis,-0.49129271507263184,-3.961620569229126,-5.327584743499756,-2.8464813232421875,16069
qwen3.5-27b_20260823_223518,above_good,71,32,random_control,-0.13059352338314056,0.15210875868797302,0.1778712421655655,0.15284352004528046,16069
qwen3.5-27b_20260823_223518,above_good,71,24,value_axis,-6.642702102661133,-9.2282133102417,-11.019296646118164,-8.341324806213379,16069
qwen3.5-27b_20260823_223518,above_good,71,24,random_control,0.45877599716186523,0.3904261887073517,0.3096264898777008,0.36530348658561707,16069
qwen3.5-27b_20260823_223518,above_good,71,40,value_axis,16.490222930908203,13.615521430969238,10.886977195739746,15.23901653289795,16069
qwen3.5-27b_20260823_223518,above_good,71,40,random_control,-1.4096481800079346,-1.3155888319015503,-1.1251087188720703,-1.1820530891418457,16069
qwen3.5-27b_20260823_223518,above_good,72,32,value_axis,-0.4912905693054199,-3.8691658973693848,-4.036684036254883,-2.3357326984405518,12196
qwen3.5-27b_20260823_223518,above_good,72,32,random_control,-0.13059355318546295,0.10032010078430176,0.21271216869354248,0.10857099294662476,12196
qwen3.5-27b_20260823_223518,above_good,72,24,value_axis,-6.6427001953125,-9.368492126464844,-10.423649787902832,-8.205496788024902,12196
qwen3.5-27b_20260823_223518,above_good,72,24,random_control,0.45877569913864136,0.41496172547340393,0.40965530276298523,0.47225669026374817,12196
qwen3.5-27b_20260823_223518,above_good,72,40,value_axis,16.490224838256836,14.009757041931152,13.112143516540527,16.58580207824707,12196
qwen3.5-27b_20260823_223518,above_good,72,40,random_control,-1.4096479415893555,-1.4146537780761719,-1.3188178539276123,-1.4838634729385376,12196
qwen3.5-27b_20260823_223518,above_good,73,32,value_axis,-0.49128857254981995,-4.1681227684021,-3.904031991958618,-2.0308947563171387,9140
qwen3.5-27b_20260823_223518,above_good,73,32,random_control,-0.13059398531913757,0.11422199010848999,0.2143436223268509,0.046101003885269165,9140
qwen3.5-27b_20260823_223518,above_good,73,24,value_axis,-6.642701148986816,-9.529284477233887,-10.470499038696289,-7.662723541259766,9140
qwen3.5-27b_20260823_223518,above_good,73,24,random_control,0.45877546072006226,0.40194544196128845,0.4180419147014618,0.41411879658699036,9140
qwen3.5-27b_20260823_223518,above_good,73,40,value_axis,16.490230560302734,13.363628387451172,13.582101821899414,16.077625274658203,9140
qwen3.5-27b_20260823_223518,above_good,73,40,random_control,-1.4096482992172241,-1.3509817123413086,-1.395686149597168,-1.2082877159118652,9140
qwen3.5-27b_20260823_223518,above_good,74,32,value_axis,-0.4912905693054199,-3.9985249042510986,-4.084929466247559,-3.3577306270599365,12621
qwen3.5-27b_20260823_223518,above_good,74,32,random_control,-0.13059355318546295,0.12575414776802063,0.08465147018432617,0.14770829677581787,12621
qwen3.5-27b_20260823_223518,above_good,74,24,value_axis,-6.6427001953125,-9.373875617980957,-10.533417701721191,-8.63306999206543,12621
qwen3.5-27b_20260823_223518,above_good,74,24,random_control,0.45877569913864136,0.40316930413246155,0.41964641213417053,0.46505776047706604,12621
qwen3.5-27b_20260823_223518,above_good,74,40,value_axis,16.490224838256836,13.53542423248291,13.070901870727539,14.626137733459473,12621
qwen3.5-27b_20260823_223518,above_good,74,40,random_control,-1.4096479415893555,-1.370219349861145,-1.130186915397644,-1.5634745359420776,12621
qwen3.5-27b_20260823_223518,above_good,75,32,value_axis,-0.528028130531311,-4.973170280456543,-4.973170280456543,-4.973170280456543,102
qwen3.5-27b_20260823_223518,above_good,75,32,random_control,-0.12867838144302368,0.15973007678985596,0.15973007678985596,0.15973007678985596,102
qwen3.5-27b_20260823_223518,above_good,75,24,value_axis,-6.558467864990234,-10.952796936035156,-10.952796936035156,-10.952796936035156,102
qwen3.5-27b_20260823_223518,above_good,75,24,random_control,0.4614253044128418,0.3130269944667816,0.3130269944667816,0.3130269944667816,102
qwen3.5-27b_20260823_223518,above_good,75,40,value_axis,16.411956787109375,10.927413940429688,10.927413940429688,10.927413940429688,102
qwen3.5-27b_20260823_223518,above_good,75,40,random_control,-1.4117722511291504,-1.0561835765838623,-1.0561835765838623,-1.0561835765838623,102
qwen3.5-27b_20260823_223518,above_good,76,32,value_axis,-0.4912905693054199,-3.9385476112365723,-4.695306301116943,-2.384986400604248,12848
qwen3.5-27b_20260823_223518,above_good,76,32,random_control,-0.13059355318546295,0.11395121365785599,0.07413884997367859,0.08965066820383072,12848
qwen3.5-27b_20260823_223518,above_good,76,24,value_axis,-6.6427001953125,-9.281683921813965,-10.663726806640625,-8.348672866821289,12848
qwen3.5-27b_20260823_223518,above_good,76,24,random_control,0.45877569913864136,0.4077903926372528,0.39425453543663025,0.454520583152771,12848
qwen3.5-27b_20260823_223518,above_good,76,40,value_axis,16.490224838256836,13.464570045471191,11.625844955444336,16.106727600097656,12848
qwen3.5-27b_20260823_223518,above_good,76,40,random_control,-1.4096479415893555,-1.285097599029541,-1.1701655387878418,-1.297248363494873,12848
qwen3.5-27b_20260823_223518,above_good,77,32,value_axis,-0.49128857254981995,-4.134822368621826,-3.8446545600891113,-3.5687215328216553,9426
qwen3.5-27b_20260823_223518,above_good,77,32,random_control,-0.13059398531913757,0.08193720877170563,0.14739270508289337,0.07706610858440399,9426
qwen3.5-27b_20260823_223518,above_good,77,24,value_axis,-6.642701148986816,-9.436142921447754,-10.303942680358887,-9.140388488769531,9426
qwen3.5-27b_20260823_223518,above_good,77,24,random_control,0.45877546072006226,0.4071284532546997,0.36446064710617065,0.3966231942176819,9426
qwen3.5-27b_20260823_223518,above_good,77,40,value_axis,16.490230560302734,13.081524848937988,13.135356903076172,14.513843536376953,9426
qwen3.5-27b_20260823_223518,above_good,77,40,random_control,-1.4096482992172241,-1.328762173652649,-1.283046007156372,-1.3031872510910034,9426
qwen3.5-27b_20260823_223518,above_good,78,32,value_axis,-0.4912893772125244,-4.112458229064941,-3.9054551124572754,-4.006465911865234,7953
qwen3.5-27b_20260823_223518,above_good,78,32,random_control,-0.13059252500534058,0.08075535297393799,0.1558467447757721,0.05732808634638786,7953
qwen3.5-27b_20260823_223518,above_good,78,24,value_axis,-6.642691135406494,-9.664376258850098,-10.561467170715332,-9.148311614990234,7953
qwen3.5-27b_20260823_223518,above_good,78,24,random_control,0.458776593208313,0.4263855814933777,0.43400561809539795,0.39579758048057556,7953
qwen3.5-27b_20260823_223518,above_good,78,40,value_axis,16.490211486816406,13.713295936584473,13.514972686767578,14.005805969238281,7953
qwen3.5-27b_20260823_223518,above_good,78,40,random_control,-1.4096484184265137,-1.4237725734710693,-1.3501849174499512,-1.3254191875457764,7953
qwen3.5-27b_20260823_223518,above_good,79,32,value_axis,-0.49128854274749756,-4.007946968078613,-4.163522720336914,-3.20412015914917,8395
qwen3.5-27b_20260823_223518,above_good,79,32,random_control,-0.13059398531913757,0.05495965853333473,0.15044830739498138,0.12969918549060822,8395
qwen3.5-27b_20260823_223518,above_good,79,24,value_axis,-6.642701148986816,-9.443353652954102,-10.58746337890625,-9.05621337890625,8395
qwen3.5-27b_20260823_223518,above_good,79,24,random_control,0.45877546072006226,0.40117454528808594,0.4459211826324463,0.2801998555660248,8395
qwen3.5-27b_20260823_223518,above_good,79,40,value_axis,16.490230560302734,13.673378944396973,12.966052055358887,15.638772010803223,8395
qwen3.5-27b_20260823_223518,above_good,79,40,random_control,-1.4096482992172241,-1.348665475845337,-1.408597469329834,-1.5276520252227783,8395
qwen3.5-27b_20260823_223518,above_good,80,32,value_axis,-0.4912905693054199,-4.100539207458496,-5.5677409172058105,-2.5704004764556885,10544
qwen3.5-27b_20260823_223518,above_good,80,32,random_control,-0.13059355318546295,0.10149621218442917,0.18999135494232178,0.006900444161146879,10544
qwen3.5-27b_20260823_223518,above_good,80,24,value_axis,-6.6427001953125,-9.335710525512695,-11.2194185256958,-8.219695091247559,10544
qwen3.5-27b_20260823_223518,above_good,80,24,random_control,0.45877569913864136,0.4012305736541748,0.3185947835445404,0.46331536769866943,10544
qwen3.5-27b_20260823_223518,above_good,80,40,value_axis,16.490224838256836,13.090340614318848,10.615715026855469,15.572880744934082,10544
qwen3.5-27b_20260823_223518,above_good,80,40,random_control,-1.4096479415893555,-1.2729606628417969,-1.12982177734375,-1.2801101207733154,10544
qwen3.5-27b_20260823_223518,above_good,81,32,value_axis,-0.4912905693054199,-4.031968593597412,-3.6350181102752686,-2.224048376083374,10306
qwen3.5-27b_20260823_223518,above_good,81,32,random_control,-0.13059355318546295,0.06734786182641983,0.14325660467147827,0.29906195402145386,10306
qwen3.5-27b_20260823_223518,above_good,81,24,value_axis,-6.6427001953125,-9.256845474243164,-10.250924110412598,-8.062088966369629,10306
qwen3.5-27b_20260823_223518,above_good,81,24,random_control,0.45877569913864136,0.4231571555137634,0.4336061179637909,0.32102811336517334,10306
qwen3.5-27b_20260823_223518,above_good,81,40,value_axis,16.490224838256836,13.059185981750488,13.847413063049316,16.173612594604492,10306
qwen3.5-27b_20260823_223518,above_good,81,40,random_control,-1.4096479415893555,-1.2157150506973267,-1.2738233804702759,-1.346856713294983,10306
qwen3.5-27b_20260823_223518,above_good,82,32,value_axis,-0.4912905693054199,-3.834001302719116,-5.553464889526367,-3.346015691757202,12454
qwen3.5-27b_20260823_223518,above_good,82,32,random_control,-0.13059355318546295,0.15619373321533203,0.13296647369861603,0.17994657158851624,12454
qwen3.5-27b_20260823_223518,above_good,82,24,value_axis,-6.6427001953125,-9.203913688659668,-11.248210906982422,-8.780632019042969,12454
qwen3.5-27b_20260823_223518,above_good,82,24,random_control,0.45877569913864136,0.40047138929367065,0.38341954350471497,0.46334174275398254,12454
qwen3.5-27b_20260823_223518,above_good,82,40,value_axis,16.490224838256836,13.779740333557129,10.588496208190918,14.826552391052246,12454
qwen3.5-27b_20260823_223518,above_good,82,40,random_control,-1.4096479415893555,-1.2790275812149048,-1.1574617624282837,-1.1814875602722168,12454
qwen3.5-27b_20260823_223518,above_good,83,32,value_axis,-0.4912905693054199,-3.965503215789795,-4.711085319519043,-3.3182151317596436,12873
qwen3.5-27b_20260823_223518,above_good,83,32,random_control,-0.13059355318546295,0.12378459423780441,0.164870947599411,0.11379217356443405,12873
qwen3.5-27b_20260823_223518,above_good,83,24,value_axis,-6.6427001953125,-9.310486793518066,-10.858312606811523,-8.813324928283691,12873
qwen3.5-27b_20260823_223518,above_good,83,24,random_control,0.45877569913864136,0.42094141244888306,0.35790878534317017,0.38239914178848267,12873
qwen3.5-27b_20260823_223518,above_good,83,40,value_axis,16.490224838256836,13.401123046875,12.013398170471191,15.078364372253418,12873
qwen3.5-27b_20260823_223518,above_good,83,40,random_control,-1.4096479415893555,-1.2726624011993408,-1.1962906122207642,-1.144153356552124,12873
qwen3.5-27b_20260823_223518,above_good,84,32,value_axis,-0.4912905693054199,-3.6886701583862305,-5.774085521697998,-3.154447317123413,13000
qwen3.5-27b_20260823_223518,above_good,84,32,random_control,-0.13059355318546295,0.1745116114616394,0.16365009546279907,0.28844887018203735,13000
qwen3.5-27b_20260823_223518,above_good,84,24,value_axis,-6.6427001953125,-9.105997085571289,-11.2840576171875,-8.875166893005371,13000
qwen3.5-27b_20260823_223518,above_good,84,24,random_control,0.45877569913864136,0.37965139746665955,0.3217502534389496,0.4359952509403229,13000
qwen3.5-27b_20260823_223518,above_good,84,40,value_axis,16.490224838256836,13.954486846923828,10.836060523986816,15.335196495056152,13000
qwen3.5-27b_20260823_223518,above_good,84,40,random_control,-1.4096479415893555,-1.3117719888687134,-1.202242374420166,-1.2161213159561157,13000
qwen3.5-27b_20260823_223518,above_good,85,32,value_axis,-0.4912905693054199,-4.214685440063477,-5.304564952850342,-2.6360723972320557,9818
qwen3.5-27b_20260823_223518,above_good,85,32,random_control,-0.13059355318546295,0.07593520730733871,0.1133134663105011,0.12294697016477585,9818
qwen3.5-27b_20260823_223518,above_good,85,24,value_axis,-6.6427001953125,-9.474109649658203,-11.089341163635254,-8.030550956726074,9818
qwen3.5-27b_20260823_223518,above_good,85,24,random_control,0.45877569913864136,0.4046068787574768,0.40080565214157104,0.46658244729042053,9818
qwen3.5-27b_20260823_223518,above_good,85,40,value_axis,16.490224838256836,13.22055435180664,11.074153900146484,15.158011436462402,9818
qwen3.5-27b_20260823_223518,above_good,85,40,random_control,-1.4096479415893555,-1.3036181926727295,-1.1316405534744263,-1.344761610031128,9818
qwen3.5-27b_20260823_223518,above_good,86,32,value_axis,-0.49128854274749756,-3.9025113582611084,-3.7960431575775146,-2.807405710220337,8858
qwen3.5-27b_20260823_223518,above_good,86,32,random_control,-0.13059398531913757,0.04477386921644211,0.2092505246400833,-0.023502159863710403,8858
qwen3.5-27b_20260823_223518,above_good,86,24,value_axis,-6.642701148986816,-9.329974174499512,-10.279318809509277,-9.18998908996582,8858
qwen3.5-27b_20260823_223518,above_good,86,24,random_control,0.45877546072006226,0.4095051884651184,0.3872841000556946,0.41721099615097046,8858
qwen3.5-27b_20260823_223518,above_good,86,40,value_axis,16.490230560302734,13.451128005981445,13.635214805603027,16.889549255371094,8858
qwen3.5-27b_20260823_223518,above_good,86,40,random_control,-1.4096482992172241,-1.3347413539886475,-1.3745388984680176,-1.8033666610717773,8858
qwen3.5-27b_20260823_223518,above_good,87,32,value_axis,-0.49128806591033936,-3.9324188232421875,-4.2232489585876465,-3.6194422245025635,14064
qwen3.5-27b_20260823_223518,above_good,87,32,random_control,-0.13059335947036743,0.09430719166994095,0.0927826464176178,0.12386252731084824,14064
qwen3.5-27b_20260823_223518,above_good,87,24,value_axis,-6.642701148986816,-9.232683181762695,-10.567061424255371,-8.899197578430176,14064
qwen3.5-27b_20260823_223518,above_good,87,24,random_control,0.45877575874328613,0.42685070633888245,0.38391077518463135,0.43578094244003296,14064
qwen3.5-27b_20260823_223518,above_good,87,40,value_axis,16.490217208862305,13.445549964904785,12.827680587768555,14.403168678283691,14064
qwen3.5-27b_20260823_223518,above_good,87,40,random_control,-1.4096479415893555,-1.2761614322662354,-1.2143646478652954,-1.345424771308899,14064
qwen3.5-27b_20260823_223518,above_good,88,32,value_axis,-0.49128857254981995,-4.256587505340576,-3.5737781524658203,-3.5075833797454834,9697
qwen3.5-27b_20260823_223518,above_good,88,32,random_control,-0.13059398531913757,0.10256995260715485,0.1246456727385521,0.02710348553955555,9697
qwen3.5-27b_20260823_223518,above_good,88,24,value_axis,-6.642701148986816,-9.571088790893555,-10.161905288696289,-9.395203590393066,9697
qwen3.5-27b_20260823_223518,above_good,88,24,random_control,0.45877546072006226,0.41307252645492554,0.33296698331832886,0.5592104196548462,9697
qwen3.5-27b_20260823_223518,above_good,88,40,value_axis,16.490230560302734,13.04401683807373,14.115285873413086,14.89640998840332,9697
qwen3.5-27b_20260823_223518,above_good,88,40,random_control,-1.4096482992172241,-1.3020763397216797,-1.2688754796981812,-1.415716528892517,9697
qwen3.5-27b_20260823_223518,above_good,89,32,value_axis,-0.49128857254981995,-4.487534999847412,-5.288829326629639,-3.3935961723327637,9659
qwen3.5-27b_20260823_223518,above_good,89,32,random_control,-0.13059398531913757,0.05854598432779312,0.17187032103538513,0.2521880269050598,9659
qwen3.5-27b_20260823_223518,above_good,89,24,value_axis,-6.642701148986816,-9.811684608459473,-11.186902046203613,-9.546252250671387,9659
qwen3.5-27b_20260823_223518,above_good,89,24,random_control,0.45877546072006226,0.44235965609550476,0.35802650451660156,0.3336912989616394,9659
qwen3.5-27b_20260823_223518,above_good,89,40,value_axis,16.490230560302734,12.945164680480957,11.089991569519043,15.98150634765625,9659
qwen3.5-27b_20260823_223518,above_good,89,40,random_control,-1.4096482992172241,-1.3640145063400269,-1.1869206428527832,-1.813759207725525,9659
qwen3.5-27b_20260823_223518,above_good,90,32,value_axis,-0.4912905693054199,-3.854825973510742,-5.003533363342285,-3.412863254547119,10988
qwen3.5-27b_20260823_223518,above_good,90,32,random_control,-0.13059355318546295,0.10933816432952881,0.10544203966856003,-0.014769358560442924,10988
qwen3.5-27b_20260823_223518,above_good,90,24,value_axis,-6.6427001953125,-9.359362602233887,-11.066145896911621,-9.002359390258789,10988
qwen3.5-27b_20260823_223518,above_good,90,24,random_control,0.45877569913864136,0.40585413575172424,0.37120917439460754,0.46741825342178345,10988
qwen3.5-27b_20260823_223518,above_good,90,40,value_axis,16.490224838256836,13.828446388244629,11.925765037536621,14.7417573928833,10988
qwen3.5-27b_20260823_223518,above_good,90,40,random_control,-1.4096479415893555,-1.4095046520233154,-1.2189679145812988,-1.4252923727035522,10988
qwen3.5-27b_20260823_223518,above_good,91,32,value_axis,-0.4912893772125244,-4.11749267578125,-4.442754745483398,-2.9210214614868164,8014
qwen3.5-27b_20260823_223518,above_good,91,32,random_control,-0.13059252500534058,0.06173237785696983,0.08918777108192444,0.09849429875612259,8014
qwen3.5-27b_20260823_223518,above_good,91,24,value_axis,-6.642691135406494,-9.392906188964844,-10.750653266906738,-8.83564567565918,8014
qwen3.5-27b_20260823_223518,above_good,91,24,random_control,0.458776593208313,0.41309258341789246,0.3766539394855499,0.4556296169757843,8014
qwen3.5-27b_20260823_223518,above_good,91,40,value_axis,16.490211486816406,12.996092796325684,12.488090515136719,15.594533920288086,8014
qwen3.5-27b_20260823_223518,above_good,91,40,random_control,-1.4096484184265137,-1.2392815351486206,-1.2059158086776733,-1.2680184841156006,8014
qwen3.5-27b_20260823_223518,above_good,92,32,value_axis,-0.49128857254981995,-4.1995463371276855,-3.6530585289001465,-3.6152336597442627,9679
qwen3.5-27b_20260823_223518,above_good,92,32,random_control,-0.13059398531913757,0.14007963240146637,0.1464456468820572,0.09321971982717514,9679
qwen3.5-27b_20260823_223518,above_good,92,24,value_axis,-6.642701148986816,-9.680098533630371,-10.288832664489746,-9.268177032470703,9679
qwen3.5-27b_20260823_223518,above_good,92,24,random_control,0.45877546072006226,0.40002918243408203,0.29656463861465454,0.426512748003006,9679
qwen3.5-27b_20260823_223518,above_good,92,40,value_axis,16.490230560302734,13.493678092956543,13.687283515930176,15.093347549438477,9679
qwen3.5-27b_20260823_223518,above_good,92,40,random_control,-1.4096482992172241,-1.3831266164779663,-1.348902940750122,-1.378796100616455,9679
qwen3.5-27b_20260823_223518,above_good,93,32,value_axis,-0.49128854274749756,-4.220324993133545,-3.784959077835083,-3.0814478397369385,8622
qwen3.5-27b_20260823_223518,above_good,93,32,random_control,-0.13059398531913757,0.10629520565271378,0.13199426233768463,0.05769667774438858,8622
qwen3.5-27b_20260823_223518,above_good,93,24,value_axis,-6.642701148986816,-9.708349227905273,-10.410626411437988,-8.699762344360352,8622
qwen3.5-27b_20260823_223518,above_good,93,24,random_control,0.45877546072006226,0.3909449279308319,0.4692847430706024,0.469039648771286,8622
qwen3.5-27b_20260823_223518,above_good,93,40,value_axis,16.490230560302734,13.385129928588867,13.3776273727417,15.035053253173828,8622
qwen3.5-27b_20260823_223518,above_good,93,40,random_control,-1.4096482992172241,-1.4220398664474487,-1.2786606550216675,-1.3708949089050293,8622
qwen3.5-27b_20260823_223518,above_good,94,32,value_axis,-0.4912905693054199,-4.1830735206604,-3.878188371658325,-2.6160314083099365,10576
qwen3.5-27b_20260823_223518,above_good,94,32,random_control,-0.13059355318546295,0.11050795763731003,0.16435492038726807,0.031763479113578796,10576
qwen3.5-27b_20260823_223518,above_good,94,24,value_axis,-6.6427001953125,-9.537769317626953,-10.480691909790039,-8.275812149047852,10576
qwen3.5-27b_20260823_223518,above_good,94,24,random_control,0.45877569913864136,0.3946799039840698,0.4055076539516449,0.4401324391365051,10576
qwen3.5-27b_20260823_223518,above_good,94,40,value_axis,16.490224838256836,13.27109146118164,13.42434310913086,15.649367332458496,10576
qwen3.5-27b_20260823_223518,above_good,94,40,random_control,-1.4096479415893555,-1.3522615432739258,-1.3269740343093872,-1.3278602361679077,10576
qwen3.5-27b_20260823_223518,above_good,95,32,value_axis,-0.4912905693054199,-4.054651737213135,-4.145495414733887,-3.293790817260742,10767
qwen3.5-27b_20260823_223518,above_good,95,32,random_control,-0.13059355318546295,0.10174072533845901,0.1714133471250534,0.10889289528131485,10767
qwen3.5-27b_20260823_223518,above_good,95,24,value_axis,-6.6427001953125,-9.346281051635742,-10.385332107543945,-8.943495750427246,10767
qwen3.5-27b_20260823_223518,above_good,95,24,random_control,0.45877569913864136,0.4179964065551758,0.3715965151786804,0.39032208919525146,10767
qwen3.5-27b_20260823_223518,above_good,95,40,value_axis,16.490224838256836,13.288410186767578,13.2135591506958,15.583100318908691,10767
qwen3.5-27b_20260823_223518,above_good,95,40,random_control,-1.4096479415893555,-1.2845075130462646,-1.4145976305007935,-1.3021012544631958,10767
qwen3.5-27b_20260823_223518,above_good,96,32,value_axis,-0.4912905693054199,-4.03022575378418,-3.9661731719970703,-2.9763033390045166,10719
qwen3.5-27b_20260823_223518,above_good,96,32,random_control,-0.13059355318546295,0.08891738951206207,0.07060399651527405,0.0944601371884346,10719
qwen3.5-27b_20260823_223518,above_good,96,24,value_axis,-6.6427001953125,-9.352049827575684,-10.465118408203125,-8.302755355834961,10719
qwen3.5-27b_20260823_223518,above_good,96,24,random_control,0.45877569913864136,0.4192553460597992,0.4646550416946411,0.4898774325847626,10719
qwen3.5-27b_20260823_223518,above_good,96,40,value_axis,16.490224838256836,13.463089942932129,13.401498794555664,14.459102630615234,10719
qwen3.5-27b_20260823_223518,above_good,96,40,random_control,-1.4096479415893555,-1.2941046953201294,-1.3082144260406494,-1.2870625257492065,10719
qwen3.5-27b_20260823_223518,above_good,97,32,value_axis,-0.4912905693054199,-4.079546928405762,-6.460964202880859,-2.7258312702178955,10174
qwen3.5-27b_20260823_223518,above_good,97,32,random_control,-0.13059355318546295,0.08835268765687943,0.06218990311026573,0.019913649186491966,10174
qwen3.5-27b_20260823_223518,above_good,97,24,value_axis,-6.6427001953125,-9.32909107208252,-11.866098403930664,-8.572919845581055,10174
qwen3.5-27b_20260823_223518,above_good,97,24,random_control,0.45877569913864136,0.3965752422809601,0.448445200920105,0.48349761962890625,10174
qwen3.5-27b_20260823_223518,above_good,97,40,value_axis,16.490224838256836,13.270187377929688,9.22778606414795,15.459420204162598,10174
qwen3.5-27b_20260823_223518,above_good,97,40,random_control,-1.4096479415893555,-1.3209651708602905,-1.1064451932907104,-1.3108047246932983,10174
qwen3.5-27b_20260823_223518,above_good,98,32,value_axis,-0.49128857254981995,-4.26048469543457,-5.098785877227783,-3.2268455028533936,9429
qwen3.5-27b_20260823_223518,above_good,98,32,random_control,-0.13059398531913757,0.1054648756980896,0.057389989495277405,-0.023592185229063034,9429
qwen3.5-27b_20260823_223518,above_good,98,24,value_axis,-6.642701148986816,-9.608417510986328,-11.015911102294922,-9.153109550476074,9429
qwen3.5-27b_20260823_223518,above_good,98,24,random_control,0.45877546072006226,0.4030046761035919,0.4379226565361023,0.44546374678611755,9429
qwen3.5-27b_20260823_223518,above_good,98,40,value_axis,16.490230560302734,13.1276216506958,11.229016304016113,15.653260231018066,9429
qwen3.5-27b_20260823_223518,above_good,98,40,random_control,-1.4096482992172241,-1.337399959564209,-1.1476109027862549,-1.4786015748977661,9429
qwen3.5-27b_20260823_223518,above_good,99,32,value_axis,-0.4912905693054199,-4.107285976409912,-3.937743902206421,-3.0225234031677246,11473
qwen3.5-27b_20260823_223518,above_good,99,32,random_control,-0.13059355318546295,0.12646910548210144,0.16935230791568756,0.1529408097267151,11473
qwen3.5-27b_20260823_223518,above_good,99,24,value_axis,-6.6427001953125,-9.389479637145996,-10.381613731384277,-8.320591926574707,11473
qwen3.5-27b_20260823_223518,above_good,99,24,random_control,0.45877569913864136,0.40327391028404236,0.4462437331676483,0.44984549283981323,11473
qwen3.5-27b_20260823_223518,above_good,99,40,value_axis,16.490224838256836,13.493901252746582,13.402135848999023,14.696147918701172,11473
qwen3.5-27b_20260823_223518,above_good,99,40,random_control,-1.4096479415893555,-1.3060495853424072,-1.35831880569458,-1.43830144405365,11473
qwen3.5-27b_20260823_223518,below_good,0,32,value_axis,-0.5086302757263184,-3.8752074241638184,-3.8785200119018555,-2.527862548828125,10022
qwen3.5-27b_20260823_223518,below_good,0,32,random_control,-0.11553022265434265,0.11212673783302307,0.14743085205554962,0.2830475866794586,10022
qwen3.5-27b_20260823_223518,below_good,0,24,value_axis,-6.589860916137695,-9.273205757141113,-10.2683687210083,-8.520013809204102,10022
qwen3.5-27b_20260823_223518,below_good,0,24,random_control,0.45547306537628174,0.41607600450515747,0.42791515588760376,0.39362964034080505,10022
qwen3.5-27b_20260823_223518,below_good,0,40,value_axis,16.53980827331543,13.811888694763184,13.343332290649414,16.057231903076172,10022
qwen3.5-27b_20260823_223518,below_good,0,40,random_control,-1.4791929721832275,-1.378507375717163,-1.4373669624328613,-1.4346656799316406,10022
qwen3.5-27b_20260823_223518,below_good,1,32,value_axis,-0.508630633354187,-4.072796821594238,-3.9895637035369873,-3.263082265853882,8557
qwen3.5-27b_20260823_223518,below_good,1,32,random_control,-0.11553037166595459,0.08912893384695053,0.26138049364089966,0.2307390570640564,8557
qwen3.5-27b_20260823_223518,below_good,1,24,value_axis,-6.5898566246032715,-9.517553329467773,-10.409337997436523,-9.531274795532227,8557
qwen3.5-27b_20260823_223518,below_good,1,24,random_control,0.4554726481437683,0.4093410074710846,0.3965504467487335,0.3274784982204437,8557
qwen3.5-27b_20260823_223518,below_good,1,40,value_axis,16.53980827331543,13.664568901062012,13.57354736328125,16.350448608398438,8557
qwen3.5-27b_20260823_223518,below_good,1,40,random_control,-1.479193925857544,-1.3326269388198853,-1.4924038648605347,-1.170901894569397,8557
qwen3.5-27b_20260823_223518,below_good,2,32,value_axis,-0.5086302757263184,-4.209744453430176,-3.629181146621704,-2.205551862716675,10320
qwen3.5-27b_20260823_223518,below_good,2,32,random_control,-0.11553022265434265,0.07381664961576462,0.17588867247104645,-0.05480443313717842,10320
qwen3.5-27b_20260823_223518,below_good,2,24,value_axis,-6.589860916137695,-9.493874549865723,-10.174280166625977,-7.87108039855957,10320
qwen3.5-27b_20260823_223518,below_good,2,24,random_control,0.45547306537628174,0.4214855432510376,0.401696115732193,0.4701893925666809,10320
qwen3.5-27b_20260823_223518,below_good,2,40,value_axis,16.53980827331543,13.198184967041016,13.716839790344238,15.611106872558594,10320
qwen3.5-27b_20260823_223518,below_good,2,40,random_control,-1.4791929721832275,-1.3634209632873535,-1.377793550491333,-1.210591435432434,10320
qwen3.5-27b_20260823_223518,below_good,3,32,value_axis,-0.5086302757263184,-4.20628547668457,-3.863311767578125,-3.400101661682129,11431
qwen3.5-27b_20260823_223518,below_good,3,32,random_control,-0.11553022265434265,0.06628569960594177,0.1767529547214508,-0.034980062395334244,11431
qwen3.5-27b_20260823_223518,below_good,3,24,value_axis,-6.589860916137695,-9.510924339294434,-10.37643814086914,-8.430896759033203,11431
qwen3.5-27b_20260823_223518,below_good,3,24,random_control,0.45547306537628174,0.4287564158439636,0.3374726176261902,0.4916132390499115,11431
qwen3.5-27b_20260823_223518,below_good,3,40,value_axis,16.53980827331543,13.34247875213623,13.263535499572754,14.384405136108398,11431
qwen3.5-27b_20260823_223518,below_good,3,40,random_control,-1.4791929721832275,-1.3544269800186157,-1.4827396869659424,-1.299018383026123,11431
qwen3.5-27b_20260823_223518,below_good,4,32,value_axis,-0.5086302757263184,-3.711364269256592,-3.9685072898864746,-2.576239585876465,10633
qwen3.5-27b_20260823_223518,below_good,4,32,random_control,-0.11553022265434265,0.07553129643201828,0.15313057601451874,0.026459993794560432,10633
qwen3.5-27b_20260823_223518,below_good,4,24,value_axis,-6.589860916137695,-9.052094459533691,-10.37309455871582,-7.8264851570129395,10633
qwen3.5-27b_20260823_223518,below_good,4,24,random_control,0.45547306537628174,0.40948212146759033,0.3892953395843506,0.5100075006484985,10633
qwen3.5-27b_20260823_223518,below_good,4,40,value_axis,16.53980827331543,13.80076789855957,13.172048568725586,15.405440330505371,10633
qwen3.5-27b_20260823_223518,below_good,4,40,random_control,-1.4791929721832275,-1.3568599224090576,-1.4695489406585693,-1.2842109203338623,10633
qwen3.5-27b_20260823_223518,below_good,5,32,value_axis,-0.5086302757263184,-4.321571350097656,-5.433874130249023,-2.989109516143799,11740
qwen3.5-27b_20260823_223518,below_good,5,32,random_control,-0.11553022265434265,0.0941845253109932,0.15675313770771027,0.025315431877970695,11740
qwen3.5-27b_20260823_223518,below_good,5,24,value_axis,-6.589860916137695,-9.493987083435059,-11.092491149902344,-8.508074760437012,11740
qwen3.5-27b_20260823_223518,below_good,5,24,random_control,0.45547306537628174,0.38826435804367065,0.3449006974697113,0.4048326909542084,11740
qwen3.5-27b_20260823_223518,below_good,5,40,value_axis,16.53980827331543,12.85083293914795,10.592159271240234,15.117467880249023,11740
qwen3.5-27b_20260823_223518,below_good,5,40,random_control,-1.4791929721832275,-1.2532857656478882,-1.0763697624206543,-1.1962867975234985,11740
qwen3.5-27b_20260823_223518,below_good,6,32,value_axis,-0.5086302757263184,-3.7163283824920654,-3.7834160327911377,-2.8691964149475098,10829
qwen3.5-27b_20260823_223518,below_good,6,32,random_control,-0.11553022265434265,0.11323431879281998,0.17718505859375,0.0037710738833993673,10829
qwen3.5-27b_20260823_223518,below_good,6,24,value_axis,-6.589860916137695,-9.290877342224121,-10.215126037597656,-8.316004753112793,10829
qwen3.5-27b_20260823_223518,below_good,6,24,random_control,0.45547306537628174,0.3757176697254181,0.3422609269618988,0.43949753046035767,10829
qwen3.5-27b_20260823_223518,below_good,6,40,value_axis,16.53980827331543,14.457856178283691,13.509008407592773,15.765338897705078,10829
qwen3.5-27b_20260823_223518,below_good,6,40,random_control,-1.4791929721832275,-1.470704436302185,-1.3498362302780151,-1.3711239099502563,10829
qwen3.5-27b_20260823_223518,below_good,7,32,value_axis,-0.5086278319358826,-3.8907506465911865,-3.635807514190674,-2.3990743160247803,7724
qwen3.5-27b_20260823_223518,below_good,7,32,random_control,-0.11552993953227997,-0.008004330098628998,0.12617610394954681,0.0695079043507576,7724
qwen3.5-27b_20260823_223518,below_good,7,24,value_axis,-6.58986234664917,-9.262928009033203,-10.181495666503906,-8.288226127624512,7724
qwen3.5-27b_20260823_223518,below_good,7,24,random_control,0.4554733633995056,0.4539415240287781,0.44028639793395996,0.4355083107948303,7724
qwen3.5-27b_20260823_223518,below_good,7,40,value_axis,16.539804458618164,13.509011268615723,13.439623832702637,16.120864868164062,7724
qwen3.5-27b_20260823_223518,below_good,7,40,random_control,-1.4791936874389648,-1.285832405090332,-1.3050854206085205,-1.383273720741272,7724
qwen3.5-27b_20260823_223518,below_good,8,32,value_axis,-0.5086307525634766,-4.0179290771484375,-3.659273624420166,-3.6035211086273193,16134
qwen3.5-27b_20260823_223518,below_good,8,32,random_control,-0.11553050577640533,0.13332638144493103,0.16627834737300873,0.03720581904053688,16134
qwen3.5-27b_20260823_223518,below_good,8,24,value_axis,-6.589862823486328,-9.25751781463623,-10.28519058227539,-8.902909278869629,16134
qwen3.5-27b_20260823_223518,below_good,8,24,random_control,0.4554736614227295,0.41122686862945557,0.40599533915519714,0.44049984216690063,16134
qwen3.5-27b_20260823_223518,below_good,8,40,value_axis,16.539813995361328,13.379218101501465,13.574554443359375,14.852137565612793,16134
qwen3.5-27b_20260823_223518,below_good,8,40,random_control,-1.4791934490203857,-1.3180131912231445,-1.3631170988082886,-1.1068912744522095,16134
qwen3.5-27b_20260823_223518,below_good,9,32,value_axis,-0.5086307525634766,-3.920565366744995,-4.120389938354492,-3.854318857192993,15461
qwen3.5-27b_20260823_223518,below_good,9,32,random_control,-0.11553050577640533,0.12585964798927307,0.13614025712013245,0.28165337443351746,15461
qwen3.5-27b_20260823_223518,below_good,9,24,value_axis,-6.589862823486328,-9.22323226928711,-10.421932220458984,-8.756719589233398,15461
qwen3.5-27b_20260823_223518,below_good,9,24,random_control,0.4554736614227295,0.4061400294303894,0.3918270170688629,0.3809130787849426,15461
qwen3.5-27b_20260823_223518,below_good,9,40,value_axis,16.539813995361328,13.746373176574707,13.005890846252441,14.229423522949219,15461
qwen3.5-27b_20260823_223518,below_good,9,40,random_control,-1.4791934490203857,-1.367998719215393,-1.3054609298706055,-1.5046762228012085,15461
qwen3.5-27b_20260823_223518,below_good,10,32,value_axis,-0.5086302757263184,-3.9181182384490967,-3.890427350997925,-2.604757070541382,10452
qwen3.5-27b_20260823_223518,below_good,10,32,random_control,-0.11553022265434265,0.08423250913619995,0.11386080831289291,0.1785971224308014,10452
qwen3.5-27b_20260823_223518,below_good,10,24,value_axis,-6.589860916137695,-9.314725875854492,-10.320542335510254,-8.682474136352539,10452
qwen3.5-27b_20260823_223518,below_good,10,24,random_control,0.45547306537628174,0.404978483915329,0.3727373778820038,0.34122374653816223,10452
qwen3.5-27b_20260823_223518,below_good,10,40,value_axis,16.53980827331543,13.72547721862793,12.917189598083496,16.65131378173828,10452
qwen3.5-27b_20260823_223518,below_good,10,40,random_control,-1.4791929721832275,-1.3448394536972046,-1.3389445543289185,-1.2264971733093262,10452
qwen3.5-27b_20260823_223518,below_good,11,32,value_axis,-0.508630633354187,-3.955064535140991,-4.055843353271484,-3.069584369659424,8946
qwen3.5-27b_20260823_223518,below_good,11,32,random_control,-0.11553037166595459,0.058010414242744446,0.149251788854599,0.0436599925160408,8946
qwen3.5-27b_20260823_223518,below_good,11,24,value_axis,-6.5898566246032715,-9.326876640319824,-10.504670143127441,-8.063423156738281,8946
qwen3.5-27b_20260823_223518,below_good,11,24,random_control,0.4554726481437683,0.43304723501205444,0.38379284739494324,0.5229623913764954,8946
qwen3.5-27b_20260823_223518,below_good,11,40,value_axis,16.53980827331543,13.739529609680176,13.56020736694336,14.660846710205078,8946
qwen3.5-27b_20260823_223518,below_good,11,40,random_control,-1.479193925857544,-1.3626359701156616,-1.4260504245758057,-1.320889949798584,8946
qwen3.5-27b_20260823_223518,below_good,12,32,value_axis,-0.5086275935173035,-3.7126426696777344,-3.7124979496002197,-3.681182861328125,13667
qwen3.5-27b_20260823_223518,below_good,12,32,random_control,-0.11553019285202026,0.1060328260064125,0.14713962376117706,-0.07197260111570358,13667
qwen3.5-27b_20260823_223518,below_good,12,24,value_axis,-6.589864730834961,-9.115762710571289,-10.197527885437012,-8.695939064025879,13667
qwen3.5-27b_20260823_223518,below_good,12,24,random_control,0.45547282695770264,0.4214152693748474,0.4192230701446533,0.4708755612373352,13667
qwen3.5-27b_20260823_223518,below_good,12,40,value_axis,16.539813995361328,14.205684661865234,13.746101379394531,14.340723037719727,13667
qwen3.5-27b_20260823_223518,below_good,12,40,random_control,-1.4791944026947021,-1.3204514980316162,-1.3938575983047485,-1.1410892009735107,13667
qwen3.5-27b_20260823_223518,below_good,13,32,value_axis,-0.508630633354187,-4.066859245300293,-4.003613471984863,-2.8932464122772217,8590
qwen3.5-27b_20260823_223518,below_good,13,32,random_control,-0.11553037166595459,0.07784362882375717,0.18486806750297546,0.0226422231644392,8590
qwen3.5-27b_20260823_223518,below_good,13,24,value_axis,-6.5898566246032715,-9.514967918395996,-10.402565002441406,-8.830682754516602,8590
qwen3.5-27b_20260823_223518,below_good,13,24,random_control,0.4554726481437683,0.4191252887248993,0.3813437521457672,0.4778556823730469,8590
qwen3.5-27b_20260823_223518,below_good,13,40,value_axis,16.53980827331543,13.632038116455078,13.418901443481445,15.817923545837402,8590
qwen3.5-27b_20260823_223518,below_good,13,40,random_control,-1.479193925857544,-1.3729420900344849,-1.5021334886550903,-1.2997642755508423,8590
qwen3.5-27b_20260823_223518,below_good,14,32,value_axis,-0.5086302757263184,-3.904719352722168,-3.8014965057373047,-3.1784307956695557,10558
qwen3.5-27b_20260823_223518,below_good,14,32,random_control,-0.11553022265434265,0.06613466143608093,0.16201122105121613,-0.06811831146478653,10558
qwen3.5-27b_20260823_223518,below_good,14,24,value_axis,-6.589860916137695,-9.285063743591309,-10.197378158569336,-8.188248634338379,10558
qwen3.5-27b_20260823_223518,below_good,14,24,random_control,0.45547306537628174,0.42207071185112,0.42663025856018066,0.4573447108268738,10558
qwen3.5-27b_20260823_223518,below_good,14,40,value_axis,16.53980827331543,13.815401077270508,13.642923355102539,14.031118392944336,10558
qwen3.5-27b_20260823_223518,below_good,14,40,random_control,-1.4791929721832275,-1.3745614290237427,-1.460563063621521,-1.1140475273132324,10558
qwen3.5-27b_20260823_223518,below_good,15,32,value_axis,-0.5086302757263184,-3.8934013843536377,-4.015648365020752,-2.689150094985962,13258
qwen3.5-27b_20260823_223518,below_good,15,32,random_control,-0.11553022265434265,0.11357381939888,0.2149737924337387,0.2245764285326004,13258
qwen3.5-27b_20260823_223518,below_good,15,24,value_axis,-6.589860916137695,-9.30462646484375,-10.413593292236328,-8.377123832702637,13258
qwen3.5-27b_20260823_223518,below_good,15,24,random_control,0.45547306537628174,0.39706000685691833,0.395562082529068,0.42130860686302185,13258
qwen3.5-27b_20260823_223518,below_good,15,40,value_axis,16.53980827331543,14.016595840454102,12.983172416687012,16.018325805664062,13258
qwen3.5-27b_20260823_223518,below_good,15,40,random_control,-1.4791929721832275,-1.4510526657104492,-1.4207043647766113,-1.4571986198425293,13258
qwen3.5-27b_20260823_223518,below_good,16,32,value_axis,-0.5086302757263184,-4.009244918823242,-3.6794161796569824,-3.2660765647888184,9982
qwen3.5-27b_20260823_223518,below_good,16,32,random_control,-0.11553022265434265,0.09208832681179047,0.15722371637821198,0.15316011011600494,9982
qwen3.5-27b_20260823_223518,below_good,16,24,value_axis,-6.589860916137695,-9.376200675964355,-10.194915771484375,-8.766870498657227,9982
qwen3.5-27b_20260823_223518,below_good,16,24,random_control,0.45547306537628174,0.40077051520347595,0.3944006860256195,0.3862052261829376,9982
qwen3.5-27b_20260823_223518,below_good,16,40,value_axis,16.53980827331543,13.526032447814941,13.417763710021973,14.974382400512695,9982
qwen3.5-27b_20260823_223518,below_good,16,40,random_control,-1.4791929721832275,-1.3415155410766602,-1.330471158027649,-1.398402452468872,9982
qwen3.5-27b_20260823_223518,below_good,17,32,value_axis,-0.5086302757263184,-4.107986927032471,-4.089130401611328,-3.524319648742676,11514
qwen3.5-27b_20260823_223518,below_good,17,32,random_control,-0.11553022265434265,0.07802358269691467,0.20591723918914795,0.14565697312355042,11514
qwen3.5-27b_20260823_223518,below_good,17,24,value_axis,-6.589860916137695,-9.37680435180664,-10.417832374572754,-8.992568969726562,11514
qwen3.5-27b_20260823_223518,below_good,17,24,random_control,0.45547306537628174,0.4112563133239746,0.4318614900112152,0.45476189255714417,11514
qwen3.5-27b_20260823_223518,below_good,17,40,value_axis,16.53980827331543,13.292418479919434,12.654475212097168,14.658547401428223,11514
qwen3.5-27b_20260823_223518,below_good,17,40,random_control,-1.4791929721832275,-1.3478015661239624,-1.3675103187561035,-1.4128470420837402,11514
qwen3.5-27b_20260823_223518,below_good,18,32,value_axis,-0.508630633354187,-4.295754432678223,-5.814971923828125,-3.9750378131866455,8986
qwen3.5-27b_20260823_223518,below_good,18,32,random_control,-0.11553037166595459,0.08933880180120468,0.1838822364807129,0.19518722593784332,8986
qwen3.5-27b_20260823_223518,below_good,18,24,value_axis,-6.5898566246032715,-9.640959739685059,-11.217885971069336,-9.393258094787598,8986
qwen3.5-27b_20260823_223518,below_good,18,24,random_control,0.4554726481437683,0.42061755061149597,0.34709274768829346,0.3599502146244049,8986
qwen3.5-27b_20260823_223518,below_good,18,40,value_axis,16.53980827331543,13.295734405517578,10.613320350646973,14.60732650756836,8986
qwen3.5-27b_20260823_223518,below_good,18,40,random_control,-1.479193925857544,-1.3367162942886353,-1.189000129699707,-1.231562614440918,8986
qwen3.5-27b_20260823_223518,below_good,19,32,value_axis,-0.5086302757263184,-3.7099382877349854,-3.780667781829834,-2.830033779144287,13127
qwen3.5-27b_20260823_223518,below_good,19,32,random_control,-0.11553022265434265,0.09171555936336517,0.16589601337909698,0.17350515723228455,13127
qwen3.5-27b_20260823_223518,below_good,19,24,value_axis,-6.589860916137695,-9.169532775878906,-10.27706527709961,-8.888786315917969,13127
qwen3.5-27b_20260823_223518,below_good,19,24,random_control,0.45547306537628174,0.45512232184410095,0.4388444125652313,0.4691333472728729,13127
qwen3.5-27b_20260823_223518,below_good,19,40,value_axis,16.53980827331543,14.020946502685547,13.655878067016602,16.00743865966797,13127
qwen3.5-27b_20260823_223518,below_good,19,40,random_control,-1.4791929721832275,-1.3549654483795166,-1.3719195127487183,-1.4445126056671143,13127
qwen3.5-27b_20260823_223518,below_good,20,32,value_axis,-0.5086302757263184,-3.925661325454712,-4.31984806060791,-2.233177900314331,14635
qwen3.5-27b_20260823_223518,below_good,20,32,random_control,-0.11553022265434265,0.11930038779973984,0.11893823742866516,0.06880871951580048,14635
qwen3.5-27b_20260823_223518,below_good,20,24,value_axis,-6.589860916137695,-9.221504211425781,-10.571986198425293,-8.291593551635742,14635
qwen3.5-27b_20260823_223518,below_good,20,24,random_control,0.45547306537628174,0.42412638664245605,0.4832566976547241,0.43705886602401733,14635
qwen3.5-27b_20260823_223518,below_good,20,40,value_axis,16.53980827331543,13.745929718017578,12.724903106689453,16.963491439819336,14635
qwen3.5-27b_20260823_223518,below_good,20,40,random_control,-1.4791929721832275,-1.3715325593948364,-1.4087283611297607,-1.4661134481430054,14635
qwen3.5-27b_20260823_223518,below_good,21,32,value_axis,-0.5086291432380676,-3.9348294734954834,-3.894761085510254,-2.6384382247924805,6256
qwen3.5-27b_20260823_223518,below_good,21,32,random_control,-0.1155301034450531,0.07237932085990906,0.1406935453414917,0.029804624617099762,6256
qwen3.5-27b_20260823_223518,below_good,21,24,value_axis,-6.58986234664917,-9.583806037902832,-10.228784561157227,-8.105420112609863,6256
qwen3.5-27b_20260823_223518,below_good,21,24,random_control,0.4554729759693146,0.41812676191329956,0.38213050365448,0.5178769826889038,6256
qwen3.5-27b_20260823_223518,below_good,21,40,value_axis,16.539812088012695,13.944936752319336,13.304145812988281,15.552221298217773,6256
qwen3.5-27b_20260823_223518,below_good,21,40,random_control,-1.4791935682296753,-1.4570283889770508,-1.4759149551391602,-1.2381205558776855,6256
qwen3.5-27b_20260823_223518,below_good,22,32,value_axis,-0.5086302757263184,-4.1635942459106445,-3.790163040161133,-3.2990126609802246,11229
qwen3.5-27b_20260823_223518,below_good,22,32,random_control,-0.11553022265434265,0.10637576133012772,0.14633925259113312,0.21261805295944214,11229
qwen3.5-27b_20260823_223518,below_good,22,24,value_axis,-6.589860916137695,-9.519950866699219,-10.283203125,-9.198387145996094,11229
qwen3.5-27b_20260823_223518,below_good,22,24,random_control,0.45547306537628174,0.43760600686073303,0.3497357666492462,0.4703833758831024,11229
qwen3.5-27b_20260823_223518,below_good,22,40,value_axis,16.53980827331543,13.501363754272461,13.798933029174805,15.759760856628418,11229
qwen3.5-27b_20260823_223518,below_good,22,40,random_control,-1.4791929721832275,-1.3244858980178833,-1.3949034214019775,-1.3464605808258057,11229
qwen3.5-27b_20260823_223518,below_good,23,32,value_axis,-0.5086302757263184,-3.8493645191192627,-3.7472596168518066,-2.492722511291504,10596
qwen3.5-27b_20260823_223518,below_good,23,32,random_control,-0.11553022265434265,0.10063669830560684,0.13091664016246796,0.2590689957141876,10596
qwen3.5-27b_20260823_223518,below_good,23,24,value_axis,-6.589860916137695,-9.356476783752441,-10.157052993774414,-8.735386848449707,10596
qwen3.5-27b_20260823_223518,below_good,23,24,random_control,0.45547306537628174,0.3904186487197876,0.3634547293186188,0.3788355886936188,10596
qwen3.5-27b_20260823_223518,below_good,23,40,value_axis,16.53980827331543,13.967850685119629,13.269579887390137,16.972496032714844,10596
qwen3.5-27b_20260823_223518,below_good,23,40,random_control,-1.4791929721832275,-1.422364592552185,-1.304945468902588,-1.922346830368042,10596
qwen3.5-27b_20260823_223518,below_good,24,32,value_axis,-0.5086278319358826,-3.784993886947632,-3.667788505554199,-2.579782485961914,7788
qwen3.5-27b_20260823_223518,below_good,24,32,random_control,-0.11552993953227997,0.09012968093156815,0.2432367503643036,0.13629864156246185,7788
qwen3.5-27b_20260823_223518,below_good,24,24,value_axis,-6.58986234664917,-9.381179809570312,-10.148609161376953,-8.56674575805664,7788
qwen3.5-27b_20260823_223518,below_good,24,24,random_control,0.4554733633995056,0.4056895673274994,0.31760135293006897,0.4137449264526367,7788
qwen3.5-27b_20260823_223518,below_good,24,40,value_axis,16.539804458618164,14.12389087677002,12.881779670715332,16.746658325195312,7788
qwen3.5-27b_20260823_223518,below_good,24,40,random_control,-1.4791936874389648,-1.4219168424606323,-1.3164077997207642,-1.5485659837722778,7788
qwen3.5-27b_20260823_223518,below_good,25,32,value_axis,-0.5086302757263184,-4.02177619934082,-3.876344919204712,-2.509486436843872,10087
qwen3.5-27b_20260823_223518,below_good,25,32,random_control,-0.11553022265434265,0.06352775543928146,0.13836956024169922,-0.022108325734734535,10087
qwen3.5-27b_20260823_223518,below_good,25,24,value_axis,-6.589860916137695,-9.39456844329834,-10.31323528289795,-8.063385009765625,10087
qwen3.5-27b_20260823_223518,below_good,25,24,random_control,0.45547306537628174,0.4005579650402069,0.3378484845161438,0.45569178462028503,10087
qwen3.5-27b_20260823_223518,below_good,25,40,value_axis,16.53980827331543,13.531726837158203,13.117043495178223,15.513100624084473,10087
qwen3.5-27b_20260823_223518,below_good,25,40,random_control,-1.4791929721832275,-1.3912831544876099,-1.2750885486602783,-1.2076054811477661,10087
qwen3.5-27b_20260823_223518,below_good,26,32,value_axis,-0.5086278319358826,-4.215395450592041,-3.6652843952178955,-3.3820624351501465,7844
qwen3.5-27b_20260823_223518,below_good,26,32,random_control,-0.11552993953227997,0.06973940879106522,0.13473506271839142,0.005834651179611683,7844
qwen3.5-27b_20260823_223518,below_good,26,24,value_axis,-6.58986234664917,-9.464560508728027,-10.109292984008789,-8.759780883789062,7844
qwen3.5-27b_20260823_223518,below_good,26,24,random_control,0.4554733633995056,0.4316348135471344,0.3228495717048645,0.5029820203781128,7844
qwen3.5-27b_20260823_223518,below_good,26,40,value_axis,16.539804458618164,13.061954498291016,13.947068214416504,14.775077819824219,7844
qwen3.5-27b_20260823_223518,below_good,26,40,random_control,-1.4791936874389648,-1.3203200101852417,-1.4120018482208252,-1.4180985689163208,7844
qwen3.5-27b_20260823_223518,below_good,27,32,value_axis,-0.508630633354187,-4.218862056732178,-3.630328416824341,-2.325674057006836,8802
qwen3.5-27b_20260823_223518,below_good,27,32,random_control,-0.11553037166595459,0.04548361152410507,0.13575856387615204,-0.07541880756616592,8802
qwen3.5-27b_20260823_223518,below_good,27,24,value_axis,-6.5898566246032715,-9.49441909790039,-10.153414726257324,-8.1323881149292,8802
qwen3.5-27b_20260823_223518,below_good,27,24,random_control,0.4554726481437683,0.4297012686729431,0.3838241696357727,0.49396899342536926,8802
qwen3.5-27b_20260823_223518,below_good,27,40,value_axis,16.53980827331543,13.106935501098633,13.486083030700684,15.929634094238281,8802
qwen3.5-27b_20260823_223518,below_good,27,40,random_control,-1.479193925857544,-1.3404444456100464,-1.3161523342132568,-1.3198705911636353,8802
qwen3.5-27b_20260823_223518,below_good,28,32,value_axis,-0.5086302757263184,-3.9238202571868896,-3.9604742527008057,-4.006613254547119,10725
qwen3.5-27b_20260823_223518,below_good,28,32,random_control,-0.11553022265434265,0.10329639911651611,0.1494182050228119,0.17605112493038177,10725
qwen3.5-27b_20260823_223518,below_good,28,24,value_axis,-6.589860916137695,-9.27059555053711,-10.335619926452637,-9.272391319274902,10725
qwen3.5-27b_20260823_223518,below_good,28,24,random_control,0.45547306537628174,0.43201830983161926,0.42063796520233154,0.43432602286338806,10725
qwen3.5-27b_20260823_223518,below_good,28,40,value_axis,16.53980827331543,13.549503326416016,12.996768951416016,13.859601020812988,10725
qwen3.5-27b_20260823_223518,below_good,28,40,random_control,-1.4791929721832275,-1.2888145446777344,-1.3492835760116577,-1.3720178604125977,10725
qwen3.5-27b_20260823_223518,below_good,29,32,value_axis,-0.508630633354187,-4.229287147521973,-4.025416374206543,-3.071622848510742,9000
qwen3.5-27b_20260823_223518,below_good,29,32,random_control,-0.11553037166595459,0.08744732290506363,0.19416815042495728,0.03900289908051491,9000
qwen3.5-27b_20260823_223518,below_good,29,24,value_axis,-6.5898566246032715,-9.509121894836426,-10.24587631225586,-8.800230979919434,9000
qwen3.5-27b_20260823_223518,below_good,29,24,random_control,0.4554726481437683,0.41347163915634155,0.32951658964157104,0.43760624527931213,9000
qwen3.5-27b_20260823_223518,below_good,29,40,value_axis,16.53980827331543,13.077107429504395,12.85774040222168,15.676987648010254,9000
qwen3.5-27b_20260823_223518,below_good,29,40,random_control,-1.479193925857544,-1.3548694849014282,-1.4035840034484863,-1.400833249092102,9000
qwen3.5-27b_20260823_223518,below_good,30,32,value_axis,-0.5086302757263184,-4.386160850524902,-3.917714834213257,-3.6731808185577393,13022
qwen3.5-27b_20260823_223518,below_good,30,32,random_control,-0.11553022265434265,0.10235434770584106,0.18672581017017365,0.16274692118167877,13022
qwen3.5-27b_20260823_223518,below_good,30,24,value_axis,-6.589860916137695,-9.514181137084961,-10.356695175170898,-9.303386688232422,13022
qwen3.5-27b_20260823_223518,below_good,30,24,random_control,0.45547306537628174,0.3894372284412384,0.41496700048446655,0.34776705503463745,13022
qwen3.5-27b_20260823_223518,below_good,30,40,value_axis,16.53980827331543,12.853788375854492,13.582806587219238,14.836838722229004,13022
qwen3.5-27b_20260823_223518,below_good,30,40,random_control,-1.4791929721832275,-1.307033896446228,-1.5182843208312988,-1.2783455848693848,13022
qwen3.5-27b_20260823_223518,below_good,31,32,value_axis,-0.5086302757263184,-3.870661735534668,-3.888094425201416,-2.2432315349578857,13219
qwen3.5-27b_20260823_223518,below_good,31,32,random_control,-0.11553022265434265,0.08511967211961746,0.0831468403339386,0.36583441495895386,13219
qwen3.5-27b_20260823_223518,below_good,31,24,value_axis,-6.589860916137695,-9.221349716186523,-10.382913589477539,-8.465841293334961,13219
qwen3.5-27b_20260823_223518,below_good,31,24,random_control,0.45547306537628174,0.41087520122528076,0.3582080006599426,0.3775826394557953,13219
qwen3.5-27b_20260823_223518,below_good,31,40,value_axis,16.53980827331543,13.83985424041748,13.285968780517578,16.826440811157227,13219
qwen3.5-27b_20260823_223518,below_good,31,40,random_control,-1.4791929721832275,-1.2971911430358887,-1.3464699983596802,-1.7262686491012573,13219
qwen3.5-27b_20260823_223518,below_good,32,32,value_axis,-0.5086305737495422,-4.211009979248047,-5.151580810546875,-5.413222789764404,9186
qwen3.5-27b_20260823_223518,below_good,32,32,random_control,-0.11553037166595459,0.08741302043199539,0.1866542398929596,0.04533226788043976,9186
qwen3.5-27b_20260823_223518,below_good,32,24,value_axis,-6.58985710144043,-9.458796501159668,-10.925885200500488,-10.219143867492676,9186
qwen3.5-27b_20260823_223518,below_good,32,24,random_control,0.4554726779460907,0.3982947766780853,0.3471694886684418,0.3061767518520355,9186
qwen3.5-27b_20260823_223518,below_good,32,40,value_axis,16.53980827331543,12.954143524169922,11.185739517211914,11.91937255859375,9186
qwen3.5-27b_20260823_223518,below_good,32,40,random_control,-1.479193925857544,-1.2684597969055176,-1.195471167564392,-1.236688256263733,9186
qwen3.5-27b_20260823_223518,below_good,33,32,value_axis,-0.5086302757263184,-4.185487747192383,-3.7630999088287354,-2.508042812347412,10549
qwen3.5-27b_20260823_223518,below_good,33,32,random_control,-0.11553022265434265,0.07368354499340057,0.18422038853168488,0.13886113464832306,10549
qwen3.5-27b_20260823_223518,below_good,33,24,value_axis,-6.589860916137695,-9.515597343444824,-10.228704452514648,-8.200934410095215,10549
qwen3.5-27b_20260823_223518,below_good,33,24,random_control,0.45547306537628174,0.38690710067749023,0.30144497752189636,0.32831528782844543,10549
qwen3.5-27b_20260823_223518,below_good,33,40,value_axis,16.53980827331543,13.374911308288574,13.2459077835083,15.169127464294434,10549
qwen3.5-27b_20260823_223518,below_good,33,40,random_control,-1.4791929721832275,-1.3120304346084595,-1.4377387762069702,-1.1405973434448242,10549
qwen3.5-27b_20260823_223518,below_good,34,32,value_axis,-0.5086278319358826,-4.065494537353516,-3.652285099029541,-2.7261812686920166,8097
qwen3.5-27b_20260823_223518,below_good,34,32,random_control,-0.11552993953227997,0.06086483970284462,0.16141830384731293,0.1983492225408554,8097
qwen3.5-27b_20260823_223518,below_good,34,24,value_axis,-6.58986234664917,-9.516596794128418,-10.255276679992676,-8.884215354919434,8097
qwen3.5-27b_20260823_223518,below_good,34,24,random_control,0.4554733633995056,0.41545403003692627,0.4173033535480499,0.3132374584674835,8097
qwen3.5-27b_20260823_223518,below_good,34,40,value_axis,16.539804458618164,13.484139442443848,13.466141700744629,16.780227661132812,8097
qwen3.5-27b_20260823_223518,below_good,34,40,random_control,-1.4791936874389648,-1.3635270595550537,-1.3010132312774658,-1.6245530843734741,8097
qwen3.5-27b_20260823_223518,below_good,35,32,value_axis,-0.5086302757263184,-4.178370952606201,-3.5876777172088623,-2.5597033500671387,12351
qwen3.5-27b_20260823_223518,below_good,35,32,random_control,-0.11553022265434265,0.08803130686283112,0.11197005957365036,0.17113322019577026,12351
qwen3.5-27b_20260823_223518,below_good,35,24,value_axis,-6.589860916137695,-9.410667419433594,-10.262805938720703,-7.7415056228637695,12351
qwen3.5-27b_20260823_223518,below_good,35,24,random_control,0.45547306537628174,0.41769787669181824,0.37621983885765076,0.3986625671386719,12351
qwen3.5-27b_20260823_223518,below_good,35,40,value_axis,16.53980827331543,13.15396785736084,13.78242301940918,15.213112831115723,12351
qwen3.5-27b_20260823_223518,below_good,35,40,random_control,-1.4791929721832275,-1.3214939832687378,-1.3617432117462158,-1.2824046611785889,12351
qwen3.5-27b_20260823_223518,below_good,36,32,value_axis,-0.508630633354187,-4.357704162597656,-3.856165885925293,-3.696382522583008,8444
qwen3.5-27b_20260823_223518,below_good,36,32,random_control,-0.11553037166595459,0.05168832838535309,0.1785503774881363,0.09303783625364304,8444
qwen3.5-27b_20260823_223518,below_good,36,24,value_axis,-6.5898566246032715,-9.666421890258789,-10.382189750671387,-9.330255508422852,8444
qwen3.5-27b_20260823_223518,below_good,36,24,random_control,0.4554726481437683,0.412308931350708,0.41689521074295044,0.47593215107917786,8444
qwen3.5-27b_20260823_223518,below_good,36,40,value_axis,16.53980827331543,13.109678268432617,13.353595733642578,14.400769233703613,8444
qwen3.5-27b_20260823_223518,below_good,36,40,random_control,-1.479193925857544,-1.369562029838562,-1.3342574834823608,-1.2933660745620728,8444
qwen3.5-27b_20260823_223518,below_good,37,32,value_axis,-0.5086302757263184,-3.9075827598571777,-4.059595108032227,-2.7628166675567627,11654
qwen3.5-27b_20260823_223518,below_good,37,32,random_control,-0.11553022265434265,0.07617024332284927,0.15450137853622437,0.09523656219244003,11654
qwen3.5-27b_20260823_223518,below_good,37,24,value_axis,-6.589860916137695,-9.28271770477295,-10.599018096923828,-8.193778991699219,11654
qwen3.5-27b_20260823_223518,below_good,37,24,random_control,0.45547306537628174,0.4013584852218628,0.3727445602416992,0.4884740114212036,11654
qwen3.5-27b_20260823_223518,below_good,37,40,value_axis,16.53980827331543,13.760581016540527,13.147418022155762,15.571943283081055,11654
qwen3.5-27b_20260823_223518,below_good,37,40,random_control,-1.4791929721832275,-1.3724253177642822,-1.4469845294952393,-1.396499514579773,11654
qwen3.5-27b_20260823_223518,below_good,38,32,value_axis,-0.5086278319358826,-4.131438732147217,-4.25240421295166,-3.185426712036133,7066
qwen3.5-27b_20260823_223518,below_good,38,32,random_control,-0.11552993953227997,0.014325405471026897,0.16983814537525177,0.0946010872721672,7066
qwen3.5-27b_20260823_223518,below_good,38,24,value_axis,-6.58986234664917,-9.51648998260498,-10.480053901672363,-8.961695671081543,7066
qwen3.5-27b_20260823_223518,below_good,38,24,random_control,0.4554733633995056,0.44157013297080994,0.3827539086341858,0.5678085088729858,7066
qwen3.5-27b_20260823_223518,below_good,38,40,value_axis,16.539804458618164,13.263493537902832,12.387633323669434,15.14914321899414,7066
qwen3.5-27b_20260823_223518,below_good,38,40,random_control,-1.4791936874389648,-1.309544324874878,-1.205146312713623,-1.4232105016708374,7066
qwen3.5-27b_20260823_223518,below_good,39,32,value_axis,-0.5086278319358826,-3.9074642658233643,-4.130332946777344,-2.3530900478363037,7123
qwen3.5-27b_20260823_223518,below_good,39,32,random_control,-0.11552993953227997,0.0859832912683487,0.16675685346126556,0.12077684700489044,7123
qwen3.5-27b_20260823_223518,below_good,39,24,value_axis,-6.58986234664917,-9.567476272583008,-10.322932243347168,-8.424181938171387,7123
qwen3.5-27b_20260823_223518,below_good,39,24,random_control,0.4554733633995056,0.4323975741863251,0.3339513838291168,0.49100738763809204,7123
qwen3.5-27b_20260823_223518,below_good,39,40,value_axis,16.539804458618164,14.315319061279297,12.790828704833984,16.429903030395508,7123
qwen3.5-27b_20260823_223518,below_good,39,40,random_control,-1.4791936874389648,-1.477678894996643,-1.3438845872879028,-1.2782169580459595,7123
qwen3.5-27b_20260823_223518,below_good,40,32,value_axis,-0.5086275935173035,-4.105893611907959,-3.701972246170044,-2.686952590942383,13669
qwen3.5-27b_20260823_223518,below_good,40,32,random_control,-0.11553019285202026,0.07655316591262817,0.10470784455537796,-0.018117625266313553,13669
qwen3.5-27b_20260823_223518,below_good,40,24,value_axis,-6.589864730834961,-9.257537841796875,-10.348078727722168,-8.648972511291504,13669
qwen3.5-27b_20260823_223518,below_good,40,24,random_control,0.45547282695770264,0.40361565351486206,0.4305903911590576,0.49709343910217285,13669
qwen3.5-27b_20260823_223518,below_good,40,40,value_axis,16.539813995361328,13.207358360290527,13.527935028076172,16.179170608520508,13669
qwen3.5-27b_20260823_223518,below_good,40,40,random_control,-1.4791944026947021,-1.28885817527771,-1.364030122756958,-1.3129597902297974,13669
qwen3.5-27b_20260823_223518,below_good,41,32,value_axis,-0.5086305737495422,-4.258275032043457,-3.8516335487365723,-3.312169075012207,9523
qwen3.5-27b_20260823_223518,below_good,41,32,random_control,-0.11553037166595459,0.07060623168945312,0.1506476104259491,-0.02550620026886463,9523
qwen3.5-27b_20260823_223518,below_good,41,24,value_axis,-6.58985710144043,-9.581473350524902,-10.326507568359375,-8.629311561584473,9523
qwen3.5-27b_20260823_223518,below_good,41,24,random_control,0.4554726779460907,0.43305516242980957,0.4174943268299103,0.474974662065506,9523
qwen3.5-27b_20260823_223518,below_good,41,40,value_axis,16.53980827331543,13.080225944519043,13.127902030944824,14.323227882385254,9523
qwen3.5-27b_20260823_223518,below_good,41,40,random_control,-1.479193925857544,-1.2882583141326904,-1.3209916353225708,-1.28713059425354,9523
qwen3.5-27b_20260823_223518,below_good,42,32,value_axis,-0.5086275935173035,-3.601651668548584,-3.7837305068969727,-4.278093338012695,14117
qwen3.5-27b_20260823_223518,below_good,42,32,random_control,-0.11553019285202026,0.08137816190719604,0.13641025125980377,-0.017744174227118492,14117
qwen3.5-27b_20260823_223518,below_good,42,24,value_axis,-6.589864730834961,-8.994779586791992,-10.213685035705566,-9.093133926391602,14117
qwen3.5-27b_20260823_223518,below_good,42,24,random_control,0.45547282695770264,0.41977792978286743,0.34300696849823,0.4206165373325348,14117
qwen3.5-27b_20260823_223518,below_good,42,40,value_axis,16.539813995361328,14.10349178314209,13.463400840759277,13.24479866027832,14117
qwen3.5-27b_20260823_223518,below_good,42,40,random_control,-1.4791944026947021,-1.3460514545440674,-1.3316099643707275,-1.5285217761993408,14117
qwen3.5-27b_20260823_223518,below_good,43,32,value_axis,-0.5086302757263184,-4.028690814971924,-4.535962104797363,-3.6619873046875,11102
qwen3.5-27b_20260823_223518,below_good,43,32,random_control,-0.11553022265434265,0.08395138382911682,0.0801846906542778,0.014999308623373508,11102
qwen3.5-27b_20260823_223518,below_good,43,24,value_axis,-6.589860916137695,-9.171629905700684,-10.661433219909668,-9.004668235778809,11102
qwen3.5-27b_20260823_223518,below_good,43,24,random_control,0.45547306537628174,0.4179643392562866,0.34498369693756104,0.31297817826271057,11102
qwen3.5-27b_20260823_223518,below_good,43,40,value_axis,16.53980827331543,13.11904525756836,12.1058988571167,14.455739974975586,11102
qwen3.5-27b_20260823_223518,below_good,43,40,random_control,-1.4791929721832275,-1.3245749473571777,-1.2645344734191895,-1.2842276096343994,11102
qwen3.5-27b_20260823_223518,below_good,44,32,value_axis,-0.5086302757263184,-4.162857532501221,-3.793560266494751,-3.214536428451538,10423
qwen3.5-27b_20260823_223518,below_good,44,32,random_control,-0.11553022265434265,0.07610493153333664,0.1636170893907547,0.16167162358760834,10423
qwen3.5-27b_20260823_223518,below_good,44,24,value_axis,-6.589860916137695,-9.52834701538086,-10.301959991455078,-9.080443382263184,10423
qwen3.5-27b_20260823_223518,below_good,44,24,random_control,0.45547306537628174,0.4327762722969055,0.41065096855163574,0.4218396842479706,10423
qwen3.5-27b_20260823_223518,below_good,44,40,value_axis,16.53980827331543,13.341212272644043,13.786311149597168,15.801509857177734,10423
qwen3.5-27b_20260823_223518,below_good,44,40,random_control,-1.4791929721832275,-1.3306604623794556,-1.3620282411575317,-1.314599633216858,10423
qwen3.5-27b_20260823_223518,below_good,45,32,value_axis,-0.5086302757263184,-4.177895545959473,-3.6650800704956055,-2.666377067565918,12233
qwen3.5-27b_20260823_223518,below_good,45,32,random_control,-0.11553022265434265,0.04773624613881111,0.08636747300624847,0.0037181139923632145,12233
qwen3.5-27b_20260823_223518,below_good,45,24,value_axis,-6.589860916137695,-9.381125450134277,-10.278681755065918,-8.60660457611084,12233
qwen3.5-27b_20260823_223518,below_good,45,24,random_control,0.45547306537628174,0.4332813322544098,0.38192975521087646,0.5398290753364563,12233
qwen3.5-27b_20260823_223518,below_good,45,40,value_axis,16.53980827331543,13.140942573547363,13.727967262268066,15.920066833496094,12233
qwen3.5-27b_20260823_223518,below_good,45,40,random_control,-1.4791929721832275,-1.3128000497817993,-1.3356393575668335,-1.4012670516967773,12233
qwen3.5-27b_20260823_223518,below_good,46,32,value_axis,-0.5086302757263184,-4.0997443199157715,-3.5875251293182373,-2.424903631210327,9991
qwen3.5-27b_20260823_223518,below_good,46,32,random_control,-0.11553022265434265,0.06519804894924164,0.19739407300949097,0.3034455478191376,9991
qwen3.5-27b_20260823_223518,below_good,46,24,value_axis,-6.589860916137695,-9.391046524047852,-10.301064491271973,-8.65195369720459,9991
qwen3.5-27b_20260823_223518,below_good,46,24,random_control,0.45547306537628174,0.4078230857849121,0.29303818941116333,0.2128792554140091,9991
qwen3.5-27b_20260823_223518,below_good,46,40,value_axis,16.53980827331543,13.232806205749512,13.836298942565918,16.817623138427734,9991
qwen3.5-27b_20260823_223518,below_good,46,40,random_control,-1.4791929721832275,-1.3309398889541626,-1.3249804973602295,-1.4913650751113892,9991
qwen3.5-27b_20260823_223518,below_good,47,32,value_axis,-0.508630633354187,-4.0455451011657715,-4.043559551239014,-3.1356561183929443,8453
qwen3.5-27b_20260823_223518,below_good,47,32,random_control,-0.11553037166595459,0.08061637729406357,0.15092381834983826,-0.04199032858014107,8453
qwen3.5-27b_20260823_223518,below_good,47,24,value_axis,-6.5898566246032715,-9.457324981689453,-10.558177947998047,-8.302458763122559,8453
qwen3.5-27b_20260823_223518,below_good,47,24,random_control,0.4554726481437683,0.41773056983947754,0.3580714464187622,0.46245673298835754,8453
qwen3.5-27b_20260823_223518,below_good,47,40,value_axis,16.53980827331543,13.618194580078125,13.19078254699707,14.466618537902832,8453
qwen3.5-27b_20260823_223518,below_good,47,40,random_control,-1.479193925857544,-1.3144453763961792,-1.4537560939788818,-1.1324834823608398,8453
qwen3.5-27b_20260823_223518,below_good,48,32,value_axis,-0.5086278319358826,-3.9221246242523193,-4.003625392913818,-3.9764978885650635,7047
qwen3.5-27b_20260823_223518,below_good,48,32,random_control,-0.11552993953227997,0.07309722900390625,0.19136516749858856,0.08133313804864883,7047
qwen3.5-27b_20260823_223518,below_good,48,24,value_axis,-6.58986234664917,-9.552400588989258,-10.510512351989746,-9.194971084594727,7047
qwen3.5-27b_20260823_223518,below_good,48,24,random_control,0.4554733633995056,0.43005678057670593,0.37597671151161194,0.46772822737693787,7047
qwen3.5-27b_20260823_223518,below_good,48,40,value_axis,16.539804458618164,14.09643268585205,13.336212158203125,14.288103103637695,7047
qwen3.5-27b_20260823_223518,below_good,48,40,random_control,-1.4791936874389648,-1.5092076063156128,-1.3700326681137085,-1.5358978509902954,7047
qwen3.5-27b_20260823_223518,below_good,49,32,value_axis,-0.5086275935173035,-3.9806151390075684,-4.213342666625977,-2.7581353187561035,13790
qwen3.5-27b_20260823_223518,below_good,49,32,random_control,-0.11553019285202026,0.11230596154928207,0.12188629060983658,0.06341533362865448,13790
qwen3.5-27b_20260823_223518,below_good,49,24,value_axis,-6.589864730834961,-9.345636367797852,-10.57263469696045,-8.352553367614746,13790
qwen3.5-27b_20260823_223518,below_good,49,24,random_control,0.45547282695770264,0.40496504306793213,0.4681348502635956,0.4648606479167938,13790
qwen3.5-27b_20260823_223518,below_good,49,40,value_axis,16.539813995361328,13.57048511505127,12.887651443481445,15.861013412475586,13790
qwen3.5-27b_20260823_223518,below_good,49,40,random_control,-1.4791944026947021,-1.3546696901321411,-1.3356866836547852,-1.309173583984375,13790
qwen3.5-27b_20260823_223518,below_good,50,32,value_axis,-0.5086305737495422,-3.923111915588379,-3.8378100395202637,-3.4458887577056885,9717
qwen3.5-27b_20260823_223518,below_good,50,32,random_control,-0.11553037166595459,0.08134491741657257,0.1296469271183014,-0.016837142407894135,9717
qwen3.5-27b_20260823_223518,below_good,50,24,value_axis,-6.58985710144043,-9.363408088684082,-10.395888328552246,-8.72362995147705,9717
qwen3.5-27b_20260823_223518,below_good,50,24,random_control,0.4554726779460907,0.40629255771636963,0.3702494502067566,0.427583247423172,9717
qwen3.5-27b_20260823_223518,below_good,50,40,value_axis,16.53980827331543,13.876670837402344,13.746057510375977,14.6116943359375,9717
qwen3.5-27b_20260823_223518,below_good,50,40,random_control,-1.479193925857544,-1.3954001665115356,-1.4116462469100952,-1.3567761182785034,9717
qwen3.5-27b_20260823_223518,below_good,51,32,value_axis,-0.5086302757263184,-4.116114139556885,-3.6699023246765137,-2.4948554039001465,10424
qwen3.5-27b_20260823_223518,below_good,51,32,random_control,-0.11553022265434265,0.10696662962436676,0.15664905309677124,-0.03338118642568588,10424
qwen3.5-27b_20260823_223518,below_good,51,24,value_axis,-6.589860916137695,-9.501230239868164,-10.058586120605469,-7.720088481903076,10424
qwen3.5-27b_20260823_223518,below_good,51,24,random_control,0.45547306537628174,0.41411149501800537,0.4170204997062683,0.4171198606491089,10424
qwen3.5-27b_20260823_223518,below_good,51,40,value_axis,16.53980827331543,13.588488578796387,13.493500709533691,15.404802322387695,10424
qwen3.5-27b_20260823_223518,below_good,51,40,random_control,-1.4791929721832275,-1.3847850561141968,-1.4228107929229736,-1.1474438905715942,10424
qwen3.5-27b_20260823_223518,below_good,52,32,value_axis,-0.5086302757263184,-4.1505866050720215,-3.7954721450805664,-4.533713340759277,10661
qwen3.5-27b_20260823_223518,below_good,52,32,random_control,-0.11553022265434265,0.06222745031118393,0.1495797485113144,0.1006988137960434,10661
qwen3.5-27b_20260823_223518,below_good,52,24,value_axis,-6.589860916137695,-9.438621520996094,-10.281227111816406,-9.605809211730957,10661
qwen3.5-27b_20260823_223518,below_good,52,24,random_control,0.45547306537628174,0.4216221272945404,0.45478492975234985,0.4374926686286926,10661
qwen3.5-27b_20260823_223518,below_good,52,40,value_axis,16.53980827331543,13.443954467773438,13.280101776123047,13.519094467163086,10661
qwen3.5-27b_20260823_223518,below_good,52,40,random_control,-1.4791929721832275,-1.313433289527893,-1.2682853937149048,-1.4106991291046143,10661
qwen3.5-27b_20260823_223518,below_good,53,32,value_axis,-0.5086302757263184,-4.1612324714660645,-3.990875005722046,-2.6488022804260254,10480
qwen3.5-27b_20260823_223518,below_good,53,32,random_control,-0.11553022265434265,0.08266931027173996,0.12575632333755493,0.07783913612365723,10480
qwen3.5-27b_20260823_223518,below_good,53,24,value_axis,-6.589860916137695,-9.385769844055176,-10.526598930358887,-8.08376693725586,10480
qwen3.5-27b_20260823_223518,below_good,53,24,random_control,0.45547306537628174,0.4032194912433624,0.4150637090206146,0.49688056111335754,10480
qwen3.5-27b_20260823_223518,below_good,53,40,value_axis,16.53980827331543,13.308390617370605,13.295392990112305,15.5160493850708,10480
qwen3.5-27b_20260823_223518,below_good,53,40,random_control,-1.4791929721832275,-1.3271708488464355,-1.3775813579559326,-1.3674709796905518,10480
qwen3.5-27b_20260823_223518,below_good,54,32,value_axis,-0.5086278319358826,-4.27116060256958,-4.768571853637695,-3.143737554550171,8123
qwen3.5-27b_20260823_223518,below_good,54,32,random_control,-0.11552993953227997,0.13353818655014038,0.14871884882450104,0.1187165156006813,8123
qwen3.5-27b_20260823_223518,below_good,54,24,value_axis,-6.58986234664917,-9.744002342224121,-10.746247291564941,-9.427356719970703,8123
qwen3.5-27b_20260823_223518,below_good,54,24,random_control,0.4554733633995056,0.40786945819854736,0.3643633723258972,0.3704894185066223,8123
qwen3.5-27b_20260823_223518,below_good,54,40,value_axis,16.539804458618164,13.372329711914062,12.085918426513672,15.848743438720703,8123
qwen3.5-27b_20260823_223518,below_good,54,40,random_control,-1.4791936874389648,-1.4291473627090454,-1.2744135856628418,-1.5414413213729858,8123
qwen3.5-27b_20260823_223518,below_good,55,32,value_axis,-0.5086302757263184,-4.157098770141602,-3.954777240753174,-2.8107705116271973,9896
qwen3.5-27b_20260823_223518,below_good,55,32,random_control,-0.11553022265434265,0.06022575497627258,0.24373646080493927,-0.006941859610378742,9896
qwen3.5-27b_20260823_223518,below_good,55,24,value_axis,-6.589860916137695,-9.514261245727539,-10.325796127319336,-8.473292350769043,9896
qwen3.5-27b_20260823_223518,below_good,55,24,random_control,0.45547306537628174,0.424927681684494,0.3421154320240021,0.479871928691864,9896
qwen3.5-27b_20260823_223518,below_good,55,40,value_axis,16.53980827331543,13.408820152282715,12.723812103271484,15.878286361694336,9896
qwen3.5-27b_20260823_223518,below_good,55,40,random_control,-1.4791929721832275,-1.37057626247406,-1.391361951828003,-1.5042632818222046,9896
qwen3.5-27b_20260823_223518,below_good,56,32,value_axis,-0.5086278319358826,-4.3010334968566895,-3.9423398971557617,-3.421734094619751,7631
qwen3.5-27b_20260823_223518,below_good,56,32,random_control,-0.11552993953227997,0.09812574833631516,0.07434644550085068,0.1949249655008316,7631
qwen3.5-27b_20260823_223518,below_good,56,24,value_axis,-6.58986234664917,-9.798685073852539,-10.405261993408203,-9.040301322937012,7631
qwen3.5-27b_20260823_223518,below_good,56,24,random_control,0.4554733633995056,0.45341166853904724,0.4159967005252838,0.44018667936325073,7631
qwen3.5-27b_20260823_223518,below_good,56,40,value_axis,16.539804458618164,13.414692878723145,13.356006622314453,14.403347969055176,7631
qwen3.5-27b_20260823_223518,below_good,56,40,random_control,-1.4791936874389648,-1.3723258972167969,-1.3780169486999512,-1.3789368867874146,7631
qwen3.5-27b_20260823_223518,below_good,57,32,value_axis,-0.5086302757263184,-3.993654251098633,-3.7976162433624268,-2.8399341106414795,10221
qwen3.5-27b_20260823_223518,below_good,57,32,random_control,-0.11553022265434265,0.0690702497959137,0.12132749706506729,0.005620589479804039,10221
qwen3.5-27b_20260823_223518,below_good,57,24,value_axis,-6.589860916137695,-9.250923156738281,-10.095006942749023,-8.561558723449707,10221
qwen3.5-27b_20260823_223518,below_good,57,24,random_control,0.45547306537628174,0.4110913574695587,0.4318338632583618,0.4261620342731476,10221
qwen3.5-27b_20260823_223518,below_good,57,40,value_axis,16.53980827331543,13.350179672241211,13.1327543258667,14.94668197631836,10221
qwen3.5-27b_20260823_223518,below_good,57,40,random_control,-1.4791929721832275,-1.2941709756851196,-1.2847955226898193,-1.3722386360168457,10221
qwen3.5-27b_20260823_223518,below_good,58,32,value_axis,-0.5086278319358826,-3.7079219818115234,-3.9420459270477295,-2.850963830947876,7877
qwen3.5-27b_20260823_223518,below_good,58,32,random_control,-0.11552993953227997,0.11235371977090836,0.1420549899339676,0.18122728168964386,7877
qwen3.5-27b_20260823_223518,below_good,58,24,value_axis,-6.58986234664917,-9.305963516235352,-10.352544784545898,-8.037829399108887,7877
qwen3.5-27b_20260823_223518,below_good,58,24,random_control,0.4554733633995056,0.42927250266075134,0.3518466055393219,0.3732873797416687,7877
qwen3.5-27b_20260823_223518,below_good,58,40,value_axis,16.539804458618164,14.439398765563965,13.113090515136719,15.318004608154297,7877
qwen3.5-27b_20260823_223518,below_good,58,40,random_control,-1.4791936874389648,-1.4673691987991333,-1.4405838251113892,-1.5057623386383057,7877
qwen3.5-27b_20260823_223518,below_good,59,32,value_axis,-0.5086278319358826,-4.050265312194824,-3.611673593521118,-2.714538335800171,7597
qwen3.5-27b_20260823_223518,below_good,59,32,random_control,-0.11552993953227997,0.07458434998989105,0.2216661274433136,-0.0009159857290796936,7597
qwen3.5-27b_20260823_223518,below_good,59,24,value_axis,-6.58986234664917,-9.512354850769043,-10.119603157043457,-8.265151023864746,7597
qwen3.5-27b_20260823_223518,below_good,59,24,random_control,0.4554733633995056,0.4031832218170166,0.34424251317977905,0.535679042339325,7597
qwen3.5-27b_20260823_223518,below_good,59,40,value_axis,16.539804458618164,13.711664199829102,13.706103324890137,15.507596015930176,7597
qwen3.5-27b_20260823_223518,below_good,59,40,random_control,-1.4791936874389648,-1.4058685302734375,-1.3144694566726685,-1.3754525184631348,7597
qwen3.5-27b_20260823_223518,below_good,60,32,value_axis,-0.5086305737495422,-4.040933132171631,-3.6680333614349365,-3.3312127590179443,9235
qwen3.5-27b_20260823_223518,below_good,60,32,random_control,-0.11553037166595459,0.046608053147792816,0.12822046875953674,0.08737966418266296,9235
qwen3.5-27b_20260823_223518,below_good,60,24,value_axis,-6.58985710144043,-9.34020709991455,-10.319655418395996,-8.686092376708984,9235
qwen3.5-27b_20260823_223518,below_good,60,24,random_control,0.4554726779460907,0.4353066086769104,0.3942296504974365,0.4289707839488983,9235
qwen3.5-27b_20260823_223518,below_good,60,40,value_axis,16.53980827331543,13.43658447265625,13.710624694824219,15.119118690490723,9235
qwen3.5-27b_20260823_223518,below_good,60,40,random_control,-1.479193925857544,-1.348347783088684,-1.297330617904663,-1.4935563802719116,9235
qwen3.5-27b_20260823_223518,below_good,61,32,value_axis,-0.5086302757263184,-3.816596269607544,-3.846792697906494,-3.4010703563690186,11447
qwen3.5-27b_20260823_223518,below_good,61,32,random_control,-0.11553022265434265,0.10985662788152695,0.13122645020484924,0.24620187282562256,11447
qwen3.5-27b_20260823_223518,below_good,61,24,value_axis,-6.589860916137695,-9.24547290802002,-10.236067771911621,-8.878459930419922,11447
qwen3.5-27b_20260823_223518,below_good,61,24,random_control,0.45547306537628174,0.40886491537094116,0.41655099391937256,0.46737340092658997,11447
qwen3.5-27b_20260823_223518,below_good,61,40,value_axis,16.53980827331543,14.087066650390625,13.439465522766113,14.667769432067871,11447
qwen3.5-27b_20260823_223518,below_good,61,40,random_control,-1.4791929721832275,-1.4010906219482422,-1.4281162023544312,-1.3189895153045654,11447
qwen3.5-27b_20260823_223518,below_good,62,32,value_axis,-0.5086302757263184,-3.8368842601776123,-4.058862209320068,-3.7809789180755615,10447
qwen3.5-27b_20260823_223518,below_good,62,32,random_control,-0.11553022265434265,0.07965296506881714,0.1357697993516922,0.12004800885915756,10447
qwen3.5-27b_20260823_223518,below_good,62,24,value_axis,-6.589860916137695,-9.286881446838379,-10.509801864624023,-9.165523529052734,10447
qwen3.5-27b_20260823_223518,below_good,62,24,random_control,0.45547306537628174,0.41118693351745605,0.4531536102294922,0.40608784556388855,10447
qwen3.5-27b_20260823_223518,below_good,62,40,value_axis,16.53980827331543,13.79439640045166,13.266000747680664,14.332710266113281,10447
qwen3.5-27b_20260823_223518,below_good,62,40,random_control,-1.4791929721832275,-1.264228343963623,-1.4774688482284546,-1.3884336948394775,10447
qwen3.5-27b_20260823_223518,below_good,63,32,value_axis,-0.5086278319358826,-4.424625396728516,-3.7990293502807617,-4.1014862060546875,7563
qwen3.5-27b_20260823_223518,below_good,63,32,random_control,-0.11552993953227997,0.036272913217544556,0.15798623859882355,-0.15910080075263977,7563
qwen3.5-27b_20260823_223518,below_good,63,24,value_axis,-6.58986234664917,-9.664013862609863,-10.349752426147461,-8.959478378295898,7563
qwen3.5-27b_20260823_223518,below_good,63,24,random_control,0.4554733633995056,0.41457754373550415,0.42837318778038025,0.4964767396450043,7563
qwen3.5-27b_20260823_223518,below_good,63,40,value_axis,16.539804458618164,12.708230972290039,13.543713569641113,12.924408912658691,7563
qwen3.5-27b_20260823_223518,below_good,63,40,random_control,-1.4791936874389648,-1.3171685934066772,-1.4006164073944092,-1.3402769565582275,7563
qwen3.5-27b_20260823_223518,below_good,64,32,value_axis,-0.5086302757263184,-4.286372184753418,-3.9759819507598877,-4.4895124435424805,10498
qwen3.5-27b_20260823_223518,below_good,64,32,random_control,-0.11553022265434265,0.08236478269100189,0.12554025650024414,0.051203403621912,10498
qwen3.5-27b_20260823_223518,below_good,64,24,value_axis,-6.589860916137695,-9.627488136291504,-10.350285530090332,-9.802046775817871,10498
qwen3.5-27b_20260823_223518,below_good,64,24,random_control,0.45547306537628174,0.42429983615875244,0.4558195471763611,0.3861946165561676,10498
qwen3.5-27b_20260823_223518,below_good,64,40,value_axis,16.53980827331543,13.067424774169922,12.848276138305664,13.879948616027832,10498
qwen3.5-27b_20260823_223518,below_good,64,40,random_control,-1.4791929721832275,-1.4017925262451172,-1.3576653003692627,-1.578100562095642,10498
qwen3.5-27b_20260823_223518,below_good,65,32,value_axis,-0.508630633354187,-4.022018909454346,-3.5933444499969482,-2.0301520824432373,8448
qwen3.5-27b_20260823_223518,below_good,65,32,random_control,-0.11553037166595459,0.0673878937959671,0.15727569162845612,0.23519401252269745,8448
qwen3.5-27b_20260823_223518,below_good,65,24,value_axis,-6.5898566246032715,-9.418896675109863,-10.047584533691406,-8.725010871887207,8448
qwen3.5-27b_20260823_223518,below_good,65,24,random_control,0.4554726481437683,0.4290498197078705,0.4311164915561676,0.39937224984169006,8448
qwen3.5-27b_20260823_223518,below_good,65,40,value_axis,16.53980827331543,13.401480674743652,13.93130111694336,17.520673751831055,8448
qwen3.5-27b_20260823_223518,below_good,65,40,random_control,-1.479193925857544,-1.356094241142273,-1.3799172639846802,-1.5910708904266357,8448
qwen3.5-27b_20260823_223518,below_good,66,32,value_axis,-0.5086302757263184,-4.281217575073242,-3.868034601211548,-3.3897762298583984,10967
qwen3.5-27b_20260823_223518,below_good,66,32,random_control,-0.11553022265434265,0.09775934368371964,0.12442252039909363,0.12850095331668854,10967
qwen3.5-27b_20260823_223518,below_good,66,24,value_axis,-6.589860916137695,-9.51611042022705,-10.212185859680176,-8.869728088378906,10967
qwen3.5-27b_20260823_223518,below_good,66,24,random_control,0.45547306537628174,0.422857403755188,0.43079376220703125,0.4327041506767273,10967
qwen3.5-27b_20260823_223518,below_good,66,40,value_axis,16.53980827331543,13.04361343383789,13.089156150817871,14.644827842712402,10967
qwen3.5-27b_20260823_223518,below_good,66,40,random_control,-1.4791929721832275,-1.291555643081665,-1.3128056526184082,-1.2598947286605835,10967
qwen3.5-27b_20260823_223518,below_good,67,32,value_axis,-0.5086305737495422,-4.234008312225342,-3.617128610610962,-3.3560056686401367,9758
qwen3.5-27b_20260823_223518,below_good,67,32,random_control,-0.11553037166595459,0.052839845418930054,0.11218471825122833,0.08592959493398666,9758
qwen3.5-27b_20260823_223518,below_good,67,24,value_axis,-6.58985710144043,-9.469403266906738,-10.177107810974121,-8.953902244567871,9758
qwen3.5-27b_20260823_223518,below_good,67,24,random_control,0.4554726779460907,0.37770727276802063,0.4474884867668152,0.3749580681324005,9758
qwen3.5-27b_20260823_223518,below_good,67,40,value_axis,16.53980827331543,13.238555908203125,13.893460273742676,15.244843482971191,9758
qwen3.5-27b_20260823_223518,below_good,67,40,random_control,-1.479193925857544,-1.2925251722335815,-1.3130066394805908,-1.3758392333984375,9758
qwen3.5-27b_20260823_223518,below_good,68,32,value_axis,-0.5086305737495422,-4.112852096557617,-3.8637914657592773,-2.8620073795318604,9392
qwen3.5-27b_20260823_223518,below_good,68,32,random_control,-0.11553037166595459,0.102071613073349,0.11770107597112656,0.1324159801006317,9392
qwen3.5-27b_20260823_223518,below_good,68,24,value_axis,-6.58985710144043,-9.5765962600708,-10.384910583496094,-8.925013542175293,9392
qwen3.5-27b_20260823_223518,below_good,68,24,random_control,0.4554726779460907,0.4065355956554413,0.2956911623477936,0.4408193826675415,9392
qwen3.5-27b_20260823_223518,below_good,68,40,value_axis,16.53980827331543,13.76006031036377,13.476777076721191,16.449722290039062,9392
qwen3.5-27b_20260823_223518,below_good,68,40,random_control,-1.479193925857544,-1.4223848581314087,-1.3506100177764893,-1.4074008464813232,9392
qwen3.5-27b_20260823_223518,below_good,69,32,value_axis,-0.5086302757263184,-3.8074629306793213,-3.916923761367798,-2.5280675888061523,12067
qwen3.5-27b_20260823_223518,below_good,69,32,random_control,-0.11553022265434265,0.08776235580444336,0.057956382632255554,0.08709324896335602,12067
qwen3.5-27b_20260823_223518,below_good,69,24,value_axis,-6.589860916137695,-9.219250679016113,-10.381669044494629,-8.233307838439941,12067
qwen3.5-27b_20260823_223518,below_good,69,24,random_control,0.45547306537628174,0.3970297574996948,0.36808255314826965,0.47191131114959717,12067
qwen3.5-27b_20260823_223518,below_good,69,40,value_axis,16.53980827331543,13.912471771240234,13.42999267578125,16.163021087646484,12067
qwen3.5-27b_20260823_223518,below_good,69,40,random_control,-1.4791929721832275,-1.3643485307693481,-1.274812936782837,-1.3637689352035522,12067
qwen3.5-27b_20260823_223518,below_good,70,32,value_axis,-0.5086302757263184,-4.004176139831543,-4.099096775054932,-2.3874692916870117,10067
qwen3.5-27b_20260823_223518,below_good,70,32,random_control,-0.11553022265434265,0.0791691467165947,0.15842099487781525,0.2291439175605774,10067
qwen3.5-27b_20260823_223518,below_good,70,24,value_axis,-6.589860916137695,-9.242660522460938,-10.427581787109375,-8.551380157470703,10067
qwen3.5-27b_20260823_223518,below_good,70,24,random_control,0.45547306537628174,0.41587701439857483,0.5110923647880554,0.3695208728313446,10067
qwen3.5-27b_20260823_223518,below_good,70,40,value_axis,16.53980827331543,13.478689193725586,13.227252960205078,17.027950286865234,10067
qwen3.5-27b_20260823_223518,below_good,70,40,random_control,-1.4791929721832275,-1.3447868824005127,-1.432848334312439,-1.5180479288101196,10067
qwen3.5-27b_20260823_223518,below_good,71,32,value_axis,-0.5086302757263184,-4.041946887969971,-4.060157299041748,-2.7576799392700195,11970
qwen3.5-27b_20260823_223518,below_good,71,32,random_control,-0.11553022265434265,0.12176425755023956,0.1861777901649475,0.049589671194553375,11970
qwen3.5-27b_20260823_223518,below_good,71,24,value_axis,-6.589860916137695,-9.180912971496582,-10.521134376525879,-8.133506774902344,11970
qwen3.5-27b_20260823_223518,below_good,71,24,random_control,0.45547306537628174,0.41352203488349915,0.442149817943573,0.454471617937088,11970
qwen3.5-27b_20260823_223518,below_good,71,40,value_axis,16.53980827331543,13.108207702636719,13.04300308227539,15.441476821899414,11970
qwen3.5-27b_20260823_223518,below_good,71,40,random_control,-1.4791929721832275,-1.2793593406677246,-1.3503528833389282,-1.2231872081756592,11970
qwen3.5-27b_20260823_223518,below_good,72,32,value_axis,-0.5086305737495422,-4.429630756378174,-3.891409397125244,-2.6742019653320312,9403
qwen3.5-27b_20260823_223518,below_good,72,32,random_control,-0.11553037166595459,0.07916449010372162,0.14659245312213898,0.10391474515199661,9403
qwen3.5-27b_20260823_223518,below_good,72,24,value_axis,-6.58985710144043,-9.523998260498047,-10.250434875488281,-8.557448387145996,9403
qwen3.5-27b_20260823_223518,below_good,72,24,random_control,0.4554726779460907,0.4253571927547455,0.39777839183807373,0.4665628671646118,9403
qwen3.5-27b_20260823_223518,below_good,72,40,value_axis,16.53980827331543,12.583577156066895,13.152291297912598,16.009294509887695,9403
qwen3.5-27b_20260823_223518,below_good,72,40,random_control,-1.479193925857544,-1.3139132261276245,-1.348046898841858,-1.363649845123291,9403
qwen3.5-27b_20260823_223518,below_good,73,32,value_axis,-0.5086305737495422,-4.269100666046143,-3.7879815101623535,-2.5715138912200928,9479
qwen3.5-27b_20260823_223518,below_good,73,32,random_control,-0.11553037166595459,0.08122216910123825,0.1667194813489914,0.05489785224199295,9479
qwen3.5-27b_20260823_223518,below_good,73,24,value_axis,-6.58985710144043,-9.430071830749512,-10.070935249328613,-7.847482681274414,9479
qwen3.5-27b_20260823_223518,below_good,73,24,random_control,0.4554726779460907,0.38308772444725037,0.22844535112380981,0.43523839116096497,9479
qwen3.5-27b_20260823_223518,below_good,73,40,value_axis,16.53980827331543,12.858657836914062,13.035381317138672,14.985089302062988,9479
qwen3.5-27b_20260823_223518,below_good,73,40,random_control,-1.479193925857544,-1.3028554916381836,-1.3247817754745483,-1.2923753261566162,9479
qwen3.5-27b_20260823_223518,below_good,74,32,value_axis,-0.5086305737495422,-4.069876670837402,-3.7859888076782227,-2.854160785675049,9341
qwen3.5-27b_20260823_223518,below_good,74,32,random_control,-0.11553037166595459,0.06370523571968079,0.15537962317466736,-0.01944958046078682,9341
qwen3.5-27b_20260823_223518,below_good,74,24,value_axis,-6.58985710144043,-9.396137237548828,-10.355690956115723,-8.028044700622559,9341
qwen3.5-27b_20260823_223518,below_good,74,24,random_control,0.4554726779460907,0.4136444628238678,0.44668829441070557,0.5062488317489624,9341
qwen3.5-27b_20260823_223518,below_good,74,40,value_axis,16.53980827331543,13.375239372253418,13.70159912109375,14.306679725646973,9341
qwen3.5-27b_20260823_223518,below_good,74,40,random_control,-1.479193925857544,-1.348456859588623,-1.4613559246063232,-0.9965155124664307,9341
qwen3.5-27b_20260823_223518,below_good,75,32,value_axis,-0.5086278319358826,-4.395846366882324,-4.062906742095947,-3.3088955879211426,8066
qwen3.5-27b_20260823_223518,below_good,75,32,random_control,-0.11552993953227997,0.08075474947690964,0.12856203317642212,0.184992253780365,8066
qwen3.5-27b_20260823_223518,below_good,75,24,value_axis,-6.58986234664917,-9.658666610717773,-10.43005657196045,-9.291484832763672,8066
qwen3.5-27b_20260823_223518,below_good,75,24,random_control,0.4554733633995056,0.39899295568466187,0.3840312957763672,0.3675382137298584,8066
qwen3.5-27b_20260823_223518,below_good,75,40,value_axis,16.539804458618164,12.764059066772461,13.007421493530273,15.414877891540527,8066
qwen3.5-27b_20260823_223518,below_good,75,40,random_control,-1.4791936874389648,-1.263844609260559,-1.3189009428024292,-1.3601865768432617,8066
qwen3.5-27b_20260823_223518,below_good,76,32,value_axis,-0.5086305737495422,-4.070356369018555,-3.9700329303741455,-3.457874059677124,9769
qwen3.5-27b_20260823_223518,below_good,76,32,random_control,-0.11553037166595459,0.04513823613524437,0.18850795924663544,-0.006537823472172022,9769
qwen3.5-27b_20260823_223518,below_good,76,24,value_axis,-6.58985710144043,-9.45100212097168,-10.203729629516602,-8.893360137939453,9769
qwen3.5-27b_20260823_223518,below_good,76,24,random_control,0.4554726779460907,0.3922770619392395,0.38065680861473083,0.4738791286945343,9769
qwen3.5-27b_20260823_223518,below_good,76,40,value_axis,16.53980827331543,13.55175495147705,12.882732391357422,14.791716575622559,9769
qwen3.5-27b_20260823_223518,below_good,76,40,random_control,-1.479193925857544,-1.3151148557662964,-1.4264779090881348,-1.2404839992523193,9769
qwen3.5-27b_20260823_223518,below_good,77,32,value_axis,-0.5086307525634766,-4.080598831176758,-3.785443067550659,-3.622521162033081,15859
qwen3.5-27b_20260823_223518,below_good,77,32,random_control,-0.11553050577640533,0.11135943233966827,0.17577475309371948,0.09987720847129822,15859
qwen3.5-27b_20260823_223518,below_good,77,24,value_axis,-6.589862823486328,-9.384218215942383,-10.360071182250977,-9.058794975280762,15859
qwen3.5-27b_20260823_223518,below_good,77,24,random_control,0.4554736614227295,0.4174348711967468,0.3767652213573456,0.46972811222076416,15859
qwen3.5-27b_20260823_223518,below_good,77,40,value_axis,16.539813995361328,13.446972846984863,13.522436141967773,14.362817764282227,15859
qwen3.5-27b_20260823_223518,below_good,77,40,random_control,-1.4791934490203857,-1.3178231716156006,-1.287589430809021,-1.369377851486206,15859
qwen3.5-27b_20260823_223518,below_good,78,32,value_axis,-0.5086302757263184,-3.997612714767456,-4.1672258377075195,-2.6103200912475586,12835
qwen3.5-27b_20260823_223518,below_good,78,32,random_control,-0.11553022265434265,0.14385411143302917,0.12599006295204163,0.0574399009346962,12835
qwen3.5-27b_20260823_223518,below_good,78,24,value_axis,-6.589860916137695,-9.392655372619629,-10.452231407165527,-8.308536529541016,12835
qwen3.5-27b_20260823_223518,below_good,78,24,random_control,0.45547306537628174,0.381183922290802,0.4449543058872223,0.47237369418144226,12835
qwen3.5-27b_20260823_223518,below_good,78,40,value_axis,16.53980827331543,13.747505187988281,12.704777717590332,16.24059295654297,12835
qwen3.5-27b_20260823_223518,below_good,78,40,random_control,-1.4791929721832275,-1.3835657835006714,-1.2446914911270142,-1.4331148862838745,12835
qwen3.5-27b_20260823_223518,below_good,79,32,value_axis,-0.5086278319358826,-4.248253345489502,-6.465085029602051,-3.6581177711486816,7941
qwen3.5-27b_20260823_223518,below_good,79,32,random_control,-0.11552993953227997,0.08707607537508011,0.0785934180021286,0.04667241871356964,7941
qwen3.5-27b_20260823_223518,below_good,79,24,value_axis,-6.58986234664917,-9.53395938873291,-11.846149444580078,-8.925498008728027,7941
qwen3.5-27b_20260823_223518,below_good,79,24,random_control,0.4554733633995056,0.3691767156124115,0.4139210879802704,0.3625219762325287,7941
qwen3.5-27b_20260823_223518,below_good,79,40,value_axis,16.539804458618164,13.079357147216797,9.548452377319336,14.26709270477295,7941
qwen3.5-27b_20260823_223518,below_good,79,40,random_control,-1.4791936874389648,-1.3519419431686401,-1.1703860759735107,-1.4259437322616577,7941
qwen3.5-27b_20260823_223518,below_good,80,32,value_axis,-0.5086278319358826,-3.913753032684326,-3.9915947914123535,-2.570448398590088,7614
qwen3.5-27b_20260823_223518,below_good,80,32,random_control,-0.11552993953227997,0.07440242916345596,0.1701190173625946,0.2749079167842865,7614
qwen3.5-27b_20260823_223518,below_good,80,24,value_axis,-6.58986234664917,-9.479452133178711,-10.40478801727295,-8.480019569396973,7614
qwen3.5-27b_20260823_223518,below_good,80,24,random_control,0.4554733633995056,0.4130754768848419,0.35461729764938354,0.42947131395339966,7614
qwen3.5-27b_20260823_223518,below_good,80,40,value_axis,16.539804458618164,14.127717018127441,13.410320281982422,16.767467498779297,7614
qwen3.5-27b_20260823_223518,below_good,80,40,random_control,-1.4791936874389648,-1.4247615337371826,-1.4995856285095215,-1.658424735069275,7614
qwen3.5-27b_20260823_223518,below_good,81,32,value_axis,-0.5086302757263184,-3.719536304473877,-3.8264715671539307,-2.9966187477111816,10223
qwen3.5-27b_20260823_223518,below_good,81,32,random_control,-0.11553022265434265,0.1275588721036911,0.12117025256156921,0.19502918422222137,10223
qwen3.5-27b_20260823_223518,below_good,81,24,value_axis,-6.589860916137695,-9.160863876342773,-10.273110389709473,-9.26733684539795,10223
qwen3.5-27b_20260823_223518,below_good,81,24,random_control,0.45547306537628174,0.39237135648727417,0.354621022939682,0.34150147438049316,10223
qwen3.5-27b_20260823_223518,below_good,81,40,value_axis,16.53980827331543,14.020819664001465,13.560966491699219,16.24886703491211,10223
qwen3.5-27b_20260823_223518,below_good,81,40,random_control,-1.4791929721832275,-1.3509747982025146,-1.4043104648590088,-1.4247146844863892,10223
qwen3.5-27b_20260823_223518,below_good,82,32,value_axis,-0.5086302757263184,-3.877711296081543,-5.170196533203125,-2.482254981994629,12299
qwen3.5-27b_20260823_223518,below_good,82,32,random_control,-0.11553022265434265,0.059793621301651,0.19393272697925568,0.06208135187625885,12299
qwen3.5-27b_20260823_223518,below_good,82,24,value_axis,-6.589860916137695,-9.122501373291016,-11.048851013183594,-7.879405498504639,12299
qwen3.5-27b_20260823_223518,below_good,82,24,random_control,0.45547306537628174,0.42884060740470886,0.35394859313964844,0.4468814432621002,12299
qwen3.5-27b_20260823_223518,below_good,82,40,value_axis,16.53980827331543,13.44301986694336,11.228507995605469,15.627402305603027,12299
qwen3.5-27b_20260823_223518,below_good,82,40,random_control,-1.4791929721832275,-1.3074123859405518,-1.2277369499206543,-1.3469607830047607,12299
qwen3.5-27b_20260823_223518,below_good,83,32,value_axis,-0.5086302757263184,-4.200005531311035,-3.90159273147583,-3.0167059898376465,11773
qwen3.5-27b_20260823_223518,below_good,83,32,random_control,-0.11553022265434265,0.11295373737812042,0.14221720397472382,0.25764262676239014,11773
qwen3.5-27b_20260823_223518,below_good,83,24,value_axis,-6.589860916137695,-9.471792221069336,-10.421174049377441,-8.691791534423828,11773
qwen3.5-27b_20260823_223518,below_good,83,24,random_control,0.45547306537628174,0.42173299193382263,0.45625901222229004,0.34407564997673035,11773
qwen3.5-27b_20260823_223518,below_good,83,40,value_axis,16.53980827331543,13.11487102508545,12.803500175476074,15.477797508239746,11773
qwen3.5-27b_20260823_223518,below_good,83,40,random_control,-1.4791929721832275,-1.3233397006988525,-1.3145312070846558,-1.5191344022750854,11773
qwen3.5-27b_20260823_223518,below_good,84,32,value_axis,-0.5086302757263184,-4.321044445037842,-3.9133141040802,-2.207052707672119,11204
qwen3.5-27b_20260823_223518,below_good,84,32,random_control,-0.11553022265434265,0.10098770260810852,0.13364726305007935,0.2886523902416229,11204
qwen3.5-27b_20260823_223518,below_good,84,24,value_axis,-6.589860916137695,-9.446592330932617,-10.3536958694458,-7.846250057220459,11204
qwen3.5-27b_20260823_223518,below_good,84,24,random_control,0.45547306537628174,0.40535762906074524,0.38462603092193604,0.2710863947868347,11204
qwen3.5-27b_20260823_223518,below_good,84,40,value_axis,16.53980827331543,12.741705894470215,12.986987113952637,16.12893295288086,11204
qwen3.5-27b_20260823_223518,below_good,84,40,random_control,-1.4791929721832275,-1.2679530382156372,-1.2729779481887817,-1.1985092163085938,11204
qwen3.5-27b_20260823_223518,below_good,85,32,value_axis,-0.5086278319358826,-4.025287628173828,-3.9804394245147705,-2.1564931869506836,8105
qwen3.5-27b_20260823_223518,below_good,85,32,random_control,-0.11552993953227997,0.06088312342762947,0.22211264073848724,0.023424463346600533,8105
qwen3.5-27b_20260823_223518,below_good,85,24,value_axis,-6.58986234664917,-9.412075996398926,-10.468899726867676,-8.014652252197266,8105
qwen3.5-27b_20260823_223518,below_good,85,24,random_control,0.4554733633995056,0.4398142397403717,0.4354383945465088,0.47973987460136414,8105
qwen3.5-27b_20260823_223518,below_good,85,40,value_axis,16.539804458618164,13.495635032653809,13.22705078125,16.237960815429688,8105
qwen3.5-27b_20260823_223518,below_good,85,40,random_control,-1.4791936874389648,-1.3976364135742188,-1.465985894203186,-1.482406735420227,8105
qwen3.5-27b_20260823_223518,below_good,86,32,value_axis,-0.5086305737495422,-4.283771514892578,-3.906172275543213,-2.6105644702911377,9415
qwen3.5-27b_20260823_223518,below_good,86,32,random_control,-0.11553037166595459,0.04141628369688988,0.13330696523189545,-0.022633129730820656,9415
qwen3.5-27b_20260823_223518,below_good,86,24,value_axis,-6.58985710144043,-9.560612678527832,-10.30685043334961,-8.254387855529785,9415
qwen3.5-27b_20260823_223518,below_good,86,24,random_control,0.4554726779460907,0.4412381052970886,0.442231684923172,0.5366517901420593,9415
qwen3.5-27b_20260823_223518,below_good,86,40,value_axis,16.53980827331543,13.052947044372559,13.175721168518066,15.149308204650879,9415
qwen3.5-27b_20260823_223518,below_good,86,40,random_control,-1.479193925857544,-1.2978416681289673,-1.3422482013702393,-1.2409244775772095,9415
qwen3.5-27b_20260823_223518,below_good,87,32,value_axis,-0.508630633354187,-4.160506248474121,-4.470383167266846,-3.529285192489624,8317
qwen3.5-27b_20260823_223518,below_good,87,32,random_control,-0.11553037166595459,0.04291562736034393,0.14012645184993744,0.04501129314303398,8317
qwen3.5-27b_20260823_223518,below_good,87,24,value_axis,-6.5898566246032715,-9.44647216796875,-10.699956893920898,-9.246399879455566,8317
qwen3.5-27b_20260823_223518,below_good,87,24,random_control,0.4554726481437683,0.42854344844818115,0.31912341713905334,0.5082488656044006,8317
qwen3.5-27b_20260823_223518,below_good,87,40,value_axis,16.53980827331543,13.19388198852539,12.511072158813477,15.01196575164795,8317
qwen3.5-27b_20260823_223518,below_good,87,40,random_control,-1.479193925857544,-1.3398008346557617,-1.2765613794326782,-1.526218056678772,8317
qwen3.5-27b_20260823_223518,below_good,88,32,value_axis,-0.5086302757263184,-4.128165245056152,-3.7361819744110107,-4.239758491516113,10277
qwen3.5-27b_20260823_223518,below_good,88,32,random_control,-0.11553022265434265,0.09363818168640137,0.1384943425655365,-0.000702705408912152,10277
qwen3.5-27b_20260823_223518,below_good,88,24,value_axis,-6.589860916137695,-9.45035171508789,-10.190778732299805,-9.589046478271484,10277
qwen3.5-27b_20260823_223518,below_good,88,24,random_control,0.45547306537628174,0.40369337797164917,0.33149245381355286,0.428121954202652,10277
qwen3.5-27b_20260823_223518,below_good,88,40,value_axis,16.53980827331543,13.44969654083252,13.594538688659668,13.9808931350708,10277
qwen3.5-27b_20260823_223518,below_good,88,40,random_control,-1.4791929721832275,-1.3339552879333496,-1.3382155895233154,-1.40741765499115,10277
qwen3.5-27b_20260823_223518,below_good,89,32,value_axis,-0.5086302757263184,-4.031008720397949,-3.823596715927124,-3.8628673553466797,9822
qwen3.5-27b_20260823_223518,below_good,89,32,random_control,-0.11553022265434265,0.1000562533736229,0.1215280145406723,0.10216625034809113,9822
qwen3.5-27b_20260823_223518,below_good,89,24,value_axis,-6.589860916137695,-9.415438652038574,-10.327467918395996,-9.005032539367676,9822
qwen3.5-27b_20260823_223518,below_good,89,24,random_control,0.45547306537628174,0.4174700677394867,0.4538404047489166,0.38896819949150085,9822
qwen3.5-27b_20260823_223518,below_good,89,40,value_axis,16.53980827331543,13.784372329711914,13.548803329467773,14.212541580200195,9822
qwen3.5-27b_20260823_223518,below_good,89,40,random_control,-1.4791929721832275,-1.395426630973816,-1.4773532152175903,-1.3950468301773071,9822
qwen3.5-27b_20260823_223518,below_good,90,32,value_axis,-0.5086302757263184,-4.066790580749512,-3.935337543487549,-2.083362102508545,10623
qwen3.5-27b_20260823_223518,below_good,90,32,random_control,-0.11553022265434265,0.10502710938453674,0.22167301177978516,0.16241173446178436,10623
qwen3.5-27b_20260823_223518,below_good,90,24,value_axis,-6.589860916137695,-9.414725303649902,-10.233307838439941,-8.367409706115723,10623
qwen3.5-27b_20260823_223518,below_good,90,24,random_control,0.45547306537628174,0.4319170117378235,0.3676548898220062,0.41262486577033997,10623
qwen3.5-27b_20260823_223518,below_good,90,40,value_axis,16.53980827331543,13.595719337463379,13.338134765625,17.00809669494629,10623
qwen3.5-27b_20260823_223518,below_good,90,40,random_control,-1.4791929721832275,-1.3200398683547974,-1.4442728757858276,-1.363696575164795,10623
qwen3.5-27b_20260823_223518,below_good,91,32,value_axis,-0.5086278319358826,-4.099020481109619,-3.7068779468536377,-2.9950368404388428,8095
qwen3.5-27b_20260823_223518,below_good,91,32,random_control,-0.11552993953227997,0.03970397636294365,0.11797203868627548,0.0552760548889637,8095
qwen3.5-27b_20260823_223518,below_good,91,24,value_axis,-6.58986234664917,-9.481583595275879,-10.345549583435059,-8.188767433166504,8095
qwen3.5-27b_20260823_223518,below_good,91,24,random_control,0.4554733633995056,0.4124259352684021,0.34684979915618896,0.4118483364582062,8095
qwen3.5-27b_20260823_223518,below_good,91,40,value_axis,16.539804458618164,13.292679786682129,13.468178749084473,14.9639892578125,8095
qwen3.5-27b_20260823_223518,below_good,91,40,random_control,-1.4791936874389648,-1.3201072216033936,-1.2972664833068848,-1.3152769804000854,8095
qwen3.5-27b_20260823_223518,below_good,92,32,value_axis,-0.5086302757263184,-3.959622383117676,-4.846989154815674,-3.3765032291412354,10621
qwen3.5-27b_20260823_223518,below_good,92,32,random_control,-0.11553022265434265,0.07018540799617767,0.1247747614979744,0.05537606403231621,10621
qwen3.5-27b_20260823_223518,below_good,92,24,value_axis,-6.589860916137695,-9.261894226074219,-11.007149696350098,-8.631104469299316,10621
qwen3.5-27b_20260823_223518,below_good,92,24,random_control,0.45547306537628174,0.40572527050971985,0.4138854146003723,0.4405009150505066,10621
qwen3.5-27b_20260823_223518,below_good,92,40,value_axis,16.53980827331543,13.625433921813965,11.835383415222168,14.810158729553223,10621
qwen3.5-27b_20260823_223518,below_good,92,40,random_control,-1.4791929721832275,-1.3648617267608643,-1.2068531513214111,-1.3630011081695557,10621
qwen3.5-27b_20260823_223518,below_good,93,32,value_axis,-0.5086302757263184,-4.207716464996338,-5.307220458984375,-2.7242326736450195,11249
qwen3.5-27b_20260823_223518,below_good,93,32,random_control,-0.11553022265434265,0.058071963489055634,0.10031341761350632,0.16296347975730896,11249
qwen3.5-27b_20260823_223518,below_good,93,24,value_axis,-6.589860916137695,-9.439834594726562,-11.032231330871582,-8.336651802062988,11249
qwen3.5-27b_20260823_223518,below_good,93,24,random_control,0.45547306537628174,0.4238724112510681,0.34297412633895874,0.3844999074935913,11249
qwen3.5-27b_20260823_223518,below_good,93,40,value_axis,16.53980827331543,13.012716293334961,11.02743148803711,15.580597877502441,11249
qwen3.5-27b_20260823_223518,below_good,93,40,random_control,-1.4791929721832275,-1.2986520528793335,-1.187890648841858,-1.3943103551864624,11249
qwen3.5-27b_20260823_223518,below_good,94,32,value_axis,-0.5086278319358826,-4.150453567504883,-4.0409674644470215,-2.9974145889282227,7582
qwen3.5-27b_20260823_223518,below_good,94,32,random_control,-0.11552993953227997,0.09676430374383926,0.1679600477218628,0.0931873619556427,7582
qwen3.5-27b_20260823_223518,below_good,94,24,value_axis,-6.58986234664917,-9.666656494140625,-10.506965637207031,-9.055502891540527,7582
qwen3.5-27b_20260823_223518,below_good,94,24,random_control,0.4554733633995056,0.42932814359664917,0.40569809079170227,0.3352173864841461,7582
qwen3.5-27b_20260823_223518,below_good,94,40,value_axis,16.539804458618164,13.553714752197266,13.383990287780762,16.148635864257812,7582
qwen3.5-27b_20260823_223518,below_good,94,40,random_control,-1.4791936874389648,-1.4026763439178467,-1.5053428411483765,-1.709049105644226,7582
qwen3.5-27b_20260823_223518,below_good,95,32,value_axis,-0.5086278319358826,-4.0566935539245605,-3.7430408000946045,-2.137470245361328,7225
qwen3.5-27b_20260823_223518,below_good,95,32,random_control,-0.11552993953227997,0.06080734357237816,0.149159237742424,0.18256305158138275,7225
qwen3.5-27b_20260823_223518,below_good,95,24,value_axis,-6.58986234664917,-9.464418411254883,-10.168237686157227,-8.518198013305664,7225
qwen3.5-27b_20260823_223518,below_good,95,24,random_control,0.4554733633995056,0.4266509711742401,0.3666394054889679,0.5191926956176758,7225
qwen3.5-27b_20260823_223518,below_good,95,40,value_axis,16.539804458618164,13.524053573608398,13.734668731689453,17.27469825744629,7225
qwen3.5-27b_20260823_223518,below_good,95,40,random_control,-1.4791936874389648,-1.401405692100525,-1.4568884372711182,-1.5799403190612793,7225
qwen3.5-27b_20260823_223518,below_good,96,32,value_axis,-0.5086302757263184,-4.197367191314697,-4.574029922485352,-2.9529311656951904,12237
qwen3.5-27b_20260823_223518,below_good,96,32,random_control,-0.11553022265434265,0.024112656712532043,0.12313387542963028,-0.07279525697231293,12237
qwen3.5-27b_20260823_223518,below_good,96,24,value_axis,-6.589860916137695,-9.407496452331543,-10.744973182678223,-8.345035552978516,12237
qwen3.5-27b_20260823_223518,below_good,96,24,random_control,0.45547306537628174,0.4102470576763153,0.44341880083084106,0.47082728147506714,12237
qwen3.5-27b_20260823_223518,below_good,96,40,value_axis,16.53980827331543,13.141006469726562,12.05368423461914,15.458791732788086,12237
qwen3.5-27b_20260823_223518,below_good,96,40,random_control,-1.4791929721832275,-1.3231775760650635,-1.1693309545516968,-1.2429717779159546,12237
qwen3.5-27b_20260823_223518,below_good,97,32,value_axis,-0.5086302757263184,-4.007644176483154,-3.478983163833618,-3.4467835426330566,12362
qwen3.5-27b_20260823_223518,below_good,97,32,random_control,-0.11553022265434265,0.12069810181856155,0.1473577618598938,0.009821963496506214,12362
qwen3.5-27b_20260823_223518,below_good,97,24,value_axis,-6.589860916137695,-9.285421371459961,-10.183385848999023,-8.88731575012207,12362
qwen3.5-27b_20260823_223518,below_good,97,24,random_control,0.45547306537628174,0.4192518889904022,0.3788231909275055,0.5115399956703186,12362
qwen3.5-27b_20260823_223518,below_good,97,40,value_axis,16.53980827331543,13.364744186401367,13.986031532287598,14.573598861694336,12362
qwen3.5-27b_20260823_223518,below_good,97,40,random_control,-1.4791929721832275,-1.2743902206420898,-1.3396525382995605,-1.2571518421173096,12362
qwen3.5-27b_20260823_223518,below_good,98,32,value_axis,-0.5086278319358826,-3.8372321128845215,-4.835165977478027,-4.066605567932129,7924
qwen3.5-27b_20260823_223518,below_good,98,32,random_control,-0.11552993953227997,0.07771572470664978,0.14815127849578857,0.2671966254711151,7924
qwen3.5-27b_20260823_223518,below_good,98,24,value_axis,-6.58986234664917,-9.238417625427246,-10.767470359802246,-9.03466510772705,7924
qwen3.5-27b_20260823_223518,below_good,98,24,random_control,0.4554733633995056,0.4319941997528076,0.324726402759552,0.382254034280777,7924
qwen3.5-27b_20260823_223518,below_good,98,40,value_axis,16.539804458618164,13.456087112426758,11.775055885314941,13.249951362609863,7924
qwen3.5-27b_20260823_223518,below_good,98,40,random_control,-1.4791936874389648,-1.296769618988037,-1.1792770624160767,-1.3578338623046875,7924
qwen3.5-27b_20260823_223518,below_good,99,32,value_axis,-0.5086302757263184,-3.910686731338501,-3.961968421936035,-2.4233105182647705,14886
qwen3.5-27b_20260823_223518,below_good,99,32,random_control,-0.11553022265434265,0.10255039483308792,0.1835944801568985,0.09677276015281677,14886
qwen3.5-27b_20260823_223518,below_good,99,24,value_axis,-6.589860916137695,-9.2339506149292,-10.367362022399902,-8.597136497497559,14886
qwen3.5-27b_20260823_223518,below_good,99,24,random_control,0.45547306537628174,0.4150065779685974,0.39218640327453613,0.43509989976882935,14886
qwen3.5-27b_20260823_223518,below_good,99,40,value_axis,16.53980827331543,13.894492149353027,13.2535400390625,16.703393936157227,14886
qwen3.5-27b_20260823_223518,below_good,99,40,random_control,-1.4791929721832275,-1.3551832437515259,-1.3894189596176147,-1.3587085008621216,14886
